Unnamed: 0,UnixTime,Row,QuestionKey,Timestamp,ET_GazeLeftx,ET_GazeLefty,ET_GazeRightx,ET_GazeRighty,ET_PupilLeft,ET_PupilRight,ET_TimeSignal,ET_DistanceLeft,ET_DistanceRight,ET_CameraLeftX,ET_CameraLeftY,ET_CameraRightX,ET_CameraRightY,ET_ValidityLeft,ET_ValidityRight
0,1680003145.0289032,1,2Item7,2023-03-28 17:02:25.028903,824.0,462.0,880.0,490.0,-1.0,-1.0,372185.32000000007,581.07861328125,576.8860473632812,0.5998246669769287,0.4886953234672546,0.4404311776161193,0.4859859645366668,0.0,0.0
1,1680003145.0330384,2,2Item7,2023-03-28 17:02:25.033038,989.0,624.0,979.0,577.0,-1.0,-1.0,41.38800000003539,595.763671875,590.3285522460938,0.5838125348091125,0.4974606931209564,0.4272343516349792,0.4970405101776123,0.0,0.0
2,1680003145.0413597,3,2Item7,2023-03-28 17:02:25.041360,-1.0,-1.0,978.0,577.0,-1.0,2.5941925048828125,49.70900000003167,-1.0,590.2405395507812,-1.0,-1.0,0.4271744191646575,0.4971012771129608,4.0,0.0
3,1680003145.0498686,4,2Item7,2023-03-28 17:02:25.049869,960.0,579.0,981.0,575.0,-1.0,-1.0,58.21899999998277,595.9618530273438,590.1658325195312,0.5837234258651733,0.4975157082080841,0.4271576702594757,0.4971029460430145,0.0,0.0
4,1680003145.058035,5,2Item7,2023-03-28 17:02:25.058035,965.0,571.0,980.0,590.0,-1.0,-1.0,66.38199999998324,595.9856567382812,590.1910400390625,0.58384370803833,0.4975108802318573,0.4272339046001434,0.4970439672470092,0.0,0.0
5,1680003145.066389,6,2Item7,2023-03-28 17:02:25.066389,-1.0,-1.0,949.0,632.0,-1.0,2.7920379638671875,74.73999999999069,-1.0,590.2421264648438,-1.0,-1.0,0.4271810352802276,0.4971181154251098,4.0,0.0
6,1680003145.0747223,7,2Item7,2023-03-28 17:02:25.074722,959.0,579.0,997.0,588.0,-1.0,-1.0,83.07199999998556,595.9917602539064,590.1881713867188,0.5837041139602661,0.497529536485672,0.427146166563034,0.4971202611923217,0.0,0.0
7,1680003145.0830674,8,2Item7,2023-03-28 17:02:25.083067,977.0,580.0,1005.0,599.0,-1.0,-1.0,91.41700000001585,596.0133056640625,590.275390625,0.5837898254394531,0.497449904680252,0.4272176325321197,0.4970647096633911,0.0,0.0
8,1680003145.091371,9,2Item7,2023-03-28 17:02:25.091371,-1.0,-1.0,988.0,597.0,-1.0,2.615264892578125,99.72200000000883,-1.0,590.3998413085938,-1.0,-1.0,0.4271337389945983,0.4971322119235992,4.0,0.0
9,1680003145.099715,10,2Item7,2023-03-28 17:02:25.099715,972.0,567.0,985.0,585.0,-1.0,-1.0,108.06400000001304,596.0148315429688,590.4427490234375,0.5836766362190245,0.4975461661815643,0.4271142184734344,0.4971457719802856,0.0,0.0
10,1680003145.108025,11,2Item7,2023-03-28 17:02:25.108025,958.0,580.0,981.0,579.0,-1.0,-1.0,116.37599999998928,596.0362548828125,590.5840454101562,0.583809494972229,0.497573435306549,0.4271629452705383,0.4971490204334259,0.0,0.0
11,1680003145.1163616,12,2Item7,2023-03-28 17:02:25.116362,-1.0,-1.0,996.0,572.0,-1.0,2.6945953369140625,124.71199999999952,-1.0,590.7652587890625,-1.0,-1.0,0.4270689487457275,0.4971604645252227,4.0,0.0
12,1680003145.124689,13,2Item7,2023-03-28 17:02:25.124689,981.0,592.0,959.0,598.0,-1.0,-1.0,133.03899999998976,596.0413818359375,590.8564453125,0.5836198925971984,0.4975573420524597,0.4269860982894897,0.4971668124198913,0.0,0.0
13,1680003145.1330278,14,2Item7,2023-03-28 17:02:25.133028,964.0,590.0,949.0,610.0,-1.0,-1.0,141.37699999997858,596.0633544921875,591.0477294921875,0.5837506055831909,0.4975849092006683,0.4270926117897033,0.4971250891685485,0.0,0.0
14,1680003145.141358,15,2Item7,2023-03-28 17:02:25.141358,-1.0,-1.0,951.0,608.0,-1.0,2.6867828369140625,149.70699999999488,-1.0,591.2518310546875,-1.0,-1.0,0.4269874989986419,0.497166633605957,4.0,0.0
15,1680003145.1497033,16,2Item7,2023-03-28 17:02:25.149703,949.0,583.0,957.0,613.0,-1.0,-1.0,158.05400000000373,596.0694580078125,591.3521118164064,0.5835753679275512,0.4975930154323577,0.426952064037323,0.4971997737884521,0.0,0.0
16,1680003145.1580825,17,2Item7,2023-03-28 17:02:25.158082,935.0,583.0,950.0,614.0,-1.0,-1.0,166.4309999999823,596.0897827148438,591.5421752929688,0.583915889263153,0.4976393580436706,0.4272556900978088,0.4971989095211029,0.0,0.0
17,1680003145.1663685,18,2Item7,2023-03-28 17:02:25.166368,-1.0,-1.0,925.0,623.0,-1.0,2.693023681640625,174.7170000000042,-1.0,591.7283325195312,-1.0,-1.0,0.4273895621299743,0.4972899258136749,4.0,0.0
18,1680003145.1746848,19,2Item7,2023-03-28 17:02:25.174685,938.0,611.0,902.0,628.0,-1.0,-1.0,183.0350000000326,596.09521484375,591.7737426757812,0.5839265584945678,0.4977377951145172,0.4273384809494018,0.4973284304141998,0.0,0.0
19,1680003145.1830175,20,2Item7,2023-03-28 17:02:25.183018,920.0,610.0,891.0,600.0,-1.0,-1.0,191.3649999999907,596.1193237304688,591.8624267578125,0.5840556621551513,0.497733324766159,0.4274337291717529,0.4972677528858184,0.0,0.0
20,1680003145.191425,21,2Item7,2023-03-28 17:02:25.191425,906.0,625.0,891.0,600.0,2.500473022460937,2.757308959960937,199.774000000034,596.1737670898438,591.92138671875,0.5839883685112,0.4977362751960754,0.4273339807987213,0.4972926676273345,0.0,0.0
21,1680003145.199757,22,2Item7,2023-03-28 17:02:25.199757,880.0,610.0,889.0,594.0,-1.0,-1.0,208.10600000002887,596.1276245117188,591.8433227539064,0.5838728547096252,0.4977170825004577,0.4272783994674682,0.4973100125789642,0.0,0.0
22,1680003145.2080512,23,2Item7,2023-03-28 17:02:25.208051,873.0,629.0,885.0,627.0,-1.0,-1.0,216.40000000002328,596.1251220703125,591.827392578125,0.5840503573417662,0.497721791267395,0.427415132522583,0.497223287820816,0.0,0.0
23,1680003145.2163892,24,2Item7,2023-03-28 17:02:25.216389,846.0,604.0,886.0,631.0,2.180526733398437,2.722808837890625,224.73800000001208,596.1138305664064,591.8018188476562,0.5839865803718566,0.4977087974548339,0.4273430407047271,0.4972583353519439,0.0,0.0
24,1680003145.224692,25,2Item7,2023-03-28 17:02:25.224692,839.0,600.0,906.0,610.0,-1.0,-1.0,233.0410000000265,595.9827880859375,591.654052734375,0.5838982462882994,0.4977113902568817,0.4272880852222442,0.4972456097602844,0.0,0.0
25,1680003145.2330115,26,2Item7,2023-03-28 17:02:25.233011,888.0,591.0,880.0,612.0,-1.0,-1.0,241.3620000000228,595.9037475585938,591.5784912109375,0.5840039849281311,0.4976062178611755,0.4274048805236816,0.4972211718559265,0.0,0.0
26,1680003145.2413478,27,2Item7,2023-03-28 17:02:25.241348,-1.0,-1.0,880.0,612.0,-1.0,2.766571044921875,249.69800000003303,-1.0,591.4942016601562,-1.0,-1.0,0.4273412823677063,0.4971692264080047,4.0,0.0
27,1680003145.2497127,28,2Item7,2023-03-28 17:02:25.249713,848.0,593.0,880.0,614.0,-1.0,-1.0,258.06200000003446,595.7276611328125,591.3069458007812,0.5839240550994873,0.497667908668518,0.4272989928722381,0.4972016513347625,0.0,0.0
28,1680003145.2580276,29,2Item7,2023-03-28 17:02:25.258028,829.0,610.0,884.0,618.0,-1.0,-1.0,266.3780000000261,595.6412963867188,591.2202758789064,0.584002137184143,0.4975576102733612,0.4273932874202728,0.4971563816070556,0.0,0.0
29,1680003145.2663534,30,2Item7,2023-03-28 17:02:25.266353,-1.0,-1.0,884.0,618.0,-1.0,2.75048828125,274.7029999999795,-1.0,591.1621704101562,-1.0,-1.0,0.4273349046707153,0.4971324801445007,4.0,0.0
30,1680003145.2746818,31,2Item7,2023-03-28 17:02:25.274682,858.0,618.0,883.0,620.0,-1.0,-1.0,283.03200000000646,595.465576171875,591.0325927734375,0.5839207768440245,0.4976201057434082,0.4272771477699279,0.4971680045127868,0.0,0.0
31,1680003145.283069,32,2Item7,2023-03-28 17:02:25.283069,882.0,591.0,880.0,612.0,-1.0,-1.0,291.4189999999944,595.3938598632812,591.0198364257812,0.584007978439331,0.4975285828113555,0.4273686110973358,0.497118204832077,0.0,0.0
32,1680003145.2913692,33,2Item7,2023-03-28 17:02:25.291369,-1.0,-1.0,880.0,612.0,-1.0,2.714950561523437,299.7189999999828,-1.0,591.0393676757812,-1.0,-1.0,0.4272936284542083,0.497126817703247,4.0,0.0
33,1680003145.299682,34,2Item7,2023-03-28 17:02:25.299682,879.0,581.0,883.0,599.0,-1.0,-1.0,308.03200000000646,595.2765502929688,590.9719848632812,0.5838931202888488,0.4975737035274505,0.4272247850894928,0.4971504509449005,0.0,0.0
34,1680003145.3080032,35,2Item7,2023-03-28 17:02:25.308003,877.0,592.0,881.0,630.0,-1.0,-1.0,316.3520000000135,595.3011474609375,591.0101318359375,0.5839738845825195,0.4975000619888305,0.4273059368133544,0.4970938265323638,0.0,0.0
35,1680003145.316575,36,2Item7,2023-03-28 17:02:25.316575,-1.0,-1.0,896.0,601.0,-1.0,2.8613739013671875,324.92600000003586,-1.0,591.075439453125,-1.0,-1.0,0.4272356927394866,0.497126966714859,4.0,0.0
36,1680003145.3246813,37,2Item7,2023-03-28 17:02:25.324681,894.0,600.0,886.0,601.0,-1.0,-1.0,333.03100000001723,595.3477783203125,591.0524291992188,0.5838547945022583,0.4975641965866088,0.4271650314331054,0.4971352517604827,0.0,0.0
37,1680003145.3330054,38,2Item7,2023-03-28 17:02:25.333005,896.0,610.0,889.0,599.0,-1.0,-1.0,341.3549999999814,595.4567260742188,591.1400756835938,0.5839434266090393,0.4975000023841857,0.4272679388523101,0.4970793426036834,0.0,0.0
38,1680003145.3340902,39,2Item7,2023-03-28 17:02:25.334090,824.0,462.0,880.0,490.0,-1.0,-1.0,372185.32000000007,581.07861328125,576.8860473632812,0.5998246669769287,0.4886953234672546,0.4404311776161193,0.4859859645366668,0.0,0.0
39,1680003145.3413544,40,2Item7,2023-03-28 17:02:25.341354,-1.0,-1.0,-1.0,-1.0,-1.0,-1.0,349.70100000000093,-1.0,-1.0,-1.0,-1.0,-1.0,-1.0,4.0,4.0
40,1680003145.3497796,41,2Item7,2023-03-28 17:02:25.349780,884.0,603.0,913.0,607.0,-1.0,-1.0,358.12900000001537,595.6499633789064,591.2192993164064,0.5838068127632141,0.4975768029689788,0.4271348714828491,0.4971607029438018,0.0,0.0
41,1680003145.3580186,42,2Item7,2023-03-28 17:02:25.358019,878.0,610.0,920.0,604.0,-1.0,-1.0,366.3670000000274,595.8208618164064,591.3049926757812,0.5839041471481323,0.4974928200244903,0.4271860122680664,0.4971342682838439,0.0,0.0
42,1680003145.3663423,43,2Item7,2023-03-28 17:02:25.366342,-1.0,-1.0,-1.0,-1.0,-1.0,-1.0,374.6900000000023,-1.0,-1.0,-1.0,-1.0,-1.0,-1.0,4.0,4.0
43,1680003145.374668,44,2Item7,2023-03-28 17:02:25.374668,862.0,603.0,905.0,581.0,-1.0,-1.0,383.0179999999818,596.0901489257812,591.3782958984375,0.5838149785995483,0.4974494874477386,0.4271432757377624,0.4970854520797729,0.0,0.0
44,1680003145.3830736,45,2Item7,2023-03-28 17:02:25.383074,848.0,548.0,877.0,543.0,-1.0,-1.0,391.4220000000205,596.2782592773438,591.45166015625,0.5840162634849548,0.4973931610584259,0.4273188412189483,0.4969739317893981,0.0,0.0
45,1680003145.3913865,46,2Item7,2023-03-28 17:02:25.391387,-1.0,-1.0,877.0,543.0,-1.0,2.3894500732421875,399.7360000000335,-1.0,591.5288696289064,-1.0,-1.0,0.4272601008415222,0.4969813525676727,4.0,0.0
46,1680003145.3996875,47,2Item7,2023-03-28 17:02:25.399688,873.0,563.0,888.0,555.0,-1.0,-1.0,408.0370000000112,596.56787109375,591.4971923828125,0.5838558077812194,0.497362732887268,0.4272012114524841,0.496958702802658,0.0,0.0
47,1680003145.408013,48,2Item7,2023-03-28 17:02:25.408013,872.0,571.0,883.0,550.0,-1.0,-1.0,416.35700000001816,596.746337890625,591.5487060546875,0.5840252637863159,0.4973707199096679,0.4273034930229187,0.4969329237937927,0.0,0.0
48,1680003145.4165552,49,2Item7,2023-03-28 17:02:25.416555,872.0,571.0,-1.0,-1.0,3.4391326904296875,-1.0,424.9060000000172,596.9254760742188,-1.0,0.5839077234268188,0.497281402349472,-1.0,-1.0,0.0,4.0
49,1680003145.4246876,50,2Item7,2023-03-28 17:02:25.424688,859.0,561.0,880.0,550.0,-1.0,-1.0,433.0370000000112,597.00341796875,591.556396484375,0.5838434100151062,0.4973528683185577,0.427183449268341,0.4969235062599182,0.0,0.0
50,1680003145.4330046,51,2Item7,2023-03-28 17:02:25.433005,857.0,562.0,881.0,551.0,-1.0,-1.0,441.3549999999814,597.1259155273438,591.5944213867188,0.5840137004852294,0.4973399341106414,0.4272949397563934,0.4969168007373809,0.0,0.0
51,1680003145.4413388,52,2Item7,2023-03-28 17:02:25.441339,-1.0,-1.0,873.0,556.0,-1.0,2.648544311523437,449.68800000002375,-1.0,591.6404418945312,-1.0,-1.0,0.4272070527076721,0.4969026148319244,4.0,0.0
52,1680003145.4497669,53,2Item7,2023-03-28 17:02:25.449767,861.0,544.0,873.0,562.0,-1.0,-1.0,458.1170000000274,597.2574462890625,591.5795288085938,0.5838320255279541,0.4973387420177459,0.4271719455718994,0.4969157576560974,0.0,0.0
53,1680003145.4580548,54,2Item7,2023-03-28 17:02:25.458055,869.0,533.0,870.0,559.0,-1.0,-1.0,466.405000000028,597.2665405273438,591.60302734375,0.5840039849281311,0.4973284900188446,0.4272783398628234,0.4969022870063781,0.0,0.0
54,1680003145.4663546,55,2Item7,2023-03-28 17:02:25.466355,-1.0,-1.0,868.0,551.0,-1.0,2.6088409423828125,474.7029999999795,-1.0,591.6355590820312,-1.0,-1.0,0.4271845519542694,0.4969036281108856,4.0,0.0
55,1680003145.4746828,56,2Item7,2023-03-28 17:02:25.474683,848.0,541.0,871.0,537.0,-1.0,-1.0,483.0329999999959,597.1953735351562,591.563232421875,0.5838239789009094,0.4973434805870056,0.4271808862686157,0.496906578540802,0.0,0.0
56,1680003145.4830756,57,2Item7,2023-03-28 17:02:25.483076,846.0,534.0,863.0,553.0,-1.0,-1.0,491.4249999999884,597.1314086914064,591.5808715820312,0.5839323997497557,0.4972533285617828,0.4272565245628356,0.4969174563884735,0.0,0.0
57,1680003145.4913266,58,2Item7,2023-03-28 17:02:25.491327,807.0,502.0,860.0,568.0,2.164764404296875,2.725204467773437,499.6770000000252,597.084228515625,591.6101684570312,0.5839167237281799,0.4973329007625579,0.4271771311759948,0.4969375133514404,0.0,0.0
58,1680003145.4996736,59,2Item7,2023-03-28 17:02:25.499674,864.0,527.0,850.0,566.0,-1.0,-1.0,508.0229999999865,596.9161376953125,591.5398559570312,0.5838223099708557,0.4973669648170471,0.4271446764469146,0.4969758093357086,0.0,0.0
59,1680003145.5079978,60,2Item7,2023-03-28 17:02:25.507998,853.0,550.0,852.0,563.0,-1.0,-1.0,516.347999999998,596.7948608398438,591.5674438476562,0.583939790725708,0.497268259525299,0.4272426664829254,0.4969451427459716,0.0,0.0
60,1680003145.5163238,61,2Item7,2023-03-28 17:02:25.516324,-1.0,-1.0,-1.0,-1.0,-1.0,-1.0,524.6710000000312,-1.0,-1.0,-1.0,-1.0,-1.0,-1.0,4.0,4.0
61,1680003145.5248497,62,2Item7,2023-03-28 17:02:25.524850,803.0,512.0,874.0,559.0,-1.0,-1.0,533.1780000000144,596.3856201171875,591.5509643554688,0.5838387608528137,0.4973749816417694,0.4271326959133148,0.4970047175884246,0.0,0.0
62,1680003145.533086,63,2Item7,2023-03-28 17:02:25.533086,855.0,531.0,875.0,561.0,-1.0,-1.0,541.435999999987,596.1339111328125,591.5960083007812,0.5840060710906982,0.4973624944686889,0.4272377789020538,0.496913731098175,0.0,0.0
63,1680003145.5413263,64,2Item7,2023-03-28 17:02:25.541326,858.0,537.0,-1.0,-1.0,2.4683380126953125,-1.0,549.676000000036,596.001220703125,-1.0,0.5838984847068786,0.4972798824310302,-1.0,-1.0,0.0,4.0
64,1680003145.5496583,65,2Item7,2023-03-28 17:02:25.549658,880.0,558.0,848.0,542.0,-1.0,-1.0,558.00900000002,595.7569580078125,591.6084594726562,0.5838609933853149,0.4973692297935485,0.4271160066127777,0.497024267911911,0.0,0.0
65,1680003145.5579872,66,2Item7,2023-03-28 17:02:25.557987,865.0,573.0,870.0,531.0,-1.0,-1.0,566.3329999999842,595.5810546875,591.6658325195312,0.5839706659317015,0.4973057210445404,0.4272293150424957,0.496949166059494,0.0,0.0
66,1680003145.5663896,67,2Item7,2023-03-28 17:02:25.566390,871.0,571.0,867.0,544.0,3.148101806640625,2.71917724609375,574.7399999999907,595.4622192382812,591.7316284179688,0.5839347243309021,0.4972880482673645,0.4271579384803772,0.4970237910747528,0.0,0.0
67,1680003145.5747983,68,2Item7,2023-03-28 17:02:25.574798,849.0,568.0,875.0,554.0,-1.0,-1.0,583.149000000034,595.2980346679688,591.7000732421875,0.583889365196228,0.4974013268947601,0.4271227419376373,0.4970602393150329,0.0,0.0
68,1680003145.5830996,69,2Item7,2023-03-28 17:02:25.583100,860.0,553.0,829.0,580.0,-1.0,-1.0,591.4490000000224,595.265380859375,591.7644653320312,0.5840448141098022,0.4973995685577392,0.4272358417510986,0.4970205128192901,0.0,0.0
69,1680003145.591402,70,2Item7,2023-03-28 17:02:25.591402,-1.0,-1.0,840.0,559.0,-1.0,2.7387237548828125,599.7519999999786,-1.0,591.83251953125,-1.0,-1.0,0.4271818995475769,0.4970622360706329,4.0,0.0
70,1680003145.5996616,71,2Item7,2023-03-28 17:02:25.599662,866.0,550.0,851.0,568.0,-1.0,-1.0,608.005999999994,595.2293701171875,591.795654296875,0.5839248299598693,0.4974482059478759,0.4271478950977325,0.4970845878124237,0.0,0.0
71,1680003145.6079862,72,2Item7,2023-03-28 17:02:25.607986,855.0,573.0,877.0,570.0,-1.0,-1.0,616.335000000021,595.2886962890625,591.8461303710938,0.5840851664543151,0.4974488914012908,0.4272739589214325,0.4970393478870391,0.0,0.0
72,1680003145.6163208,73,2Item7,2023-03-28 17:02:25.616321,-1.0,-1.0,871.0,571.0,-1.0,2.817245483398437,624.6699999999837,-1.0,591.9006958007812,-1.0,-1.0,0.4272243082523345,0.4970776438713073,4.0,0.0
73,1680003145.6246705,74,2Item7,2023-03-28 17:02:25.624670,873.0,584.0,871.0,567.0,-1.0,-1.0,633.0190000000293,595.3648681640625,591.8452758789064,0.5839686393737793,0.4974694848060607,0.4271935522556304,0.497082233428955,0.0,0.0
74,1680003145.63299,75,2Item7,2023-03-28 17:02:25.632990,871.0,585.0,866.0,559.0,-1.0,-1.0,641.3400000000256,595.4306030273438,591.8723754882812,0.5841163396835327,0.4974775314331054,0.4273312091827392,0.4970499873161315,0.0,0.0
75,1680003145.641325,76,2Item7,2023-03-28 17:02:25.641325,871.0,585.0,-1.0,-1.0,2.881942749023437,-1.0,649.6720000000205,595.5535278320312,-1.0,0.5840600728988647,0.4974214136600494,-1.0,-1.0,0.0,4.0
76,1680003145.6496513,77,2Item7,2023-03-28 17:02:25.649651,853.0,574.0,842.0,554.0,-1.0,-1.0,658.0,595.5151977539064,591.8394165039064,0.5840128064155578,0.4974755644798278,0.4272463321685791,0.4970666170120239,0.0,0.0
77,1680003145.65804,78,2Item7,2023-03-28 17:02:25.658040,864.0,561.0,856.0,553.0,-1.0,-1.0,666.390000000014,595.5458984375,591.8535766601562,0.5841449499130249,0.4974688589572906,0.4273831248283386,0.4970305860042572,0.0,0.0
78,1680003145.666317,79,2Item7,2023-03-28 17:02:25.666317,864.0,561.0,849.0,553.0,2.770355224609375,2.895721435546875,674.6670000000158,595.6159057617188,591.8807373046875,0.5840681195259094,0.4974040389060974,0.4273211359977722,0.4970515072345733,0.0,0.0
79,1680003145.6746373,80,2Item7,2023-03-28 17:02:25.674637,851.0,550.0,855.0,546.0,-1.0,-1.0,682.9880000000121,595.5708618164064,591.8007202148438,0.5840311050415039,0.4974614679813385,0.4272855520248413,0.4970529079437255,0.0,0.0
80,1680003145.6829855,81,2Item7,2023-03-28 17:02:25.682986,843.0,558.0,852.0,542.0,-1.0,-1.0,691.3360000000102,595.5835571289064,591.8091430664064,0.58417809009552,0.4974705278873443,0.4274130165576934,0.4970058500766754,0.0,0.0
81,1680003145.691337,82,2Item7,2023-03-28 17:02:25.691337,848.0,561.0,862.0,527.0,2.66845703125,2.884002685546875,699.6830000000191,595.6289672851562,591.83154296875,0.5841023921966552,0.4974384605884552,0.4273337721824646,0.4970356822013855,0.0,0.0
82,1680003145.699716,83,2Item7,2023-03-28 17:02:25.699716,859.0,564.0,858.0,539.0,-1.0,-1.0,708.0659999999916,595.5535278320312,591.7476196289064,0.5840223431587219,0.49745774269104,0.4273094832897186,0.4970308244228363,0.0,0.0
83,1680003145.7081249,84,2Item7,2023-03-28 17:02:25.708125,857.0,565.0,845.0,550.0,-1.0,-1.0,716.4739999999873,595.5350952148438,591.7509155273438,0.5841465592384338,0.497450053691864,0.4274117052555084,0.4969395995140075,0.0,0.0
84,1680003145.7163138,85,2Item7,2023-03-28 17:02:25.716314,854.0,564.0,841.0,539.0,2.829208374023437,2.8502197265625,724.6639999999898,595.5684204101562,591.7689208984375,0.5840615034103394,0.4973898231983184,0.4273373484611511,0.4970271587371826,0.0,0.0
85,1680003145.7246487,86,2Item7,2023-03-28 17:02:25.724649,867.0,568.0,852.0,565.0,-1.0,-1.0,732.9990000000107,595.5001831054688,591.6805419921875,0.5839265584945678,0.4974349439144134,0.4272413849830627,0.4970174729824066,0.0,0.0
86,1680003145.7330115,87,2Item7,2023-03-28 17:02:25.733012,896.0,565.0,876.0,563.0,-1.0,-1.0,741.3599999999859,595.4888916015625,591.6790161132812,0.5839124917984008,0.4974198341369628,0.4272248148918151,0.4969331622123718,0.0,0.0
87,1680003145.7413187,88,2Item7,2023-03-28 17:02:25.741319,901.0,562.0,892.0,570.0,2.7050018310546875,2.8423614501953125,749.6689999999944,595.5139770507812,591.6856689453125,0.5837796926498413,0.497389942407608,0.427105963230133,0.4969949424266815,0.0,0.0
88,1680003145.749645,89,2Item7,2023-03-28 17:02:25.749645,913.0,549.0,898.0,563.0,-1.0,-1.0,757.9949999999953,595.4479370117188,591.5904541015625,0.5837244391441345,0.4974021911621093,0.4270501136779785,0.4970054030418396,0.0,0.0
89,1680003145.75799,90,2Item7,2023-03-28 17:02:25.757990,899.0,553.0,899.0,534.0,-1.0,-1.0,766.3410000000149,595.455810546875,591.5890502929688,0.5838661789894104,0.4974196851253509,0.4271573424339294,0.4969746172428131,0.0,0.0
90,1680003145.7665043,91,2Item7,2023-03-28 17:02:25.766504,899.0,554.0,899.0,534.0,2.6777801513671875,2.8490142822265625,774.853999999992,595.5188598632812,591.60595703125,0.583781361579895,0.4973921179771423,0.427098274230957,0.4970032274723053,0.0,0.0
91,1680003145.7746477,92,2Item7,2023-03-28 17:02:25.774648,880.0,546.0,899.0,545.0,-1.0,-1.0,782.9970000000321,595.4765014648438,591.5280151367188,0.5837249755859375,0.4974057972431182,0.4270561933517456,0.4970138669013977,0.0,0.0
92,1680003145.7829783,93,2Item7,2023-03-28 17:02:25.782979,892.0,548.0,903.0,543.0,-1.0,-1.0,791.329000000027,595.4886474609375,591.5528564453125,0.5838599801063536,0.4974268078804016,0.4271565675735473,0.4969843327999115,0.0,0.0
93,1680003145.7913823,94,2Item7,2023-03-28 17:02:25.791382,890.0,544.0,-1.0,-1.0,2.59521484375,-1.0,799.7280000000029,595.5416259765625,-1.0,0.5838050842285156,0.4974004030227661,-1.0,-1.0,0.0,4.0
94,1680003145.7996638,95,2Item7,2023-03-28 17:02:25.799664,908.0,546.0,904.0,533.0,-1.0,-1.0,808.0140000000247,595.4859008789064,591.542236328125,0.5837314128875732,0.4974030554294586,0.4270689487457275,0.497020423412323,0.0,0.0
95,1680003145.8079822,96,2Item7,2023-03-28 17:02:25.807982,906.0,546.0,900.0,565.0,-1.0,-1.0,816.3319999999949,595.4879150390625,591.5992431640625,0.5838738083839417,0.4974133968353271,0.4271665215492248,0.4969789385795593,0.0,0.0
96,1680003145.8163972,97,2Item7,2023-03-28 17:02:25.816397,910.0,550.0,-1.0,-1.0,2.733673095703125,-1.0,824.7470000000321,595.5317993164064,-1.0,0.5838175415992736,0.4973783791065216,-1.0,-1.0,0.0,4.0
97,1680003145.8246264,98,2Item7,2023-03-28 17:02:25.824626,902.0,549.0,924.0,545.0,-1.0,-1.0,832.9770000000135,595.4710083007812,591.6392822265625,0.5837406516075134,0.4973850846290588,0.4270538985729217,0.4970037341117858,0.0,0.0
98,1680003145.8330338,99,2Item7,2023-03-28 17:02:25.833034,903.0,575.0,915.0,549.0,-1.0,-1.0,841.38400000002,595.4747314453125,591.720703125,0.5838624238967896,0.4973716437816619,0.4271520972251892,0.4969632029533386,0.0,0.0
99,1680003145.841425,100,2Item7,2023-03-28 17:02:25.841425,903.0,574.0,923.0,537.0,2.81561279296875,2.590850830078125,849.7760000000125,595.5166015625,591.8067016601562,0.5838211774826049,0.4973803162574768,0.4270941019058227,0.4969629347324371,0.0,0.0
100,1680003145.849746,101,2Item7,2023-03-28 17:02:25.849746,893.0,570.0,913.0,529.0,-1.0,-1.0,858.0950000000303,595.447998046875,591.8038330078125,0.5837452411651611,0.4973722398281097,0.4270333647727966,0.4969993531703949,0.0,0.0
101,1680003145.8579614,102,2Item7,2023-03-28 17:02:25.857961,895.0,540.0,904.0,530.0,-1.0,-1.0,866.3099999999976,595.4329833984375,591.8935546875,0.5838868021965026,0.4973969459533691,0.4271410107612609,0.4969599545001983,0.0,0.0
102,1680003145.8663,103,2Item7,2023-03-28 17:02:25.866300,898.0,544.0,880.0,560.0,2.66796875,2.79296875,874.6500000000234,595.4497680664064,591.9904174804688,0.5838193893432617,0.4973915517330169,0.427063912153244,0.4969944357872009,0.0,0.0
103,1680003145.874719,104,2Item7,2023-03-28 17:02:25.874719,907.0,559.0,880.0,563.0,-1.0,-1.0,883.0690000000177,595.3700561523438,591.979248046875,0.5837368965148925,0.4973840415477752,0.4270140528678894,0.4969981610774993,0.0,0.0
104,1680003145.88296,105,2Item7,2023-03-28 17:02:25.882960,907.0,564.0,891.0,554.0,-1.0,-1.0,891.3099999999976,595.3592529296875,592.05224609375,0.5838606357574462,0.4973904192447662,0.4271258115768432,0.4969774782657623,0.0,0.0
105,1680003145.8913994,106,2Item7,2023-03-28 17:02:25.891399,898.0,557.0,903.0,538.0,2.581405639648437,2.717254638671875,899.7490000000107,595.3828125,592.1275634765625,0.5838140249252319,0.4973938167095184,0.4270471930503845,0.4969787001609802,0.0,0.0
106,1680003145.9000957,107,2Item7,2023-03-28 17:02:25.900095,904.0,541.0,911.0,550.0,-1.0,-1.0,908.4450000000068,595.307861328125,592.0902099609375,0.5837358236312866,0.4973828196525573,0.4270042777061462,0.4970065951347351,0.0,0.0
107,1680003145.907961,108,2Item7,2023-03-28 17:02:25.907961,882.0,560.0,906.0,550.0,-1.0,-1.0,916.3109999999868,595.3011474609375,592.1324462890625,0.5838758945465087,0.4974191188812255,0.4271300435066223,0.4969915151596069,0.0,0.0
108,1680003145.916308,109,2Item7,2023-03-28 17:02:25.916308,900.0,595.0,-1.0,-1.0,2.81787109375,-1.0,924.6570000000064,595.3356323242188,-1.0,0.5838247537612915,0.4973837435245513,-1.0,-1.0,0.0,4.0
109,1680003145.9246252,110,2Item7,2023-03-28 17:02:25.924625,895.0,597.0,911.0,550.0,-1.0,-1.0,932.9760000000242,595.2750244140625,592.1155395507812,0.583760380744934,0.4973915219306945,0.4270160198211669,0.4970047175884246,0.0,0.0
110,1680003145.9329498,111,2Item7,2023-03-28 17:02:25.932950,898.0,539.0,902.0,553.0,-1.0,-1.0,941.2980000000096,595.2800903320312,592.1277465820312,0.5838733911514282,0.4973823428153991,0.4271373748779296,0.4969783127307891,0.0,0.0
111,1680003145.9413018,112,2Item7,2023-03-28 17:02:25.941302,907.0,554.0,904.0,547.0,2.646331787109375,2.6700897216796875,949.6500000000234,595.3248291015625,592.1519775390625,0.5838238000869751,0.4973383545875549,0.4270828962326049,0.496979147195816,0.0,0.0
112,1680003145.949627,113,2Item7,2023-03-28 17:02:25.949627,918.0,563.0,897.0,532.0,-1.0,-1.0,957.9760000000242,595.2704467773438,592.0611572265625,0.5837820172309875,0.4973804056644439,0.4270423650741577,0.4969944357872009,0.0,0.0
113,1680003145.9579484,114,2Item7,2023-03-28 17:02:25.957948,932.0,563.0,917.0,538.0,-1.0,-1.0,966.2949999999836,595.2882690429688,592.0576171875,0.5839287042617797,0.4973779916763305,0.4271672964096069,0.4969565272331237,0.0,0.0
114,1680003145.9662914,115,2Item7,2023-03-28 17:02:25.966291,924.0,567.0,913.0,537.0,2.7185821533203125,2.647613525390625,974.6419999999924,595.34033203125,592.0704345703125,0.5838835835456848,0.4973392784595489,0.427113801240921,0.4969505667686462,0.0,0.0
115,1680003145.9746883,116,2Item7,2023-03-28 17:02:25.974689,916.0,562.0,894.0,535.0,-1.0,-1.0,983.0350000000326,595.2918701171875,591.9773559570312,0.5838165283203125,0.4973616898059845,0.4270903170108795,0.4969631433486938,0.0,0.0
116,1680003145.9830313,117,2Item7,2023-03-28 17:02:25.983031,908.0,561.0,904.0,538.0,-1.0,-1.0,991.3649999999908,595.3167724609375,591.97412109375,0.5839190483093261,0.4972746968269348,0.4272229075431823,0.4969203174114227,0.0,0.0
117,1680003145.9915094,118,2Item7,2023-03-28 17:02:25.991509,908.0,561.0,903.0,538.0,2.8198394775390625,2.6734619140625,999.859999999986,595.3795776367188,591.9880981445312,0.5839385986328125,0.4973389208316803,0.4271793961524963,0.4969196617603302,0.0,0.0
118,1680003145.9996178,119,2Item7,2023-03-28 17:02:25.999618,920.0,555.0,908.0,540.0,-1.0,-1.0,1007.9679999999936,595.3480224609375,591.900146484375,0.5838640928268432,0.4973683953285217,0.4271554350852966,0.4969217181205749,0.0,0.0
119,1680003146.0079994,120,2Item7,2023-03-28 17:02:26.007999,917.0,557.0,897.0,536.0,-1.0,-1.0,1016.3500000000348,595.3914794921875,591.9077758789064,0.5839903950691223,0.4972651004791259,0.4272871017456054,0.4968824088573455,0.0,0.0
120,1680003146.0162892,121,2Item7,2023-03-28 17:02:26.016289,918.0,577.0,894.0,543.0,2.7497100830078125,2.6865997314453125,1024.639000000025,595.4697265625,591.936279296875,0.5840094089508056,0.4973168075084686,0.4272443652153015,0.4968629777431488,0.0,0.0
121,1680003146.0257027,122,2Item7,2023-03-28 17:02:26.025703,909.0,577.0,890.0,535.0,-1.0,-1.0,1034.0530000000144,595.46240234375,591.8677978515625,0.5839189291000366,0.4973373115062713,0.4272112548351287,0.4968679845333099,0.0,0.0
122,1680003146.0331297,123,2Item7,2023-03-28 17:02:26.033129,904.0,547.0,902.0,533.0,-1.0,-1.0,1041.4799999999814,595.5408325195312,591.8970336914064,0.5840789079666137,0.4972981214523315,0.4273426532745361,0.4968048930168151,0.0,0.0
123,1680003146.0412855,124,2Item7,2023-03-28 17:02:26.041286,904.0,547.0,907.0,524.0,2.8583221435546875,2.758148193359375,1049.6350000000093,595.6703491210938,591.943603515625,0.5840368270874023,0.4972796440124511,0.4272871613502502,0.4968170821666717,0.0,0.0
124,1680003146.0498223,125,2Item7,2023-03-28 17:02:26.049822,886.0,549.0,907.0,529.0,-1.0,-1.0,1058.1720000000205,595.6964111328125,591.8887329101562,0.5839408040046691,0.4972949624061584,0.4272364377975463,0.4968264997005462,0.0,0.0
125,1680003146.0579846,126,2Item7,2023-03-28 17:02:26.057985,888.0,536.0,909.0,539.0,-1.0,-1.0,1066.3329999999842,595.7850341796875,591.923095703125,0.5840254426002502,0.4971991777420043,0.42737877368927,0.4967589080333709,0.0,0.0
126,1680003146.0662751,127,2Item7,2023-03-28 17:02:26.066275,907.0,556.0,904.0,540.0,2.7435760498046875,2.779571533203125,1074.625,595.899169921875,591.9703979492188,0.5840380787849426,0.4972499907016754,0.4272860288619995,0.4967835247516632,0.0,0.0
127,1680003146.074634,128,2Item7,2023-03-28 17:02:26.074634,928.0,566.0,919.0,550.0,-1.0,-1.0,1082.984999999986,595.9226684570312,591.9124145507812,0.5839024186134338,0.4972245097160339,0.4272205829620361,0.4967783689498901,0.0,0.0
128,1680003146.083057,129,2Item7,2023-03-28 17:02:26.083057,924.0,584.0,918.0,544.0,-1.0,-1.0,1091.4070000000063,596.019287109375,591.9402465820312,0.5839982628822326,0.4971559941768646,0.4273386895656585,0.4967427551746368,0.0,0.0
129,1680003146.091308,130,2Item7,2023-03-28 17:02:26.091308,913.0,575.0,917.0,544.0,2.666610717773437,2.79486083984375,1099.6560000000172,596.1493530273438,591.9735717773438,0.5839942693710327,0.4971972703933715,0.4272633790969848,0.4967468678951263,0.0,0.0
130,1680003146.099652,131,2Item7,2023-03-28 17:02:26.099652,888.0,557.0,905.0,536.0,-1.0,-1.0,1108.0009999999893,596.1837768554688,591.8872680664064,0.5838561654090881,0.4971787631511688,0.4271951913833618,0.4967484772205352,0.0,0.0
131,1680003146.1079457,132,2Item7,2023-03-28 17:02:26.107946,880.0,534.0,892.0,547.0,-1.0,-1.0,1116.2960000000312,596.2902221679688,591.8745727539064,0.5839596986770629,0.4971468746662139,0.4273048937320709,0.4967332780361175,0.0,0.0
132,1680003146.116277,133,2Item7,2023-03-28 17:02:26.116277,880.0,533.0,894.0,550.0,2.5737762451171875,2.758270263671875,1124.6269999999786,596.4161987304688,591.8654174804688,0.5838932991027832,0.4971256256103515,0.4272438883781433,0.4967365562915802,0.0,0.0
133,1680003146.1246786,134,2Item7,2023-03-28 17:02:26.124679,888.0,534.0,898.0,539.0,-1.0,-1.0,1133.0289999999804,596.4351196289064,591.7406616210938,0.5838184356689453,0.4971759617328643,0.4271809160709381,0.4967658221721649,0.0,0.0
134,1680003146.1329374,135,2Item7,2023-03-28 17:02:26.132937,891.0,529.0,897.0,539.0,-1.0,-1.0,1141.2870000000112,596.5166015625,591.6992797851562,0.583938717842102,0.4971544742584228,0.4272991120815277,0.4967559874057769,0.0,0.0
135,1680003146.141283,136,2Item7,2023-03-28 17:02:26.141283,891.0,529.0,917.0,518.0,2.6724853515625,2.65234375,1149.6330000000307,596.6292724609375,591.6654663085938,0.5839407444000244,0.4971868693828582,0.4272910356521606,0.4967144131660461,0.0,0.0
136,1680003146.1496046,137,2Item7,2023-03-28 17:02:26.149605,888.0,522.0,915.0,541.0,-1.0,-1.0,1157.9550000000163,596.6460571289064,591.5236206054688,0.5838211178779602,0.4972276389598846,0.4272099137306213,0.4968080818653106,0.0,0.0
137,1680003146.1580691,138,2Item7,2023-03-28 17:02:26.158069,892.0,556.0,924.0,536.0,-1.0,-1.0,1166.4180000000051,596.732666015625,591.4774169921875,0.5839342474937439,0.4971675872802734,0.4273315966129303,0.4967876374721527,0.0,0.0
138,1680003146.1662798,139,2Item7,2023-03-28 17:02:26.166280,881.0,535.0,-1.0,-1.0,2.891265869140625,-1.0,1174.6300000000049,596.8550415039064,-1.0,0.5839540958404541,0.4972351491451263,-1.0,-1.0,0.0,4.0
139,1680003146.1747484,140,2Item7,2023-03-28 17:02:26.174748,888.0,557.0,903.0,543.0,-1.0,-1.0,1183.0960000000196,596.86767578125,591.3406982421875,0.5838493704795837,0.4972563087940216,0.4272682070732116,0.4968091547489166,0.0,0.0
140,1680003146.182942,141,2Item7,2023-03-28 17:02:26.182942,890.0,553.0,928.0,539.0,-1.0,-1.0,1191.2920000000158,596.9403686523438,591.322998046875,0.5839694142341613,0.4971983432769775,0.4274201691150665,0.4967499375343322,0.0,0.0
141,1680003146.1912837,142,2Item7,2023-03-28 17:02:26.191283,899.0,560.0,-1.0,-1.0,2.6907958984375,-1.0,1199.6319999999832,597.0493774414064,-1.0,0.583982765674591,0.497253805398941,-1.0,-1.0,0.0,4.0
142,1680003146.1995993,143,2Item7,2023-03-28 17:02:26.199599,899.0,545.0,921.0,531.0,-1.0,-1.0,1207.9469999999856,597.0474853515625,591.2310791015625,0.5838642716407775,0.4972764551639556,0.4273111522197723,0.4967982172966003,0.0,0.0
143,1680003146.207944,144,2Item7,2023-03-28 17:02:26.207944,916.0,541.0,941.0,517.0,-1.0,-1.0,1216.2949999999837,597.113525390625,591.2392578125,0.583985686302185,0.4972921907901763,0.4273985922336578,0.4968009293079376,0.0,0.0
144,1680003146.2163014,145,2Item7,2023-03-28 17:02:26.216301,-1.0,-1.0,-1.0,-1.0,-1.0,-1.0,1224.652000000002,-1.0,-1.0,-1.0,-1.0,-1.0,-1.0,4.0,4.0
145,1680003146.2246325,146,2Item7,2023-03-28 17:02:26.224632,936.0,551.0,954.0,532.0,-1.0,-1.0,1232.9820000000182,597.1879272460938,591.199462890625,0.5838402509689331,0.4972891807556152,0.427348256111145,0.4968043267726898,0.0,0.0
146,1680003146.233007,147,2Item7,2023-03-28 17:02:26.233007,932.0,555.0,929.0,532.0,-1.0,-1.0,1241.3570000000182,597.243408203125,591.2359008789064,0.5839657187461853,0.4972297847270965,0.4274900555610656,0.4967853426933288,0.0,0.0
147,1680003146.2414303,148,2Item7,2023-03-28 17:02:26.241431,929.0,551.0,-1.0,-1.0,2.655975341796875,-1.0,1249.7789999999804,597.339111328125,-1.0,0.5839685797691345,0.4972948729991912,-1.0,-1.0,0.0,4.0
148,1680003146.2497995,149,2Item7,2023-03-28 17:02:26.249799,928.0,555.0,940.0,542.0,-1.0,-1.0,1258.1500000000233,597.3318481445312,591.2372436523438,0.5838739275932312,0.4973367154598236,0.4274434149265289,0.4968238472938537,0.0,0.0
149,1680003146.25799,150,2Item7,2023-03-28 17:02:26.257990,920.0,568.0,944.0,544.0,-1.0,-1.0,1266.3400000000256,597.3952026367188,591.2864379882812,0.5839854478836058,0.4972714781761169,0.4275229573249816,0.4967915117740631,0.0,0.0
150,1680003146.2662692,151,2Item7,2023-03-28 17:02:26.266269,931.0,584.0,953.0,529.0,2.7488555908203125,2.5594482421875,1274.6180000000168,597.48681640625,591.3470458984375,0.5839667320251464,0.4973444044589996,0.4274698197841644,0.4968217611312866,0.0,0.0
151,1680003146.2746327,152,2Item7,2023-03-28 17:02:26.274633,928.0,575.0,938.0,528.0,-1.0,-1.0,1282.9830000000077,597.4874877929688,591.310302734375,0.5838608741760253,0.4973626136779785,0.4274307191371917,0.4968693554401397,0.0,0.0
152,1680003146.2831802,153,2Item7,2023-03-28 17:02:26.283180,921.0,547.0,927.0,524.0,-1.0,-1.0,1291.530000000028,597.5635986328125,591.3720092773438,0.5839911103248596,0.4973092079162597,0.4275222718715667,0.4968748390674591,0.0,0.0
153,1680003146.2914047,154,2Item7,2023-03-28 17:02:26.291405,921.0,547.0,909.0,548.0,2.79736328125,2.8063201904296875,1299.7550000000049,597.6653442382812,591.4423217773438,0.5839523673057556,0.4974002242088317,0.4274708032608032,0.4969206452369689,0.0,0.0
154,1680003146.2997153,155,2Item7,2023-03-28 17:02:26.299715,919.0,555.0,905.0,555.0,-1.0,-1.0,1308.0630000000235,597.6674194335938,591.422119140625,0.5838161706924438,0.4973939657211303,0.4274170994758606,0.496937483549118,0.0,0.0
155,1680003146.3080597,156,2Item7,2023-03-28 17:02:26.308060,931.0,556.0,913.0,557.0,-1.0,-1.0,1316.408999999985,597.7313232421875,591.5044555664064,0.5839877724647522,0.4974226355552673,0.4275088012218475,0.4969455897808075,0.0,0.0
156,1680003146.3162656,157,2Item7,2023-03-28 17:02:26.316266,931.0,556.0,-1.0,-1.0,2.9632720947265625,-1.0,1324.61599999998,597.8207397460938,-1.0,0.5839239954948425,0.4974434375762939,-1.0,-1.0,0.0,4.0
157,1680003146.3246138,158,2Item7,2023-03-28 17:02:26.324614,933.0,548.0,921.0,565.0,-1.0,-1.0,1332.9640000000363,597.7950439453125,591.5803833007812,0.5837870836257933,0.4974297285079956,0.4273996949195861,0.4969871640205383,0.0,0.0
158,1680003146.3329685,159,2Item7,2023-03-28 17:02:26.332968,923.0,542.0,932.0,551.0,-1.0,-1.0,1341.3190000000177,597.8204345703125,591.6709594726562,0.5839620232582092,0.4974496662616729,0.4274992644786834,0.4969693720340728,0.0,0.0
159,1680003146.3413656,160,2Item7,2023-03-28 17:02:26.341366,-1.0,-1.0,-1.0,-1.0,-1.0,-1.0,1349.7150000000256,-1.0,-1.0,-1.0,-1.0,-1.0,-1.0,4.0,4.0
160,1680003146.3496046,161,2Item7,2023-03-28 17:02:26.349605,916.0,547.0,934.0,534.0,-1.0,-1.0,1357.954000000027,597.8231201171875,591.7546997070312,0.5837864875793457,0.4974594116210937,0.4274069666862487,0.4970117211341857,0.0,0.0
161,1680003146.357968,162,2Item7,2023-03-28 17:02:26.357968,928.0,539.0,925.0,540.0,-1.0,-1.0,1366.3180000000284,597.80517578125,591.8432006835938,0.5839796662330627,0.4974666833877563,0.4275188446044921,0.4969884753227233,0.0,0.0
162,1680003146.366251,163,2Item7,2023-03-28 17:02:26.366251,-1.0,-1.0,926.0,543.0,-1.0,2.765243530273437,1374.6010000000242,-1.0,591.94580078125,-1.0,-1.0,0.427476555109024,0.4970101118087768,4.0,0.0
163,1680003146.3745854,164,2Item7,2023-03-28 17:02:26.374585,942.0,543.0,919.0,533.0,-1.0,-1.0,1382.935999999987,597.7022094726562,591.95166015625,0.58383309841156,0.4974889457225799,0.4274492263793945,0.4970217049121856,0.0,0.0
164,1680003146.3829577,165,2Item7,2023-03-28 17:02:26.382957,934.0,551.0,920.0,550.0,-1.0,-1.0,1391.3070000000298,597.5894775390625,592.0504150390625,0.5840314626693724,0.4975040853023529,0.4275707602500915,0.4969964921474456,0.0,0.0
165,1680003146.3912485,166,2Item7,2023-03-28 17:02:26.391248,-1.0,-1.0,930.0,518.0,-1.0,2.5644989013671875,1399.597999999998,-1.0,592.1543579101562,-1.0,-1.0,0.4275496006011962,0.4970378279685974,4.0,0.0
166,1680003146.3995872,167,2Item7,2023-03-28 17:02:26.399587,916.0,514.0,930.0,544.0,-1.0,-1.0,1407.9380000000235,597.3304443359375,592.1541137695312,0.5839382410049438,0.4975292384624481,0.427510529756546,0.4970318675041198,0.0,0.0
167,1680003146.4080572,168,2Item7,2023-03-28 17:02:26.408057,914.0,528.0,943.0,535.0,-1.0,-1.0,1416.4070000000063,597.1594848632812,592.2345581054688,0.5840637683868408,0.4974990785121917,0.4276562631130218,0.4970326423645019,0.0,0.0
168,1680003146.4162903,169,2Item7,2023-03-28 17:02:26.416290,914.0,528.0,936.0,539.0,3.3195953369140625,2.74639892578125,1424.6410000000033,597.0499267578125,592.3163452148438,0.584019124507904,0.4974817335605621,0.4276252388954162,0.497045874595642,0.0,0.0
169,1680003146.424604,170,2Item7,2023-03-28 17:02:26.424604,923.0,556.0,922.0,529.0,-1.0,-1.0,1432.954000000027,596.8119506835938,592.2852783203125,0.5840302109718322,0.4975671470165252,0.4275791049003601,0.4970353543758392,0.0,0.0
170,1680003146.4330049,171,2Item7,2023-03-28 17:02:26.433005,941.0,525.0,919.0,529.0,-1.0,-1.0,1441.3549999999814,596.6239624023438,592.3397216796875,0.5842174887657166,0.4975997805595397,0.4277324378490448,0.4970369040966033,0.0,0.0
171,1680003146.441311,172,2Item7,2023-03-28 17:02:26.441311,-1.0,-1.0,928.0,521.0,-1.0,2.67950439453125,1449.6620000000112,-1.0,592.3943481445312,-1.0,-1.0,0.4276749789714813,0.4970311522483825,4.0,0.0
172,1680003146.4496577,173,2Item7,2023-03-28 17:02:26.449658,923.0,519.0,933.0,531.0,-1.0,-1.0,1458.0040000000154,596.2788696289064,592.3397216796875,0.5840997099876403,0.4975736737251281,0.4276386499404907,0.4970327615737915,0.0,0.0
173,1680003146.457931,174,2Item7,2023-03-28 17:02:26.457931,925.0,546.0,946.0,526.0,-1.0,-1.0,1466.2820000000063,596.1035766601562,592.371337890625,0.5842141509056091,0.4974830448627471,0.4277747273445129,0.4969823062419891,0.0,0.0
174,1680003146.466352,175,2Item7,2023-03-28 17:02:26.466352,-1.0,-1.0,938.0,535.0,-1.0,2.75653076171875,1474.7019999999902,-1.0,592.4064331054688,-1.0,-1.0,0.4277328252792358,0.4969934821128845,4.0,0.0
175,1680003146.47507,176,2Item7,2023-03-28 17:02:26.475070,933.0,563.0,938.0,542.0,-1.0,-1.0,1483.4189999999944,595.7802124023438,592.3211059570312,0.5841411352157592,0.4975310862064361,0.4276880025863647,0.4969914853572845,0.0,0.0
176,1680003146.4830525,177,2Item7,2023-03-28 17:02:26.483052,929.0,537.0,932.0,543.0,-1.0,-1.0,1491.402000000002,595.649658203125,592.3177490234375,0.5842857360839843,0.4975047409534454,0.4278174638748168,0.4969442784786224,0.0,0.0
177,1680003146.491487,178,2Item7,2023-03-28 17:02:26.491487,930.0,569.0,-1.0,-1.0,2.777496337890625,-1.0,1499.8369999999995,595.7020874023438,-1.0,0.5841594338417053,0.4974337220191955,-1.0,-1.0,0.0,4.0
178,1680003146.4995704,179,2Item7,2023-03-28 17:02:26.499570,925.0,532.0,938.0,545.0,-1.0,-1.0,1507.9210000000312,595.6781616210938,592.233642578125,0.5841589570045471,0.4974718391895294,0.4277248978614807,0.4969522655010223,0.0,0.0
179,1680003146.507923,180,2Item7,2023-03-28 17:02:26.507923,912.0,541.0,952.0,544.0,-1.0,-1.0,1516.2700000000186,595.7453002929688,592.2186279296875,0.5842944979667662,0.4974686801433563,0.4278438985347747,0.4969211816787719,0.0,0.0
180,1680003146.516277,181,2Item7,2023-03-28 17:02:26.516277,-1.0,-1.0,957.0,535.0,-1.0,2.7186737060546875,1524.6259999999893,-1.0,592.2186889648438,-1.0,-1.0,0.4278098940849304,0.496953934431076,4.0,0.0
181,1680003146.5246477,182,2Item7,2023-03-28 17:02:26.524648,915.0,540.0,928.0,516.0,-1.0,-1.0,1532.9980000000214,595.8405151367188,592.1099243164064,0.5841859579086303,0.4974300861358642,0.42778080701828,0.4969039559364318,0.0,0.0
182,1680003146.53432,183,2Item7,2023-03-28 17:02:26.534320,922.0,533.0,946.0,520.0,-1.0,-1.0,1542.6680000000051,595.8999633789064,592.0899047851562,0.5843585729598999,0.4975650012493133,0.4279154539108276,0.496964156627655,0.0,0.0
183,1680003146.541267,184,2Item7,2023-03-28 17:02:26.541267,-1.0,-1.0,938.0,530.0,-1.0,2.776153564453125,1549.6170000000277,-1.0,592.090087890625,-1.0,-1.0,0.427881121635437,0.4968621134757995,4.0,0.0
184,1680003146.5495696,185,2Item7,2023-03-28 17:02:26.549570,927.0,524.0,942.0,535.0,-1.0,-1.0,1557.9199999999837,595.9832763671875,591.9910278320312,0.5842622518539428,0.4975878596305847,0.427869439125061,0.4970422089099884,0.0,0.0
185,1680003146.557907,186,2Item7,2023-03-28 17:02:26.557907,929.0,542.0,925.0,546.0,-1.0,-1.0,1566.2569999999832,596.0599365234375,591.9906005859375,0.5844271779060363,0.4974341094493866,0.4279934167861938,0.4968335330486297,0.0,0.0
186,1680003146.566269,187,2Item7,2023-03-28 17:02:26.566269,929.0,542.0,-1.0,-1.0,3.084442138671875,-1.0,1574.619000000006,596.1612548828125,-1.0,0.5843573808670043,0.497505247592926,-1.0,-1.0,0.0,4.0
187,1680003146.5745752,188,2Item7,2023-03-28 17:02:26.574575,927.0,550.0,921.0,556.0,-1.0,-1.0,1582.9239999999993,596.1488647460938,591.935302734375,0.5843428969383239,0.4974856078624725,0.427951842546463,0.4969169497489929,0.0,0.0
188,1680003146.5829372,189,2Item7,2023-03-28 17:02:26.582937,926.0,539.0,932.0,516.0,-1.0,-1.0,1591.2870000000112,596.1949462890625,591.9686889648438,0.5844607353210449,0.4974851608276367,0.4281044602394104,0.4969533681869506,0.0,0.0
189,1680003146.5913477,190,2Item7,2023-03-28 17:02:26.591347,-1.0,-1.0,935.0,512.0,-1.0,2.7796173095703125,1599.6969999999856,-1.0,592.0215454101562,-1.0,-1.0,0.428078681230545,0.49693363904953,4.0,0.0
190,1680003146.5997045,191,2Item7,2023-03-28 17:02:26.599704,920.0,541.0,937.0,522.0,-1.0,-1.0,1608.0540000000035,596.2181396484375,591.9803466796875,0.5844550728797911,0.4975199997425079,0.4280496835708618,0.4969237446784973,0.0,0.0
191,1680003146.607919,192,2Item7,2023-03-28 17:02:26.607919,925.0,535.0,906.0,534.0,-1.0,-1.0,1616.269000000029,596.1555786132812,592.03857421875,0.5846199393272399,0.4975634515285491,0.4282096922397613,0.4969414770603179,0.0,0.0
192,1680003146.6162672,193,2Item7,2023-03-28 17:02:26.616267,-1.0,-1.0,909.0,531.0,-1.0,2.7938995361328125,1624.6170000000277,-1.0,592.1058959960938,-1.0,-1.0,0.4281888604164123,0.4969121217727661,4.0,0.0
193,1680003146.624566,194,2Item7,2023-03-28 17:02:26.624566,926.0,535.0,929.0,529.0,-1.0,-1.0,1632.9160000000263,596.0181884765625,592.0758666992188,0.58456951379776,0.4974651634693145,0.4282031953334808,0.4968097507953643,0.0,0.0
194,1680003146.6329887,195,2Item7,2023-03-28 17:02:26.632989,921.0,538.0,927.0,531.0,-1.0,-1.0,1641.3369999999995,595.9624633789064,592.1387939453125,0.5847411155700682,0.4975621402263641,0.4283524453639984,0.4969728291034698,0.0,0.0
195,1680003146.6412325,196,2Item7,2023-03-28 17:02:26.641232,922.0,537.0,921.0,537.0,3.2095489501953125,2.7898712158203125,1649.5819999999949,595.9271850585938,592.21044921875,0.5847475528717041,0.4974763691425323,0.4283139407634735,0.4968781769275665,0.0,0.0
196,1680003146.6497097,197,2Item7,2023-03-28 17:02:26.649709,939.0,533.0,922.0,539.0,-1.0,-1.0,1658.0599999999977,595.7994384765625,592.1790161132812,0.5847639441490173,0.4976087510585784,0.4283296167850494,0.4969485402107238,0.0,0.0
197,1680003146.6578927,198,2Item7,2023-03-28 17:02:26.657893,932.0,553.0,920.0,542.0,-1.0,-1.0,1666.2420000000277,595.75244140625,592.2343139648438,0.5848951935768127,0.4974676072597503,0.42847341299057,0.4968608319759368,0.0,0.0
198,1680003146.6662822,199,2Item7,2023-03-28 17:02:26.666282,932.0,554.0,920.0,551.0,2.3221588134765625,2.8302459716796875,1674.630999999994,595.8001098632812,592.29052734375,0.5848390460014343,0.4975041151046752,0.4284480810165405,0.4968997836112976,0.0,0.0
199,1680003146.675276,200,2Item7,2023-03-28 17:02:26.675276,918.0,553.0,918.0,548.0,-1.0,-1.0,1683.6259999999893,595.7839965820312,592.2328491210938,0.5848455429077148,0.4976566433906555,0.4284053146839141,0.4969754815101623,0.0,0.0
200,1680003146.682901,201,2Item7,2023-03-28 17:02:26.682901,921.0,537.0,939.0,528.0,-1.0,-1.0,1691.2490000000107,595.8753051757812,592.2625122070312,0.584965705871582,0.4976778030395507,0.4284850358963012,0.4969575107097625,0.0,0.0
201,1680003146.6912382,202,2Item7,2023-03-28 17:02:26.691238,921.0,537.0,936.0,533.0,3.0450439453125,2.762054443359375,1699.5890000000363,596.026123046875,592.2901611328125,0.5848617553710938,0.4976277649402618,0.4284098148345947,0.496956318616867,0.0,0.0
202,1680003146.6995864,203,2Item7,2023-03-28 17:02:26.699586,943.0,550.0,934.0,524.0,-1.0,-1.0,1707.9349999999977,596.0946655273438,592.218017578125,0.5847798585891723,0.4975769519805908,0.4283617138862609,0.4968706965446472,0.0,0.0
203,1680003146.7083125,204,2Item7,2023-03-28 17:02:26.708312,940.0,567.0,926.0,543.0,-1.0,-1.0,1716.3580000000077,596.2453002929688,592.2462768554688,0.5849255919456481,0.497572511434555,0.428485482931137,0.4968714714050293,0.0,0.0
204,1680003146.7162693,205,2Item7,2023-03-28 17:02:26.716269,940.0,566.0,922.0,539.0,2.67059326171875,2.8333282470703125,1724.619000000006,596.400146484375,592.2998657226562,0.5849021077156066,0.497612178325653,0.4284864068031311,0.4969291687011718,0.0,0.0
205,1680003146.724666,206,2Item7,2023-03-28 17:02:26.724666,919.0,545.0,927.0,544.0,-1.0,-1.0,1733.015000000014,596.4619750976562,592.2521362304688,0.584868311882019,0.4975339174270629,0.4284729361534118,0.4968564212322235,0.0,0.0
206,1680003146.7328992,207,2Item7,2023-03-28 17:02:26.732899,919.0,545.0,933.0,546.0,-1.0,-1.0,1741.2490000000107,596.6057739257812,592.301513671875,0.5850099325180053,0.4974854588508606,0.4286336302757263,0.4967833161354064,0.0,0.0
207,1680003146.7412543,208,2Item7,2023-03-28 17:02:26.741254,-1.0,-1.0,-1.0,-1.0,-1.0,-1.0,1749.6049999999814,-1.0,-1.0,-1.0,-1.0,-1.0,-1.0,4.0,4.0
208,1680003146.7495646,209,2Item7,2023-03-28 17:02:26.749565,911.0,538.0,938.0,557.0,-1.0,-1.0,1757.9120000000112,596.8056640625,592.313232421875,0.5848944187164306,0.4975116550922393,0.4285694360733032,0.496783971786499,0.0,0.0
209,1680003146.757893,210,2Item7,2023-03-28 17:02:26.757893,928.0,566.0,940.0,553.0,-1.0,-1.0,1766.2430000000168,596.9249267578125,592.3582153320312,0.5850141048431396,0.4974935352802276,0.4286384284496307,0.4967657923698425,0.0,0.0
210,1680003146.766255,211,2Item7,2023-03-28 17:02:26.766255,-1.0,-1.0,950.0,532.0,-1.0,2.7086944580078125,1774.6049999999814,-1.0,592.428955078125,-1.0,-1.0,0.4285950064659118,0.4968365430831909,4.0,0.0
211,1680003146.7745943,212,2Item7,2023-03-28 17:02:26.774595,896.0,543.0,940.0,530.0,-1.0,-1.0,1782.9249999999884,597.0578002929688,592.39990234375,0.5849165916442871,0.4975831508636474,0.4285653531551361,0.4968378245830535,0.0,0.0
212,1680003146.7830777,213,2Item7,2023-03-28 17:02:26.783077,920.0,525.0,929.0,542.0,-1.0,-1.0,1791.4280000000144,597.1199951171875,592.47021484375,0.5851334333419799,0.4976462125778198,0.4287159442901611,0.4969080090522766,0.0,0.0
213,1680003146.7912688,214,2Item7,2023-03-28 17:02:26.791269,920.0,525.0,923.0,541.0,2.865478515625,2.771591186523437,1799.6180000000168,597.192626953125,592.5731201171875,0.5851081609725952,0.4976875782012939,0.4287006258964538,0.496967613697052,0.0,0.0
214,1680003146.799651,215,2Item7,2023-03-28 17:02:26.799651,954.0,557.0,920.0,539.0,-1.0,-1.0,1808.0009999999893,597.1497802734375,592.5750122070312,0.5850500464439392,0.4977226257324218,0.4286659657955169,0.496995210647583,0.0,0.0
215,1680003146.8078847,216,2Item7,2023-03-28 17:02:26.807885,949.0,565.0,926.0,527.0,-1.0,-1.0,1816.233000000008,597.1494750976562,592.6512451171875,0.5852301120758056,0.4977076053619384,0.4288268685340881,0.4969355762004852,0.0,0.0
216,1680003146.8162346,217,2Item7,2023-03-28 17:02:26.816235,947.0,563.0,940.0,510.0,2.736358642578125,2.6920166015625,1824.584000000032,597.1641235351562,592.7443237304688,0.5851915478706359,0.4977081716060638,0.4287771880626678,0.4969640970230102,0.0,0.0
217,1680003146.8245907,218,2Item7,2023-03-28 17:02:26.824591,937.0,543.0,940.0,504.0,-1.0,-1.0,1832.940999999992,597.0752563476562,592.7127075195312,0.5851314663887023,0.497693121433258,0.4287193715572357,0.4969224035739898,0.0,0.0
218,1680003146.8328786,219,2Item7,2023-03-28 17:02:26.832879,936.0,566.0,937.0,500.0,-1.0,-1.0,1841.228999999992,597.0325317382812,592.7522583007812,0.5853210687637329,0.4976496994495391,0.4288687705993652,0.4968403577804565,0.0,0.0
219,1680003146.8412533,220,2Item7,2023-03-28 17:02:26.841253,932.0,563.0,930.0,512.0,3.5159912109375,2.7699737548828125,1849.603999999992,596.9967041015625,592.775634765625,0.585240364074707,0.497614562511444,0.4288485944271087,0.4968669414520263,0.0,0.0
220,1680003146.8496196,221,2Item7,2023-03-28 17:02:26.849620,929.0,561.0,932.0,516.0,-1.0,-1.0,1857.9700000000305,596.8385009765625,592.6777954101562,0.5852432250976562,0.4975977540016174,0.4288381934165954,0.4968284368515014,0.0,0.0
221,1680003146.8579082,222,2Item7,2023-03-28 17:02:26.857908,935.0,538.0,932.0,516.0,-1.0,-1.0,1866.2580000000307,596.7310791015625,592.659423828125,0.5854713916778564,0.4976358115673065,0.429003357887268,0.4967952072620391,0.0,0.0
222,1680003146.866235,223,2Item7,2023-03-28 17:02:26.866235,935.0,538.0,-1.0,-1.0,2.867706298828125,-1.0,1874.5860000000105,596.6488037109375,-1.0,0.585458755493164,0.4976029098033905,-1.0,-1.0,0.0,4.0
223,1680003146.8746266,224,2Item7,2023-03-28 17:02:26.874627,924.0,523.0,934.0,517.0,-1.0,-1.0,1882.976000000024,596.4501953125,592.5528564453125,0.5853831768035888,0.4976648986339569,0.4289507269859314,0.4968665838241577,0.0,0.0
224,1680003146.8830328,225,2Item7,2023-03-28 17:02:26.883033,915.0,546.0,936.0,521.0,-1.0,-1.0,1891.3830000000307,596.3191528320312,592.5201416015625,0.5854959487915039,0.4976022541522979,0.4290675818920135,0.4968066811561584,0.0,0.0
225,1680003146.891206,226,2Item7,2023-03-28 17:02:26.891206,905.0,532.0,928.0,537.0,2.482696533203125,2.8273468017578125,1899.5559999999823,596.22509765625,592.47802734375,0.5855043530464172,0.4976680278778076,0.4290029406547546,0.4968612790107727,0.0,0.0
226,1680003146.8995457,227,2Item7,2023-03-28 17:02:26.899546,908.0,545.0,922.0,531.0,-1.0,-1.0,1907.8950000000184,596.042724609375,592.324462890625,0.5854278802871704,0.4977280497550964,0.4289707541465759,0.496913194656372,0.0,0.0
227,1680003146.90788,228,2Item7,2023-03-28 17:02:26.907880,916.0,544.0,904.0,567.0,-1.0,-1.0,1916.2299999999807,595.9405517578125,592.27294921875,0.5856065154075621,0.4977349638938903,0.4291039705276489,0.4968429505825042,0.0,0.0
228,1680003146.9162102,229,2Item7,2023-03-28 17:02:26.916210,916.0,544.0,913.0,516.0,2.809677124023437,2.6409454345703125,1924.5599999999977,595.8849487304688,592.2191772460938,0.5855729579925537,0.4977536797523498,0.4290612637996673,0.4969130754470825,0.0,0.0
229,1680003146.924536,230,2Item7,2023-03-28 17:02:26.924536,921.0,544.0,925.0,532.0,-1.0,-1.0,1932.886999999988,595.7386474609375,592.0750122070312,0.5855202078819274,0.4977536797523498,0.4290469884872436,0.4968994855880737,0.0,0.0
230,1680003146.9328623,231,2Item7,2023-03-28 17:02:26.932862,924.0,537.0,935.0,526.0,-1.0,-1.0,1941.2110000000105,595.6737670898438,592.0408935546875,0.5856989026069641,0.4977966547012329,0.4291756749153137,0.4968950748443603,0.0,0.0
231,1680003146.9413104,232,2Item7,2023-03-28 17:02:26.941310,-1.0,-1.0,-1.0,-1.0,-1.0,-1.0,1949.6589999999849,-1.0,-1.0,-1.0,-1.0,-1.0,-1.0,4.0,4.0
232,1680003146.9497564,233,2Item7,2023-03-28 17:02:26.949756,930.0,543.0,930.0,522.0,-1.0,-1.0,1958.1070000000184,595.5956420898438,591.979736328125,0.585605502128601,0.497774064540863,0.4291168451309204,0.496921956539154,0.0,0.0
233,1680003146.9578888,234,2Item7,2023-03-28 17:02:26.957889,932.0,553.0,909.0,529.0,-1.0,-1.0,1966.2390000000007,595.54296875,591.9926147460938,0.5857620239257812,0.4977396726608276,0.4292431473731994,0.4968425631523132,0.0,0.0
234,1680003146.9662187,235,2Item7,2023-03-28 17:02:26.966219,933.0,553.0,896.0,559.0,2.8319549560546875,2.816009521484375,1974.5690000000177,595.5272216796875,592.0171508789064,0.5857213139533995,0.497770756483078,0.429220825433731,0.4968991577625274,0.0,0.0
235,1680003146.9745934,236,2Item7,2023-03-28 17:02:26.974593,932.0,547.0,895.0,556.0,-1.0,-1.0,1982.941999999981,595.423583984375,591.9526977539064,0.5856543779373168,0.4977601170539856,0.4291755259037017,0.496886670589447,0.0,0.0
236,1680003146.98293,237,2Item7,2023-03-28 17:02:26.982930,927.0,544.0,925.0,541.0,-1.0,-1.0,1991.2789999999804,595.39990234375,591.99365234375,0.5857471823692321,0.4977039098739624,0.4293121695518493,0.4968872368335723,0.0,0.0
237,1680003146.991752,238,2Item7,2023-03-28 17:02:26.991752,927.0,544.0,933.0,525.0,2.8197784423828125,2.715072631835937,2000.1020000000133,595.426513671875,592.0527954101562,0.5857978463172911,0.4978109896183013,0.4292866587638855,0.4969198703765869,0.0,0.0
238,1680003146.9995334,239,2Item7,2023-03-28 17:02:26.999533,919.0,542.0,934.0,535.0,-1.0,-1.0,2007.8830000000307,595.3554077148438,592.0176391601562,0.5857267975807189,0.4978164434432983,0.4292647540569305,0.496926873922348,0.0,0.0
239,1680003147.0079455,240,2Item7,2023-03-28 17:02:27.007946,931.0,555.0,922.0,543.0,-1.0,-1.0,2016.2960000000312,595.3540649414064,592.0748291015625,0.5859022140502929,0.4978314042091369,0.4294074773788452,0.4969174563884735,0.0,0.0
240,1680003147.0162072,241,2Item7,2023-03-28 17:02:27.016207,927.0,555.0,-1.0,-1.0,2.7768707275390625,-1.0,2024.558000000019,595.4210205078125,-1.0,0.5858866572380065,0.4979078769683837,-1.0,-1.0,0.0,4.0
241,1680003147.024552,242,2Item7,2023-03-28 17:02:27.024552,926.0,550.0,933.0,548.0,-1.0,-1.0,2032.9020000000016,595.3817749023438,592.1054077148438,0.5858302116394043,0.4979027509689331,0.4293553233146667,0.4969782531261444,0.0,0.0
242,1680003147.032902,243,2Item7,2023-03-28 17:02:27.032902,926.0,534.0,950.0,542.0,-1.0,-1.0,2041.253000000026,595.4078979492188,592.1643676757812,0.5859856605529785,0.497948795557022,0.4294933080673217,0.4969864189624786,0.0,0.0
243,1680003147.0412896,244,2Item7,2023-03-28 17:02:27.041290,926.0,534.0,949.0,537.0,3.0404205322265625,2.7542724609375,2049.640000000014,595.4678344726562,592.2356567382812,0.5859315395355223,0.4979630410671234,0.4294570684432983,0.4970226883888244,0.0,0.0
244,1680003147.0495558,245,2Item7,2023-03-28 17:02:27.049556,933.0,525.0,942.0,529.0,-1.0,-1.0,2057.906000000017,595.4334106445312,592.1975708007812,0.5858717560768127,0.4980069994926452,0.4293943345546722,0.4970369040966033,0.0,0.0
245,1680003147.0578911,246,2Item7,2023-03-28 17:02:27.057891,923.0,531.0,931.0,532.0,-1.0,-1.0,2066.24099999998,595.4711303710938,592.2435302734375,0.585991621017456,0.4980041980743408,0.4295373857021331,0.4970351755619049,0.0,0.0
246,1680003147.066338,247,2Item7,2023-03-28 17:02:27.066338,923.0,531.0,931.0,531.0,2.800445556640625,2.7597198486328125,2074.683000000019,595.5311279296875,592.3015747070312,0.5859670639038085,0.4980535805225372,0.4294939637184143,0.497094988822937,0.0,0.0
247,1680003147.075178,248,2Item7,2023-03-28 17:02:27.075178,926.0,545.0,925.0,525.0,-1.0,-1.0,2083.5260000000126,595.4943237304688,592.24365234375,0.585927128791809,0.4980427920818328,0.4294469356536865,0.4970610439777374,0.0,0.0
248,1680003147.0828657,249,2Item7,2023-03-28 17:02:27.082865,926.0,541.0,929.0,531.0,-1.0,-1.0,2091.2140000000363,595.5225830078125,592.269775390625,0.5860901474952697,0.4980709254741668,0.4296280741691589,0.497018814086914,0.0,0.0
249,1680003147.091194,250,2Item7,2023-03-28 17:02:27.091194,926.0,541.0,926.0,531.0,2.94085693359375,2.775177001953125,2099.5439999999944,595.5978393554688,592.2993774414064,0.586039125919342,0.4980209171772003,0.4295572340488433,0.4970474541187286,0.0,0.0
250,1680003147.0995767,251,2Item7,2023-03-28 17:02:27.099577,919.0,538.0,921.0,527.0,-1.0,-1.0,2107.9249999999884,595.5687255859375,592.2052612304688,0.585972785949707,0.4979907870292663,0.4295261204242706,0.497002363204956,0.0,0.0
251,1680003147.1078708,252,2Item7,2023-03-28 17:02:27.107871,919.0,547.0,921.0,527.0,-1.0,-1.0,2116.2200000000303,595.5859985351562,592.1868286132812,0.5860792398452758,0.4979394078254699,0.4296444952487945,0.4968926012516021,0.0,0.0
252,1680003147.1162486,253,2Item7,2023-03-28 17:02:27.116249,-1.0,-1.0,928.0,533.0,-1.0,2.7509002685546875,2124.5989999999874,-1.0,592.162841796875,-1.0,-1.0,0.4295716881752014,0.4969485402107238,4.0,0.0
253,1680003147.124524,254,2Item7,2023-03-28 17:02:27.124524,922.0,547.0,926.0,502.0,-1.0,-1.0,2132.8730000000214,595.5831909179688,592.0269775390625,0.585950195789337,0.4979088306427002,0.4295179843902587,0.4969371259212493,0.0,0.0
254,1680003147.13285,255,2Item7,2023-03-28 17:02:27.132850,944.0,528.0,929.0,513.0,-1.0,-1.0,2141.201000000001,595.60400390625,591.9740600585938,0.5860592126846313,0.4979115724563598,0.4296400845050811,0.4969368577003479,0.0,0.0
255,1680003147.1411872,256,2Item7,2023-03-28 17:02:27.141187,944.0,528.0,919.0,525.0,2.8727264404296875,2.82049560546875,2149.537000000011,595.6566162109375,591.916259765625,0.5859768986701965,0.4979256093502044,0.4295907914638519,0.4970095455646514,0.0,0.0
256,1680003147.1495206,257,2Item7,2023-03-28 17:02:27.149521,949.0,531.0,918.0,532.0,-1.0,-1.0,2157.869999999996,595.6179809570312,591.7575073242188,0.5859689116477966,0.4980371594429016,0.4295622110366821,0.4970557689666748,0.0,0.0
257,1680003147.1579113,258,2Item7,2023-03-28 17:02:27.157911,934.0,548.0,926.0,533.0,-1.0,-1.0,2166.2609999999986,595.6620483398438,591.6947631835938,0.5860730409622192,0.4980429112911224,0.4296859800815582,0.4970213174819946,0.0,0.0
258,1680003147.1676278,259,2Item7,2023-03-28 17:02:27.167628,929.0,550.0,934.0,528.0,2.69677734375,2.7942047119140625,2175.975000000035,595.7319946289064,591.6412353515625,0.5860066413879395,0.4980745911598205,0.4295851290225982,0.4971200823783874,0.0,0.0
259,1680003147.1754725,260,2Item7,2023-03-28 17:02:27.175472,917.0,553.0,933.0,530.0,-1.0,-1.0,2183.8219999999856,595.7141723632812,591.4956665039064,0.5859145522117614,0.4980851113796234,0.4295247197151184,0.4971269965171814,0.0,0.0
260,1680003147.182887,261,2Item7,2023-03-28 17:02:27.182887,927.0,535.0,930.0,532.0,-1.0,-1.0,2191.237000000023,595.7767944335938,591.4535522460938,0.5859978199005127,0.4980736672878265,0.4296271204948425,0.4971078634262085,0.0,0.0
261,1680003147.1912282,262,2Item7,2023-03-28 17:02:27.191228,931.0,534.0,926.0,543.0,2.7390289306640625,2.849945068359375,2199.576000000001,595.8553466796875,591.4328002929688,0.5859368443489074,0.498041957616806,0.4295573830604553,0.4970990121364593,0.0,0.0
262,1680003147.1995914,263,2Item7,2023-03-28 17:02:27.199591,933.0,547.0,923.0,540.0,-1.0,-1.0,2207.941999999981,595.8490600585938,591.3244018554688,0.585889458656311,0.4980532228946685,0.4295161664485931,0.4971048831939697,0.0,0.0
263,1680003147.2078865,264,2Item7,2023-03-28 17:02:27.207886,941.0,545.0,930.0,525.0,-1.0,-1.0,2216.234999999986,595.9303588867188,591.325439453125,0.5859958529472351,0.4979930818080902,0.4296399056911468,0.497044563293457,0.0,0.0
264,1680003147.216192,265,2Item7,2023-03-28 17:02:27.216192,941.0,545.0,933.0,513.0,2.673187255859375,2.75390625,2224.5430000000047,596.0481567382812,591.348388671875,0.5859459638595581,0.4979993999004364,0.4295721650123596,0.4970701336860656,0.0,0.0
265,1680003147.2245178,266,2Item7,2023-03-28 17:02:27.224518,938.0,539.0,917.0,525.0,-1.0,-1.0,2232.8680000000168,596.0811157226562,591.2754516601562,0.58585786819458,0.4979621171951293,0.42951500415802,0.4970325231552124,0.0,0.0
266,1680003147.232862,267,2Item7,2023-03-28 17:02:27.232862,935.0,543.0,924.0,535.0,-1.0,-1.0,2241.2119999999995,596.1972045898438,591.3049926757812,0.5859512090682983,0.4979166686534881,0.4295896887779235,0.4968919456005096,0.0,0.0
267,1680003147.2412915,268,2Item7,2023-03-28 17:02:27.241292,-1.0,-1.0,926.0,540.0,-1.0,2.7695465087890625,2249.6419999999925,-1.0,591.3397216796875,-1.0,-1.0,0.4295109808444976,0.4969602227210998,4.0,0.0
268,1680003147.2495277,269,2Item7,2023-03-28 17:02:27.249527,933.0,549.0,932.0,552.0,-1.0,-1.0,2257.8759999999893,596.3577270507812,591.2747802734375,0.5857648849487304,0.4978144764900207,0.429470270872116,0.4968871176242828,0.0,0.0
269,1680003147.257867,270,2Item7,2023-03-28 17:02:27.257867,939.0,540.0,927.0,553.0,-1.0,-1.0,2266.217000000004,596.460693359375,591.3075561523438,0.5859032273292542,0.4977855682373046,0.4295547604560852,0.4968457520008087,0.0,0.0
270,1680003147.266178,271,2Item7,2023-03-28 17:02:27.266178,944.0,550.0,923.0,543.0,2.714691162109375,2.75433349609375,2274.527999999991,596.6046752929688,591.3513793945312,0.5858494043350219,0.4977671802043914,0.4295065402984619,0.496862918138504,0.0,0.0
271,1680003147.2745466,272,2Item7,2023-03-28 17:02:27.274547,938.0,549.0,919.0,541.0,-1.0,-1.0,2282.896000000008,596.6405639648438,591.295166015625,0.5857685804367065,0.4977476894855499,0.429470419883728,0.4968394637107849,0.0,0.0
272,1680003147.2828417,273,2Item7,2023-03-28 17:02:27.282842,940.0,550.0,920.0,535.0,-1.0,-1.0,2291.191999999981,596.7280883789064,591.342041015625,0.5859157443046569,0.4977298378944397,0.42957404255867,0.4968109130859375,0.0,0.0
273,1680003147.2911816,274,2Item7,2023-03-28 17:02:27.291182,934.0,544.0,924.0,526.0,2.6327667236328125,2.7655181884765625,2299.531000000017,596.84619140625,591.4181518554688,0.5858380198478698,0.4977165162563324,0.429510623216629,0.496794044971466,0.0,0.0
274,1680003147.299562,275,2Item7,2023-03-28 17:02:27.299562,931.0,528.0,917.0,530.0,-1.0,-1.0,2307.9130000000005,596.84619140625,591.4006958007812,0.5857364535331726,0.4977296292781829,0.4294393956661224,0.4968185424804687,0.0,0.0
275,1680003147.307871,276,2Item7,2023-03-28 17:02:27.307871,909.0,551.0,915.0,530.0,-1.0,-1.0,2316.2200000000303,596.8923950195312,591.480712890625,0.5858622193336486,0.4977040290832519,0.4295073449611663,0.4967869520187377,0.0,0.0
276,1680003147.3162372,277,2Item7,2023-03-28 17:02:27.316237,920.0,541.0,907.0,544.0,2.7324981689453125,2.849334716796875,2324.579000000027,596.9549560546875,591.583984375,0.585797607898712,0.497697114944458,0.4294599294662475,0.4968056976795196,0.0,0.0
277,1680003147.3245473,278,2Item7,2023-03-28 17:02:27.324547,927.0,551.0,911.0,537.0,-1.0,-1.0,2332.8979999999865,596.8869018554688,591.5933227539064,0.5857046842575073,0.4977169930934906,0.4294096529483795,0.4968195855617523,0.0,0.0
278,1680003147.3329067,279,2Item7,2023-03-28 17:02:27.332907,936.0,537.0,913.0,540.0,-1.0,-1.0,2341.2569999999832,596.8626708984375,591.7063598632812,0.5858782529830932,0.497704267501831,0.4294910430908203,0.4968075454235076,0.0,0.0
279,1680003147.341214,280,2Item7,2023-03-28 17:02:27.341214,938.0,530.0,920.0,548.0,3.0647125244140625,2.790512084960937,2349.5650000000023,596.8515014648438,591.8361206054688,0.5858234167098999,0.4976955354213714,0.429441899061203,0.4968096613883972,0.0,0.0
280,1680003147.349502,281,2Item7,2023-03-28 17:02:27.349502,950.0,530.0,915.0,532.0,-1.0,-1.0,2357.853000000003,596.7228393554688,591.8650512695312,0.5857245922088623,0.4977059960365295,0.4293882250785827,0.4968019425868988,0.0,0.0
281,1680003147.3578436,282,2Item7,2023-03-28 17:02:27.357844,944.0,541.0,925.0,522.0,-1.0,-1.0,2366.1930000000284,596.6450805664064,591.9908447265625,0.5858240723609924,0.4976010918617248,0.4294663369655609,0.4967744648456573,0.0,0.0
282,1680003147.3662033,283,2Item7,2023-03-28 17:02:27.366203,941.0,541.0,939.0,520.0,2.909088134765625,2.7296905517578125,2374.554000000004,596.5900268554688,592.13818359375,0.5858234167098999,0.4976425468921661,0.4293975234031677,0.4967606365680694,0.0,0.0
283,1680003147.374531,284,2Item7,2023-03-28 17:02:27.374531,936.0,549.0,939.0,512.0,-1.0,-1.0,2382.8769999999786,596.4371337890625,592.1848754882812,0.585731565952301,0.4976631104946136,0.4293330609798431,0.4967615604400634,0.0,0.0
284,1680003147.3828676,285,2Item7,2023-03-28 17:02:27.382868,933.0,554.0,944.0,514.0,-1.0,-1.0,2391.217999999993,596.35546875,592.3175659179688,0.5858913660049438,0.4976288378238678,0.4294241368770599,0.4967261850833892,0.0,0.0
285,1680003147.3911798,286,2Item7,2023-03-28 17:02:27.391180,933.0,554.0,941.0,503.0,3.08758544921875,2.69091796875,2399.530000000028,596.301513671875,592.4592895507812,0.5858353972434996,0.4976376593112945,0.4293785691261291,0.4967459142208099,0.0,0.0
286,1680003147.3995166,287,2Item7,2023-03-28 17:02:27.399517,-1.0,-1.0,951.0,516.0,-1.0,-1.0,2407.8649999999907,-1.0,592.494140625,-1.0,-1.0,0.429315447807312,0.4967293143272399,4.0,0.0
287,1680003147.4079232,288,2Item7,2023-03-28 17:02:27.407923,930.0,549.0,948.0,507.0,-1.0,-1.0,2416.274000000034,596.1080322265625,592.6159057617188,0.5858553051948547,0.497577279806137,0.4294303953647613,0.4967187345027923,0.0,0.0
288,1680003147.4161649,289,2Item7,2023-03-28 17:02:27.416165,930.0,549.0,939.0,524.0,2.83306884765625,2.795257568359375,2424.515000000014,596.0844116210938,592.7437744140625,0.585880696773529,0.4976158142089843,0.4293912649154663,0.4967118501663208,0.0,0.0
289,1680003147.424542,290,2Item7,2023-03-28 17:02:27.424542,922.0,546.0,930.0,499.0,-1.0,-1.0,2432.8929999999814,595.9744873046875,592.76025390625,0.5858204960823059,0.4976395964622497,0.4293250143527984,0.4967197775840759,0.0,0.0
290,1680003147.4329472,291,2Item7,2023-03-28 17:02:27.432947,928.0,552.0,917.0,511.0,-1.0,-1.0,2441.296000000031,595.9472045898438,592.857421875,0.5858910679817199,0.4975371062755584,0.4294340014457702,0.4966770410537719,0.0,0.0
291,1680003147.4419134,292,2Item7,2023-03-28 17:02:27.441913,928.0,552.0,-1.0,-1.0,2.698272705078125,-1.0,2450.261999999988,595.9763793945312,-1.0,0.5858480334281921,0.4975340664386749,-1.0,-1.0,0.0,4.0
292,1680003147.4495504,293,2Item7,2023-03-28 17:02:27.449550,932.0,555.0,915.0,517.0,-1.0,-1.0,2457.9010000000126,595.9395751953125,592.9363403320312,0.5858027338981628,0.4976049959659576,0.4292832314968109,0.496691882610321,0.0,0.0
293,1680003147.4578395,294,2Item7,2023-03-28 17:02:27.457839,928.0,556.0,915.0,516.0,-1.0,-1.0,2466.189000000013,596.0106811523438,592.9996337890625,0.5858674645423889,0.497504711151123,0.4293916523456573,0.4966436326503753,0.0,0.0
294,1680003147.4661903,295,2Item7,2023-03-28 17:02:27.466190,929.0,552.0,921.0,499.0,3.0635528564453125,2.75,2474.5380000000005,596.13330078125,593.0692138671875,0.5858771800994873,0.4975998103618621,0.4293358027935028,0.4966922998428344,0.0,0.0
295,1680003147.4745004,296,2Item7,2023-03-28 17:02:27.474500,908.0,538.0,928.0,508.0,-1.0,-1.0,2482.850000000035,596.216796875,593.0204467773438,0.5857847929000854,0.4975950419902801,0.4292593002319335,0.4966903924942016,0.0,0.0
296,1680003147.4829836,297,2Item7,2023-03-28 17:02:27.482984,900.0,547.0,944.0,505.0,-1.0,-1.0,2491.3300000000163,596.4180297851562,593.0479125976562,0.585858643054962,0.4975131154060363,0.4293575882911682,0.4966198801994323,0.0,0.0
297,1680003147.4912522,298,2Item7,2023-03-28 17:02:27.491252,900.0,547.0,931.0,523.0,3.021331787109375,2.838897705078125,2499.602000000013,596.6704711914064,593.0787963867188,0.5858423709869384,0.4975843131542205,0.4292931854724884,0.4966852366924285,0.0,0.0
298,1680003147.499513,299,2Item7,2023-03-28 17:02:27.499513,918.0,561.0,937.0,535.0,-1.0,-1.0,2507.862000000023,596.8514404296875,592.9955444335938,0.585703134536743,0.4975497722625732,0.4292067885398864,0.4966604709625244,0.0,0.0
299,1680003147.5078833,300,2Item7,2023-03-28 17:02:27.507883,921.0,559.0,940.0,529.0,-1.0,-1.0,2516.2330000000075,597.1239013671875,592.9977416992188,0.585784912109375,0.4974927306175231,0.4293105900287628,0.4966335892677307,0.0,0.0
300,1680003147.5162466,301,2Item7,2023-03-28 17:02:27.516247,921.0,559.0,932.0,530.0,2.70989990234375,2.804718017578125,2524.597000000009,597.4441528320312,593.0054321289064,0.5857011675834655,0.4974555075168609,0.4292123913764953,0.4966280758380889,0.0,0.0
301,1680003147.524501,302,2Item7,2023-03-28 17:02:27.524501,912.0,557.0,913.0,531.0,-1.0,-1.0,2532.851000000024,597.6666259765625,592.9059448242188,0.5855869650840759,0.497525155544281,0.4291446805000305,0.4966421127319335,0.0,0.0
302,1680003147.532866,303,2Item7,2023-03-28 17:02:27.532866,913.0,544.0,913.0,531.0,-1.0,-1.0,2541.217000000004,597.9482421875,592.8978271484375,0.5856992602348327,0.4974845945835113,0.4292705655097961,0.4966273605823516,0.0,0.0
303,1680003147.5412047,304,2Item7,2023-03-28 17:02:27.541205,912.0,545.0,909.0,536.0,2.724517822265625,2.772323608398437,2549.5530000000144,598.2316284179688,592.9006958007812,0.585630178451538,0.4974788725376129,0.4291839003562927,0.4966517388820648,0.0,0.0
304,1680003147.5495696,305,2Item7,2023-03-28 17:02:27.549570,921.0,549.0,942.0,529.0,-1.0,-1.0,2557.9189999999944,598.3703002929688,592.800537109375,0.5855355858802795,0.4975307881832122,0.4291135668754577,0.4966597557067871,0.0,0.0
305,1680003147.5578728,306,2Item7,2023-03-28 17:02:27.557873,915.0,566.0,941.0,531.0,-1.0,-1.0,2566.222999999998,598.5419921875,592.7884521484375,0.5856539607048034,0.4974810183048248,0.4292389750480651,0.4966467916965484,0.0,0.0
306,1680003147.5662563,307,2Item7,2023-03-28 17:02:27.566257,-1.0,-1.0,945.0,539.0,-1.0,2.825164794921875,2574.6049999999814,-1.0,592.7872924804688,-1.0,-1.0,0.4291420876979827,0.4966669082641601,4.0,0.0
307,1680003147.574612,308,2Item7,2023-03-28 17:02:27.574612,910.0,555.0,937.0,529.0,-1.0,-1.0,2582.9619999999995,598.7359619140625,592.6796875,0.585478663444519,0.4974845647811889,0.42905855178833,0.4966309070587158,0.0,0.0
308,1680003147.5828197,309,2Item7,2023-03-28 17:02:27.582820,914.0,541.0,923.0,530.0,-1.0,-1.0,2591.169999999984,598.7823486328125,592.6507568359375,0.5856038331985473,0.4974240064620971,0.4291914105415344,0.4965962171554565,0.0,0.0
309,1680003147.5911987,310,2Item7,2023-03-28 17:02:27.591199,915.0,540.0,916.0,531.0,3.2940216064453125,2.8083648681640625,2599.54800000001,598.85400390625,592.616943359375,0.5855917930603027,0.4974617958068847,0.4291260540485382,0.4965815842151641,0.0,0.0
310,1680003147.599532,311,2Item7,2023-03-28 17:02:27.599532,912.0,545.0,928.0,551.0,-1.0,-1.0,2607.8830000000307,598.7899780273438,592.467041015625,0.585486650466919,0.4974484741687774,0.4291115999221801,0.4965260922908783,0.0,0.0
311,1680003147.6078105,312,2Item7,2023-03-28 17:02:27.607810,929.0,537.0,924.0,556.0,-1.0,-1.0,2616.161000000021,598.7645874023438,592.3987426757812,0.5857256054878234,0.4975007772445678,0.4292448163032531,0.4965565502643585,0.0,0.0
312,1680003147.616146,313,2Item7,2023-03-28 17:02:27.616146,928.0,537.0,926.0,559.0,2.857574462890625,2.8805389404296875,2624.497000000032,598.7572021484375,592.3345336914064,0.5856767296791076,0.4974806010723114,0.4292024970054626,0.4965438246726989,0.0,0.0
313,1680003147.624645,314,2Item7,2023-03-28 17:02:27.624645,922.0,528.0,917.0,551.0,-1.0,-1.0,2632.9890000000014,598.6306762695312,592.16259765625,0.5855436921119689,0.4974770843982696,0.4291491508483886,0.4965739846229553,0.0,0.0
314,1680003147.6330268,315,2Item7,2023-03-28 17:02:27.633027,923.0,524.0,932.0,552.0,-1.0,-1.0,2641.3769999999786,598.554931640625,592.0807495117188,0.585760474205017,0.4974714517593383,0.4292624592781066,0.4965529441833496,0.0,0.0
315,1680003147.641177,316,2Item7,2023-03-28 17:02:27.641177,923.0,524.0,935.0,547.0,2.77294921875,2.8313446044921875,2649.527999999991,598.4856567382812,592.0130615234375,0.5856932997703552,0.4974766671657562,0.429197609424591,0.4965431988239288,0.0,0.0
316,1680003147.6494849,317,2Item7,2023-03-28 17:02:27.649485,957.0,545.0,933.0,541.0,-1.0,-1.0,2657.834000000032,598.3098754882812,591.8550415039064,0.5855571031570433,0.497452437877655,0.4291365146636962,0.4965460896492004,0.0,0.0
317,1680003147.6580408,318,2Item7,2023-03-28 17:02:27.658041,952.0,548.0,921.0,559.0,-1.0,-1.0,2666.391000000004,598.1907958984375,591.8018798828125,0.5857681035995483,0.4974537789821624,0.4292512238025665,0.4965019226074218,0.0,0.0
318,1680003147.6662493,319,2Item7,2023-03-28 17:02:27.666249,946.0,552.0,926.0,528.0,2.80059814453125,2.7570037841796875,2674.5989999999874,598.0558471679688,591.7717895507812,0.5856727957725524,0.4973282217979431,0.4291979074478149,0.4964827895164489,0.0,0.0
319,1680003147.6746557,320,2Item7,2023-03-28 17:02:27.674656,-1.0,-1.0,-1.0,-1.0,-1.0,-1.0,2683.003000000026,-1.0,-1.0,-1.0,-1.0,-1.0,-1.0,4.0,4.0
320,1680003147.6830564,321,2Item7,2023-03-28 17:02:27.683056,952.0,535.0,929.0,519.0,-1.0,-1.0,2691.406000000017,597.7864379882812,591.6840209960938,0.5858038663864135,0.4973960518836975,0.4292690455913543,0.4964248836040496,0.0,0.0
321,1680003147.691151,322,2Item7,2023-03-28 17:02:27.691151,951.0,535.0,920.0,529.0,2.7561798095703125,2.8308563232421875,2699.5009999999893,597.5633544921875,591.691162109375,0.5856672525405883,0.497296541929245,0.4291622936725616,0.4964551925659179,0.0,0.0
322,1680003147.699486,323,2Item7,2023-03-28 17:02:27.699486,937.0,533.0,923.0,539.0,-1.0,-1.0,2707.8369999999995,597.2195434570312,591.6107177734375,0.5856062769889832,0.4973697662353515,0.4290912449359893,0.496397316455841,0.0,0.0
323,1680003147.707825,324,2Item7,2023-03-28 17:02:27.707825,923.0,544.0,922.0,536.0,-1.0,-1.0,2716.17300000001,596.9203491210938,591.6340942382812,0.5857139825820922,0.4972925782203674,0.4291864037513732,0.4964362680912017,0.0,0.0
324,1680003147.716149,325,2Item7,2023-03-28 17:02:27.716149,926.0,541.0,923.0,543.0,2.817230224609375,2.8163604736328125,2724.4980000000214,596.6317138671875,591.678466796875,0.5857012271881104,0.4973703622817993,0.4290905594825744,0.4964474737644195,0.0,0.0
325,1680003147.7244902,326,2Item7,2023-03-28 17:02:27.724490,921.0,530.0,916.0,531.0,-1.0,-1.0,2732.841000000015,596.2384033203125,591.626708984375,0.5855941176414489,0.4973670542240142,0.4290344715118408,0.496470034122467,0.0,0.0
326,1680003147.7328537,327,2Item7,2023-03-28 17:02:27.732854,927.0,541.0,941.0,522.0,-1.0,-1.0,2741.20199999999,595.9143676757812,591.6693115234375,0.5857473015785217,0.4973802864551544,0.4291231632232666,0.4964689910411834,0.0,0.0
327,1680003147.7411463,328,2Item7,2023-03-28 17:02:27.741146,926.0,536.0,940.0,517.0,3.131744384765625,2.841781616210937,2749.497000000032,595.6409301757812,591.7293090820312,0.5856871604919432,0.4973850548267364,0.4290307760238647,0.4965006113052368,0.0,0.0
328,1680003147.7494674,329,2Item7,2023-03-28 17:02:27.749467,926.0,534.0,918.0,554.0,-1.0,-1.0,2757.816999999981,595.2811279296875,591.6782836914064,0.5856068730354309,0.4973798990249633,0.4289700388908386,0.4964863657951355,0.0,0.0
329,1680003147.757805,330,2Item7,2023-03-28 17:02:27.757805,931.0,530.0,919.0,558.0,-1.0,-1.0,2766.1539999999804,595.0181884765625,591.7135620117188,0.5857372879981994,0.4973825514316558,0.4290699064731597,0.4964726865291595,0.0,0.0
330,1680003147.7661705,331,2Item7,2023-03-28 17:02:27.766171,931.0,529.0,923.0,550.0,2.791290283203125,2.813812255859375,2774.5190000000293,594.8507690429688,591.7474365234375,0.5856821537017822,0.4973697960376739,0.4290081262588501,0.4965209364891052,0.0,0.0
331,1680003147.7744966,332,2Item7,2023-03-28 17:02:27.774497,953.0,535.0,925.0,553.0,-1.0,-1.0,2782.84600000002,594.6399536132812,591.6727294921875,0.5856298208236694,0.4973798394203186,0.4289605319499969,0.496525764465332,0.0,0.0
332,1680003147.7828968,333,2Item7,2023-03-28 17:02:27.782897,944.0,541.0,924.0,551.0,-1.0,-1.0,2791.247000000032,594.5513916015625,591.6875,0.5857669115066528,0.4974080920219421,0.4290687441825866,0.496472030878067,0.0,0.0
333,1680003147.7911596,334,2Item7,2023-03-28 17:02:27.791160,944.0,541.0,909.0,567.0,2.878173828125,2.8836669921875,2799.50900000002,594.5436401367188,591.7071533203125,0.585712730884552,0.4973915219306945,0.4290143251419067,0.4965143799781799,0.0,0.0
334,1680003147.7995117,335,2Item7,2023-03-28 17:02:27.799512,954.0,570.0,907.0,559.0,-1.0,-1.0,2807.861000000033,594.475341796875,591.625732421875,0.5856432914733886,0.4973812699317932,0.4289852380752563,0.4965091347694397,0.0,0.0
335,1680003147.8078873,336,2Item7,2023-03-28 17:02:27.807887,953.0,569.0,912.0,556.0,-1.0,-1.0,2816.238000000012,594.5098266601562,591.6411743164064,0.5857636928558348,0.4973791539669036,0.4291197657585144,0.4964731931686401,0.0,0.0
336,1680003147.8161695,337,2Item7,2023-03-28 17:02:27.816170,946.0,558.0,915.0,549.0,2.7418975830078125,2.8642578125,2824.5200000000186,594.6002197265625,591.667236328125,0.5857333540916442,0.4973862767219543,0.4290605783462524,0.4964838027954101,0.0,0.0
337,1680003147.824548,338,2Item7,2023-03-28 17:02:27.824548,924.0,547.0,934.0,544.0,-1.0,-1.0,2832.8979999999865,594.6023559570312,591.5938110351562,0.58561772108078,0.4973848164081573,0.4289773404598236,0.4964461922645568,0.0,0.0
338,1680003147.8328173,339,2Item7,2023-03-28 17:02:27.832817,940.0,560.0,944.0,557.0,-1.0,-1.0,2841.167000000016,594.6852416992188,591.6082153320312,0.5854084491729736,0.4972797930240631,0.4288572072982788,0.4964524209499359,0.0,0.0
339,1680003147.8411236,340,2Item7,2023-03-28 17:02:27.841124,-1.0,-1.0,998.0,541.0,-1.0,2.8332672119140625,2849.472999999998,-1.0,591.6382446289064,-1.0,-1.0,0.4284417033195495,0.4963560402393341,4.0,0.0
340,1680003147.849479,341,2Item7,2023-03-28 17:02:27.849479,954.0,568.0,1071.0,517.0,-1.0,-1.0,2857.829000000027,594.7933959960938,591.5767211914064,0.584601640701294,0.4970781207084655,0.4282443225383758,0.4962187111377716,0.0,0.0
341,1680003147.8578005,342,2Item7,2023-03-28 17:02:27.857800,1137.0,441.0,1141.0,465.0,-1.0,-1.0,2866.149000000034,594.8790893554688,591.772216796875,0.5845777988433837,0.4969464838504791,0.428301990032196,0.496135264635086,0.0,0.0
342,1680003147.8661554,343,2Item7,2023-03-28 17:02:27.866155,1155.0,454.0,1154.0,448.0,2.8165435791015625,2.78680419921875,2874.505999999993,594.9860229492188,591.7646484375,0.5844765901565551,0.4969017207622528,0.428177922964096,0.4960455000400543,0.0,0.0
343,1680003147.8744757,344,2Item7,2023-03-28 17:02:27.874476,1153.0,440.0,1160.0,451.0,-1.0,-1.0,2882.825000000012,594.9414672851562,591.6834106445312,0.5844393968582153,0.4969838857650756,0.4281390607357025,0.4961221516132354,0.0,0.0
344,1680003147.8828106,345,2Item7,2023-03-28 17:02:27.882811,1177.0,406.0,1158.0,446.0,-1.0,-1.0,2891.161000000021,594.949951171875,591.7218627929688,0.584631323814392,0.496994525194168,0.4282478094100952,0.4961580336093902,0.0,0.0
345,1680003147.8911834,346,2Item7,2023-03-28 17:02:27.891183,1156.0,384.0,1150.0,455.0,2.7095184326171875,2.8121490478515625,2899.5339999999846,595.005615234375,591.7499389648438,0.5845704078674316,0.4970004260540008,0.4281349182128906,0.496157169342041,0.0,0.0
346,1680003147.9005592,347,2Item7,2023-03-28 17:02:27.900559,1150.0,378.0,1149.0,442.0,-1.0,-1.0,2908.9089999999846,594.95166015625,591.6642456054688,0.584526538848877,0.4970390498638153,0.4280923902988433,0.4961835443973541,0.0,0.0
347,1680003147.9077897,348,2Item7,2023-03-28 17:02:27.907790,1135.0,414.0,1169.0,432.0,-1.0,-1.0,2916.140000000014,594.963134765625,591.6533813476562,0.5846499800682067,0.4970127046108245,0.4282238483428955,0.4961730241775512,0.0,0.0
348,1680003147.9161277,349,2Item7,2023-03-28 17:02:27.916128,1132.0,442.0,1171.0,430.0,2.8184967041015625,2.771102905273437,2924.478000000003,594.9933471679688,591.6371459960938,0.5845491886138916,0.497004896402359,0.4281184375286102,0.4961713254451751,0.0,0.0
349,1680003147.924481,350,2Item7,2023-03-28 17:02:27.924481,1146.0,454.0,1170.0,438.0,-1.0,-1.0,2932.825000000012,594.9231567382812,591.5177001953125,0.584517478942871,0.4969916641712188,0.4280652403831481,0.4961827099323272,0.0,0.0
350,1680003147.9328191,351,2Item7,2023-03-28 17:02:27.932819,1157.0,423.0,1169.0,437.0,-1.0,-1.0,2941.169999999984,594.9251098632812,591.4869995117188,0.5846874117851257,0.4970070421695709,0.4282058477401733,0.4961980283260345,0.0,0.0
351,1680003147.9411323,352,2Item7,2023-03-28 17:02:27.941132,1144.0,424.0,1165.0,440.0,2.7235870361328125,2.787933349609375,2949.4820000000186,594.9318237304688,591.4534912109375,0.5846133828163147,0.4970166385173797,0.4281044602394104,0.4961987137794494,0.0,0.0
352,1680003147.9494667,353,2Item7,2023-03-28 17:02:27.949467,1146.0,424.0,1160.0,420.0,-1.0,-1.0,2957.816999999981,594.8287963867188,591.298095703125,0.5845609307289124,0.4970335662364959,0.4280804991722106,0.4961976706981658,0.0,0.0
353,1680003147.957822,354,2Item7,2023-03-28 17:02:27.957822,1152.0,421.0,1161.0,416.0,-1.0,-1.0,2966.169999999984,594.7894897460938,591.2255249023438,0.5847075581550598,0.497061938047409,0.4282176494598388,0.4962098598480224,0.0,0.0
354,1680003147.966226,355,2Item7,2023-03-28 17:02:27.966226,1159.0,413.0,1163.0,413.0,2.671722412109375,2.849472045898437,2974.575000000012,594.7647094726562,591.1531372070312,0.5845974683761596,0.4970021545886993,0.4280861020088195,0.4962106347084045,0.0,0.0
355,1680003147.974573,356,2Item7,2023-03-28 17:02:27.974573,1161.0,416.0,1143.0,457.0,-1.0,-1.0,2982.923999999999,594.6388549804688,590.9708251953125,0.5845686793327332,0.4970355331897735,0.428045630455017,0.4962362647056579,0.0,0.0
356,1680003147.9828694,357,2Item7,2023-03-28 17:02:27.982869,1173.0,423.0,1164.0,442.0,-1.0,-1.0,2991.217000000004,594.5748291015625,590.8814697265625,0.5847023129463195,0.4970532655715942,0.4281820952892303,0.4962492883205413,0.0,0.0
357,1680003147.9911284,358,2Item7,2023-03-28 17:02:27.991128,1173.0,423.0,1174.0,432.0,2.65948486328125,2.6804962158203125,2999.478999999992,594.551513671875,590.8079833984375,0.5846165418624877,0.4970141649246215,0.4280704855918884,0.4962088465690612,0.0,0.0
358,1680003147.9994578,359,2Item7,2023-03-28 17:02:27.999458,1156.0,414.0,1164.0,436.0,-1.0,-1.0,3007.80700000003,594.4312744140625,590.6370849609375,0.5845747590065002,0.4970250129699707,0.4280458390712738,0.4962277114391326,0.0,0.0
359,1680003148.007792,360,2Item7,2023-03-28 17:02:28.007792,1162.0,412.0,1162.0,436.0,-1.0,-1.0,3016.141000000004,594.392333984375,590.559814453125,0.5847042798995971,0.4970060586929321,0.4281671941280365,0.4961850643157959,0.0,0.0
360,1680003148.0161335,361,2Item7,2023-03-28 17:02:28.016134,1178.0,428.0,1164.0,438.0,2.9022369384765625,2.7195281982421875,3024.4839999999967,594.3953247070312,590.4873046875,0.5846263766288757,0.4969949424266815,0.4280614852905273,0.4961819946765899,0.0,0.0
361,1680003148.024449,362,2Item7,2023-03-28 17:02:28.024449,1167.0,414.0,1162.0,408.0,-1.0,-1.0,3032.798999999999,594.2980346679688,590.3165283203125,0.5845693349838256,0.4969940781593322,0.4280333518981933,0.4961954653263092,0.0,0.0
362,1680003148.0327954,363,2Item7,2023-03-28 17:02:28.032795,1153.0,416.0,1162.0,407.0,-1.0,-1.0,3041.146000000008,594.2905883789064,590.2421875,0.5847105383872985,0.4970021247863769,0.4281458854675293,0.4961774051189422,0.0,0.0
363,1680003148.0411198,364,2Item7,2023-03-28 17:02:28.041120,1154.0,417.0,1152.0,433.0,2.6689605712890625,2.717132568359375,3049.4689999999828,594.3235473632812,590.1910400390625,0.5846191644668579,0.4969861805438995,0.4280479252338409,0.4961736500263214,0.0,0.0
364,1680003148.0494545,365,2Item7,2023-03-28 17:02:28.049454,1165.0,391.0,1156.0,436.0,-1.0,-1.0,3057.8020000000247,594.2581176757812,590.0498657226562,0.5845614075660704,0.497008591890335,0.4280356466770172,0.4961900115013122,0.0,0.0
365,1680003148.0577953,366,2Item7,2023-03-28 17:02:28.057795,1170.0,394.0,1159.0,432.0,-1.0,-1.0,3066.146000000008,594.2760620117188,590.0084228515625,0.5846794247627258,0.4970158338546752,0.4281401634216308,0.4961817860603332,0.0,0.0
366,1680003148.066144,367,2Item7,2023-03-28 17:02:28.066144,1166.0,419.0,-1.0,-1.0,2.72540283203125,-1.0,3074.49099999998,594.329833984375,-1.0,0.5845890045166015,0.4969725012779235,-1.0,-1.0,0.0,4.0
367,1680003148.074541,368,2Item7,2023-03-28 17:02:28.074541,1156.0,417.0,1162.0,430.0,-1.0,-1.0,3082.8919999999925,594.2850952148438,589.8804931640625,0.5845504403114318,0.4969511330127716,0.4280356168746948,0.4961504340171814,0.0,0.0
368,1680003148.082776,369,2Item7,2023-03-28 17:02:28.082776,1136.0,429.0,1153.0,427.0,-1.0,-1.0,3091.1269999999786,594.310302734375,589.866943359375,0.584694504737854,0.4969385862350463,0.4281463623046875,0.4961232841014862,0.0,0.0
369,1680003148.091208,370,2Item7,2023-03-28 17:02:28.091208,1128.0,438.0,1167.0,424.0,2.803329467773437,2.742340087890625,3099.554999999993,594.367431640625,589.8668823242188,0.5846025347709655,0.4968959391117095,0.4280576705932617,0.4960812628269195,0.0,0.0
370,1680003148.1000242,371,2Item7,2023-03-28 17:02:28.100024,1124.0,441.0,1167.0,423.0,-1.0,-1.0,3108.375,594.3204956054688,589.7726440429688,0.5845316648483276,0.4968894720077514,0.4280386567115783,0.4960314333438873,0.0,0.0
371,1680003148.1077926,372,2Item7,2023-03-28 17:02:28.107793,1147.0,430.0,1170.0,424.0,-1.0,-1.0,3116.140000000014,594.3355712890625,589.7796020507812,0.5845652818679808,0.4968035519123077,0.4280834794044494,0.4960760176181793,0.0,0.0
372,1680003148.1161575,373,2Item7,2023-03-28 17:02:28.116158,1166.0,429.0,1166.0,421.0,2.82379150390625,2.748077392578125,3124.5080000000307,594.3793334960938,589.806640625,0.5843613147735595,0.4966934919357299,0.4278846085071563,0.4959656000137329,0.0,0.0
373,1680003148.1244605,374,2Item7,2023-03-28 17:02:28.124460,1193.0,399.0,1172.0,406.0,-1.0,-1.0,3132.8090000000084,594.3189086914064,589.7431640625,0.5840329527854919,0.4965910911560058,0.4277349710464477,0.4958360195159912,0.0,0.0
374,1680003148.1327844,375,2Item7,2023-03-28 17:02:28.132784,1219.0,326.0,1221.0,351.0,-1.0,-1.0,3141.13400000002,594.1807250976562,589.94921875,0.5840026140213012,0.4964891374111175,0.427744060754776,0.4957940578460693,0.0,0.0
375,1680003148.1411393,376,2Item7,2023-03-28 17:02:28.141139,1219.0,325.0,1288.0,280.0,3.1033935546875,2.6993865966796875,3149.4899999999907,594.0686645507812,590.0604248046875,0.5837728977203369,0.4962988197803497,0.4275656938552856,0.4956519901752471,0.0,0.0
376,1680003148.1494584,377,2Item7,2023-03-28 17:02:28.149458,-1.0,-1.0,1279.0,280.0,-1.0,-1.0,3157.8059999999823,-1.0,590.030517578125,-1.0,-1.0,0.4274935722351074,0.495644599199295,4.0,0.0
377,1680003148.1578264,378,2Item7,2023-03-28 17:02:28.157826,1228.0,305.0,1270.0,278.0,-1.0,-1.0,3166.1770000000247,593.9216918945312,590.1276245117188,0.5839318037033081,0.4963639974594116,0.4276087284088134,0.4956991970539093,0.0,0.0
378,1680003148.1662903,379,2Item7,2023-03-28 17:02:28.166291,1248.0,322.0,1258.0,315.0,2.85687255859375,2.817718505859375,3174.640000000014,593.8960571289064,590.200439453125,0.583863854408264,0.4963431358337402,0.4274433255195617,0.4956229031085968,0.0,0.0
379,1680003148.174518,380,2Item7,2023-03-28 17:02:28.174518,1265.0,300.0,1258.0,315.0,-1.0,-1.0,3182.8649999999907,593.8441162109375,590.1278076171875,0.5838256478309631,0.4963314831256866,0.4273990988731384,0.4956243336200714,0.0,0.0
380,1680003148.1827905,381,2Item7,2023-03-28 17:02:28.182790,1285.0,305.0,1261.0,280.0,-1.0,-1.0,3191.140000000014,593.8828125,590.1075439453125,0.5839678049087524,0.4964001774787902,0.4275580644607543,0.4957425594329834,0.0,0.0
381,1680003148.1911654,382,2Item7,2023-03-28 17:02:28.191165,1272.0,316.0,1261.0,280.0,2.84344482421875,3.2165069580078125,3199.5140000000247,593.9466552734375,590.0734252929688,0.5838624238967896,0.4963470101356506,0.4274380803108215,0.4956297278404235,0.0,0.0
382,1680003148.199457,383,2Item7,2023-03-28 17:02:28.199457,1291.0,267.0,1263.0,287.0,-1.0,-1.0,3207.80700000003,593.91552734375,589.9103393554688,0.583858847618103,0.4963546693325042,0.4274046421051025,0.4956623315811157,0.0,0.0
383,1680003148.2077596,384,2Item7,2023-03-28 17:02:28.207760,1256.0,334.0,1274.0,300.0,-1.0,-1.0,3216.109999999986,593.9476318359375,589.8180541992188,0.5839455127716064,0.4963437914848327,0.4275545477867126,0.4957598149776458,0.0,0.0
384,1680003148.2161164,385,2Item7,2023-03-28 17:02:28.216116,1274.0,277.0,1273.0,300.0,2.410247802734375,3.317169189453125,3224.467000000004,594.0054321289064,589.7105712890625,0.5838279724121093,0.4963545203208923,0.4274444878101348,0.495656132698059,0.0,0.0
385,1680003148.2244442,386,2Item7,2023-03-28 17:02:28.224444,1282.0,324.0,1273.0,299.0,-1.0,-1.0,3232.7939999999944,593.9805297851562,589.4935913085938,0.5838715434074401,0.4963586926460266,0.4273714423179626,0.4956163167953491,0.0,0.0
386,1680003148.2328887,387,2Item7,2023-03-28 17:02:28.232889,1275.0,328.0,1271.0,289.0,-1.0,-1.0,3241.236000000033,594.0548095703125,589.3492431640625,0.583979845046997,0.4963614642620086,0.42755126953125,0.4957556128501892,0.0,0.0
387,1680003148.2411003,388,2Item7,2023-03-28 17:02:28.241100,1222.0,339.0,1271.0,295.0,2.7280426025390625,2.7324371337890625,3249.451000000001,594.19873046875,589.1953735351562,0.5838419795036315,0.4963327348232269,0.4274395704269409,0.4956365525722503,0.0,0.0
388,1680003148.2494564,389,2Item7,2023-03-28 17:02:28.249456,1222.0,339.0,1272.0,281.0,-1.0,-1.0,3257.8030000000144,594.2647705078125,588.9183349609375,0.5838604569435119,0.4963269829750061,0.4274026751518249,0.4956383109092712,0.0,0.0
389,1680003148.2588727,390,2Item7,2023-03-28 17:02:28.258873,1272.0,333.0,1272.0,282.0,-1.0,-1.0,3267.222999999998,594.426513671875,588.7222900390625,0.5839524269104003,0.4962804019451141,0.4275424778461456,0.4957295358180999,0.0,0.0
390,1680003148.2663016,391,2Item7,2023-03-28 17:02:28.266302,1289.0,330.0,1273.0,270.0,3.0688018798828125,3.652862548828125,3274.650000000024,594.6575927734375,588.5364379882812,0.5838519930839537,0.4963214993476867,0.427443116903305,0.4956283867359161,0.0,0.0
391,1680003148.274495,392,2Item7,2023-03-28 17:02:28.274495,1307.0,351.0,1275.0,282.0,-1.0,-1.0,3282.8450000000303,594.7853393554688,588.2503051757812,0.5838170647621154,0.4963076710700988,0.4274054765701293,0.4956312477588653,0.0,0.0
392,1680003148.2827563,393,2Item7,2023-03-28 17:02:28.282756,1300.0,353.0,1277.0,284.0,-1.0,-1.0,3291.1070000000186,594.986328125,588.0631713867188,0.5838925838470459,0.4963065981864929,0.4275461137294769,0.495736688375473,0.0,0.0
393,1680003148.2911017,394,2Item7,2023-03-28 17:02:28.291102,1269.0,251.0,1278.0,284.0,2.510360717773437,3.389923095703125,3299.451000000001,595.2242431640625,587.9002685546875,0.5838406682014465,0.4963515400886535,0.4274339973926544,0.4956532418727874,0.0,0.0
394,1680003148.299427,395,2Item7,2023-03-28 17:02:28.299427,1263.0,258.0,1291.0,310.0,-1.0,-1.0,3307.777999999991,595.35791015625,587.6526489257812,0.5837771892547607,0.4963567554950714,0.4274123311042785,0.4956855773925781,0.0,0.0
395,1680003148.3077495,396,2Item7,2023-03-28 17:02:28.307750,1268.0,253.0,1293.0,315.0,-1.0,-1.0,3316.097999999998,595.5599365234375,587.5187377929688,0.5839230418205261,0.4964345693588256,0.4275194406509399,0.4957981705665588,0.0,0.0
396,1680003148.3163126,397,2Item7,2023-03-28 17:02:28.316313,1281.0,317.0,1293.0,314.0,3.001373291015625,3.286727905273437,3324.6600000000326,595.783447265625,587.4130859375,0.5837466716766357,0.4963535666465759,0.4273983836174011,0.4956224858760833,0.0,0.0
397,1680003148.324589,398,2Item7,2023-03-28 17:02:28.324589,1292.0,317.0,1284.0,275.0,-1.0,-1.0,3332.9400000000023,595.8768310546875,587.2200927734375,0.5835769772529602,0.496311992406845,0.4273404479026794,0.495649516582489,0.0,0.0
398,1680003148.3328552,399,2Item7,2023-03-28 17:02:28.332855,1298.0,247.0,1268.0,283.0,-1.0,-1.0,3341.2050000000163,596.0078125,587.130859375,0.5836808681488037,0.4962873756885528,0.4273802042007446,0.4956070184707641,0.0,0.0
399,1680003148.3411272,400,2Item7,2023-03-28 17:02:28.341127,1298.0,247.0,1268.0,283.0,2.912338256835937,3.2270660400390625,3349.476000000024,596.1206665039064,587.0737915039064,0.5835803747177124,0.4962790012359619,0.4273221790790557,0.4955915808677673,0.0,0.0
400,1680003148.3495388,401,2Item7,2023-03-28 17:02:28.349539,1303.0,229.0,1284.0,302.0,-1.0,-1.0,3357.8890000000247,596.111328125,586.9345092773438,0.5835132598876953,0.4962840676307678,0.4273111820220947,0.4956239163875579,0.0,0.0
401,1680003148.357961,402,2Item7,2023-03-28 17:02:28.357961,1298.0,273.0,1284.0,294.0,-1.0,-1.0,3366.3090000000084,596.1439208984375,586.8998413085938,0.583729863166809,0.4963265359401702,0.427356481552124,0.4956573247909545,0.0,0.0
402,1680003148.366809,403,2Item7,2023-03-28 17:02:28.366809,1292.0,279.0,1284.0,294.0,2.8662567138671875,3.36810302734375,3375.157999999996,596.187744140625,586.9044799804688,0.5835875868797302,0.4962246417999267,0.4273443222045898,0.4956264197826385,0.0,0.0
403,1680003148.3746274,404,2Item7,2023-03-28 17:02:28.374627,1293.0,279.0,1280.0,281.0,-1.0,-1.0,3382.978000000003,596.1032104492188,586.8274536132812,0.5835535526275634,0.4963033199310302,0.4273402690887451,0.4956413805484771,0.0,0.0
404,1680003148.3827877,405,2Item7,2023-03-28 17:02:28.382788,1340.0,213.0,1284.0,278.0,-1.0,-1.0,3391.1380000000354,596.0371704101562,586.8655395507812,0.5837568640708923,0.4963539838790893,0.4273992180824279,0.4956772327423095,0.0,0.0
405,1680003148.3912091,406,2Item7,2023-03-28 17:02:28.391209,1339.0,213.0,-1.0,-1.0,3.142074584960937,-1.0,3399.5599999999977,595.9673461914064,-1.0,0.583641767501831,0.4962613582611084,-1.0,-1.0,0.0,4.0
406,1680003148.3994384,407,2Item7,2023-03-28 17:02:28.399438,1332.0,214.0,1276.0,275.0,-1.0,-1.0,3407.7880000000005,595.7275390625,586.9086303710938,0.5836260318756104,0.4963333308696746,0.4273425638675689,0.4956494271755218,0.0,0.0
407,1680003148.4078777,408,2Item7,2023-03-28 17:02:28.407878,1286.0,248.0,1278.0,280.0,-1.0,-1.0,3416.227000000013,595.5040893554688,587.0596923828125,0.5837900042533875,0.4963240921497345,0.427413523197174,0.4956512451171875,0.0,0.0
408,1680003148.416166,409,2Item7,2023-03-28 17:02:28.416166,1307.0,297.0,1278.0,280.0,3.045318603515625,3.3886871337890625,3424.5169999999925,595.2853393554688,587.2361450195312,0.583728015422821,0.4963253438472747,0.4273610711097717,0.4956040382385253,0.0,0.0
409,1680003148.4244883,410,2Item7,2023-03-28 17:02:28.424489,1297.0,276.0,1284.0,289.0,-1.0,-1.0,3432.837999999989,594.9483642578125,587.3570556640625,0.583695650100708,0.4962762296199798,0.4273234903812408,0.4955691397190094,0.0,0.0
410,1680003148.432742,411,2Item7,2023-03-28 17:02:28.432742,1300.0,277.0,1291.0,281.0,-1.0,-1.0,3441.092999999993,594.6895141601562,587.6083374023438,0.5838501453399658,0.4962703585624694,0.4274092614650726,0.4955899119377136,0.0,0.0
411,1680003148.4411633,412,2Item7,2023-03-28 17:02:28.441163,1300.0,277.0,1296.0,283.0,2.8803863525390625,2.7423858642578125,3449.5130000000354,594.4732666015625,587.8841552734375,0.5837994217872619,0.4962422549724578,0.4273436665534973,0.4955154955387115,0.0,0.0
412,1680003148.4494567,413,2Item7,2023-03-28 17:02:28.449457,1294.0,269.0,1286.0,261.0,-1.0,-1.0,3457.8059999999823,594.1713256835938,588.0711669921875,0.5837700366973877,0.4962232708930969,0.4272873401641845,0.4955082237720489,0.0,0.0
413,1680003148.4581923,414,2Item7,2023-03-28 17:02:28.458192,1299.0,259.0,1298.0,268.0,-1.0,-1.0,3466.5430000000047,593.9671020507812,588.3616333007812,0.5839273929595947,0.4962396025657653,0.4274079203605651,0.4955163896083831,0.0,0.0
414,1680003148.4661448,415,2Item7,2023-03-28 17:02:28.466145,1298.0,213.0,1294.0,256.0,2.36846923828125,2.66326904296875,3474.494999999996,593.8323974609375,588.6439208984375,0.5838423371315002,0.4962032437324523,0.4273030459880828,0.4954505562782287,0.0,0.0
415,1680003148.474574,416,2Item7,2023-03-28 17:02:28.474574,-1.0,-1.0,1301.0,252.0,-1.0,-1.0,3482.9249999999884,-1.0,588.8005981445312,-1.0,-1.0,0.4272307157516479,0.4954850077629089,4.0,0.0
416,1680003148.482741,417,2Item7,2023-03-28 17:02:28.482741,1292.0,223.0,1298.0,252.0,-1.0,-1.0,3491.091000000015,593.5477294921875,589.0208740234375,0.5839413404464721,0.4962330162525177,0.4273430705070495,0.4955008625984191,0.0,0.0
417,1680003148.4911482,418,2Item7,2023-03-28 17:02:28.491148,1290.0,217.0,1298.0,251.0,2.704742431640625,2.63275146484375,3499.4980000000214,593.5330200195312,589.2052612304688,0.583852708339691,0.4961932897567749,0.4272464513778686,0.4954607188701629,0.0,0.0
418,1680003148.499487,419,2Item7,2023-03-28 17:02:28.499487,1284.0,217.0,1300.0,280.0,-1.0,-1.0,3507.837999999989,593.4707641601562,589.2257080078125,0.5838313698768615,0.4962265789508819,0.4272059798240661,0.4955103397369384,0.0,0.0
419,1680003148.5077991,420,2Item7,2023-03-28 17:02:28.507799,1284.0,217.0,1300.0,265.0,-1.0,-1.0,3516.149000000034,593.5214233398438,589.3051147460938,0.5839608907699585,0.4962757229804992,0.4273077547550201,0.4955782890319824,0.0,0.0
420,1680003148.5160882,421,2Item7,2023-03-28 17:02:28.516088,1280.0,249.0,1295.0,261.0,2.8551788330078125,3.3404083251953125,3524.439000000013,593.6312255859375,589.33984375,0.5838585495948792,0.4962391257286071,0.4272412061691284,0.495503693819046,0.0,0.0
421,1680003148.5244186,422,2Item7,2023-03-28 17:02:28.524419,1285.0,250.0,1295.0,249.0,-1.0,-1.0,3532.7669999999925,593.65673828125,589.2337646484375,0.5838251709938049,0.4962956309318542,0.4271983802318573,0.4955565631389617,0.0,0.0
422,1680003148.5327942,423,2Item7,2023-03-28 17:02:28.532794,1293.0,249.0,1303.0,269.0,-1.0,-1.0,3541.140000000014,593.76416015625,589.1995239257812,0.5839427709579467,0.4962933361530304,0.4272949695587158,0.4955739080905914,0.0,0.0
423,1680003148.5412228,424,2Item7,2023-03-28 17:02:28.541223,1305.0,236.0,1303.0,269.0,3.2615203857421875,3.362030029296875,3549.5730000000326,593.9014282226562,589.1484985351562,0.5838353633880615,0.4962905645370483,0.4272159337997436,0.4955747723579406,0.0,0.0
424,1680003148.5494025,425,2Item7,2023-03-28 17:02:28.549402,1311.0,237.0,1300.0,258.0,-1.0,-1.0,3557.7509999999893,593.9271240234375,588.9798583984375,0.5837889909744262,0.4963315427303314,0.4271858036518096,0.4956070184707641,0.0,0.0
425,1680003148.5577958,426,2Item7,2023-03-28 17:02:28.557796,1299.0,241.0,1301.0,244.0,-1.0,-1.0,3566.146000000008,594.0134887695312,588.9160766601562,0.5839132666587828,0.4963100552558898,0.4272842407226562,0.4956058263778686,0.0,0.0
426,1680003148.5662825,427,2Item7,2023-03-28 17:02:28.566282,1299.0,241.0,1301.0,244.0,3.848388671875,2.7324981689453125,3574.6319999999832,594.1163330078125,588.8828735351562,0.5837680697441101,0.4962329268455505,0.4272405505180358,0.4956063330173492,0.0,0.0
427,1680003148.5744245,428,2Item7,2023-03-28 17:02:28.574424,1301.0,233.0,1294.0,248.0,-1.0,-1.0,3582.7700000000186,594.0924072265625,588.7745361328125,0.583819568157196,0.4963388442993164,0.4272221326828002,0.4956020712852478,0.0,0.0
428,1680003148.58276,429,2Item7,2023-03-28 17:02:28.582760,1302.0,239.0,1285.0,257.0,-1.0,-1.0,3591.1089999999967,594.1282348632812,588.7864379882812,0.5839883089065551,0.4963434934616088,0.4273170530796051,0.4956118166446685,0.0,0.0
429,1680003148.5911508,430,2Item7,2023-03-28 17:02:28.591151,1294.0,251.0,1286.0,256.0,2.824081420898437,3.3359375,3599.5,594.1871337890625,588.8419189453125,0.5838865637779235,0.4962580502033233,0.4273080229759216,0.4955554902553558,0.0,0.0
430,1680003148.5996313,431,2Item7,2023-03-28 17:02:28.599631,1288.0,258.0,1283.0,249.0,-1.0,-1.0,3607.9820000000177,594.1295776367188,588.8217163085938,0.5839078426361084,0.4962687790393829,0.4273180067539215,0.4955370724201202,0.0,0.0
431,1680003148.6077647,432,2Item7,2023-03-28 17:02:28.607765,1313.0,229.0,1296.0,236.0,-1.0,-1.0,3616.114999999991,594.1343383789064,588.91796875,0.5840528607368469,0.4962639510631561,0.427441120147705,0.4955466985702514,0.0,0.0
432,1680003148.6161094,433,2Item7,2023-03-28 17:02:28.616109,1317.0,230.0,1296.0,236.0,2.9900054931640625,3.4002685546875,3624.459000000032,594.1631469726562,589.050537109375,0.5839685201644897,0.4962348639965057,0.4273968338966369,0.4954724907875061,0.0,0.0
433,1680003148.6244566,434,2Item7,2023-03-28 17:02:28.624457,1314.0,222.0,1298.0,253.0,-1.0,-1.0,3632.80700000003,594.0852661132812,589.1013793945312,0.5839224457740783,0.496296614408493,0.4273568391799926,0.4955213069915771,0.0,0.0
434,1680003148.6327994,435,2Item7,2023-03-28 17:02:28.632799,1283.0,224.0,1299.0,252.0,-1.0,-1.0,3641.149000000034,594.0755004882812,589.2655639648438,0.5840984582901001,0.4963362216949462,0.4274927675724029,0.4955605566501617,0.0,0.0
435,1680003148.6411693,436,2Item7,2023-03-28 17:02:28.641169,1291.0,201.0,1295.0,259.0,2.6037750244140625,2.823150634765625,3649.5200000000186,594.1127319335938,589.4408569335938,0.5839838981628418,0.4962601363658905,0.4274404644966125,0.4955590069293975,0.0,0.0
436,1680003148.649403,437,2Item7,2023-03-28 17:02:28.649403,1290.0,234.0,1289.0,238.0,-1.0,-1.0,3657.7530000000256,594.0436401367188,589.5134887695312,0.5839757323265075,0.4963635504245758,0.4273914992809295,0.4955930709838867,0.0,0.0
437,1680003148.6577296,438,2Item7,2023-03-28 17:02:28.657730,1296.0,245.0,1288.0,237.0,-1.0,-1.0,3666.079000000027,594.03955078125,589.674560546875,0.5840999484062194,0.4963184893131256,0.4275395274162292,0.4955871403217315,0.0,0.0
438,1680003148.666062,439,2Item7,2023-03-28 17:02:28.666062,1297.0,246.0,1293.0,232.0,3.137069702148437,3.26702880859375,3674.413000000001,594.0795288085938,589.8204345703125,0.5840656757354736,0.4963495135307312,0.4274622201919555,0.4956031143665313,0.0,0.0
439,1680003148.6743965,440,2Item7,2023-03-28 17:02:28.674397,1302.0,251.0,1294.0,225.0,-1.0,-1.0,3682.7459999999846,594.008544921875,589.8252563476562,0.584020972251892,0.4963022768497467,0.4273930490016937,0.4955235123634338,0.0,0.0
440,1680003148.6827693,441,2Item7,2023-03-28 17:02:28.682769,1306.0,240.0,1306.0,230.0,-1.0,-1.0,3691.1199999999953,593.9985961914064,589.8881225585938,0.5841842889785765,0.4964154064655304,0.4275515675544738,0.4955897033214569,0.0,0.0
441,1680003148.6911378,442,2Item7,2023-03-28 17:02:28.691138,1306.0,240.0,1306.0,230.0,2.6019439697265625,3.4347076416015625,3699.488000000012,594.009033203125,589.9259643554688,0.5840353965759277,0.4962065517902374,0.4274147152900695,0.4955010712146759,0.0,0.0
442,1680003148.6994116,443,2Item7,2023-03-28 17:02:28.699412,1293.0,232.0,1311.0,234.0,-1.0,-1.0,3707.761999999988,593.916015625,589.8286743164064,0.5840051770210266,0.4962987303733825,0.4273519217967987,0.4955196678638458,0.0,0.0
443,1680003148.7077563,444,2Item7,2023-03-28 17:02:28.707756,1300.0,225.0,1293.0,231.0,-1.0,-1.0,3716.1070000000177,593.8923950195312,589.7923583984375,0.5841525197029113,0.4963238537311554,0.4274872839450836,0.4955436885356903,0.0,0.0
444,1680003148.716112,445,2Item7,2023-03-28 17:02:28.716112,1303.0,224.0,1293.0,231.0,2.7491455078125,3.3045806884765625,3724.462,593.8944702148438,589.7344360351562,0.584029734134674,0.4963290691375732,0.4273762702941894,0.4955489337444305,0.0,0.0
445,1680003148.7244527,446,2Item7,2023-03-28 17:02:28.724453,1314.0,218.0,1298.0,226.0,-1.0,-1.0,3732.8030000000144,593.7804565429688,589.5304565429688,0.5839279890060424,0.4963078796863555,0.4273216724395752,0.4955601394176483,0.0,0.0
446,1680003148.7327387,447,2Item7,2023-03-28 17:02:28.732739,1309.0,232.0,1304.0,218.0,-1.0,-1.0,3741.084000000032,593.7084350585938,589.3937377929688,0.5840623974800109,0.4963452517986297,0.427420973777771,0.4956128001213073,0.0,0.0
447,1680003148.7410555,448,2Item7,2023-03-28 17:02:28.741056,1316.0,240.0,1302.0,219.0,2.799591064453125,2.80316162109375,3749.405000000028,593.66748046875,589.2604370117188,0.5839480757713317,0.4963083565235137,0.4273124039173126,0.4955773949623107,0.0,0.0
448,1680003148.7493818,449,2Item7,2023-03-28 17:02:28.749382,1307.0,244.0,1306.0,230.0,-1.0,-1.0,3757.7320000000177,593.5101318359375,589.0059204101562,0.5838993787765502,0.4963117241859436,0.4272531867027282,0.4955843389034271,0.0,0.0
449,1680003148.7578254,450,2Item7,2023-03-28 17:02:28.757825,1301.0,233.0,1311.0,243.0,-1.0,-1.0,3766.172000000021,593.4061889648438,588.8408203125,0.5840531587600708,0.4963738322257995,0.4273717403411865,0.495659053325653,0.0,0.0
450,1680003148.76613,451,2Item7,2023-03-28 17:02:28.766130,1301.0,233.0,1315.0,242.0,3.0377197265625,3.482269287109375,3774.479999999981,593.3496704101562,588.7042236328125,0.5839540958404541,0.4963509738445282,0.4272991418838501,0.4956202208995819,0.0,0.0
451,1680003148.774419,452,2Item7,2023-03-28 17:02:28.774419,1304.0,244.0,1315.0,257.0,-1.0,-1.0,3782.769000000029,593.180419921875,588.47802734375,0.5839176177978515,0.4963610172271728,0.4272859990596771,0.49563929438591,0.0,0.0
452,1680003148.782822,453,2Item7,2023-03-28 17:02:28.782822,1323.0,227.0,1309.0,260.0,-1.0,-1.0,3791.171000000031,593.0814208984375,588.3582763671875,0.5840353965759277,0.496400237083435,0.4273898005485534,0.4956912696361541,0.0,0.0
453,1680003148.791121,454,2Item7,2023-03-28 17:02:28.791121,1320.0,225.0,-1.0,-1.0,2.592926025390625,-1.0,3799.472000000009,593.0151977539064,-1.0,0.5838847160339355,0.4963329434394836,-1.0,-1.0,0.0,4.0
454,1680003148.7994251,455,2Item7,2023-03-28 17:02:28.799425,1324.0,220.0,1308.0,241.0,-1.0,-1.0,3807.7750000000233,592.8465576171875,588.1219482421875,0.5839144587516784,0.4964044094085693,0.42732635140419,0.4956544339656829,0.0,0.0
455,1680003148.8078988,456,2Item7,2023-03-28 17:02:28.807899,1300.0,236.0,1297.0,232.0,-1.0,-1.0,3816.24900000001,592.762451171875,588.0758056640625,0.5839706063270568,0.4963542222976684,0.4273700714111328,0.4957025647163391,0.0,0.0
456,1680003148.816091,457,2Item7,2023-03-28 17:02:28.816091,1309.0,233.0,1297.0,232.0,2.6447296142578125,3.3809051513671875,3824.440999999992,592.7183837890625,588.0550537109375,0.5839635729789733,0.4964005351066589,0.4273200929164886,0.4956609308719635,0.0,0.0
457,1680003148.8245895,458,2Item7,2023-03-28 17:02:28.824590,1300.0,227.0,1296.0,238.0,-1.0,-1.0,3832.9400000000014,592.6007080078125,587.9700927734375,0.5839570164680481,0.4963378608226776,0.4273083209991455,0.4956024289131164,0.0,0.0
458,1680003148.83276,459,2Item7,2023-03-28 17:02:28.832760,1299.0,232.0,1305.0,243.0,-1.0,-1.0,3841.109999999986,592.5769653320312,588.0150146484375,0.5840499401092529,0.4963321387767791,0.4274399578571319,0.49567112326622,0.0,0.0
459,1680003148.841147,460,2Item7,2023-03-28 17:02:28.841147,1293.0,241.0,1305.0,243.0,2.699432373046875,2.675750732421875,3849.497000000032,592.6259155273438,588.0843505859375,0.5840645432472229,0.4962409138679504,0.4273957312107086,0.4954659342765808,0.0,0.0
460,1680003148.8499725,461,2Item7,2023-03-28 17:02:28.849972,1293.0,249.0,1308.0,238.0,-1.0,-1.0,3858.3230000000326,592.6078491210938,588.0786743164064,0.5840360522270202,0.4963630437850952,0.4273806512355804,0.4956199526786804,0.0,0.0
461,1680003148.8580098,462,2Item7,2023-03-28 17:02:28.858010,1292.0,237.0,1296.0,237.0,-1.0,-1.0,3866.3589999999967,592.7049560546875,588.1858520507812,0.5841646194458007,0.4961881041526794,0.4274787008762359,0.4954276382923126,0.0,0.0
462,1680003148.8661354,463,2Item7,2023-03-28 17:02:28.866135,1292.0,237.0,1287.0,240.0,2.766693115234375,3.230712890625,3874.484999999986,592.8748779296875,588.3087768554688,0.5840474963188171,0.4962507486343383,0.4274152219295501,0.4955756962299346,0.0,0.0
463,1680003148.874382,464,2Item7,2023-03-28 17:02:28.874382,1299.0,236.0,1291.0,252.0,-1.0,-1.0,3882.733000000008,592.9930419921875,588.342041015625,0.5840165615081787,0.4961842894554138,0.4273594319820404,0.4953684508800506,0.0,0.0
464,1680003148.882801,465,2Item7,2023-03-28 17:02:28.882801,1302.0,238.0,1306.0,248.0,-1.0,-1.0,3891.1510000000126,593.2208251953125,588.4739379882812,0.5841771364212036,0.4963528513908386,0.4275008141994476,0.495593249797821,0.0,0.0
465,1680003148.891113,466,2Item7,2023-03-28 17:02:28.891113,1300.0,226.0,1308.0,262.0,2.5493316650390625,2.78173828125,3899.462999999989,593.4981079101562,588.5993041992188,0.5840089917182922,0.4961829781532287,0.4273956418037414,0.4955139756202697,0.0,0.0
466,1680003148.899384,467,2Item7,2023-03-28 17:02:28.899384,1294.0,232.0,1300.0,240.0,-1.0,-1.0,3907.733000000008,593.68798828125,588.616943359375,0.5840336084365844,0.4963056147098541,0.4273866117000579,0.4955802261829376,0.0,0.0
467,1680003148.907702,468,2Item7,2023-03-28 17:02:28.907702,1294.0,231.0,1288.0,249.0,-1.0,-1.0,3916.0520000000247,593.9649047851562,588.704833984375,0.5841190814971923,0.4963445961475372,0.4275067448616027,0.4956691265106201,0.0,0.0
468,1680003148.9163153,469,2Item7,2023-03-28 17:02:28.916315,1296.0,246.0,1287.0,249.0,2.6362457275390625,3.386688232421875,3924.4020000000014,594.2601928710938,588.7857055664064,0.5840395092964172,0.4962195754051208,0.4274347722530365,0.4955494403839111,0.0,0.0
469,1680003148.9244645,470,2Item7,2023-03-28 17:02:28.924464,1298.0,241.0,1284.0,243.0,-1.0,-1.0,3932.8150000000014,594.4260864257812,588.7382202148438,0.583988070487976,0.4964222908020019,0.4273685216903686,0.4956792891025543,0.0,0.0
470,1680003148.9327075,471,2Item7,2023-03-28 17:02:28.932708,1323.0,227.0,1308.0,251.0,-1.0,-1.0,3941.05700000003,594.6314697265625,588.765625,0.5841691493988037,0.4963030815124511,0.4275136590003967,0.4955543577671051,0.0,0.0
471,1680003148.9411192,472,2Item7,2023-03-28 17:02:28.941119,1319.0,227.0,1319.0,262.0,3.632034301757813,2.6966705322265625,3949.468999999983,594.79638671875,588.7874145507812,0.5840420126914978,0.496399700641632,0.4274103641510009,0.4956379830837249,0.0,0.0
472,1680003148.9496317,473,2Item7,2023-03-28 17:02:28.949632,1323.0,226.0,1306.0,247.0,-1.0,-1.0,3957.9820000000177,594.7967529296875,588.678955078125,0.5839961171150208,0.4962734282016754,0.4273870885372161,0.4955311715602874,0.0,0.0
473,1680003148.9577878,474,2Item7,2023-03-28 17:02:28.957788,1307.0,228.0,1313.0,244.0,-1.0,-1.0,3966.1380000000354,594.7870483398438,588.6464233398438,0.5841561555862426,0.496314138174057,0.4275076687335968,0.4955542385578155,0.0,0.0
474,1680003148.966051,475,2Item7,2023-03-28 17:02:28.966051,1307.0,228.0,1322.0,247.0,3.0646514892578125,3.4556121826171875,3974.4010000000126,594.7467651367188,588.6077270507812,0.5840643644332885,0.4962629377841949,0.4274554550647735,0.4955717325210571,0.0,0.0
475,1680003148.974397,476,2Item7,2023-03-28 17:02:28.974397,1305.0,210.0,1323.0,247.0,-1.0,-1.0,3982.7459999999846,594.5499877929688,588.451171875,0.5840152502059937,0.4962202608585357,0.4273874759674072,0.4954386055469512,0.0,0.0
476,1680003148.9827032,477,2Item7,2023-03-28 17:02:28.982703,1315.0,245.0,1303.0,233.0,-1.0,-1.0,3991.054000000004,594.3973999023438,588.3897705078125,0.5842432379722595,0.4964377880096435,0.4275703430175781,0.4956696927547454,0.0,0.0
477,1680003148.9910936,478,2Item7,2023-03-28 17:02:28.991094,-1.0,-1.0,1303.0,233.0,-1.0,3.4383697509765625,3999.443000000029,-1.0,588.3311767578125,-1.0,-1.0,0.4274285435676574,0.4954029023647308,4.0,0.0
478,1680003148.999517,479,2Item7,2023-03-28 17:02:28.999517,1314.0,230.0,1301.0,241.0,-1.0,-1.0,4007.86599999998,594.0869140625,588.1819458007812,0.5840958356857299,0.4963649213314056,0.4274333417415618,0.4956269264221191,0.0,0.0
479,1680003149.0077348,480,2Item7,2023-03-28 17:02:29.007735,1313.0,230.0,1296.0,257.0,-1.0,-1.0,4016.085000000021,593.9130249023438,588.1130981445312,0.584193468093872,0.4962278604507446,0.4275164902210235,0.4954761564731597,0.0,0.0
480,1680003149.0161717,481,2Item7,2023-03-28 17:02:29.016172,1304.0,241.0,1295.0,253.0,2.75799560546875,2.722808837890625,4024.5219999999968,593.76123046875,588.06298828125,0.5841001868247985,0.4962769448757171,0.4274516403675079,0.4955956041812896,0.0,0.0
481,1680003149.0243711,482,2Item7,2023-03-28 17:02:29.024371,1299.0,247.0,1298.0,261.0,-1.0,-1.0,4032.722000000009,593.5069580078125,587.9055786132812,0.5840114951133728,0.4961930513381958,0.4274007380008697,0.495512455701828,0.0,0.0
482,1680003149.0327644,483,2Item7,2023-03-28 17:02:29.032764,1303.0,234.0,1299.0,258.0,-1.0,-1.0,4041.114999999991,593.3338012695312,587.83837890625,0.5842329263687133,0.4963173270225524,0.4275418519973754,0.4955938160419464,0.0,0.0
483,1680003149.0411386,484,2Item7,2023-03-28 17:02:29.041139,1308.0,228.0,1299.0,258.0,2.555084228515625,2.826141357421875,4049.4860000000335,593.2302856445312,587.7955322265625,0.5840718746185302,0.4961963593959808,0.4274343848228454,0.4955570101737976,0.0,0.0
484,1680003149.0494294,485,2Item7,2023-03-28 17:02:29.049429,1306.0,212.0,1296.0,236.0,-1.0,-1.0,4057.778999999981,593.0275268554688,587.6636352539064,0.5840967893600463,0.4963109791278839,0.4274148941040039,0.4956165254116058,0.0,0.0
485,1680003149.0578444,486,2Item7,2023-03-28 17:02:29.057844,1295.0,218.0,1296.0,241.0,-1.0,-1.0,4066.190999999992,592.9095458984375,587.6234130859375,0.5842193961143493,0.4963270425796508,0.4275231957435607,0.4955925047397613,0.0,0.0
486,1680003149.0662203,487,2Item7,2023-03-28 17:02:29.066221,1303.0,215.0,1297.0,243.0,2.376800537109375,3.33050537109375,4074.570999999996,592.8418579101562,587.5930786132812,0.5840882062911987,0.4962332248687744,0.4274283349514007,0.4956095218658447,0.0,0.0
487,1680003149.074374,488,2Item7,2023-03-28 17:02:29.074374,1306.0,210.0,1291.0,260.0,-1.0,-1.0,4082.7239999999874,592.6725463867188,587.4601440429688,0.5840718746185302,0.4963107705116272,0.427381545305252,0.4956278502941131,0.0,0.0
488,1680003149.0826938,489,2Item7,2023-03-28 17:02:29.082694,1302.0,217.0,1296.0,259.0,-1.0,-1.0,4091.0439999999935,592.5720825195312,587.420166015625,0.5842393636703491,0.4963456392288208,0.4274994730949401,0.4956125617027282,0.0,0.0
489,1680003149.0910296,490,2Item7,2023-03-28 17:02:29.091030,1299.0,220.0,1296.0,259.0,2.623626708984375,3.2937774658203125,4099.380000000005,592.5296630859375,587.4000854492188,0.584141731262207,0.496267020702362,0.4274337887763977,0.4956265985965728,0.0,0.0
490,1680003149.0994306,491,2Item7,2023-03-28 17:02:29.099431,1307.0,238.0,1304.0,249.0,-1.0,-1.0,4107.780000000028,592.3786010742188,587.2864379882812,0.5841332674026489,0.49632528424263,0.4274286031723022,0.4956244230270385,0.0,0.0
491,1680003149.1076856,492,2Item7,2023-03-28 17:02:29.107686,1305.0,232.0,1300.0,233.0,-1.0,-1.0,4116.036000000022,592.3042602539064,587.2730102539064,0.5842707157135009,0.4963585138320922,0.4275612533092498,0.4956155121326446,0.0,0.0
492,1680003149.1160774,493,2Item7,2023-03-28 17:02:29.116077,1304.0,234.0,1300.0,233.0,3.124420166015625,3.438827514648437,4124.427000000025,592.256591796875,587.2832641601562,0.584195852279663,0.4962854087352752,0.427492082118988,0.4956356287002563,0.0,0.0
493,1680003149.1243548,494,2Item7,2023-03-28 17:02:29.124355,1315.0,242.0,1293.0,238.0,-1.0,-1.0,4132.705000000016,592.1058349609375,587.1990966796875,0.584193468093872,0.4963345527648925,0.427478551864624,0.4956416189670562,0.0,0.0
494,1680003149.1328,495,2Item7,2023-03-28 17:02:29.132800,1345.0,231.0,1297.0,253.0,-1.0,-1.0,4141.150000000023,592.037109375,587.2098388671875,0.5843344330787658,0.4963794350624084,0.4276149868965148,0.495614469051361,0.0,0.0
495,1680003149.141019,496,2Item7,2023-03-28 17:02:29.141019,1345.0,231.0,1297.0,253.0,3.401473999023437,3.365570068359375,4149.362000000023,592.006103515625,587.2340087890625,0.5842307209968566,0.4963056743144989,0.4275448322296142,0.4956579208374023,0.0,0.0
496,1680003149.1495514,497,2Item7,2023-03-28 17:02:29.149551,1332.0,241.0,1303.0,240.0,-1.0,-1.0,4157.901000000013,591.910888671875,587.1611938476562,0.5842601656913757,0.4963893890380859,0.4275235533714294,0.4956811070442199,0.0,0.0
497,1680003149.1577594,498,2Item7,2023-03-28 17:02:29.157759,1306.0,252.0,1300.0,240.0,-1.0,-1.0,4166.108999999997,591.9180297851562,587.1890258789064,0.5843424797058105,0.4963509440422058,0.4276794493198394,0.4956730008125305,0.0,0.0
498,1680003149.1661506,499,2Item7,2023-03-28 17:02:29.166151,1305.0,242.0,1300.0,240.0,2.351837158203125,3.3660125732421875,4174.499000000011,591.9734497070312,587.2281494140625,0.5842854976654052,0.4963743388652801,0.4276661276817321,0.4956465661525726,0.0,0.0
499,1680003149.174406,500,2Item7,2023-03-28 17:02:29.174406,1318.0,247.0,1293.0,247.0,-1.0,-1.0,4182.755999999994,591.94970703125,587.16162109375,0.5843531489372253,0.4964320361614227,0.4276385903358459,0.4956901371479034,0.0,0.0
500,1680003149.1826854,501,2Item7,2023-03-28 17:02:29.182685,1300.0,256.0,1294.0,255.0,-1.0,-1.0,4191.035000000033,592.009033203125,587.184326171875,0.5844762921333313,0.4964001476764679,0.4278140664100647,0.495642215013504,0.0,0.0
501,1680003149.1910267,502,2Item7,2023-03-28 17:02:29.191027,1298.0,263.0,1294.0,255.0,2.8607330322265625,3.3253936767578125,4199.376999999979,592.1220703125,587.2142944335938,0.584426760673523,0.4964031875133514,0.4277653396129608,0.4956398904323577,0.0,0.0
502,1680003149.1995213,503,2Item7,2023-03-28 17:02:29.199521,1281.0,245.0,1302.0,258.0,-1.0,-1.0,4207.870999999985,592.1483154296875,587.1356811523438,0.5844533443450927,0.4964323341846466,0.4277565479278564,0.495636910200119,0.0,0.0
503,1680003149.2077205,504,2Item7,2023-03-28 17:02:29.207721,1295.0,240.0,1292.0,252.0,-1.0,-1.0,4216.070000000007,592.2821044921875,587.1429443359375,0.5846105217933654,0.4964140951633453,0.4278961420059204,0.495598554611206,0.0,0.0
504,1680003149.2160213,505,2Item7,2023-03-28 17:02:29.216021,-1.0,-1.0,1296.0,247.0,-1.0,2.7201385498046875,4224.372000000032,-1.0,587.1427612304688,-1.0,-1.0,0.4278225600719451,0.495568424463272,4.0,0.0
505,1680003149.2244534,506,2Item7,2023-03-28 17:02:29.224453,1315.0,245.0,1290.0,245.0,-1.0,-1.0,4232.803000000014,592.4920654296875,587.033935546875,0.584499716758728,0.4963536858558654,0.4278055429458618,0.4955634474754333,0.0,0.0
506,1680003149.2327714,507,2Item7,2023-03-28 17:02:29.232771,1330.0,229.0,1299.0,243.0,-1.0,-1.0,4241.122000000032,592.6439819335938,587.013427734375,0.5846583843231201,0.4963793456554412,0.4279527068138122,0.4955454468727111,0.0,0.0
507,1680003149.2410607,508,2Item7,2023-03-28 17:02:29.241061,1342.0,216.0,1300.0,247.0,3.4267730712890625,3.394683837890625,4249.408999999985,592.861083984375,586.993896484375,0.584584355354309,0.4963511526584625,0.4278962314128875,0.4955261349678039,0.0,0.0
508,1680003149.2500403,509,2Item7,2023-03-28 17:02:29.250041,1347.0,307.0,1307.0,243.0,-1.0,-1.0,4258.388000000035,592.9677734375,586.8674926757812,0.5845634937286377,0.4963471591472625,0.4279018640518188,0.4955402612686157,0.0,0.0
509,1680003149.2579525,510,2Item7,2023-03-28 17:02:29.257952,1331.0,329.0,1298.0,242.0,-1.0,-1.0,4266.303000000014,593.1357421875,586.8377685546875,0.5847166776657104,0.4963802397251129,0.4280408918857574,0.4955262541770935,0.0,0.0
510,1680003149.2662425,511,2Item7,2023-03-28 17:02:29.266243,1317.0,273.0,1298.0,239.0,3.839889526367188,2.7704315185546875,4274.591000000015,593.34716796875,586.8231201171875,0.5846157073974609,0.4963419139385223,0.4279694855213165,0.4954946935176849,0.0,0.0
511,1680003149.2744384,512,2Item7,2023-03-28 17:02:29.274438,1312.0,236.0,1299.0,250.0,-1.0,-1.0,4282.7880000000005,593.4258422851562,586.7086181640625,0.5845919251441954,0.4963482022285461,0.4279507398605346,0.495445430278778,0.0,0.0
512,1680003149.2827594,513,2Item7,2023-03-28 17:02:29.282759,1310.0,239.0,1298.0,251.0,-1.0,-1.0,4291.109999999986,593.5370483398438,586.6913452148438,0.5847144126892089,0.4963496625423431,0.4280678629875183,0.4954906702041626,0.0,0.0
513,1680003149.291078,514,2Item7,2023-03-28 17:02:29.291078,1310.0,239.0,1297.0,253.0,3.4037628173828125,3.428207397460937,4299.428000000014,593.6493530273438,586.6939086914064,0.5846340656280516,0.4963502585887908,0.4280005693435668,0.4954811036586761,0.0,0.0
514,1680003149.299851,515,2Item7,2023-03-28 17:02:29.299851,1311.0,263.0,1295.0,259.0,-1.0,-1.0,4308.201000000001,593.6280517578125,586.6012573242188,0.5846093893051147,0.4963678419589996,0.4279876351356506,0.49551522731781,0.0,0.0
515,1680003149.307721,516,2Item7,2023-03-28 17:02:29.307721,1294.0,273.0,1306.0,271.0,-1.0,-1.0,4316.070999999996,593.644287109375,586.619873046875,0.5846937298774719,0.4963141083717346,0.4281197786331176,0.4954687058925628,0.0,0.0
516,1680003149.3161278,517,2Item7,2023-03-28 17:02:29.316128,1294.0,273.0,1306.0,271.0,3.8128814697265625,3.4900054931640625,4324.478000000003,593.668212890625,586.6605224609375,0.5846795439720153,0.4963752031326293,0.4280661642551422,0.4955063462257385,0.0,0.0
517,1680003149.324363,518,2Item7,2023-03-28 17:02:29.324363,1295.0,254.0,1296.0,251.0,-1.0,-1.0,4332.712999999989,593.5693359375,586.6040649414064,0.5846486687660217,0.4963715672492981,0.4280605614185333,0.4955395758152008,0.0,0.0
518,1680003149.3326793,519,2Item7,2023-03-28 17:02:29.332679,1335.0,228.0,1306.0,226.0,-1.0,-1.0,4341.02899999998,593.5259399414064,586.6510009765625,0.5848249197006224,0.496411383152008,0.4281817972660064,0.4955441951751709,0.0,0.0
519,1680003149.341011,520,2Item7,2023-03-28 17:02:29.341011,1335.0,229.0,1306.0,224.0,3.5846099853515625,2.7471160888671875,4349.3610000000335,593.5219116210938,586.71826171875,0.5847477316856384,0.4963962435722351,0.428130954504013,0.4955235421657562,0.0,0.0
520,1680003149.3495638,521,2Item7,2023-03-28 17:02:29.349564,1323.0,210.0,1314.0,239.0,-1.0,-1.0,4357.9130000000005,593.4306640625,586.6843872070312,0.5847066044807434,0.4963881373405456,0.4281212389469146,0.4955367147922515,0.0,0.0
521,1680003149.3576975,522,2Item7,2023-03-28 17:02:29.357697,1323.0,205.0,1303.0,247.0,-1.0,-1.0,4366.04800000001,593.4176635742188,586.7468872070312,0.5848844051361084,0.496437668800354,0.4282474219799041,0.4955309927463531,0.0,0.0
522,1680003149.3660915,523,2Item7,2023-03-28 17:02:29.366092,1320.0,206.0,1300.0,250.0,2.709701538085937,2.8059539794921875,4374.440999999992,593.45654296875,586.8274536132812,0.5848398208618164,0.4964373707771301,0.4282123744487762,0.4955302476882934,0.0,0.0
523,1680003149.3744245,524,2Item7,2023-03-28 17:02:29.374424,1349.0,205.0,1302.0,263.0,-1.0,-1.0,4382.774000000034,593.4180297851562,586.807861328125,0.584818959236145,0.4964348673820495,0.4282181560993194,0.4955434203147888,0.0,0.0
524,1680003149.3828568,525,2Item7,2023-03-28 17:02:29.382857,1318.0,212.0,1304.0,257.0,-1.0,-1.0,4391.206999999994,593.4690551757812,586.8834838867188,0.5849462151527404,0.4964372217655181,0.4283933937549591,0.4955702126026153,0.0,0.0
525,1680003149.3909996,526,2Item7,2023-03-28 17:02:29.391000,1303.0,239.0,1305.0,257.0,2.8120574951171875,2.758407592773437,4399.348999999987,593.5596923828125,586.9705810546875,0.584925889968872,0.4964635968208313,0.4283605813980102,0.4955620765686035,0.0,0.0
526,1680003149.399349,527,2Item7,2023-03-28 17:02:29.399349,1315.0,221.0,1306.0,247.0,-1.0,-1.0,4407.699000000022,593.555908203125,586.9505004882812,0.5849239826202391,0.4964625835418701,0.4283769726753234,0.4955743849277496,0.0,0.0
527,1680003149.4077544,528,2Item7,2023-03-28 17:02:29.407754,1316.0,232.0,1305.0,250.0,-1.0,-1.0,4416.103999999992,593.6262817382812,587.0198364257812,0.5850632190704345,0.4964670240879058,0.4285372793674469,0.4955431818962097,0.0,0.0
528,1680003149.416029,529,2Item7,2023-03-28 17:02:29.416029,1316.0,232.0,1304.0,252.0,2.630355834960937,2.87066650390625,4424.378000000025,593.739990234375,587.0960083007812,0.5850516557693481,0.4965360164642334,0.4284622371196746,0.4955800771713256,0.0,0.0
529,1680003149.424502,530,2Item7,2023-03-28 17:02:29.424502,1300.0,163.0,1302.0,260.0,-1.0,-1.0,4432.8520000000135,593.7463989257812,587.0659790039064,0.5850305557250975,0.4965658485889434,0.4284593760967254,0.4955666363239288,0.0,0.0
530,1680003149.4326675,531,2Item7,2023-03-28 17:02:29.432667,1300.0,163.0,1303.0,261.0,-1.0,-1.0,4441.015000000014,593.8131713867188,587.1224365234375,0.585206389427185,0.4965921342372894,0.4285973906517028,0.4955703020095825,0.0,0.0
531,1680003149.442227,532,2Item7,2023-03-28 17:02:29.442227,1292.0,243.0,1305.0,259.0,3.1611785888671875,2.797592163085937,4450.57699999999,593.9146728515625,587.1832885742188,0.5851334929466246,0.4965818524360656,0.4285570383071899,0.4955908060073852,0.0,0.0
532,1680003149.4496107,533,2Item7,2023-03-28 17:02:29.449611,1290.0,243.0,1302.0,268.0,-1.0,-1.0,4457.960000000021,593.9153442382812,587.1288452148438,0.5851041674613952,0.4966195523738861,0.4285533428192138,0.4956015050411224,0.0,0.0
533,1680003149.4577837,534,2Item7,2023-03-28 17:02:29.457783,1286.0,240.0,1299.0,276.0,-1.0,-1.0,4466.13400000002,593.9907836914064,587.1561889648438,0.5852189064025878,0.4965819418430328,0.4286728203296661,0.4956397712230682,0.0,0.0
534,1680003149.466092,535,2Item7,2023-03-28 17:02:29.466092,-1.0,-1.0,-1.0,-1.0,-1.0,-1.0,4474.443000000028,-1.0,-1.0,-1.0,-1.0,-1.0,-1.0,4.0,4.0
535,1680003149.4744008,536,2Item7,2023-03-28 17:02:29.474401,1292.0,254.0,1297.0,257.0,-1.0,-1.0,4482.750999999988,594.0487060546875,587.1218872070312,0.5850929617881774,0.4966708123683929,0.4285646378993988,0.4957005977630615,0.0,0.0
536,1680003149.4826596,537,2Item7,2023-03-28 17:02:29.482660,1336.0,224.0,1298.0,254.0,-1.0,-1.0,4491.010000000008,594.1360473632812,587.1328125,0.5852279067039489,0.4967284202575683,0.4286457300186157,0.495728999376297,0.0,0.0
537,1680003149.4909945,538,2Item7,2023-03-28 17:02:29.490994,1331.0,235.0,1299.0,255.0,2.899276733398437,2.817977905273437,4499.3429999999935,594.264892578125,587.1522216796875,0.5851168632507324,0.496694266796112,0.4285402297973632,0.4957081377506256,0.0,0.0
538,1680003149.4993994,539,2Item7,2023-03-28 17:02:29.499399,1318.0,213.0,1298.0,267.0,-1.0,-1.0,4507.749000000011,594.293701171875,587.0651245117188,0.5850088596343994,0.4967146813869476,0.428517073392868,0.4957163035869598,0.0,0.0
539,1680003149.5076768,540,2Item7,2023-03-28 17:02:29.507677,1293.0,221.0,1292.0,262.0,-1.0,-1.0,4516.026000000013,594.3866577148438,587.0708618164064,0.5851556062698364,0.4967475831508636,0.428585410118103,0.4957666099071502,0.0,0.0
540,1680003149.5160038,541,2Item7,2023-03-28 17:02:29.516004,1295.0,220.0,1291.0,264.0,2.78265380859375,2.9317626953125,4524.353999999992,594.5150146484375,587.0904541015625,0.5850417613983154,0.4967139363288879,0.4284881949424743,0.495763748884201,0.0,0.0
541,1680003149.524364,542,2Item7,2023-03-28 17:02:29.524364,1299.0,230.0,1296.0,262.0,-1.0,-1.0,4532.714000000036,594.5179443359375,587.0181884765625,0.5849620699882507,0.4967108368873596,0.428452044725418,0.4957967400550842,0.0,0.0
542,1680003149.5326831,543,2Item7,2023-03-28 17:02:29.532683,1331.0,232.0,1296.0,267.0,-1.0,-1.0,4541.02899999998,594.5701904296875,587.0636596679688,0.5851078629493713,0.4967353045940399,0.4285409152507782,0.4957386553287506,0.0,0.0
543,1680003149.5410366,544,2Item7,2023-03-28 17:02:29.541037,1326.0,234.0,1296.0,267.0,2.79937744140625,3.3917999267578125,4549.386999999988,594.6211547851562,587.1408081054688,0.5850168466567993,0.4967091679573059,0.4284622073173522,0.495762288570404,0.0,0.0
544,1680003149.5496323,545,2Item7,2023-03-28 17:02:29.549632,1316.0,206.0,1299.0,257.0,-1.0,-1.0,4557.983000000008,594.5206909179688,587.1338500976562,0.5849606394767761,0.4966931641101837,0.428430825471878,0.4957697093486785,0.0,0.0
545,1680003149.5576713,546,2Item7,2023-03-28 17:02:29.557671,1306.0,232.0,1303.0,260.0,-1.0,-1.0,4566.021999999997,594.4505004882812,587.2352294921875,0.5851204991340637,0.4967170357704162,0.4285244643688201,0.4957277774810791,0.0,0.0
546,1680003149.566085,547,2Item7,2023-03-28 17:02:29.566085,1311.0,231.0,1303.0,262.0,3.714569091796875,3.269317626953125,4574.434000000008,594.3916015625,587.35986328125,0.5850386619567871,0.4966833889484405,0.4284442961215972,0.4957490861415863,0.0,0.0
547,1680003149.574371,548,2Item7,2023-03-28 17:02:29.574371,1314.0,232.0,1304.0,266.0,-1.0,-1.0,4582.72100000002,594.205322265625,587.3876342773438,0.5849926471710205,0.4966723024845123,0.4284062385559082,0.4957508444786071,0.0,0.0
548,1680003149.582646,549,2Item7,2023-03-28 17:02:29.582646,1313.0,229.0,1298.0,266.0,-1.0,-1.0,4590.997000000032,594.0704956054688,587.5120849609375,0.5851723551750183,0.4966981112957,0.4285235404968261,0.4957483410835266,0.0,0.0
549,1680003149.5910203,550,2Item7,2023-03-28 17:02:29.591020,1313.0,233.0,1300.0,264.0,2.754013061523437,2.82073974609375,4599.369999999995,593.9652099609375,587.64501953125,0.585146427154541,0.4966433644294738,0.4284831881523132,0.4957084953784942,0.0,0.0
550,1680003149.5993185,551,2Item7,2023-03-28 17:02:29.599319,1290.0,204.0,1293.0,263.0,-1.0,-1.0,4607.6689999999935,593.7514038085938,587.6717529296875,0.5851691961288452,0.4966272711753845,0.4285028576850891,0.4956549406051635,0.0,0.0
551,1680003149.607653,552,2Item7,2023-03-28 17:02:29.607653,1297.0,204.0,1299.0,252.0,-1.0,-1.0,4616.003000000025,593.6019287109375,587.7892456054688,0.5854033827781677,0.4965582191944122,0.4287015199661254,0.4955805242061615,0.0,0.0
552,1680003149.615971,553,2Item7,2023-03-28 17:02:29.615971,1283.0,190.0,1300.0,251.0,2.643218994140625,2.8255767822265625,4624.319000000018,593.5093383789064,587.9051513671875,0.5853316187858582,0.4964024722576141,0.4286997616291046,0.4954811930656433,0.0,0.0
553,1680003149.6243632,554,2Item7,2023-03-28 17:02:29.624363,1312.0,229.0,1301.0,242.0,-1.0,-1.0,4632.714000000036,593.3294677734375,587.8995971679688,0.5854414105415344,0.4963478446006774,0.4287663996219635,0.4954022169113159,0.0,0.0
554,1680003149.6326537,555,2Item7,2023-03-28 17:02:29.632653,1317.0,198.0,1301.0,242.0,-1.0,-1.0,4641.003000000025,593.2410278320312,587.9715576171875,0.5857434272766113,0.4962880313396453,0.4290058612823486,0.4952820241451263,0.0,0.0
555,1680003149.6410449,556,2Item7,2023-03-28 17:02:29.641045,1340.0,202.0,1314.0,253.0,3.63037109375,3.4113311767578125,4649.395000000019,593.21826171875,588.0427856445312,0.5857737064361572,0.4961664378643035,0.4290338158607482,0.4952211678028106,0.0,0.0
556,1680003149.6493406,557,2Item7,2023-03-28 17:02:29.649341,1343.0,205.0,1315.0,254.0,-1.0,-1.0,4657.690000000001,593.1116333007812,587.9933471679688,0.5858559012413024,0.4960525929927825,0.4291129112243652,0.4951347708702087,0.0,0.0
557,1680003149.657899,558,2Item7,2023-03-28 17:02:29.657899,1327.0,199.0,1301.0,244.0,-1.0,-1.0,4666.2480000000205,593.0797729492188,588.0231323242188,0.586155354976654,0.4959966540336608,0.429381638765335,0.4950746595859527,0.0,0.0
558,1680003149.6659715,559,2Item7,2023-03-28 17:02:29.665972,1323.0,208.0,1301.0,244.0,2.8452301025390625,2.852508544921875,4674.320999999996,593.0714721679688,588.0507202148438,0.5862162113189697,0.4958277940750122,0.429441213607788,0.4949902594089508,0.0,0.0
559,1680003149.6744142,560,2Item7,2023-03-28 17:02:29.674414,1320.0,207.0,1306.0,243.0,-1.0,-1.0,4682.765000000014,592.9578247070312,587.9585571289064,0.5863311886787415,0.4957411885261535,0.4295928180217742,0.4949178397655487,0.0,0.0
560,1680003149.682706,561,2Item7,2023-03-28 17:02:29.682706,1323.0,223.0,1314.0,252.0,-1.0,-1.0,4691.054999999993,592.90869140625,587.947021484375,0.5865869522094725,0.4956262707710266,0.429824411869049,0.4948926866054534,0.0,0.0
561,1680003149.691972,562,2Item7,2023-03-28 17:02:29.691972,1319.0,219.0,1313.0,250.0,2.766876220703125,2.8958740234375,4700.323000000033,592.88671875,587.9442749023438,0.5866185426712036,0.4954249560832977,0.4298523664474487,0.4948531687259674,0.0,0.0
562,1680003149.699374,563,2Item7,2023-03-28 17:02:29.699374,1322.0,216.0,1312.0,254.0,-1.0,-1.0,4707.722999999998,592.7611694335938,587.8308715820312,0.586741030216217,0.4953857958316803,0.4299499690532684,0.4948529005050659,0.0,0.0
563,1680003149.707637,564,2Item7,2023-03-28 17:02:29.707637,1305.0,230.0,1311.0,247.0,-1.0,-1.0,4715.987000000023,592.702880859375,587.80517578125,0.5869571566581726,0.4952989816665649,0.4301594495773315,0.4948449730873107,0.0,0.0
564,1680003149.7160208,565,2Item7,2023-03-28 17:02:29.716021,1309.0,231.0,1313.0,247.0,3.4260406494140625,2.8994140625,4724.370999999985,592.6785888671875,587.7872314453125,0.586948573589325,0.4951309561729431,0.4301294088363647,0.4948418140411377,0.0,0.0
565,1680003149.724516,566,2Item7,2023-03-28 17:02:29.724516,1325.0,269.0,1290.0,301.0,-1.0,-1.0,4732.864999999992,592.5631713867188,587.6788940429688,0.5869337916374207,0.4950750768184661,0.4300650954246521,0.494820088148117,0.0,0.0
566,1680003149.7326553,567,2Item7,2023-03-28 17:02:29.732655,1313.0,281.0,1290.0,301.0,-1.0,-1.0,4741.005999999994,592.5287475585938,587.677734375,0.5869938135147094,0.4949164986610412,0.4302345216274261,0.494884967803955,0.0,0.0
567,1680003149.7410266,568,2Item7,2023-03-28 17:02:29.741027,1314.0,270.0,1296.0,272.0,2.63287353515625,2.7373504638671875,4749.372000000032,592.5197143554688,587.6801147460938,0.5869051814079284,0.4948604702949523,0.4300928711891174,0.4948689937591552,0.0,0.0
568,1680003149.7493484,569,2Item7,2023-03-28 17:02:29.749348,1330.0,164.0,1297.0,256.0,-1.0,-1.0,4757.698000000033,592.4453125,587.5930786132812,0.5867658257484436,0.4948062002658844,0.4299373030662536,0.4948741495609283,0.0,0.0
569,1680003149.7579107,570,2Item7,2023-03-28 17:02:29.757911,1331.0,161.0,1307.0,252.0,-1.0,-1.0,4766.260000000008,592.4845581054688,587.611328125,0.5866478681564331,0.4946652352809906,0.4298791587352752,0.4948334395885467,0.0,0.0
570,1680003149.7660038,571,2Item7,2023-03-28 17:02:29.766004,-1.0,-1.0,1307.0,252.0,-1.0,3.375030517578125,4774.353999999992,-1.0,587.6345825195312,-1.0,-1.0,0.4295682311058044,0.4947649836540222,4.0,0.0
571,1680003149.7743504,572,2Item7,2023-03-28 17:02:29.774350,1300.0,254.0,1304.0,251.0,-1.0,-1.0,4782.701000000001,592.5576782226562,587.5673828125,0.5860791206359863,0.4945743680000305,0.4292258322238922,0.4946978688240051,0.0,0.0
572,1680003149.7827082,573,2Item7,2023-03-28 17:02:29.782708,1310.0,241.0,1309.0,260.0,-1.0,-1.0,4791.058000000019,592.6687622070312,587.5631103515625,0.5858288407325744,0.4945049583911895,0.429047018289566,0.4945875704288482,0.0,0.0
573,1680003149.791034,574,2Item7,2023-03-28 17:02:29.791034,1313.0,238.0,1309.0,260.0,2.710662841796875,3.452239990234375,4799.38400000002,592.8225708007812,587.5448608398438,0.5854022502899169,0.4944147765636444,0.4285767674446106,0.4945074319839477,0.0,0.0
574,1680003149.7993803,575,2Item7,2023-03-28 17:02:29.799380,1312.0,237.0,1314.0,265.0,-1.0,-1.0,4807.731000000029,592.9000244140625,587.3961181640625,0.5849520564079284,0.4943748116493225,0.4281474351882934,0.4944092333316803,0.0,0.0
575,1680003149.807655,576,2Item7,2023-03-28 17:02:29.807655,1336.0,208.0,1319.0,257.0,-1.0,-1.0,4816.005000000005,593.0674438476562,587.3187255859375,0.5846525430679321,0.4943200051784515,0.4278651177883148,0.4942750632762908,0.0,0.0
576,1680003149.8160677,577,2Item7,2023-03-28 17:02:29.816067,1333.0,208.0,1313.0,261.0,2.7030792236328125,2.8760986328125,4824.418000000005,593.26904296875,587.2316284179688,0.5841536521911621,0.4941502213478088,0.4273905158042907,0.4941251575946807,0.0,0.0
577,1680003149.8243115,578,2Item7,2023-03-28 17:02:29.824311,1325.0,187.0,1287.0,276.0,-1.0,-1.0,4832.661000000022,593.3734741210938,587.0226440429688,0.5837147235870361,0.4941358268260955,0.4269982278347015,0.4939750432968139,0.0,0.0
578,1680003149.832653,579,2Item7,2023-03-28 17:02:29.832653,1325.0,196.0,1302.0,268.0,-1.0,-1.0,4841.000999999988,593.54150390625,586.9063720703125,0.5835400819778442,0.4940874874591827,0.4268105328083038,0.4938136637210845,0.0,0.0
579,1680003149.8409894,580,2Item7,2023-03-28 17:02:29.840989,1324.0,196.0,1300.0,266.0,2.8463592529296875,2.861557006835937,4849.340000000026,593.747802734375,586.8212280273438,0.5832154154777526,0.4939698576927185,0.4265057742595672,0.493664413690567,0.0,0.0
580,1680003149.8493187,581,2Item7,2023-03-28 17:02:29.849319,1330.0,196.0,1304.0,270.0,-1.0,-1.0,4857.668000000005,593.8264770507812,586.631103515625,0.5830002427101135,0.4939076900482177,0.426353633403778,0.4934806823730468,0.0,0.0
581,1680003149.8576193,582,2Item7,2023-03-28 17:02:29.857619,1310.0,218.0,1302.0,275.0,-1.0,-1.0,4865.97000000003,593.9534912109375,586.5455932617188,0.5830033421516418,0.4937373995780944,0.4263836741447448,0.4933709800243377,0.0,0.0
582,1680003149.8659942,583,2Item7,2023-03-28 17:02:29.865994,1294.0,228.0,1305.0,275.0,2.884765625,2.830108642578125,4874.343999999983,594.0892333984375,586.5079956054688,0.5830262303352356,0.493729680776596,0.4263438284397125,0.4932755529880523,0.0,0.0
583,1680003149.8743277,584,2Item7,2023-03-28 17:02:29.874328,1285.0,221.0,1310.0,272.0,-1.0,-1.0,4882.677000000025,594.10107421875,586.3837890625,0.5830796360969543,0.4936515986919403,0.4264526665210723,0.4931410551071167,0.0,0.0
584,1680003149.8826163,585,2Item7,2023-03-28 17:02:29.882616,1286.0,217.0,1302.0,280.0,-1.0,-1.0,4890.967000000004,594.1753540039064,586.403076171875,0.5833957195281982,0.4936111867427825,0.4267531931400299,0.4930724799633026,0.0,0.0
585,1680003149.8909764,586,2Item7,2023-03-28 17:02:29.890976,1297.0,214.0,1302.0,279.0,2.8465118408203125,2.8565826416015625,4899.326000000001,594.2792358398438,586.4878540039064,0.5835147500038147,0.4934864938259124,0.4268983602523803,0.493036150932312,0.0,0.0
586,1680003149.8995335,587,2Item7,2023-03-28 17:02:29.899534,1313.0,232.0,1295.0,261.0,-1.0,-1.0,4907.88400000002,594.2605590820312,586.5017700195312,0.5838353633880615,0.4934718906879425,0.4271667599678039,0.4929985404014587,0.0,0.0
587,1680003149.9077158,588,2Item7,2023-03-28 17:02:29.907716,1293.0,246.0,1296.0,243.0,-1.0,-1.0,4916.065000000001,594.3051147460938,586.6304931640625,0.5843452811241149,0.4935002326965332,0.4276141822338104,0.4929577708244323,0.0,0.0
588,1680003149.9159622,589,2Item7,2023-03-28 17:02:29.915962,1299.0,233.0,1296.0,242.0,2.816070556640625,2.844512939453125,4924.3120000000345,594.385986328125,586.8002319335938,0.5846281051635742,0.4934502840042114,0.4279042780399322,0.4928941428661346,0.0,0.0
589,1680003149.9243064,590,2Item7,2023-03-28 17:02:29.924306,1299.0,226.0,1309.0,250.0,-1.0,-1.0,4932.657000000007,594.347900390625,586.8479614257812,0.5849522352218627,0.4934438169002533,0.4282556176185607,0.4928772151470184,0.0,0.0
590,1680003149.9326298,591,2Item7,2023-03-28 17:02:29.932630,1327.0,208.0,1312.0,261.0,-1.0,-1.0,4940.978999999992,594.3657836914064,586.9830322265625,0.5854935050010681,0.4934555888175964,0.4287556409835815,0.4928308427333831,0.0,0.0
591,1680003149.9409451,592,2Item7,2023-03-28 17:02:29.940945,1324.0,214.0,1314.0,261.0,2.892822265625,2.8688201904296875,4949.296000000031,594.3994140625,587.1275634765625,0.5858156681060791,0.4934574365615844,0.4290289580821991,0.4927707314491272,0.0,0.0
592,1680003149.949434,593,2Item7,2023-03-28 17:02:29.949434,1314.0,217.0,1302.0,252.0,-1.0,-1.0,4957.785000000033,594.3178100585938,587.1663818359375,0.5860914587974548,0.4934134781360626,0.4293238818645477,0.4927143454551696,0.0,0.0
593,1680003149.957756,594,2Item7,2023-03-28 17:02:29.957756,1296.0,237.0,1311.0,249.0,-1.0,-1.0,4966.1049999999805,594.2833251953125,587.2577514648438,0.5865342020988464,0.4933401644229888,0.429760605096817,0.4926174581050872,0.0,0.0
594,1680003149.9659605,595,2Item7,2023-03-28 17:02:29.965961,1307.0,228.0,1310.0,252.0,2.729705810546875,2.900604248046875,4974.310999999987,594.2709350585938,587.3414916992188,0.5867464542388916,0.4933492243289947,0.4299221336841583,0.4924965500831604,0.0,0.0
595,1680003149.974532,596,2Item7,2023-03-28 17:02:29.974532,1311.0,227.0,1318.0,275.0,-1.0,-1.0,4982.881999999983,594.154296875,587.2891235351562,0.5868929624557495,0.4933396577835083,0.430086463689804,0.4924145638942718,0.0,0.0
596,1680003149.9826183,597,2Item7,2023-03-28 17:02:29.982618,1325.0,203.0,1308.0,275.0,-1.0,-1.0,4990.968999999983,594.08642578125,587.2960205078125,0.5872362852096557,0.4934607744216918,0.4303689002990722,0.4924805760383606,0.0,0.0
597,1680003149.9909606,598,2Item7,2023-03-28 17:02:29.990961,1338.0,205.0,1306.0,275.0,3.494369506835937,2.9004058837890625,4999.309999999998,594.0513916015625,587.2730712890625,0.5872617959976196,0.4935734570026397,0.4303801357746124,0.4925271868705749,0.0,0.0
598,1680003149.999441,599,2Item7,2023-03-28 17:02:29.999441,1328.0,192.0,1308.0,260.0,-1.0,-1.0,5007.7910000000265,593.9115600585938,587.1353759765625,0.5872591733932495,0.4937423467636108,0.4303946793079376,0.4926864802837371,0.0,0.0
599,1680003150.0076375,600,2Item7,2023-03-28 17:02:30.007638,1334.0,198.0,1316.0,259.0,-1.0,-1.0,5015.988000000012,593.8286743164064,587.076416015625,0.5874491333961486,0.4939450323581695,0.4305614233016967,0.4927735924720764,0.0,0.0
600,1680003150.015977,601,2Item7,2023-03-28 17:02:30.015977,1329.0,194.0,-1.0,-1.0,2.7098388671875,-1.0,5024.32699999999,593.7657470703125,-1.0,0.5873655676841735,0.4940223693847656,-1.0,-1.0,0.0,4.0
601,1680003150.0243032,602,2Item7,2023-03-28 17:02:30.024303,1335.0,222.0,1304.0,276.0,-1.0,-1.0,5032.65399999998,593.60888671875,586.920654296875,0.5872393250465393,0.494131326675415,0.4303304255008697,0.4929344654083252,0.0,0.0
602,1680003150.0338044,603,2Item7,2023-03-28 17:02:30.033804,1309.0,256.0,1304.0,281.0,-1.0,-1.0,5042.152999999991,593.5247802734375,586.880615234375,0.5872532725334167,0.4941338896751403,0.4303792715072631,0.492897629737854,0.0,0.0
603,1680003150.0409453,604,2Item7,2023-03-28 17:02:30.040945,1309.0,256.0,1314.0,281.0,2.649261474609375,3.0431671142578125,5049.294999999984,593.4751586914064,586.8305053710938,0.5871359705924987,0.4941844940185546,0.4301681220531463,0.492926150560379,0.0,0.0
604,1680003150.0495162,605,2Item7,2023-03-28 17:02:30.049516,1298.0,216.0,1293.0,273.0,-1.0,-1.0,5057.867000000028,593.3451538085938,586.6796875,0.5869356393814086,0.4941543638706207,0.4300255179405212,0.4928887784481048,0.0,0.0
605,1680003150.0577376,606,2Item7,2023-03-28 17:02:30.057738,1307.0,210.0,1293.0,270.0,-1.0,-1.0,5066.087999999989,593.2982788085938,586.624755859375,0.5869902968406677,0.4941449165344238,0.4300360679626464,0.4928002059459686,0.0,0.0
606,1680003150.0660024,607,2Item7,2023-03-28 17:02:30.066002,1309.0,203.0,1303.0,257.0,2.5974578857421875,2.9783477783203125,5074.353000000003,593.3051147460938,586.5779418945312,0.5868061780929565,0.4940647780895233,0.4298391342163085,0.4927996695041656,0.0,0.0
607,1680003150.074293,608,2Item7,2023-03-28 17:02:30.074293,1307.0,196.0,1303.0,262.0,-1.0,-1.0,5082.642999999982,593.218505859375,586.4282836914064,0.5866487026214598,0.4940321445465087,0.429710566997528,0.4927719831466674,0.0,0.0
608,1680003150.082632,609,2Item7,2023-03-28 17:02:30.082632,1309.0,187.0,1295.0,260.0,-1.0,-1.0,5090.982000000017,593.205322265625,586.3766479492188,0.5867370963096618,0.4939669370651245,0.4297896027565002,0.4926998019218444,0.0,0.0
609,1680003150.0909455,610,2Item7,2023-03-28 17:02:30.090945,1298.0,205.0,1295.0,262.0,2.88543701171875,3.013214111328125,5099.296000000031,593.2359008789064,586.34375,0.5865463018417358,0.4938628673553466,0.4296993613243103,0.4927179515361785,0.0,0.0
610,1680003150.0993068,611,2Item7,2023-03-28 17:02:30.099307,1314.0,211.0,1296.0,279.0,-1.0,-1.0,5107.657000000007,593.151611328125,586.19287109375,0.5865166783332824,0.4937818050384521,0.4296720921993255,0.4926694929599762,0.0,0.0
611,1680003150.107602,612,2Item7,2023-03-28 17:02:30.107602,1337.0,196.0,1298.0,277.0,-1.0,-1.0,5115.95299999998,593.1533203125,586.125732421875,0.5867253541946411,0.4937875866889953,0.4298222661018371,0.4926323294639587,0.0,0.0
612,1680003150.116007,613,2Item7,2023-03-28 17:02:30.116007,1339.0,203.0,1304.0,263.0,2.9490509033203125,2.93731689453125,5124.357000000017,593.1721801757812,586.0757446289064,0.5866785049438475,0.4936171174049377,0.4297787845134735,0.4925971031188964,0.0,0.0
613,1680003150.124295,614,2Item7,2023-03-28 17:02:30.124295,1337.0,228.0,1297.0,247.0,-1.0,-1.0,5132.641999999993,593.0845336914064,585.916259765625,0.5867002606391906,0.4936575889587402,0.429816335439682,0.4925612807273864,0.0,0.0
614,1680003150.1327384,615,2Item7,2023-03-28 17:02:30.132738,1328.0,229.0,1298.0,259.0,-1.0,-1.0,5141.089000000036,593.0570068359375,585.8739624023438,0.5869296193122863,0.493663877248764,0.4300383329391479,0.4925150275230407,0.0,0.0
615,1680003150.141045,616,2Item7,2023-03-28 17:02:30.141045,1328.0,216.0,1284.0,245.0,2.83245849609375,2.9526824951171875,5149.394000000028,593.01806640625,585.8514404296875,0.5869377255439758,0.493596613407135,0.4300343096256256,0.4925063848495483,0.0,0.0
616,1680003150.149288,617,2Item7,2023-03-28 17:02:30.149288,1314.0,211.0,1292.0,238.0,-1.0,-1.0,5157.638000000035,592.8599853515625,585.7294921875,0.5869743824005127,0.4936107397079467,0.4301327466964721,0.4925273060798645,0.0,0.0
617,1680003150.1575966,618,2Item7,2023-03-28 17:02:30.157597,1298.0,220.0,1292.0,238.0,-1.0,-1.0,5165.946999999986,592.7567138671875,585.7183227539064,0.5871763229370117,0.493563562631607,0.4303508698940277,0.4924972653388977,0.0,0.0
618,1680003150.1659644,619,2Item7,2023-03-28 17:02:30.165964,1296.0,234.0,1296.0,258.0,3.058349609375,2.935546875,5174.314000000013,592.6761474609375,585.733154296875,0.5872629880905151,0.4935612976551055,0.4303810894489288,0.4924598038196563,0.0,0.0
619,1680003150.1743555,620,2Item7,2023-03-28 17:02:30.174356,1291.0,200.0,1293.0,257.0,-1.0,-1.0,5182.706000000006,592.4925537109375,585.6527709960938,0.5873069167137146,0.4935364127159118,0.4304798245429992,0.4923818707466125,0.0,0.0
620,1680003150.182611,621,2Item7,2023-03-28 17:02:30.182611,1294.0,223.0,1293.0,257.0,-1.0,-1.0,5190.959000000032,592.3859252929688,585.677978515625,0.5875539779663085,0.4935329258441925,0.430701732635498,0.4923690557479858,0.0,0.0
621,1680003150.1910262,622,2Item7,2023-03-28 17:02:30.191026,1294.0,218.0,1294.0,260.0,2.8889923095703125,3.028778076171875,5199.376999999979,592.3278198242188,585.739013671875,0.5875418186187744,0.4933835268020629,0.430689513683319,0.4923204779624939,0.0,0.0
622,1680003150.19934,623,2Item7,2023-03-28 17:02:30.199340,1320.0,226.0,1308.0,266.0,-1.0,-1.0,5207.690000000001,592.1856079101562,585.7061157226562,0.5876385569572448,0.4934013783931732,0.4307861030101776,0.4922840297222137,0.0,0.0
623,1680003150.2076323,624,2Item7,2023-03-28 17:02:30.207633,1310.0,237.0,1309.0,266.0,-1.0,-1.0,5215.983000000008,592.1436157226562,585.7613525390625,0.5877996683120728,0.4933056235313415,0.4309654533863067,0.4922184348106384,0.0,0.0
624,1680003150.215952,625,2Item7,2023-03-28 17:02:30.215952,1314.0,233.0,-1.0,-1.0,3.819107055664064,-1.0,5224.303000000014,592.1587524414064,-1.0,0.5878095030784606,0.4932267665863037,-1.0,-1.0,0.0,4.0
625,1680003150.224361,626,2Item7,2023-03-28 17:02:30.224361,1295.0,238.0,1295.0,260.0,-1.0,-1.0,5232.711000000009,592.1015625,585.790283203125,0.5879086256027221,0.4932956099510192,0.4310490489006042,0.4920951724052429,0.0,0.0
626,1680003150.2326548,627,2Item7,2023-03-28 17:02:30.232655,1276.0,255.0,1295.0,264.0,-1.0,-1.0,5241.005000000005,592.1683959960938,585.843994140625,0.5881122350692749,0.4932725429534912,0.43125581741333,0.4920001327991485,0.0,0.0
627,1680003150.240971,628,2Item7,2023-03-28 17:02:30.240971,1279.0,252.0,1297.0,256.0,2.93170166015625,3.014556884765625,5249.320000000007,592.2826538085938,585.9053955078125,0.5881364345550537,0.4932240843772888,0.431266039609909,0.4919743835926055,0.0,0.0
628,1680003150.2493925,629,2Item7,2023-03-28 17:02:30.249392,1283.0,264.0,1296.0,254.0,-1.0,-1.0,5257.742000000028,592.3273315429688,585.8685302734375,0.5881606340408325,0.4932485520839691,0.4313040077686309,0.4919495582580566,0.0,0.0
629,1680003150.2576706,630,2Item7,2023-03-28 17:02:30.257671,1318.0,218.0,1305.0,253.0,-1.0,-1.0,5266.021000000008,592.4705810546875,585.9240112304688,0.5883492231369019,0.4932745993137359,0.4315111339092254,0.4919001758098602,0.0,0.0
630,1680003150.2659483,631,2Item7,2023-03-28 17:02:30.265948,1317.0,208.0,1304.0,251.0,2.849853515625,2.998291015625,5274.29800000001,592.650390625,585.9961547851562,0.5883649587631224,0.4932729005813598,0.4315176010131835,0.4918960928916931,0.0,0.0
631,1680003150.2742703,632,2Item7,2023-03-28 17:02:30.274271,1306.0,184.0,1304.0,253.0,-1.0,-1.0,5282.620999999985,592.7316284179688,585.9617919921875,0.5883774757385253,0.4933400750160217,0.4315802454948425,0.49189954996109,0.0,0.0
632,1680003150.2826414,633,2Item7,2023-03-28 17:02:30.282641,1314.0,189.0,1301.0,251.0,-1.0,-1.0,5290.992000000028,592.8839721679688,586.0169067382812,0.588585615158081,0.4934099912643432,0.4317682981491088,0.4918955266475677,0.0,0.0
633,1680003150.2910042,634,2Item7,2023-03-28 17:02:30.291004,1326.0,199.0,1304.0,259.0,2.8818511962890625,2.991058349609375,5299.353999999992,593.0538330078125,586.0758666992188,0.588589072227478,0.49344202876091,0.4317316114902496,0.4919090867042541,0.0,0.0
634,1680003150.2992978,635,2Item7,2023-03-28 17:02:30.299298,1337.0,204.0,1302.0,243.0,-1.0,-1.0,5307.646999999997,593.111083984375,586.0311279296875,0.5886090397834777,0.4934845864772796,0.4317970871925354,0.4919010400772094,0.0,0.0
635,1680003150.3076422,636,2Item7,2023-03-28 17:02:30.307642,1320.0,226.0,1299.0,243.0,-1.0,-1.0,5315.993000000017,593.2250366210938,586.0744018554688,0.5887549519538879,0.4935044348239898,0.4319712817668914,0.4919161200523376,0.0,0.0
636,1680003150.3159404,637,2Item7,2023-03-28 17:02:30.315940,1313.0,221.0,1302.0,241.0,2.7940216064453125,2.9453125,5324.289999999979,593.3492431640625,586.1292114257812,0.5887772440910339,0.4935969710350036,0.4319415688514709,0.4919507801532745,0.0,0.0
637,1680003150.3242755,638,2Item7,2023-03-28 17:02:30.324276,1311.0,223.0,1301.0,261.0,-1.0,-1.0,5332.625999999988,593.3526611328125,586.0792846679688,0.5887542366981506,0.4936724603176116,0.4319680333137512,0.4919699132442474,0.0,0.0
638,1680003150.3327167,639,2Item7,2023-03-28 17:02:30.332717,1315.0,213.0,1305.0,270.0,-1.0,-1.0,5341.065000000001,593.4186401367188,586.1192626953125,0.5889139175415039,0.4936849772930145,0.4321613907814025,0.4919840693473815,0.0,0.0
639,1680003150.3412592,640,2Item7,2023-03-28 17:02:30.341259,1309.0,218.0,1301.0,269.0,2.906219482421875,2.993438720703125,5349.606000000029,593.4998168945312,586.1563110351562,0.5889011621475219,0.4936819076538085,0.4320998787879943,0.4920086562633514,0.0,0.0
640,1680003150.3492944,641,2Item7,2023-03-28 17:02:30.349294,1314.0,203.0,1294.0,260.0,-1.0,-1.0,5357.644000000028,593.4664916992188,586.0869750976562,0.5889199376106262,0.4937786757946014,0.4321424067020416,0.4920172691345214,0.0,0.0
641,1680003150.357643,642,2Item7,2023-03-28 17:02:30.357643,1324.0,199.0,1293.0,254.0,-1.0,-1.0,5365.992000000028,593.5177001953125,586.1036987304688,0.5891278982162474,0.4938839972019195,0.4323121905326843,0.4920164942741394,0.0,0.0
642,1680003150.3660712,643,2Item7,2023-03-28 17:02:30.366071,1329.0,194.0,1291.0,255.0,2.8053131103515625,2.9826202392578125,5374.4220000000205,593.6069946289064,586.1290893554688,0.5890040397644043,0.4937802851200103,0.4322812855243682,0.4919928610324859,0.0,0.0
643,1680003150.3743892,644,2Item7,2023-03-28 17:02:30.374389,1316.0,201.0,1307.0,260.0,-1.0,-1.0,5382.739000000001,593.5983276367188,586.0507202148438,0.589084804058075,0.4938774704933166,0.4323142766952514,0.49201700091362,0.0,0.0
644,1680003150.3826048,645,2Item7,2023-03-28 17:02:30.382605,1298.0,208.0,1304.0,258.0,-1.0,-1.0,5390.955000000016,593.670654296875,586.0648193359375,0.5892322063446044,0.4938641488552093,0.4324847757816314,0.491991102695465,0.0,0.0
645,1680003150.3909218,646,2Item7,2023-03-28 17:02:30.390922,1297.0,211.0,1311.0,253.0,2.8243408203125,3.0887451171875,5399.271999999997,593.7963256835938,586.0867919921875,0.5891637802124023,0.4938991367816925,0.432414174079895,0.4920108914375305,0.0,0.0
646,1680003150.3993556,647,2Item7,2023-03-28 17:02:30.399356,1304.0,207.0,1289.0,261.0,-1.0,-1.0,5407.70299999998,593.8278198242188,586.0079345703125,0.5891762971878051,0.4939993321895599,0.4324099719524383,0.4920636117458343,0.0,0.0
647,1680003150.4076507,648,2Item7,2023-03-28 17:02:30.407651,1329.0,195.0,1285.0,266.0,-1.0,-1.0,5416.000999999988,593.93798828125,586.0202026367188,0.5893138647079467,0.4940332770347595,0.4325312972068786,0.4920883476734161,0.0,0.0
648,1680003150.416193,649,2Item7,2023-03-28 17:02:30.416193,1325.0,202.0,-1.0,-1.0,2.8451080322265625,-1.0,5424.543000000005,594.0890502929688,-1.0,0.5892075896263121,0.4939908683300018,-1.0,-1.0,0.0,4.0
649,1680003150.424309,650,2Item7,2023-03-28 17:02:30.424309,1303.0,248.0,1293.0,276.0,-1.0,-1.0,5432.658999999985,594.1373901367188,585.9700927734375,0.5891702771186828,0.4940754473209381,0.432433933019638,0.4921391904354095,0.0,0.0
650,1680003150.433812,651,2Item7,2023-03-28 17:02:30.433812,1291.0,247.0,1297.0,282.0,-1.0,-1.0,5442.162000000011,594.2484130859375,585.9854125976562,0.5893251895904541,0.4941601753234863,0.4325467646121978,0.4921728372573852,0.0,0.0
651,1680003150.440972,652,2Item7,2023-03-28 17:02:30.440972,1287.0,250.0,1305.0,273.0,2.939559936523437,2.97772216796875,5449.320999999996,594.3626708984375,586.0137939453125,0.5891830921173095,0.4940813481807708,0.4324365258216857,0.4922065138816833,0.0,0.0
652,1680003150.449267,653,2Item7,2023-03-28 17:02:30.449267,1286.0,271.0,1293.0,252.0,-1.0,-1.0,5457.617000000028,594.33837890625,585.9439086914064,0.5891024470329284,0.4941363036632537,0.4323762655258178,0.4922320544719696,0.0,0.0
653,1680003150.4577918,654,2Item7,2023-03-28 17:02:30.457792,1311.0,248.0,1290.0,257.0,-1.0,-1.0,5466.141999999993,594.35888671875,585.9710083007812,0.5892335772514343,0.4942036271095275,0.4324491024017334,0.4922283887863159,0.0,0.0
654,1680003150.4659288,655,2Item7,2023-03-28 17:02:30.465929,1327.0,178.0,1287.0,256.0,2.7618865966796875,2.9762115478515625,5474.27899999998,594.3905029296875,586.0037841796875,0.5890835523605346,0.4941549599170684,0.4322988986968994,0.4922523498535156,0.0,0.0
655,1680003150.4742825,656,2Item7,2023-03-28 17:02:30.474282,1320.0,184.0,1296.0,256.0,-1.0,-1.0,5482.633000000032,594.3010864257812,585.9376831054688,0.588957667350769,0.4941620826721191,0.4322032928466796,0.4922748804092407,0.0,0.0
656,1680003150.4826405,657,2Item7,2023-03-28 17:02:30.482640,1313.0,179.0,1296.0,253.0,-1.0,-1.0,5490.989999999992,594.2526245117188,585.9678344726562,0.5890257954597473,0.494179755449295,0.4322289526462554,0.4922453761100769,0.0,0.0
657,1680003150.4910796,658,2Item7,2023-03-28 17:02:30.491080,1327.0,181.0,1301.0,227.0,2.7659912109375,2.937118530273437,5499.429999999993,594.215576171875,586.0022583007812,0.588828444480896,0.4940396249294281,0.4320342540740966,0.4922790825366973,0.0,0.0
658,1680003150.4993205,659,2Item7,2023-03-28 17:02:30.499321,1334.0,172.0,1297.0,240.0,-1.0,-1.0,5507.669999999984,594.0589599609375,585.9376220703125,0.5887035131454467,0.4941106736660003,0.4319292306900024,0.4923122227191925,0.0,0.0
659,1680003150.5076125,660,2Item7,2023-03-28 17:02:30.507612,1307.0,245.0,1299.0,232.0,-1.0,-1.0,5515.962,593.9545288085938,585.9649047851562,0.5887308716773986,0.4940370023250579,0.4319718778133392,0.4923010766506195,0.0,0.0
660,1680003150.5159118,661,2Item7,2023-03-28 17:02:30.515912,1307.0,245.0,1295.0,236.0,2.7544097900390625,2.9113006591796875,5524.261999999988,593.8697509765625,585.9983520507812,0.588621437549591,0.4940874278545379,0.431796908378601,0.4923280775547027,0.0,0.0
661,1680003150.5244062,662,2Item7,2023-03-28 17:02:30.524406,1306.0,240.0,1292.0,239.0,-1.0,-1.0,5532.755000000005,593.6806640625,585.9258422851562,0.5884950757026672,0.4940552115440368,0.4316678941249847,0.4923384487628936,0.0,0.0
662,1680003150.5327747,663,2Item7,2023-03-28 17:02:30.532775,1330.0,212.0,1292.0,239.0,-1.0,-1.0,5541.124000000011,593.5728149414064,585.9421997070312,0.5885897278785704,0.4940859377384185,0.4317233562469482,0.4923233985900878,0.0,0.0
663,1680003150.5409367,664,2Item7,2023-03-28 17:02:30.540937,1311.0,242.0,1302.0,236.0,2.8889312744140625,2.929779052734375,5549.287000000011,593.5093994140625,585.9610595703125,0.5884261727333068,0.4940458536148071,0.4315490424633026,0.4923677742481231,0.0,0.0
664,1680003150.549281,665,2Item7,2023-03-28 17:02:30.549281,1315.0,243.0,1311.0,231.0,-1.0,-1.0,5557.630999999994,593.357666015625,585.8685913085938,0.5883057117462158,0.4940496981143951,0.4314772486686706,0.4923964142799377,0.0,0.0
665,1680003150.5577548,666,2Item7,2023-03-28 17:02:30.557755,1315.0,243.0,1315.0,243.0,-1.0,-1.0,5566.1049999999805,593.288330078125,585.8673706054688,0.588380455970764,0.4940930008888244,0.4314844608306884,0.4924375712871551,0.0,0.0
666,1680003150.5659454,667,2Item7,2023-03-28 17:02:30.565945,1319.0,210.0,1295.0,269.0,2.833282470703125,3.096160888671875,5574.294999999984,593.2561645507812,585.8740844726562,0.5882463455200195,0.4940521419048309,0.4313315153121948,0.4924240410327911,0.0,0.0
667,1680003150.5742378,668,2Item7,2023-03-28 17:02:30.574238,1309.0,189.0,1291.0,270.0,-1.0,-1.0,5582.587999999989,593.1362915039064,585.7754516601562,0.5881512761116027,0.4940700829029083,0.4312559366226196,0.4924634397029876,0.0,0.0
668,1680003150.582558,669,2Item7,2023-03-28 17:02:30.582558,1310.0,194.0,1322.0,233.0,-1.0,-1.0,5590.907000000007,593.1136474609375,585.7763671875,0.5882768630981445,0.4941152334213256,0.4313310980796814,0.4924964010715484,0.0,0.0
669,1680003150.5910623,670,2Item7,2023-03-28 17:02:30.591062,1314.0,206.0,1309.0,239.0,2.834930419921875,2.96258544921875,5599.412000000011,593.1350708007812,585.8009033203125,0.5881064534187316,0.4939756393432617,0.4312014579772949,0.4924860000610351,0.0,0.0
670,1680003150.5993938,671,2Item7,2023-03-28 17:02:30.599394,1327.0,251.0,1317.0,250.0,-1.0,-1.0,5607.744000000006,593.062744140625,585.7178344726562,0.5880541801452636,0.4940717220306396,0.4311518967151641,0.4924960136413574,0.0,0.0
671,1680003150.6075604,672,2Item7,2023-03-28 17:02:30.607560,1283.0,246.0,1303.0,261.0,-1.0,-1.0,5615.910000000033,593.056884765625,585.7300415039064,0.5881836414337158,0.4941179752349853,0.4312270879745483,0.4925329089164733,0.0,0.0
672,1680003150.616086,673,2Item7,2023-03-28 17:02:30.616086,1292.0,316.0,1309.0,264.0,3.0966033935546875,2.916244506835937,5624.435999999987,593.0781860351562,585.756591796875,0.5880833864212036,0.4940851032733917,0.4311150908470153,0.4925329387187957,0.0,0.0
673,1680003150.6243646,674,2Item7,2023-03-28 17:02:30.624365,1285.0,270.0,1309.0,249.0,-1.0,-1.0,5632.714000000036,592.9874877929688,585.6937255859375,0.5880106091499328,0.494108647108078,0.4310650825500488,0.4925712943077087,0.0,0.0
674,1680003150.632738,675,2Item7,2023-03-28 17:02:30.632738,1328.0,191.0,1313.0,245.0,-1.0,-1.0,5641.087,592.95947265625,585.735107421875,0.5881467461585999,0.4941791892051696,0.4311738610267639,0.4925644397735595,0.0,0.0
675,1680003150.6409056,676,2Item7,2023-03-28 17:02:30.640906,1321.0,176.0,1299.0,249.0,2.7046051025390625,2.9780426025390625,5649.255999999994,592.956787109375,585.7911376953125,0.5880407691001892,0.4941578209400177,0.431043654680252,0.4926090240478515,0.0,0.0
676,1680003150.6492755,677,2Item7,2023-03-28 17:02:30.649276,1325.0,192.0,1283.0,247.0,-1.0,-1.0,5657.625,592.8426513671875,585.7520751953125,0.5879918932914733,0.4941631555557251,0.4310026168823242,0.4926234781742095,0.0,0.0
677,1680003150.6576283,678,2Item7,2023-03-28 17:02:30.657629,1320.0,193.0,1284.0,247.0,-1.0,-1.0,5665.978999999992,592.7965698242188,585.8114013671875,0.5881553888320922,0.4942446053028106,0.4311206638813018,0.492659717798233,0.0,0.0
678,1680003150.66602,679,2Item7,2023-03-28 17:02:30.666020,1309.0,214.0,1300.0,258.0,2.7937469482421875,2.951934814453125,5674.369999999995,592.7763061523438,585.87744140625,0.5880747437477111,0.4942283034324646,0.4310318231582641,0.4926393032073974,0.0,0.0
679,1680003150.6742806,680,2Item7,2023-03-28 17:02:30.674281,-1.0,-1.0,1307.0,260.0,-1.0,-1.0,5682.630000000005,-1.0,585.8342895507812,-1.0,-1.0,0.431019514799118,0.4926626086235046,4.0,0.0
680,1680003150.682603,681,2Item7,2023-03-28 17:02:30.682603,1321.0,212.0,1303.0,251.0,-1.0,-1.0,5690.95299999998,592.6092529296875,585.8707885742188,0.5881913304328918,0.4943002462387085,0.4311299324035644,0.4926848113536834,0.0,0.0
681,1680003150.6908956,682,2Item7,2023-03-28 17:02:30.690896,1320.0,227.0,1303.0,251.0,2.754913330078125,3.097564697265625,5699.244999999995,592.591064453125,585.9204711914064,0.5880749821662902,0.4942553341388702,0.4310572743415832,0.4926456809043884,0.0,0.0
682,1680003150.6993115,683,2Item7,2023-03-28 17:02:30.699311,1327.0,198.0,1285.0,252.0,-1.0,-1.0,5707.662000000011,592.4630126953125,585.8682250976562,0.5880988836288452,0.4943156242370605,0.43103688955307,0.4926691651344299,0.0,0.0
683,1680003150.7076032,684,2Item7,2023-03-28 17:02:30.707603,1329.0,205.0,1284.0,258.0,-1.0,-1.0,5715.95299999998,592.4117431640625,585.9090576171875,0.588247001171112,0.4943293631076812,0.4311538338661193,0.492631584405899,0.0,0.0
684,1680003150.7159233,685,2Item7,2023-03-28 17:02:30.715923,1318.0,221.0,1297.0,244.0,2.847320556640625,2.920501708984375,5724.2729999999865,592.4141235351562,585.9553833007812,0.5881259441375732,0.4942868053913116,0.4310640394687652,0.4926635921001434,0.0,0.0
685,1680003150.724224,686,2Item7,2023-03-28 17:02:30.724224,1321.0,228.0,1298.0,268.0,-1.0,-1.0,5732.574000000022,592.3201293945312,585.8941040039064,0.588131308555603,0.4943780303001403,0.4310413897037506,0.4927003681659698,0.0,0.0
686,1680003150.7326634,687,2Item7,2023-03-28 17:02:30.732663,1323.0,216.0,1310.0,267.0,-1.0,-1.0,5741.011999999988,592.3043212890625,585.92529296875,0.58823162317276,0.4944129586219787,0.431129515171051,0.4927021265029907,0.0,0.0
687,1680003150.740944,688,2Item7,2023-03-28 17:02:30.740944,1324.0,207.0,1320.0,273.0,2.940338134765625,2.933746337890625,5749.294999999984,592.3184814453125,585.97021484375,0.5880900621414183,0.4944140017032623,0.4309770464897155,0.4927490949630737,0.0,0.0
688,1680003150.7492814,689,2Item7,2023-03-28 17:02:30.749281,1300.0,251.0,1335.0,266.0,-1.0,-1.0,5757.631999999983,592.2401733398438,585.915771484375,0.5880214571952819,0.4944244921207428,0.4309301674365997,0.492732286453247,0.0,0.0
689,1680003150.7577014,690,2Item7,2023-03-28 17:02:30.757701,1300.0,251.0,1332.0,254.0,-1.0,-1.0,5766.051000000036,592.23974609375,585.9613647460938,0.5881582498550415,0.4944758415222168,0.4310458004474639,0.4928050637245178,0.0,0.0
690,1680003150.765911,691,2Item7,2023-03-28 17:02:30.765911,1353.0,202.0,1327.0,246.0,2.6033935546875,2.9665679931640625,5774.261999999988,592.2933959960938,586.02392578125,0.58805912733078,0.4944426417350769,0.4309289455413818,0.4927864372730255,0.0,0.0
691,1680003150.7742715,692,2Item7,2023-03-28 17:02:30.774271,1386.0,215.0,1321.0,243.0,-1.0,-1.0,5782.620999999985,592.2479248046875,585.987548828125,0.5879984498023986,0.4944683313369751,0.4308960437774658,0.4927937388420105,0.0,0.0
692,1680003150.7825794,693,2Item7,2023-03-28 17:02:30.782579,1394.0,217.0,1334.0,245.0,-1.0,-1.0,5790.929999999993,592.2703247070312,586.0453491210938,0.5881203413009644,0.49452406167984,0.4309699535369873,0.492848128080368,0.0,0.0
693,1680003150.7909627,694,2Item7,2023-03-28 17:02:30.790963,1381.0,228.0,1347.0,226.0,2.7400665283203125,2.8769989013671875,5799.313000000024,592.3421020507812,586.1058349609375,0.5880181789398193,0.4944898784160614,0.4308449625968933,0.4928794205188751,0.0,0.0
694,1680003150.799259,695,2Item7,2023-03-28 17:02:30.799259,1361.0,217.0,1341.0,267.0,-1.0,-1.0,5807.608999999997,592.307861328125,586.0591430664064,0.5879339575767517,0.4944618642330169,0.4307997822761535,0.4928988516330719,0.0,0.0
695,1680003150.8075938,696,2Item7,2023-03-28 17:02:30.807594,1357.0,213.0,1350.0,267.0,-1.0,-1.0,5815.944000000018,592.3298950195312,586.103271484375,0.5880387425422668,0.4944842755794525,0.4308976829051971,0.4929276406764984,0.0,0.0
696,1680003150.8159816,697,2Item7,2023-03-28 17:02:30.815982,1386.0,248.0,-1.0,-1.0,2.97381591796875,-1.0,5824.331000000006,592.3624267578125,-1.0,0.5878605246543884,0.4943795502185821,-1.0,-1.0,0.0,4.0
697,1680003150.824229,698,2Item7,2023-03-28 17:02:30.824229,1373.0,244.0,1351.0,249.0,-1.0,-1.0,5832.579000000027,592.2885131835938,586.0950927734375,0.5877796411514282,0.4944061636924743,0.4306762218475341,0.4929546117782592,0.0,0.0
698,1680003150.832591,699,2Item7,2023-03-28 17:02:30.832591,1370.0,243.0,1344.0,251.0,-1.0,-1.0,5840.938000000024,592.2853393554688,586.118408203125,0.5878807306289672,0.494414746761322,0.4307548403739929,0.4929776191711425,0.0,0.0
699,1680003150.8410237,700,2Item7,2023-03-28 17:02:30.841024,1375.0,207.0,1336.0,258.0,2.738372802734375,2.910873413085937,5849.3730000000205,592.2981567382812,586.145751953125,0.5877300500869751,0.4943517446517944,0.4305998682975769,0.4930135905742645,0.0,0.0
700,1680003150.8492367,701,2Item7,2023-03-28 17:02:30.849237,1374.0,207.0,1335.0,265.0,-1.0,-1.0,5857.585000000021,592.1974487304688,586.05517578125,0.5876412987709045,0.4943742156028747,0.4305226802825927,0.493063747882843,0.0,0.0
701,1680003150.8577409,702,2Item7,2023-03-28 17:02:30.857741,1358.0,201.0,1326.0,265.0,-1.0,-1.0,5866.090000000026,592.1537475585938,586.0432739257812,0.5877300500869751,0.4943858683109283,0.4306087493896484,0.4930847883224487,0.0,0.0
702,1680003150.866064,703,2Item7,2023-03-28 17:02:30.866064,1347.0,223.0,1322.0,270.0,2.667266845703125,2.9291229248046875,5874.41399999999,592.1408081054688,586.0479125976562,0.587596595287323,0.4943403899669647,0.430457979440689,0.4930941760540008,0.0,0.0
703,1680003150.874366,704,2Item7,2023-03-28 17:02:30.874366,1343.0,224.0,1318.0,268.0,-1.0,-1.0,5882.714000000036,592.0241088867188,585.9370727539064,0.5875059366226196,0.4943693876266479,0.4304294884204864,0.4931358098983764,0.0,0.0
704,1680003150.8826544,705,2Item7,2023-03-28 17:02:30.882654,1345.0,222.0,1326.0,256.0,-1.0,-1.0,5891.004000000016,591.9720458984375,585.9132080078125,0.5876082777976989,0.494386076927185,0.4305210411548614,0.4931237995624542,0.0,0.0
705,1680003150.8909683,706,2Item7,2023-03-28 17:02:30.890968,1363.0,269.0,1334.0,265.0,2.837066650390625,2.8907470703125,5899.319000000018,591.957763671875,585.9100952148438,0.587443470954895,0.4943070411682128,0.4303963184356689,0.4931467175483703,0.0,0.0
706,1680003150.8992584,707,2Item7,2023-03-28 17:02:30.899258,1353.0,220.0,1334.0,265.0,-1.0,-1.0,5907.608000000008,591.8436279296875,585.805908203125,0.587414264678955,0.4943798780441284,0.4303696453571319,0.4931802749633789,0.0,0.0
707,1680003150.907619,708,2Item7,2023-03-28 17:02:30.907619,1351.0,219.0,1328.0,248.0,-1.0,-1.0,5915.97000000003,591.8150634765625,585.7955322265625,0.587549865245819,0.4943947196006774,0.43046236038208,0.4932003021240234,0.0,0.0
708,1680003150.9158762,709,2Item7,2023-03-28 17:02:30.915876,1341.0,205.0,1331.0,249.0,2.735946655273437,2.9094696044921875,5924.226000000024,591.8171997070312,585.8140258789064,0.5874679088592529,0.49435555934906,0.4303756356239318,0.4931711256504058,0.0,0.0
709,1680003150.924374,710,2Item7,2023-03-28 17:02:30.924374,1340.0,203.0,1331.0,246.0,-1.0,-1.0,5932.72100000002,591.716796875,585.7327270507812,0.5874106884002686,0.4944230020046234,0.4303631484508514,0.493234634399414,0.0,0.0
710,1680003150.932793,711,2Item7,2023-03-28 17:02:30.932793,1346.0,201.0,1331.0,252.0,-1.0,-1.0,5941.142999999982,591.6970825195312,585.74755859375,0.5875571966171264,0.4944351911544799,0.4304799735546112,0.4932090640068054,0.0,0.0
711,1680003150.9408877,712,2Item7,2023-03-28 17:02:30.940887,1332.0,221.0,1335.0,240.0,2.8836669921875,2.8521728515625,5949.237000000023,591.718017578125,585.783447265625,0.5874497890472412,0.4943573772907257,0.4303965866565704,0.4932427108287811,0.0,0.0
712,1680003150.949305,713,2Item7,2023-03-28 17:02:30.949305,1332.0,224.0,1334.0,240.0,-1.0,-1.0,5957.655000000028,591.6395874023438,585.7284545898438,0.587429404258728,0.4944652318954467,0.4304011762142181,0.4932712912559509,0.0,0.0
713,1680003150.9576688,714,2Item7,2023-03-28 17:02:30.957669,1326.0,238.0,1337.0,233.0,-1.0,-1.0,5966.017999999982,591.6314697265625,585.7659912109375,0.5875937342643737,0.4945518374443054,0.4305278360843658,0.493299514055252,0.0,0.0
714,1680003150.965993,715,2Item7,2023-03-28 17:02:30.965993,1326.0,238.0,1325.0,234.0,2.6871490478515625,2.921600341796875,5974.342000000004,591.6548461914064,585.828857421875,0.5875377655029296,0.4945603013038635,0.4304523169994354,0.493318885564804,0.0,0.0
715,1680003150.974249,716,2Item7,2023-03-28 17:02:30.974249,1333.0,216.0,1331.0,235.0,-1.0,-1.0,5982.600000000034,591.5711059570312,585.792724609375,0.5874861478805542,0.4945750832557678,0.4304332733154296,0.493338257074356,0.0,0.0
716,1680003150.9825692,717,2Item7,2023-03-28 17:02:30.982569,1348.0,215.0,1328.0,237.0,-1.0,-1.0,5990.9189999999935,591.5545654296875,585.8494262695312,0.5876275897026062,0.4946550130844116,0.4305575191974639,0.4933688044548034,0.0,0.0
717,1680003150.9909706,718,2Item7,2023-03-28 17:02:30.990971,1348.0,215.0,1314.0,254.0,2.7650909423828125,3.057037353515625,5999.320999999996,591.5611572265625,585.9237060546875,0.5875633955001831,0.4946127533912658,0.4304763972759246,0.4933742880821228,0.0,0.0
718,1680003150.999315,719,2Item7,2023-03-28 17:02:30.999315,1340.0,247.0,1329.0,248.0,-1.0,-1.0,6007.664999999979,591.4647827148438,585.8928833007812,0.5875439643859863,0.4947246313095092,0.4304772317409515,0.4934156537055969,0.0,0.0
719,1680003151.0075707,720,2Item7,2023-03-28 17:02:31.007571,1347.0,242.0,1314.0,264.0,-1.0,-1.0,6015.921000000031,591.4434814453125,585.9474487304688,0.5877065062522888,0.4947697520256042,0.4306384921073913,0.4934259057044982,0.0,0.0
720,1680003151.0159483,721,2Item7,2023-03-28 17:02:31.015949,1367.0,238.0,1329.0,253.0,2.82843017578125,2.9307861328125,6024.298999999999,591.4600830078125,586.0203247070312,0.5876756906509399,0.4947763979434967,0.4305688142776489,0.4934576451778411,0.0,0.0
721,1680003151.0242023,722,2Item7,2023-03-28 17:02:31.024202,1373.0,227.0,1326.0,254.0,-1.0,-1.0,6032.548999999999,591.3734130859375,585.9845581054688,0.5876558423042297,0.4948024451732635,0.4305424094200134,0.4934245347976684,0.0,0.0
722,1680003151.0326269,723,2Item7,2023-03-28 17:02:31.032627,1365.0,218.0,1323.0,252.0,-1.0,-1.0,6040.976000000024,591.358154296875,586.0357055664064,0.5878050923347473,0.4948759377002716,0.4307092726230621,0.4934809803962707,0.0,0.0
723,1680003151.0409307,724,2Item7,2023-03-28 17:02:31.040931,1357.0,245.0,1327.0,246.0,3.1226806640625,2.823837280273437,6049.281000000017,591.3773803710938,586.0872802734375,0.5877555012702941,0.4948251247406005,0.4306347966194152,0.4934670329093933,0.0,0.0
724,1680003151.049204,725,2Item7,2023-03-28 17:02:31.049204,1343.0,235.0,1330.0,257.0,-1.0,-1.0,6057.554000000004,591.3062744140625,586.0263061523438,0.5877192616462708,0.4948209226131439,0.4306291341781616,0.4934519827365875,0.0,0.0
725,1680003151.0575435,726,2Item7,2023-03-28 17:02:31.057544,1359.0,233.0,1324.0,267.0,-1.0,-1.0,6065.894000000028,591.3177490234375,586.0435791015625,0.5878861546516418,0.494830310344696,0.4307910203933715,0.4933608770370483,0.0,0.0
726,1680003151.0659554,727,2Item7,2023-03-28 17:02:31.065955,1368.0,231.0,1321.0,271.0,2.729827880859375,2.9889678955078125,6074.304999999993,591.3739624023438,586.058837890625,0.5877813696861267,0.4946746230125427,0.4307383298873901,0.493329644203186,0.0,0.0
727,1680003151.0741887,728,2Item7,2023-03-28 17:02:31.074189,1379.0,239.0,1323.0,253.0,-1.0,-1.0,6082.53899999999,591.3331909179688,585.9462890625,0.5878210663795471,0.4947562217712402,0.4307489097118377,0.4932861030101776,0.0,0.0
728,1680003151.0825922,729,2Item7,2023-03-28 17:02:31.082592,1373.0,226.0,1329.0,252.0,-1.0,-1.0,6090.943000000028,591.3751831054688,585.9058227539064,0.587972342967987,0.494726687669754,0.4309070706367492,0.4932024478912353,0.0,0.0
729,1680003151.0909474,730,2Item7,2023-03-28 17:02:31.090947,1364.0,225.0,1327.0,254.0,3.728958129882813,3.015411376953125,6099.294999999984,591.4573974609375,585.8727416992188,0.5879351496696472,0.4946739673614502,0.4308438301086425,0.4931885600090026,0.0,0.0
730,1680003151.099738,731,2Item7,2023-03-28 17:02:31.099738,1353.0,226.0,1325.0,261.0,-1.0,-1.0,6108.089000000036,591.4370727539064,585.724365234375,0.5878836512565612,0.4946639537811279,0.4308400154113769,0.4931198358535766,0.0,0.0
731,1680003151.1077511,732,2Item7,2023-03-28 17:02:31.107751,1326.0,254.0,1319.0,262.0,-1.0,-1.0,6116.101000000024,591.48583984375,585.656982421875,0.588022470474243,0.4946928620338439,0.4309654831886291,0.4931489825248718,0.0,0.0
732,1680003151.115893,733,2Item7,2023-03-28 17:02:31.115893,1326.0,254.0,1322.0,238.0,2.585784912109375,2.91729736328125,6124.243000000017,591.5748291015625,585.6028442382812,0.5879544615745544,0.4946398437023162,0.4308721125125885,0.4931400120258331,0.0,0.0
733,1680003151.1242197,734,2Item7,2023-03-28 17:02:31.124220,-1.0,-1.0,1330.0,249.0,-1.0,-1.0,6132.570000000007,-1.0,585.4508056640625,-1.0,-1.0,0.4308637082576751,0.4931341707706451,4.0,0.0
734,1680003151.1326385,735,2Item7,2023-03-28 17:02:31.132638,1345.0,226.0,1335.0,241.0,-1.0,-1.0,6140.988000000012,591.5985107421875,585.4077758789064,0.5880083441734314,0.4946381449699401,0.4309813678264617,0.4930941462516784,0.0,0.0
735,1680003151.1408896,736,2Item7,2023-03-28 17:02:31.140890,1340.0,233.0,1336.0,251.0,2.80096435546875,2.8856353759765625,6149.239999999992,591.68505859375,585.3880615234375,0.587895929813385,0.4945240914821624,0.4308792054653167,0.4930894970893859,0.0,0.0
736,1680003151.1491969,737,2Item7,2023-03-28 17:02:31.149197,1348.0,239.0,1334.0,254.0,-1.0,-1.0,6157.5470000000205,591.6593017578125,585.2823486328125,0.5878293514251709,0.4945485889911651,0.4308530390262603,0.493091195821762,0.0,0.0
737,1680003151.1575654,738,2Item7,2023-03-28 17:02:31.157565,1353.0,235.0,1329.0,260.0,-1.0,-1.0,6165.914999999979,591.6968383789064,585.2849731445312,0.5879483819007874,0.4945657551288604,0.4309475123882293,0.4930550754070282,0.0,0.0
738,1680003151.165898,739,2Item7,2023-03-28 17:02:31.165898,1364.0,226.0,1326.0,262.0,2.62066650390625,2.905380249023437,6174.249000000011,591.7503051757812,585.32275390625,0.5878804326057434,0.4945078790187835,0.4308545589447021,0.4930371046066284,0.0,0.0
739,1680003151.174257,740,2Item7,2023-03-28 17:02:31.174257,1346.0,206.0,1326.0,236.0,-1.0,-1.0,6182.607000000017,591.6909790039064,585.27392578125,0.5878734588623046,0.4944884479045867,0.4308852553367614,0.493035465478897,0.0,0.0
740,1680003151.182546,741,2Item7,2023-03-28 17:02:31.182546,1297.0,217.0,1326.0,236.0,-1.0,-1.0,6190.896000000008,591.6926879882812,585.3267211914064,0.5881522297859191,0.4945143163204193,0.431106150150299,0.4930276572704315,0.0,0.0
741,1680003151.1908474,742,2Item7,2023-03-28 17:02:31.190847,1289.0,224.0,1298.0,244.0,3.328353881835937,2.8448638916015625,6199.198000000033,591.7262573242188,585.4032592773438,0.5881080031394958,0.4944500625133514,0.4310947060585022,0.4929713904857635,0.0,0.0
742,1680003151.1992,743,2Item7,2023-03-28 17:02:31.199200,1267.0,221.0,1282.0,249.0,-1.0,-1.0,6207.549999999988,591.6513671875,585.3787231445312,0.5880615711212158,0.4944303035736084,0.431075781583786,0.49293053150177,0.0,0.0
743,1680003151.2075236,744,2Item7,2023-03-28 17:02:31.207524,1270.0,224.0,1285.0,253.0,-1.0,-1.0,6215.874000000011,591.642578125,585.4457397460938,0.5881693363189697,0.4943969547748565,0.4311991333961486,0.4928461015224456,0.0,0.0
744,1680003151.216561,745,2Item7,2023-03-28 17:02:31.216561,1272.0,217.0,1273.0,262.0,2.6180572509765625,2.9491424560546875,6224.910000000033,591.6593017578125,585.5225219726562,0.5880899429321289,0.4943243563175201,0.4311457872390747,0.4928424954414367,0.0,0.0
745,1680003151.2242007,746,2Item7,2023-03-28 17:02:31.224201,1270.0,242.0,1277.0,264.0,-1.0,-1.0,6232.549999999988,591.5538940429688,585.4861450195312,0.588070809841156,0.4943320453166961,0.4311583638191223,0.4928425848484039,0.0,0.0
746,1680003151.2326324,747,2Item7,2023-03-28 17:02:31.232632,1291.0,211.0,1280.0,262.0,-1.0,-1.0,6240.982000000017,591.5014038085938,585.53564453125,0.5882171392440795,0.4943126440048217,0.431301325559616,0.4928138256072998,0.0,0.0
747,1680003151.2409134,748,2Item7,2023-03-28 17:02:31.240913,1285.0,224.0,1285.0,258.0,2.8860015869140625,2.8774566650390625,6249.261,591.4735107421875,585.5950317382812,0.5881431102752686,0.4942554533481597,0.4312724173069,0.4927764534950256,0.0,0.0
748,1680003151.2492871,749,2Item7,2023-03-28 17:02:31.249287,1288.0,212.0,1281.0,249.0,-1.0,-1.0,6257.638000000035,591.3507690429688,585.552001953125,0.5881791710853576,0.494295060634613,0.4313015043735504,0.4927920699119567,0.0,0.0
749,1680003151.257573,750,2Item7,2023-03-28 17:02:31.257573,1285.0,221.0,1272.0,260.0,-1.0,-1.0,6265.92300000001,591.32763671875,585.603271484375,0.5882359147071838,0.4942418932914733,0.4314693510532379,0.4927562475204467,0.0,0.0
750,1680003151.2659757,751,2Item7,2023-03-28 17:02:31.265976,1285.0,221.0,1277.0,242.0,2.869140625,2.8803863525390625,6274.326000000001,591.35546875,585.6680908203125,0.5882661938667297,0.4942440092563629,0.4314525723457336,0.4927640259265899,0.0,0.0
751,1680003151.2743056,752,2Item7,2023-03-28 17:02:31.274306,1290.0,261.0,1283.0,259.0,-1.0,-1.0,6282.655000000028,591.310302734375,585.6310424804688,0.588322639465332,0.4943069219589233,0.4315201640129089,0.492748737335205,0.0,0.0
752,1680003151.2825053,753,2Item7,2023-03-28 17:02:31.282505,1280.0,262.0,1284.0,275.0,-1.0,-1.0,6290.8549999999805,591.367919921875,585.6915283203125,0.5885058045387268,0.494333267211914,0.4316717386245727,0.4927381873130798,0.0,0.0
753,1680003151.2908976,754,2Item7,2023-03-28 17:02:31.290898,1285.0,250.0,1285.0,275.0,2.7063140869140625,2.8751373291015625,6299.2480000000205,591.5087890625,585.77001953125,0.5884969234466552,0.4943386614322662,0.4316642582416534,0.4927645921707153,0.0,0.0
754,1680003151.299184,755,2Item7,2023-03-28 17:02:31.299184,1269.0,211.0,1275.0,254.0,-1.0,-1.0,6307.533999999985,591.5774536132812,585.759765625,0.5885425806045532,0.494406908750534,0.4317587316036224,0.4928090870380401,0.0,0.0
755,1680003151.307574,756,2Item7,2023-03-28 17:02:31.307574,1253.0,198.0,1261.0,242.0,-1.0,-1.0,6315.923999999999,591.7377319335938,585.862060546875,0.5889610052108764,0.4945458769798278,0.4321614503860473,0.4928764700889587,0.0,0.0
756,1680003151.3159914,757,2Item7,2023-03-28 17:02:31.315991,1248.0,197.0,1259.0,249.0,2.8581085205078125,3.54925537109375,6324.32799999998,591.9542846679688,585.9819946289064,0.5890789628028869,0.4945589303970336,0.4323265552520752,0.4929320514202117,0.0,0.0
757,1680003151.324191,758,2Item7,2023-03-28 17:02:31.324191,1202.0,224.0,1217.0,241.0,-1.0,-1.0,6332.536000000022,592.07275390625,585.9933471679688,0.5891941785812377,0.4947633445262908,0.43245330452919,0.4930236637592315,0.0,0.0
758,1680003151.3328342,759,2Item7,2023-03-28 17:02:31.332834,1193.0,216.0,1183.0,257.0,-1.0,-1.0,6341.184000000008,592.263427734375,586.0885620117188,0.5893536806106567,0.4949116110801696,0.4326058030128479,0.4930702447891235,0.0,0.0
759,1680003151.341009,760,2Item7,2023-03-28 17:02:31.341009,1192.0,215.0,1183.0,257.0,2.8613433837890625,3.3552703857421875,6349.358000000008,592.4910278320312,586.1951293945312,0.5893247127532959,0.4949704408645629,0.4325852990150451,0.4931825995445251,0.0,0.0
760,1680003151.3492596,761,2Item7,2023-03-28 17:02:31.349260,1202.0,215.0,1184.0,245.0,-1.0,-1.0,6357.609999999986,592.609130859375,586.20068359375,0.589339256286621,0.4950907826423645,0.4326283037662506,0.4933053851127624,0.0,0.0
761,1680003151.3575144,762,2Item7,2023-03-28 17:02:31.357514,1194.0,220.0,1210.0,222.0,-1.0,-1.0,6365.864000000001,592.7885131835938,586.3076782226562,0.58951336145401,0.495206743478775,0.4327913522720336,0.493371158838272,0.0,0.0
762,1680003151.3658934,763,2Item7,2023-03-28 17:02:31.365893,1205.0,204.0,1211.0,223.0,3.8293304443359375,3.3019256591796875,6374.243000000017,592.9848022460938,586.442138671875,0.5894707441329956,0.4952412247657775,0.4327543973922729,0.4933962225914001,0.0,0.0
763,1680003151.3742964,764,2Item7,2023-03-28 17:02:31.374296,1200.0,209.0,1209.0,240.0,-1.0,-1.0,6382.646999999997,593.0521240234375,586.4721069335938,0.5894653797149658,0.4953106343746185,0.4327524900436401,0.4934941828250885,0.0,0.0
764,1680003151.38255,765,2Item7,2023-03-28 17:02:31.382550,1182.0,251.0,1204.0,250.0,-1.0,-1.0,6390.900000000023,593.155517578125,586.5942993164064,0.5895710587501525,0.4953121840953826,0.4328708052635192,0.4934868514537811,0.0,0.0
765,1680003151.3909988,766,2Item7,2023-03-28 17:02:31.390999,1181.0,244.0,1205.0,250.0,2.694244384765625,3.3415679931640625,6399.348999999987,593.2691040039064,586.72314453125,0.5894993543624877,0.4953681528568267,0.4327951073646545,0.4935022592544555,0.0,0.0
766,1680003151.3992083,767,2Item7,2023-03-28 17:02:31.399209,1166.0,234.0,1204.0,237.0,-1.0,-1.0,6407.558000000019,593.2611083984375,586.7357177734375,0.5895378589630127,0.4954559206962585,0.4327824711799621,0.4935831725597381,0.0,0.0
767,1680003151.4075313,768,2Item7,2023-03-28 17:02:31.407531,1211.0,199.0,1196.0,224.0,-1.0,-1.0,6415.880999999994,593.3182983398438,586.8319702148438,0.589618980884552,0.4953789710998535,0.4328967034816741,0.4935985505580902,0.0,0.0
768,1680003151.4158468,769,2Item7,2023-03-28 17:02:31.415847,-1.0,-1.0,1195.0,224.0,-1.0,3.352142333984375,6424.196999999986,-1.0,586.9423828125,-1.0,-1.0,0.4328038990497589,0.4936056435108184,4.0,0.0
769,1680003151.4246297,770,2Item7,2023-03-28 17:02:31.424630,1221.0,196.0,1202.0,232.0,-1.0,-1.0,6432.9770000000135,593.3828125,586.9480590820312,0.5895449519157409,0.4954926073551178,0.432759016752243,0.493641585111618,0.0,0.0
770,1680003151.432502,771,2Item7,2023-03-28 17:02:31.432502,1208.0,201.0,1210.0,240.0,-1.0,-1.0,6440.8520000000135,593.4530029296875,587.03759765625,0.5896639227867126,0.4954973459243774,0.4328563809394836,0.4936416149139404,0.0,0.0
771,1680003151.4408784,772,2Item7,2023-03-28 17:02:31.440878,1209.0,198.0,1210.0,240.0,2.582015991210937,3.45050048828125,6449.228000000003,593.5440063476562,587.12548828125,0.5895781517028807,0.4954827725887298,0.4327345490455627,0.4936470389366149,0.0,0.0
772,1680003151.4491894,773,2Item7,2023-03-28 17:02:31.449189,1203.0,202.0,1205.0,234.0,-1.0,-1.0,6457.53899999999,593.5548095703125,587.0947875976562,0.589474081993103,0.495484709739685,0.4326583743095397,0.4936755001544952,0.0,0.0
773,1680003151.4575157,774,2Item7,2023-03-28 17:02:31.457516,1193.0,222.0,1208.0,239.0,-1.0,-1.0,6465.86599999998,593.6383056640625,587.1375122070312,0.5895326137542723,0.4953778088092804,0.4327389299869537,0.4936570823192596,0.0,0.0
774,1680003151.4658232,775,2Item7,2023-03-28 17:02:31.465823,1188.0,229.0,1209.0,239.0,2.724212646484375,3.3103790283203125,6474.17300000001,593.740966796875,587.1801147460938,0.5894698500633239,0.4954326152801513,0.4326286315917968,0.4936581552028656,0.0,0.0
775,1680003151.4743266,776,2Item7,2023-03-28 17:02:31.474327,1193.0,229.0,1209.0,248.0,-1.0,-1.0,6482.677000000025,593.7643432617188,587.1099243164064,0.5893627405166626,0.4954298734664917,0.4325661063194274,0.4936777651309967,0.0,0.0
776,1680003151.482483,777,2Item7,2023-03-28 17:02:31.482483,1191.0,210.0,1209.0,259.0,-1.0,-1.0,6490.832999999984,593.8820190429688,587.12548828125,0.5894626379013062,0.495417445898056,0.4326379895210266,0.4935695230960845,0.0,0.0
777,1680003151.4908628,778,2Item7,2023-03-28 17:02:31.490863,1191.0,210.0,1201.0,257.0,2.8446807861328125,2.9286041259765625,6499.212999999989,594.0255737304688,587.15087890625,0.5893102288246154,0.4953023195266723,0.4325387775897979,0.4935888946056366,0.0,0.0
778,1680003151.4993997,779,2Item7,2023-03-28 17:02:31.499400,1186.0,217.0,1209.0,256.0,-1.0,-1.0,6507.75,594.0814819335938,587.0756225585938,0.5892912149429321,0.4952981173992157,0.4324691891670227,0.4936063587665557,0.0,0.0
779,1680003151.507482,780,2Item7,2023-03-28 17:02:31.507482,1204.0,210.0,1215.0,249.0,-1.0,-1.0,6515.831999999994,594.2110595703125,587.0953979492188,0.5893977284431458,0.49531289935112,0.4325655698776245,0.4935677647590637,0.0,0.0
780,1680003151.5159292,781,2Item7,2023-03-28 17:02:31.515929,1208.0,203.0,1224.0,248.0,2.778289794921875,3.056182861328125,6524.27899999998,594.3578491210938,587.1295776367188,0.5892876982688903,0.4952269196510314,0.4324665665626525,0.4935119152069091,0.0,0.0
781,1680003151.5242035,782,2Item7,2023-03-28 17:02:31.524204,1224.0,200.0,1199.0,249.0,-1.0,-1.0,6532.54800000001,594.3802490234375,587.0646362304688,0.5892311930656433,0.4951885938644409,0.4324275255203247,0.4934736788272857,0.0,0.0
782,1680003151.5325644,783,2Item7,2023-03-28 17:02:31.532564,1204.0,217.0,1204.0,231.0,-1.0,-1.0,6540.91399999999,594.4638061523438,587.0970458984375,0.5893704891204834,0.4951655864715576,0.4325363636016845,0.4933867156505584,0.0,0.0
783,1680003151.5409827,784,2Item7,2023-03-28 17:02:31.540983,1209.0,217.0,1204.0,231.0,2.762664794921875,3.384185791015625,6549.332999999984,594.529296875,587.1478881835938,0.5892931222915649,0.4950525760650634,0.4324650168418884,0.4933409094810485,0.0,0.0
784,1680003151.549374,785,2Item7,2023-03-28 17:02:31.549374,1201.0,216.0,1214.0,243.0,-1.0,-1.0,6557.718999999983,594.48388671875,587.099853515625,0.5892601609230042,0.4950477480888366,0.4324845969676971,0.493320882320404,0.0,0.0
785,1680003151.5575533,786,2Item7,2023-03-28 17:02:31.557553,1212.0,214.0,1202.0,254.0,-1.0,-1.0,6565.90399999998,594.5113525390625,587.1482543945312,0.5894311070442199,0.4950251281261444,0.4326408803462982,0.4931941330432891,0.0,0.0
786,1680003151.5658371,787,2Item7,2023-03-28 17:02:31.565837,1209.0,215.0,1203.0,254.0,2.7893829345703125,3.193222045898437,6574.1870000000345,594.5452270507812,587.214111328125,0.5893729925155639,0.4949277639389038,0.4325793087482452,0.4931749105453491,0.0,0.0
787,1680003151.5742674,788,2Item7,2023-03-28 17:02:31.574267,1214.0,226.0,1203.0,267.0,-1.0,-1.0,6582.617000000028,594.4605102539064,587.1790771484375,0.5893665552139282,0.4949073195457458,0.4326079487800598,0.4930856823921203,0.0,0.0
788,1680003151.5825882,789,2Item7,2023-03-28 17:02:31.582588,1197.0,231.0,1193.0,269.0,-1.0,-1.0,6590.939000000013,594.4484252929688,587.2348022460938,0.5895453691482543,0.4949024319648742,0.4327362477779388,0.4930758476257324,0.0,0.0
789,1680003151.5908997,790,2Item7,2023-03-28 17:02:31.590900,1195.0,227.0,1193.0,269.0,2.838485717773437,3.2357940673828125,6599.25,594.450439453125,587.3079833984375,0.5895109176635742,0.4948072433471679,0.4326755404472351,0.4930076301097869,0.0,0.0
790,1680003151.599182,791,2Item7,2023-03-28 17:02:31.599182,1187.0,221.0,1192.0,252.0,-1.0,-1.0,6607.532999999996,594.3424682617188,587.270751953125,0.5894707441329956,0.4948058426380157,0.4326764345169067,0.4929928183555603,0.0,0.0
791,1680003151.6074855,792,2Item7,2023-03-28 17:02:31.607486,1191.0,220.0,1197.0,253.0,-1.0,-1.0,6615.836000000009,594.3052368164064,587.32275390625,0.5896079540252686,0.4946869015693664,0.4328189492225647,0.4929078519344329,0.0,0.0
792,1680003151.61621,793,2Item7,2023-03-28 17:02:31.616210,1192.0,222.0,1197.0,252.0,2.834457397460937,3.258529663085937,6624.558000000019,594.2991943359375,587.3832397460938,0.5896116495132446,0.4947323203086853,0.4327458441257476,0.4928883016109466,0.0,0.0
793,1680003151.6242297,794,2Item7,2023-03-28 17:02:31.624230,1168.0,225.0,1189.0,261.0,-1.0,-1.0,6632.580000000016,594.194091796875,587.3404541015625,0.5895353555679321,0.4946577548980712,0.4327287077903747,0.4928584396839141,0.0,0.0
794,1680003151.632715,795,2Item7,2023-03-28 17:02:31.632715,1182.0,203.0,1196.0,256.0,-1.0,-1.0,6641.065000000001,594.1756591796875,587.3892822265625,0.5897095203399658,0.4947170615196228,0.4328592121601104,0.4928389489650726,0.0,0.0
795,1680003151.6409097,796,2Item7,2023-03-28 17:02:31.640910,1177.0,196.0,1196.0,256.0,2.758651733398437,3.035018920898437,6649.260000000008,594.1900024414064,587.4456787109375,0.5896039605140686,0.4946537613868713,0.4327781200408935,0.492805391550064,0.0,0.0
796,1680003151.6491826,797,2Item7,2023-03-28 17:02:31.649183,1197.0,198.0,1191.0,250.0,-1.0,-1.0,6657.532000000007,594.1010131835938,587.3924560546875,0.5895464420318604,0.4946102499961853,0.4327408373355865,0.4928206801414489,0.0,0.0
797,1680003151.657547,798,2Item7,2023-03-28 17:02:31.657547,1170.0,225.0,1200.0,250.0,-1.0,-1.0,6665.896999999997,594.0901489257812,587.4237060546875,0.5896331071853637,0.4946334660053253,0.4328433275222778,0.4927956461906433,0.0,0.0
798,1680003151.6659486,799,2Item7,2023-03-28 17:02:31.665949,1175.0,237.0,1211.0,242.0,2.6721649169921875,3.398101806640625,6674.298999999999,594.095458984375,587.4629516601562,0.5895930528640747,0.4946466088294982,0.432732343673706,0.4927837252616882,0.0,0.0
799,1680003151.6742344,800,2Item7,2023-03-28 17:02:31.674234,1185.0,195.0,1211.0,257.0,-1.0,-1.0,6682.584000000032,594.00390625,587.3972778320312,0.5895458459854126,0.4947015643119812,0.4326954782009124,0.4928138256072998,0.0,0.0
800,1680003151.6825078,801,2Item7,2023-03-28 17:02:31.682508,1211.0,177.0,1211.0,249.0,-1.0,-1.0,6690.858000000008,594.0006713867188,587.4146118164064,0.5896569490432739,0.4947133064270019,0.432754099369049,0.4928237199783325,0.0,0.0
801,1680003151.6908658,802,2Item7,2023-03-28 17:02:31.690866,1212.0,196.0,1211.0,249.0,2.606170654296875,3.204071044921875,6699.216000000015,594.0548095703125,587.4495849609375,0.5894713401794432,0.4946634471416473,0.4326021075248718,0.4928466379642486,0.0,0.0
802,1680003151.69919,803,2Item7,2023-03-28 17:02:31.699190,1201.0,179.0,1210.0,230.0,-1.0,-1.0,6707.539999999979,594.030517578125,587.3778076171875,0.5894297361373901,0.4947448372840881,0.4325129091739654,0.4928905367851257,0.0,0.0
803,1680003151.707515,804,2Item7,2023-03-28 17:02:31.707515,1174.0,201.0,1196.0,247.0,-1.0,-1.0,6715.864999999992,594.100341796875,587.3950805664064,0.5895040035247802,0.4947692453861236,0.4325582385063171,0.4929128289222717,0.0,0.0
804,1680003151.7159176,805,2Item7,2023-03-28 17:02:31.715918,1181.0,241.0,1196.0,247.0,2.89801025390625,3.363983154296875,6724.266999999993,594.21337890625,587.42041015625,0.5893378853797911,0.4947613477706909,0.4323775768280029,0.4929725229740142,0.0,0.0
805,1680003151.724313,806,2Item7,2023-03-28 17:02:31.724313,1181.0,261.0,1202.0,244.0,-1.0,-1.0,6732.6630000000005,594.2182006835938,587.3392944335938,0.5892060399055481,0.4947984218597412,0.4322591722011566,0.4930215775966644,0.0,0.0
806,1680003151.7325106,807,2Item7,2023-03-28 17:02:31.732511,1190.0,266.0,1218.0,234.0,-1.0,-1.0,6740.859999999986,594.2740478515625,587.3512573242188,0.5892118215560913,0.4947583675384521,0.4322887659072876,0.4930817186832428,0.0,0.0
807,1680003151.7409005,808,2Item7,2023-03-28 17:02:31.740901,1182.0,223.0,1218.0,234.0,2.766326904296875,3.435699462890625,6749.25,594.337646484375,587.380859375,0.5890547037124633,0.4947883486747741,0.4321024417877197,0.4930493831634521,0.0,0.0
808,1680003151.7493289,809,2Item7,2023-03-28 17:02:31.749329,1178.0,226.0,1212.0,235.0,-1.0,-1.0,6757.679000000004,594.3055419921875,587.308349609375,0.588937759399414,0.4948613941669464,0.4319989085197448,0.4931468963623046,0.0,0.0
809,1680003151.7574894,810,2Item7,2023-03-28 17:02:31.757489,1194.0,196.0,1221.0,231.0,-1.0,-1.0,6765.839000000036,594.37158203125,587.330322265625,0.5890232324600219,0.4948914945125579,0.4320651292800903,0.4932144582271575,0.0,0.0
810,1680003151.7658205,811,2Item7,2023-03-28 17:02:31.765821,1193.0,212.0,1201.0,244.0,2.849151611328125,3.006988525390625,6774.171000000031,594.47265625,587.3672485351562,0.5889729261398315,0.4948912560939788,0.4319941997528076,0.4932357370853424,0.0,0.0
811,1680003151.7741363,812,2Item7,2023-03-28 17:02:31.774136,1186.0,222.0,1187.0,248.0,-1.0,-1.0,6782.484999999986,594.464111328125,587.2978515625,0.5888664126396179,0.4949126243591308,0.4319684505462646,0.4933184385299682,0.0,0.0
812,1680003151.7825122,813,2Item7,2023-03-28 17:02:31.782512,1176.0,218.0,1144.0,262.0,-1.0,-1.0,6790.862000000023,594.5128173828125,587.3130493164064,0.5889616608619689,0.4949455261230468,0.4320296049118042,0.4933288693428039,0.0,0.0
813,1680003151.7910678,814,2Item7,2023-03-28 17:02:31.791068,1161.0,220.0,1151.0,273.0,2.891021728515625,2.84326171875,6799.418000000005,594.6193237304688,587.341796875,0.5887694358825682,0.4948768615722656,0.4318270981311798,0.4933293759822845,0.0,0.0
814,1680003151.799387,815,2Item7,2023-03-28 17:02:31.799387,1169.0,196.0,1157.0,265.0,-1.0,-1.0,6807.737000000023,594.6116333007812,587.27294921875,0.5886405706405639,0.4949289262294769,0.4317671656608581,0.493374615907669,0.0,0.0
815,1680003151.8081796,816,2Item7,2023-03-28 17:02:31.808180,1156.0,221.0,1180.0,252.0,-1.0,-1.0,6816.530000000028,594.6679077148438,587.2929077148438,0.5887088775634765,0.494888424873352,0.4318193197250366,0.4934064149856567,0.0,0.0
816,1680003151.8158607,817,2Item7,2023-03-28 17:02:31.815861,1158.0,214.0,1179.0,249.0,3.3796844482421875,2.871200561523437,6824.211000000009,594.7698364257812,587.32763671875,0.5885683298110961,0.4948778748512268,0.4316713809967041,0.4934023916721344,0.0,0.0
817,1680003151.8242607,818,2Item7,2023-03-28 17:02:31.824261,1160.0,237.0,1154.0,256.0,-1.0,-1.0,6832.6110000000335,594.7749633789064,587.2512817382812,0.5884984135627745,0.4949247539043426,0.4316439628601074,0.4934407770633697,0.0,0.0
818,1680003151.8328407,819,2Item7,2023-03-28 17:02:31.832841,1161.0,235.0,1161.0,260.0,-1.0,-1.0,6841.190999999992,594.8685913085938,587.264404296875,0.5886319279670715,0.4949742257595062,0.4317562878131866,0.4934320449829101,0.0,0.0
819,1680003151.841048,820,2Item7,2023-03-28 17:02:31.841048,1161.0,235.0,1159.0,263.0,2.7376708984375,2.898193359375,6849.3979999999865,594.9844360351562,587.2994384765625,0.5884935855865479,0.4948794841766357,0.4316198527812957,0.49341481924057,0.0,0.0
820,1680003151.849368,821,2Item7,2023-03-28 17:02:31.849368,1148.0,234.0,1157.0,248.0,-1.0,-1.0,6857.7179999999935,594.9630126953125,587.2210083007812,0.5883749723434448,0.4948915839195251,0.4315982162952423,0.4934647679328918,0.0,0.0
821,1680003151.8576365,822,2Item7,2023-03-28 17:02:31.857636,1150.0,234.0,1157.0,248.0,-1.0,-1.0,6865.9860000000335,594.9644165039064,587.2259521484375,0.5885743498802185,0.4949616193771362,0.4317300915718078,0.4934458434581756,0.0,0.0
822,1680003151.8658676,823,2Item7,2023-03-28 17:02:31.865868,-1.0,-1.0,1160.0,245.0,-1.0,2.798324584960937,6874.2179999999935,-1.0,587.2340087890625,-1.0,-1.0,0.431626409292221,0.4934112429618835,4.0,0.0
823,1680003151.874192,824,2Item7,2023-03-28 17:02:31.874192,1144.0,219.0,1159.0,253.0,-1.0,-1.0,6882.543000000005,594.9031372070312,587.1345825195312,0.588379681110382,0.4949253499507904,0.4316389560699462,0.4934654235839843,0.0,0.0
824,1680003151.8826857,825,2Item7,2023-03-28 17:02:31.882686,1157.0,206.0,1159.0,253.0,-1.0,-1.0,6891.036000000022,594.8365478515625,587.120849609375,0.5885941386222839,0.4949418306350708,0.4317831695079803,0.4934417307376861,0.0,0.0
825,1680003151.8909037,826,2Item7,2023-03-28 17:02:31.890903,1147.0,206.0,1147.0,265.0,3.23162841796875,2.919097900390625,6899.254000000016,594.7727661132812,587.1099243164064,0.5885477066040039,0.4949224889278411,0.431700974702835,0.4934150576591491,0.0,0.0
826,1680003151.899385,827,2Item7,2023-03-28 17:02:31.899385,1159.0,238.0,1152.0,280.0,-1.0,-1.0,6907.734999999986,594.5798950195312,586.9979248046875,0.5885042548179626,0.4949256181716918,0.4317545294761657,0.4934377968311309,0.0,0.0
827,1680003151.9077168,828,2Item7,2023-03-28 17:02:31.907717,1146.0,243.0,1160.0,283.0,-1.0,-1.0,6916.066999999981,594.4239501953125,586.976318359375,0.5887218117713928,0.4949390292167663,0.4318766295909881,0.4934148788452148,0.0,0.0
828,1680003151.9158852,829,2Item7,2023-03-28 17:02:31.915885,1136.0,244.0,1162.0,281.0,2.9063720703125,2.862060546875,6924.234999999986,594.30615234375,586.9750366210938,0.5886754393577575,0.4949236810207366,0.4318242371082305,0.493415892124176,0.0,0.0
829,1680003151.924635,830,2Item7,2023-03-28 17:02:31.924635,1138.0,232.0,1158.0,282.0,-1.0,-1.0,6932.983000000008,594.0634155273438,586.873046875,0.5886362195014953,0.4949077367782592,0.4318725764751434,0.4934223890304565,0.0,0.0
830,1680003151.9325798,831,2Item7,2023-03-28 17:02:31.932580,1136.0,237.0,1173.0,274.0,-1.0,-1.0,6940.929999999993,593.8666381835938,586.858642578125,0.5887850522994995,0.4948911368846893,0.4320301711559295,0.4933719038963317,0.0,0.0
831,1680003151.9411075,832,2Item7,2023-03-28 17:02:31.941108,1130.0,246.0,1174.0,267.0,2.87725830078125,2.835693359375,6949.457999999984,593.692138671875,586.8748168945312,0.5887811779975891,0.4949184954166412,0.4319745898246765,0.4933844804763793,0.0,0.0
832,1680003151.9491343,833,2Item7,2023-03-28 17:02:31.949134,1136.0,244.0,1179.0,249.0,-1.0,-1.0,6957.483999999997,593.419677734375,586.8053588867188,0.5887650251388549,0.4949371814727783,0.4320027232170105,0.4933967292308807,0.0,0.0
833,1680003151.9574468,834,2Item7,2023-03-28 17:02:31.957447,1128.0,253.0,1182.0,252.0,-1.0,-1.0,6965.7970000000205,593.2350463867188,586.8438110351562,0.5889092683792114,0.494948923587799,0.4321919977664947,0.4933538436889648,0.0,0.0
834,1680003151.966077,835,2Item7,2023-03-28 17:02:31.966077,1138.0,258.0,1190.0,257.0,2.884979248046875,3.168075561523437,6974.427000000025,593.1241455078125,586.9111328125,0.5889899134635925,0.4949929118156433,0.4321536421775817,0.4933796525001525,0.0,0.0
835,1680003151.9747863,836,2Item7,2023-03-28 17:02:31.974786,1136.0,248.0,1195.0,284.0,-1.0,-1.0,6983.136999999988,592.9281005859375,586.8834228515625,0.5889893174171447,0.4950314462184906,0.432216852903366,0.4934190511703491,0.0,0.0
836,1680003151.982481,837,2Item7,2023-03-28 17:02:31.982481,1150.0,236.0,1154.0,308.0,-1.0,-1.0,6990.831000000006,592.8255004882812,586.95361328125,0.5892081260681152,0.4950735569000244,0.4323804676532745,0.4934218227863311,0.0,0.0
837,1680003151.9907868,838,2Item7,2023-03-28 17:02:31.990787,1144.0,225.0,1180.0,281.0,2.77740478515625,2.950546264648437,6999.136,592.8090209960938,587.0393676757812,0.58917897939682,0.4950548112392425,0.432332843542099,0.4934001266956329,0.0,0.0
838,1680003151.9995425,839,2Item7,2023-03-28 17:02:31.999542,1145.0,224.0,1167.0,255.0,-1.0,-1.0,7007.892999999982,592.7479858398438,587.022216796875,0.5891560912132263,0.495115727186203,0.4323528110980987,0.4934625625610351,0.0,0.0
839,1680003152.007571,840,2Item7,2023-03-28 17:02:32.007571,1141.0,215.0,1163.0,256.0,-1.0,-1.0,7015.919999999984,592.7843627929688,587.0903930664064,0.5893515348434448,0.4951550066471099,0.4325145184993743,0.4934667348861694,0.0,0.0
840,1680003152.01579,841,2Item7,2023-03-28 17:02:32.015790,1140.0,216.0,1158.0,260.0,2.7457733154296875,2.9332275390625,7024.140000000014,592.8858642578125,587.1640014648438,0.5893340110778807,0.495156317949295,0.4324648678302764,0.4934744238853454,0.0,0.0
841,1680003152.0243597,842,2Item7,2023-03-28 17:02:32.024359,1151.0,276.0,1178.0,254.0,-1.0,-1.0,7032.709000000032,592.9192504882812,587.125,0.5893031358718872,0.4951891303062439,0.432524561882019,0.4935205280780792,0.0,0.0
842,1680003152.032494,843,2Item7,2023-03-28 17:02:32.032494,1147.0,278.0,1152.0,280.0,-1.0,-1.0,7040.843999999983,593.048095703125,587.1621704101562,0.5894629955291748,0.4952413141727447,0.4326560497283935,0.4935227930545806,0.0,0.0
843,1680003152.0408268,844,2Item7,2023-03-28 17:02:32.040827,1147.0,276.0,1152.0,278.0,2.85052490234375,2.98260498046875,7049.177000000025,593.1956176757812,587.197998046875,0.5894460678100585,0.4952432215213775,0.4325812458992004,0.4935437440872192,0.0,0.0
844,1680003152.049334,845,2Item7,2023-03-28 17:02:32.049334,1138.0,241.0,1150.0,280.0,-1.0,-1.0,7057.684000000008,593.2354736328125,587.1218872070312,0.5894220471382141,0.4952577948570251,0.4326195120811462,0.4935852587223053,0.0,0.0
845,1680003152.0581832,846,2Item7,2023-03-28 17:02:32.058183,1159.0,206.0,1170.0,270.0,-1.0,-1.0,7066.533999999985,593.3242797851562,587.1309204101562,0.5895891785621643,0.4953023791313171,0.4327610731124877,0.4935818016529083,0.0,0.0
846,1680003152.0661454,847,2Item7,2023-03-28 17:02:32.066145,1153.0,236.0,1168.0,266.0,2.7965087890625,2.9273223876953125,7074.495999999985,593.4373168945312,587.1519775390625,0.5895554423332214,0.4952593147754669,0.4326889514923095,0.4935547709465026,0.0,0.0
847,1680003152.0743787,848,2Item7,2023-03-28 17:02:32.074379,1162.0,203.0,1170.0,256.0,-1.0,-1.0,7082.728999999992,593.4328002929688,587.0830688476562,0.5894832015037536,0.4952533841133117,0.4327302873134613,0.4935705065727233,0.0,0.0
848,1680003152.0826864,849,2Item7,2023-03-28 17:02:32.082686,1152.0,221.0,1177.0,243.0,-1.0,-1.0,7091.037000000011,593.4599609375,587.1168823242188,0.5896627902984619,0.4952819943428039,0.4328456819057464,0.4935749173164367,0.0,0.0
849,1680003152.0909748,850,2Item7,2023-03-28 17:02:32.090975,1154.0,216.0,1177.0,243.0,2.6681365966796875,2.91339111328125,7099.315999999992,593.489990234375,587.1773071289064,0.589581310749054,0.4951367378234863,0.4327714741230011,0.4935388267040252,0.0,0.0
850,1680003152.0993648,851,2Item7,2023-03-28 17:02:32.099365,1147.0,221.0,1161.0,258.0,-1.0,-1.0,7107.715000000026,593.3845825195312,587.1499633789064,0.5895553231239318,0.4952585995197296,0.4327851831912994,0.4935993254184722,0.0,0.0
851,1680003152.1076126,852,2Item7,2023-03-28 17:02:32.107613,1136.0,234.0,1172.0,256.0,-1.0,-1.0,7115.962,593.3306274414064,587.2274169921875,0.5897485017776489,0.4952667951583862,0.4329228699207305,0.4935668110847473,0.0,0.0
852,1680003152.1158855,853,2Item7,2023-03-28 17:02:32.115886,1129.0,239.0,1171.0,264.0,3.0805816650390625,2.990386962890625,7124.234999999986,593.3058471679688,587.3358764648438,0.5897217392921447,0.4952504634857177,0.4328575730323791,0.4935661256313324,0.0,0.0
853,1680003152.124194,854,2Item7,2023-03-28 17:02:32.124194,1137.0,233.0,1168.0,250.0,-1.0,-1.0,7132.544999999984,593.1595458984375,587.3488159179688,0.5896893143653869,0.4952843487262725,0.4328663051128387,0.4935961663722991,0.0,0.0
854,1680003152.1325126,855,2Item7,2023-03-28 17:02:32.132513,1155.0,285.0,1158.0,247.0,-1.0,-1.0,7140.863000000012,593.0869750976562,587.4566040039064,0.5898350477218627,0.495238572359085,0.4330088198184967,0.4935647547245025,0.0,0.0
855,1680003152.1412537,856,2Item7,2023-03-28 17:02:32.141253,1143.0,239.0,-1.0,-1.0,2.826141357421875,-1.0,7149.603999999992,593.0556640625,-1.0,0.5898469090461731,0.4952078461647033,-1.0,-1.0,0.0,4.0
856,1680003152.1494894,857,2Item7,2023-03-28 17:02:32.149489,1138.0,237.0,1183.0,238.0,-1.0,-1.0,7157.840000000026,592.9182739257812,587.5653686523438,0.5898534059524536,0.4951964318752288,0.4329813122749328,0.493496298789978,0.0,0.0
857,1680003152.1574533,858,2Item7,2023-03-28 17:02:32.157453,1146.0,225.0,1187.0,240.0,-1.0,-1.0,7165.803000000014,592.8515014648438,587.6605834960938,0.590072512626648,0.4951513707637786,0.4331841170787811,0.4934472143650054,0.0,0.0
858,1680003152.16599,859,2Item7,2023-03-28 17:02:32.165990,1131.0,199.0,1177.0,249.0,2.692855834960937,2.94366455078125,7174.341000000015,592.81884765625,587.7725830078125,0.5900902152061462,0.4950817823410034,0.4331367313861846,0.4933798313140869,0.0,0.0
859,1680003152.1740966,860,2Item7,2023-03-28 17:02:32.174097,1147.0,251.0,1175.0,240.0,-1.0,-1.0,7182.446999999986,592.6912841796875,587.7698364257812,0.5900885462760925,0.4949844777584075,0.4332309365272522,0.4933450818061828,0.0,0.0
860,1680003152.1825757,861,2Item7,2023-03-28 17:02:32.182576,1146.0,251.0,1186.0,244.0,-1.0,-1.0,7190.926000000036,592.63525390625,587.8446044921875,0.5903764367103576,0.4950370192527771,0.4334462285041809,0.4932936429977417,0.0,0.0
861,1680003152.190913,862,2Item7,2023-03-28 17:02:32.190913,1146.0,251.0,1185.0,245.0,3.065170288085937,2.994842529296875,7199.261999999988,592.6238403320312,587.9271850585938,0.5904346108436584,0.4949827492237091,0.4334427714347839,0.4932373464107513,0.0,0.0
862,1680003152.199179,863,2Item7,2023-03-28 17:02:32.199179,1134.0,250.0,1189.0,260.0,-1.0,-1.0,7207.52899999998,592.5150756835938,587.8883666992188,0.5905274152755737,0.4949372708797454,0.433572918176651,0.4932203590869903,0.0,0.0
863,1680003152.2074854,864,2Item7,2023-03-28 17:02:32.207485,1137.0,253.0,1171.0,266.0,-1.0,-1.0,7215.835000000021,592.4744873046875,587.9237060546875,0.5908167362213134,0.4949646592140197,0.4338688850402832,0.4931609630584716,0.0,0.0
864,1680003152.2157755,865,2Item7,2023-03-28 17:02:32.215776,1147.0,256.0,1180.0,259.0,2.87677001953125,2.90374755859375,7224.125,592.4763793945312,587.9684448242188,0.5909541845321655,0.4948884844779968,0.4339498877525329,0.4930599331855773,0.0,0.0
865,1680003152.2242892,866,2Item7,2023-03-28 17:02:32.224289,1149.0,241.0,1172.0,261.0,-1.0,-1.0,7232.639000000024,592.3804321289064,587.8919677734375,0.5911145806312561,0.4948585927486419,0.4340998530387878,0.4930387437343597,0.0,0.0
866,1680003152.234641,867,2Item7,2023-03-28 17:02:32.234641,1168.0,209.0,1170.0,256.0,-1.0,-1.0,7242.99099999998,592.3533935546875,587.8981323242188,0.5914978981018066,0.4948641657829284,0.4345371127128601,0.4930179119110107,0.0,0.0
867,1680003152.2408276,868,2Item7,2023-03-28 17:02:32.240828,1153.0,217.0,1170.0,256.0,2.8033905029296875,2.988311767578125,7249.178000000014,592.3680419921875,587.9007568359375,0.5916860699653625,0.4947930872440338,0.4346776604652404,0.4929477274417877,0.0,0.0
868,1680003152.24922,869,2Item7,2023-03-28 17:02:32.249220,1162.0,228.0,1160.0,268.0,-1.0,-1.0,7257.570999999997,592.2833862304688,587.7925415039064,0.5919101238250732,0.4947955012321472,0.4349322021007537,0.4929421544075012,0.0,0.0
869,1680003152.2575245,870,2Item7,2023-03-28 17:02:32.257524,1155.0,247.0,1172.0,262.0,-1.0,-1.0,7265.87400000001,592.2718505859375,587.7652587890625,0.5922995209693908,0.4947897493839263,0.4353485107421875,0.4928427040576934,0.0,0.0
870,1680003152.265953,871,2Item7,2023-03-28 17:02:32.265953,1167.0,247.0,1188.0,253.0,3.0512847900390625,2.8956756591796875,7274.304000000003,592.2990112304688,587.736083984375,0.5924795866012573,0.4947285652160644,0.4354830384254455,0.4928478896617889,0.0,0.0
871,1680003152.2741828,872,2Item7,2023-03-28 17:02:32.274183,1159.0,240.0,1183.0,246.0,-1.0,-1.0,7282.532999999997,592.2425537109375,587.606201171875,0.5926635265350341,0.4946871101856231,0.4356865584850311,0.4928660690784454,0.0,0.0
872,1680003152.28264,873,2Item7,2023-03-28 17:02:32.282640,1134.0,293.0,1185.0,249.0,-1.0,-1.0,7290.989000000001,592.2714233398438,587.5650634765625,0.5929229259490966,0.494561493396759,0.4360291361808776,0.4928285181522369,0.0,0.0
873,1680003152.290763,874,2Item7,2023-03-28 17:02:32.290763,1146.0,267.0,1157.0,254.0,2.8656158447265625,2.8847198486328125,7299.114000000001,592.360107421875,587.5301513671875,0.5930598974227905,0.4944603443145752,0.4360806345939636,0.4927669167518615,0.0,0.0
874,1680003152.299132,875,2Item7,2023-03-28 17:02:32.299132,1157.0,287.0,1181.0,239.0,-1.0,-1.0,7307.481000000031,592.3861083984375,587.4008178710938,0.5931406617164611,0.4944685101509094,0.4361709356307983,0.4927936196327209,0.0,0.0
875,1680003152.3075998,876,2Item7,2023-03-28 17:02:32.307600,1169.0,266.0,1180.0,234.0,-1.0,-1.0,7315.950000000012,592.5172119140625,587.340576171875,0.5932703018188475,0.4943925738334655,0.436331421136856,0.4927768409252166,0.0,0.0
876,1680003152.3158374,877,2Item7,2023-03-28 17:02:32.315837,1156.0,261.0,1184.0,229.0,2.7485504150390625,2.833343505859375,7324.187000000034,592.7236938476562,587.3036499023438,0.59311044216156,0.4942463636398315,0.4361713826656341,0.4927136003971099,0.0,0.0
877,1680003152.3241272,878,2Item7,2023-03-28 17:02:32.324127,1147.0,245.0,1172.0,233.0,-1.0,-1.0,7332.477000000013,592.8453979492188,587.1790161132812,0.5929937362670898,0.4942200183868408,0.4360444247722625,0.4928089082241058,0.0,0.0
878,1680003152.332474,879,2Item7,2023-03-28 17:02:32.332474,1150.0,240.0,1156.0,246.0,-1.0,-1.0,7340.825000000012,593.0521240234375,587.1600341796875,0.5929076075553894,0.4941541850566864,0.4359774589538574,0.4928198456764221,0.0,0.0
879,1680003152.3407755,880,2Item7,2023-03-28 17:02:32.340776,1157.0,242.0,1155.0,249.0,2.609481811523437,2.8830108642578125,7349.125999999988,593.314697265625,587.1453247070312,0.5925495028495787,0.4940288662910461,0.4356025457382202,0.4928014278411865,0.0,0.0
880,1680003152.3491073,881,2Item7,2023-03-28 17:02:32.349107,1154.0,253.0,1162.0,261.0,-1.0,-1.0,7357.457999999984,593.4773559570312,587.0396118164064,0.5921300649642944,0.494012713432312,0.4352626204490661,0.4928687512874603,0.0,0.0
881,1680003152.3574858,882,2Item7,2023-03-28 17:02:32.357486,1153.0,235.0,1179.0,258.0,-1.0,-1.0,7365.835000000021,593.7013549804688,587.0239868164064,0.5919033885002136,0.4940167963504791,0.4349821209907531,0.4928301572799682,0.0,0.0
882,1680003152.365834,883,2Item7,2023-03-28 17:02:32.365834,1158.0,239.0,1170.0,269.0,2.744354248046875,2.936492919921875,7374.184000000008,593.9458618164064,586.9932861328125,0.5913038849830627,0.4939082860946655,0.434387594461441,0.4928991496562957,0.0,0.0
883,1680003152.3741548,884,2Item7,2023-03-28 17:02:32.374155,1159.0,236.0,1172.0,262.0,-1.0,-1.0,7382.505000000003,594.0751342773438,586.8591918945312,0.5907299518585205,0.4938079714775085,0.4338390827178955,0.4929627478122711,0.0,0.0
884,1680003152.382445,885,2Item7,2023-03-28 17:02:32.382445,1148.0,252.0,1165.0,257.0,-1.0,-1.0,7390.794999999983,594.2489624023438,586.8241577148438,0.5902939438819885,0.4937570691108703,0.4333995580673217,0.4929912984371185,0.0,0.0
885,1680003152.39082,886,2Item7,2023-03-28 17:02:32.390820,1142.0,266.0,1166.0,250.0,3.318267822265625,2.86944580078125,7399.17100000003,594.3947143554688,586.7969970703125,0.5896849632263182,0.4936962723731994,0.4327290654182434,0.4930060505867004,0.0,0.0
886,1680003152.3992808,887,2Item7,2023-03-28 17:02:32.399281,1147.0,252.0,1167.0,254.0,-1.0,-1.0,7407.6290000000145,594.413330078125,586.67724609375,0.5889891386032104,0.4936453700065612,0.432058572769165,0.49307182431221,0.0,0.0
887,1680003152.40742,888,2Item7,2023-03-28 17:02:32.407420,1174.0,232.0,1171.0,256.0,-1.0,-1.0,7415.766999999992,594.4558715820312,586.6490478515625,0.5885123610496521,0.4935613572597503,0.4315593540668487,0.4930868744850158,0.0,0.0
888,1680003152.4157376,889,2Item7,2023-03-28 17:02:32.415738,1176.0,221.0,1174.0,261.0,2.8153228759765625,2.9190826416015625,7424.087999999987,594.51953125,586.6314086914064,0.5878825783729553,0.4934410452842712,0.4309209287166595,0.4930348992347717,0.0,0.0
889,1680003152.4240935,890,2Item7,2023-03-28 17:02:32.424093,1181.0,225.0,1180.0,277.0,-1.0,-1.0,7432.441999999983,594.47021484375,586.5103759765625,0.5873022675514221,0.4933696687221527,0.4304434359073638,0.4930715560913085,0.0,0.0
890,1680003152.4324229,891,2Item7,2023-03-28 17:02:32.432423,1190.0,213.0,1188.0,269.0,-1.0,-1.0,7440.772999999986,594.4869995117188,586.4932861328125,0.5870231389999389,0.4933326542377471,0.4301188886165618,0.4930218756198883,0.0,0.0
891,1680003152.4407482,892,2Item7,2023-03-28 17:02:32.440748,1205.0,197.0,1198.0,263.0,2.72991943359375,2.8828277587890625,7449.097999999998,594.5367431640625,586.5211791992188,0.5864882469177246,0.4931917190551757,0.4296291470527648,0.4929932653903961,0.0,0.0
892,1680003152.4491029,893,2Item7,2023-03-28 17:02:32.449103,1162.0,201.0,1198.0,244.0,-1.0,-1.0,7457.45199999999,594.4629516601562,586.4503173828125,0.5861458182334899,0.4931934177875518,0.4292934238910675,0.4930141568183898,0.0,0.0
893,1680003152.4575124,894,2Item7,2023-03-28 17:02:32.457512,1162.0,201.0,1182.0,269.0,-1.0,-1.0,7465.862000000023,594.469970703125,586.5095825195312,0.5860461592674255,0.4931685030460357,0.4291697740554809,0.4929423332214355,0.0,0.0
894,1680003152.465915,895,2Item7,2023-03-28 17:02:32.465915,1183.0,212.0,1186.0,273.0,2.8386383056640625,3.3444061279296875,7474.265000000014,594.5086059570312,586.6087036132812,0.5856867432594299,0.4930672049522399,0.4288631379604339,0.4929650723934173,0.0,0.0
895,1680003152.4740994,896,2Item7,2023-03-28 17:02:32.474099,1182.0,223.0,1178.0,274.0,-1.0,-1.0,7482.450000000012,594.4263916015625,586.5863647460938,0.5855481028556823,0.4930504560470581,0.4287336766719818,0.4929713308811187,0.0,0.0
896,1680003152.482458,897,2Item7,2023-03-28 17:02:32.482458,1165.0,245.0,1194.0,251.0,-1.0,-1.0,7490.809000000008,594.4457397460938,586.67333984375,0.5856677889823912,0.4931298494338989,0.4287942349910736,0.4929853379726409,0.0,0.0
897,1680003152.490778,898,2Item7,2023-03-28 17:02:32.490778,1170.0,231.0,1182.0,264.0,2.65887451171875,3.0033111572265625,7499.1290000000145,594.487060546875,586.7486572265625,0.5855702757835388,0.4930443465709686,0.4286997318267822,0.4929891228675842,0.0,0.0
898,1680003152.499127,899,2Item7,2023-03-28 17:02:32.499127,1179.0,222.0,1199.0,254.0,-1.0,-1.0,7507.476000000024,594.4156494140625,586.7064819335938,0.5855212211608886,0.4930766522884368,0.4287657737731933,0.4929993748664856,0.0,0.0
899,1680003152.5076208,900,2Item7,2023-03-28 17:02:32.507621,1171.0,232.0,1175.0,276.0,-1.0,-1.0,7515.968999999984,594.3939819335938,586.773681640625,0.5857829451560974,0.493124634027481,0.4289824366569519,0.493008404970169,0.0,0.0
900,1680003152.5159073,901,2Item7,2023-03-28 17:02:32.515907,1176.0,233.0,1190.0,258.0,2.68170166015625,2.787094116210937,7524.258000000031,594.3531494140625,586.853271484375,0.5858519077301025,0.4931892454624176,0.4290412664413452,0.4930060505867004,0.0,0.0
901,1680003152.524137,902,2Item7,2023-03-28 17:02:32.524137,1192.0,192.0,1198.0,278.0,-1.0,-1.0,7532.4860000000335,594.1591796875,586.8059692382812,0.5860185623168945,0.493347942829132,0.4292159676551818,0.493035614490509,0.0,0.0
902,1680003152.5324273,903,2Item7,2023-03-28 17:02:32.532427,1202.0,205.0,1219.0,262.0,-1.0,-1.0,7540.77799999999,594.001953125,586.8124389648438,0.586302101612091,0.4933909475803375,0.4295375943183898,0.4930179417133331,0.0,0.0
903,1680003152.5407746,904,2Item7,2023-03-28 17:02:32.540775,1196.0,203.0,1211.0,269.0,2.662811279296875,2.875091552734375,7549.12400000001,593.906494140625,586.8286743164064,0.5864456295967102,0.4934733808040618,0.4296363592147827,0.4930420517921447,0.0,0.0
904,1680003152.5490773,905,2Item7,2023-03-28 17:02:32.549077,1210.0,230.0,1198.0,268.0,-1.0,-1.0,7557.427000000025,593.6876220703125,586.718505859375,0.5866670608520507,0.4936700165271759,0.4298376441001892,0.4930770397186279,0.0,0.0
905,1680003152.557408,906,2Item7,2023-03-28 17:02:32.557408,1208.0,229.0,1194.0,263.0,-1.0,-1.0,7565.75900000002,593.5816040039064,586.6964111328125,0.5870288610458374,0.4938003718852996,0.4301931858062744,0.4931012690067291,0.0,0.0
906,1680003152.5658193,907,2Item7,2023-03-28 17:02:32.565819,1208.0,229.0,1197.0,269.0,2.878326416015625,2.874725341796875,7574.1689999999935,593.5633544921875,586.6964721679688,0.5871645808219909,0.4938165843486785,0.4303393959999084,0.4930460155010223,0.0,0.0
907,1680003152.5741494,908,2Item7,2023-03-28 17:02:32.574149,1192.0,228.0,1200.0,260.0,-1.0,-1.0,7582.5,593.4591064453125,586.5798950195312,0.5873181819915771,0.4939913749694824,0.4305278956890106,0.493127167224884,0.0,0.0
908,1680003152.5824368,909,2Item7,2023-03-28 17:02:32.582437,1154.0,263.0,1182.0,256.0,-1.0,-1.0,7590.787000000011,593.4558715820312,586.5637817382812,0.5876497626304626,0.4940829873085022,0.430813729763031,0.4931161701679229,0.0,0.0
909,1680003152.59079,910,2Item7,2023-03-28 17:02:32.590790,1180.0,243.0,1183.0,256.0,2.638946533203125,2.927093505859375,7599.140000000014,593.5283203125,586.5761108398438,0.587693452835083,0.4939852952957153,0.4309194982051849,0.4930223822593689,0.0,0.0
910,1680003152.5990877,911,2Item7,2023-03-28 17:02:32.599088,1187.0,252.0,1182.0,267.0,-1.0,-1.0,7607.438000000023,593.5159301757812,586.4846801757812,0.5878313183784484,0.4941272437572479,0.4310758113861084,0.493026852607727,0.0,0.0
911,1680003152.6076255,912,2Item7,2023-03-28 17:02:32.607625,1199.0,236.0,1191.0,262.0,-1.0,-1.0,7615.973999999987,593.6116943359375,586.491943359375,0.5880376100540161,0.4941245913505554,0.4312829673290252,0.4929490983486175,0.0,0.0
912,1680003152.6157734,913,2Item7,2023-03-28 17:02:32.615773,1169.0,234.0,1192.0,257.0,2.7928924560546875,2.864990234375,7624.12400000001,593.7613525390625,586.541015625,0.5880796909332275,0.4941855072975158,0.431297481060028,0.4929513931274414,0.0,0.0
913,1680003152.624128,914,2Item7,2023-03-28 17:02:32.624128,1171.0,234.0,1184.0,264.0,-1.0,-1.0,7632.477000000013,593.823486328125,586.5086669921875,0.5880539417266845,0.4942044913768768,0.4313721656799316,0.4929341077804565,0.0,0.0
914,1680003152.632403,915,2Item7,2023-03-28 17:02:32.632403,1163.0,234.0,1197.0,274.0,-1.0,-1.0,7640.753000000025,593.9406127929688,586.5741577148438,0.5881464481353759,0.4942327141761779,0.4315128326416015,0.49290531873703,0.0,0.0
915,1680003152.6407683,916,2Item7,2023-03-28 17:02:32.640769,1157.0,253.0,1198.0,281.0,2.8686065673828125,2.9362335205078125,7649.119000000006,594.0967407226562,586.6673583984375,0.5881649255752563,0.4942728579044342,0.43147012591362,0.4929369986057281,0.0,0.0
916,1680003152.649071,917,2Item7,2023-03-28 17:02:32.649071,1157.0,258.0,1206.0,285.0,-1.0,-1.0,7657.419999999983,594.1239013671875,586.6591186523438,0.588141918182373,0.4943600296974182,0.4314799606800079,0.4929964840412139,0.0,0.0
917,1680003152.6574216,918,2Item7,2023-03-28 17:02:32.657422,1171.0,246.0,1186.0,281.0,-1.0,-1.0,7665.771999999997,594.1957397460938,586.7503051757812,0.5882818698883056,0.4944007098674774,0.4315783977508544,0.4930089712142944,0.0,0.0
918,1680003152.6658058,919,2Item7,2023-03-28 17:02:32.665806,1176.0,223.0,1190.0,271.0,3.431854248046875,2.8079833984375,7674.15299999999,594.2753295898438,586.87158203125,0.588241159915924,0.4943918287754058,0.4315045773983001,0.493024468421936,0.0,0.0
919,1680003152.6740582,920,2Item7,2023-03-28 17:02:32.674058,1169.0,217.0,1190.0,239.0,-1.0,-1.0,7682.407999999997,594.2821655273438,586.9122314453125,0.5881974101066589,0.4944202601909637,0.43149995803833,0.4930503666400909,0.0,0.0
920,1680003152.6823924,921,2Item7,2023-03-28 17:02:32.682392,1165.0,223.0,1190.0,239.0,-1.0,-1.0,7690.7420000000275,594.3768920898438,587.0567626953125,0.5883027911186218,0.4944134652614593,0.4316039085388183,0.4930342137813568,0.0,0.0
921,1680003152.690802,922,2Item7,2023-03-28 17:02:32.690802,1166.0,228.0,1194.0,260.0,2.826690673828125,2.9351043701171875,7699.152000000003,594.52294921875,587.2208251953125,0.588270366191864,0.4943965971469879,0.4315374791622161,0.4930202364921569,0.0,0.0
922,1680003152.6996517,923,2Item7,2023-03-28 17:02:32.699651,1165.0,230.0,1192.0,266.0,-1.0,-1.0,7708.001999999978,594.587158203125,587.2824096679688,0.5882207751274108,0.4943896830081939,0.4315415918827056,0.4930135607719421,0.0,0.0
923,1680003152.7074826,924,2Item7,2023-03-28 17:02:32.707483,1164.0,221.0,1193.0,266.0,-1.0,-1.0,7715.831999999995,594.7432861328125,587.4312133789064,0.5883802771568298,0.4944030344486236,0.4317159950733184,0.492946833372116,0.0,0.0
924,1680003152.7158551,925,2Item7,2023-03-28 17:02:32.715855,1166.0,213.0,1198.0,262.0,2.6739654541015625,2.906219482421875,7724.204000000027,594.9432983398438,587.5872802734375,0.5883483290672302,0.4943327009677887,0.4316539168357849,0.492934912443161,0.0,0.0
925,1680003152.724073,926,2Item7,2023-03-28 17:02:32.724073,1181.0,238.0,1195.0,270.0,-1.0,-1.0,7732.423999999998,595.048583984375,587.6356201171875,0.5883268117904663,0.494348406791687,0.4317029416561126,0.4929202795028686,0.0,0.0
926,1680003152.7324882,927,2Item7,2023-03-28 17:02:32.732488,1177.0,264.0,1173.0,276.0,-1.0,-1.0,7740.837999999987,595.2237548828125,587.7664184570312,0.5884605646133422,0.4942827820777893,0.4318816661834716,0.492913544178009,0.0,0.0
927,1680003152.7408605,928,2Item7,2023-03-28 17:02:32.740860,1175.0,265.0,1177.0,281.0,2.884124755859375,2.9624176025390625,7749.211000000009,595.4241333007812,587.897216796875,0.5885010957717896,0.4943420588970184,0.4318376779556274,0.4928783476352691,0.0,0.0
928,1680003152.7490747,929,2Item7,2023-03-28 17:02:32.749075,1162.0,261.0,1178.0,288.0,-1.0,-1.0,7757.424999999987,595.5108642578125,587.9149169921875,0.5885015726089478,0.4943695068359375,0.4318829476833343,0.4929028153419494,0.0,0.0
929,1680003152.7574186,930,2Item7,2023-03-28 17:02:32.757419,1160.0,257.0,1185.0,289.0,-1.0,-1.0,7765.769000000028,595.66064453125,587.9965209960938,0.5887200236320494,0.4943688809871673,0.4320607483386993,0.4928625524044036,0.0,0.0
930,1680003152.7658274,931,2Item7,2023-03-28 17:02:32.765827,1166.0,228.0,1206.0,231.0,2.771148681640625,2.8600311279296875,7774.178000000014,595.8120727539064,588.0619506835938,0.5886978507041931,0.4943293035030365,0.4320217072963714,0.4928171634674072,0.0,0.0
931,1680003152.7740798,932,2Item7,2023-03-28 17:02:32.774080,1165.0,227.0,1191.0,236.0,-1.0,-1.0,7782.429999999993,595.8331298828125,588.0016479492188,0.5886747241020202,0.4943632185459137,0.4320704936981201,0.4928495585918426,0.0,0.0
932,1680003152.7827573,933,2Item7,2023-03-28 17:02:32.782757,1169.0,227.0,1191.0,236.0,-1.0,-1.0,7791.1080000000065,595.9014892578125,588.014892578125,0.5888046622276306,0.4942764341831207,0.4322582185268402,0.4927987456321716,0.0,0.0
933,1680003152.7909052,934,2Item7,2023-03-28 17:02:32.790905,1165.0,228.0,1192.0,245.0,2.826446533203125,2.9055938720703125,7799.2540000000145,595.9740600585938,588.0307006835938,0.5888583660125732,0.4943201541900634,0.4322119653224945,0.4927705526351928,0.0,0.0
934,1680003152.7992518,935,2Item7,2023-03-28 17:02:32.799252,1174.0,232.0,1183.0,259.0,-1.0,-1.0,7807.600000000035,595.92578125,587.9326782226562,0.5888384580612182,0.4943220913410186,0.4322258830070495,0.492767333984375,0.0,0.0
935,1680003152.807402,936,2Item7,2023-03-28 17:02:32.807402,1200.0,208.0,1177.0,255.0,-1.0,-1.0,7815.751999999978,595.9365234375,587.9189453125,0.5890352725982666,0.4942886233329772,0.4323954582214355,0.4926769435405731,0.0,0.0
936,1680003152.8157394,937,2Item7,2023-03-28 17:02:32.815739,1196.0,207.0,1185.0,252.0,2.7787017822265625,2.839935302734375,7824.089000000035,595.98291015625,587.9159545898438,0.5889172554016113,0.4942001700401306,0.4323154091835022,0.4926682710647583,0.0,0.0
937,1680003152.8241646,938,2Item7,2023-03-28 17:02:32.824165,1194.0,221.0,1194.0,248.0,-1.0,-1.0,7832.515000000014,595.934814453125,587.8064575195312,0.5889095664024353,0.4941867291927337,0.4322932958602905,0.4926390349864959,0.0,0.0
938,1680003152.8323908,939,2Item7,2023-03-28 17:02:32.832391,1169.0,233.0,1181.0,255.0,-1.0,-1.0,7840.74099999998,595.9677734375,587.7898559570312,0.5890557765960693,0.4941103756427764,0.4324501752853393,0.4925819933414459,0.0,0.0
939,1680003152.8409345,940,2Item7,2023-03-28 17:02:32.840934,1174.0,235.0,1178.0,266.0,2.806488037109375,3.2626495361328125,7849.283999999986,596.0443725585938,587.78955078125,0.5890474319458007,0.4940812289714813,0.4323918223381042,0.4925092160701751,0.0,0.0
940,1680003152.849241,941,2Item7,2023-03-28 17:02:32.849241,1162.0,210.0,1173.0,272.0,-1.0,-1.0,7857.592000000003,596.0092163085938,587.6900634765625,0.5890243053436279,0.4940554797649383,0.4324026703834533,0.4924615025520324,0.0,0.0
941,1680003152.8576107,942,2Item7,2023-03-28 17:02:32.857611,1158.0,224.0,1202.0,259.0,-1.0,-1.0,7865.960000000021,596.032958984375,587.6841430664064,0.5891540050506591,0.493897259235382,0.4325447082519531,0.4923338890075683,0.0,0.0
942,1680003152.8659391,943,2Item7,2023-03-28 17:02:32.865939,1151.0,239.0,1179.0,278.0,2.867904663085937,2.88153076171875,7874.289999999979,596.1111450195312,587.6874389648438,0.5891834497451782,0.493911474943161,0.4324902296066284,0.4922966957092285,0.0,0.0
943,1680003152.8740478,944,2Item7,2023-03-28 17:02:32.874048,1167.0,259.0,1192.0,245.0,-1.0,-1.0,7882.396999999997,596.1129760742188,587.5908813476562,0.5891479849815368,0.4938233792781829,0.4325155317783355,0.4922388792037963,0.0,0.0
944,1680003152.8824282,945,2Item7,2023-03-28 17:02:32.882428,1191.0,232.0,1178.0,251.0,-1.0,-1.0,7890.77799999999,596.213134765625,587.5862426757812,0.5893440246582031,0.4937576055526733,0.4326516687870025,0.4921725094318389,0.0,0.0
945,1680003152.8909812,946,2Item7,2023-03-28 17:02:32.890981,1201.0,214.0,1179.0,249.0,2.801788330078125,2.8766632080078125,7899.331999999995,596.368408203125,587.6051635742188,0.5893108248710632,0.4937086701393127,0.4326131939888,0.4921025335788726,0.0,0.0
946,1680003152.899202,947,2Item7,2023-03-28 17:02:32.899202,1191.0,197.0,1188.0,263.0,-1.0,-1.0,7907.549999999987,596.4271240234375,587.5221557617188,0.5892725586891174,0.4937032461166381,0.4326187968254089,0.492063283920288,0.0,0.0
947,1680003152.9075515,948,2Item7,2023-03-28 17:02:32.907552,1173.0,199.0,1197.0,261.0,-1.0,-1.0,7915.902000000003,596.535400390625,587.5367431640625,0.5894389748573303,0.4935925006866455,0.4327593743801116,0.4920512437820434,0.0,0.0
948,1680003152.9157577,949,2Item7,2023-03-28 17:02:32.915758,1171.0,214.0,1203.0,254.0,2.722396850585937,2.855133056640625,7924.107000000017,596.655029296875,587.5726928710938,0.5893799066543579,0.4935577809810638,0.4327051043510437,0.4920012652873992,0.0,0.0
949,1680003152.924045,950,2Item7,2023-03-28 17:02:32.924045,1188.0,246.0,1189.0,261.0,-1.0,-1.0,7932.394000000028,596.6455078125,587.5199584960938,0.5894062519073486,0.4936650991439819,0.4327185451984405,0.4920198321342468,0.0,0.0
950,1680003152.9323814,951,2Item7,2023-03-28 17:02:32.932381,1184.0,234.0,1191.0,262.0,-1.0,-1.0,7940.732000000017,596.7000732421875,587.5687255859375,0.5896340608596801,0.4937070608139038,0.4328784942626953,0.491993635892868,0.0,0.0
951,1680003152.9408667,952,2Item7,2023-03-28 17:02:32.940867,1177.0,234.0,1186.0,272.0,2.8508453369140625,2.94012451171875,7949.216000000016,596.7861938476562,587.640625,0.589573323726654,0.4936818480491638,0.4328292906284332,0.4919442534446716,0.0,0.0
952,1680003152.9491005,953,2Item7,2023-03-28 17:02:32.949100,1171.0,222.0,1197.0,258.0,-1.0,-1.0,7957.451000000002,596.7589111328125,587.6185302734375,0.5895271897315979,0.4937030971050262,0.4328451454639434,0.4920129179954528,0.0,0.0
953,1680003152.9575932,954,2Item7,2023-03-28 17:02:32.957593,1172.0,219.0,1184.0,262.0,-1.0,-1.0,7965.943000000028,596.7679443359375,587.6953735351562,0.589762806892395,0.4937443733215332,0.4329482913017272,0.4919715225696563,0.0,0.0
954,1680003152.9657876,955,2Item7,2023-03-28 17:02:32.965788,1171.0,220.0,1210.0,241.0,2.7682037353515625,2.813827514648437,7974.138000000035,596.765625,587.7859497070312,0.5896838307380676,0.4937066733837127,0.432857871055603,0.4919770658016204,0.0,0.0
955,1680003152.9741693,956,2Item7,2023-03-28 17:02:32.974169,1167.0,228.0,1211.0,233.0,-1.0,-1.0,7982.520000000018,596.6282958984375,587.7803955078125,0.5896525979042053,0.4937412440776825,0.4329128265380859,0.4919709265232086,0.0,0.0
956,1680003152.9824576,957,2Item7,2023-03-28 17:02:32.982458,1158.0,235.0,1223.0,233.0,-1.0,-1.0,7990.807000000029,596.5192260742188,587.862548828125,0.5898433327674865,0.4937188029289245,0.4329891502857208,0.4919401705265045,0.0,0.0
957,1680003152.9907892,958,2Item7,2023-03-28 17:02:32.990789,1160.0,234.0,-1.0,-1.0,2.7152557373046875,-1.0,7999.140000000014,596.3958740234375,-1.0,0.5897825956344604,0.4936510324478149,-1.0,-1.0,0.0,4.0
958,1680003152.999369,959,2Item7,2023-03-28 17:02:32.999369,1170.0,213.0,1220.0,234.0,-1.0,-1.0,8007.7179999999935,596.1648559570312,587.9322509765625,0.5897223353385925,0.4936243295669555,0.4328930377960205,0.4918636083602905,0.0,0.0
959,1680003153.007406,960,2Item7,2023-03-28 17:02:33.007406,1175.0,218.0,1197.0,240.0,-1.0,-1.0,8015.755999999995,595.9880981445312,588.0084838867188,0.5898793935775756,0.4934958219528198,0.4330238401889801,0.4917564094066619,0.0,0.0
960,1680003153.015747,961,2Item7,2023-03-28 17:02:33.015747,1178.0,222.0,1189.0,252.0,2.6534576416015625,2.9060516357421875,8024.097999999998,595.8307495117188,588.0889282226562,0.5898364186286926,0.4933893382549285,0.4329292178153991,0.4916574656963348,0.0,0.0
961,1680003153.0242355,962,2Item7,2023-03-28 17:02:33.024236,1176.0,221.0,1183.0,237.0,-1.0,-1.0,8032.585000000021,595.5614624023438,588.0580444335938,0.5897997021675109,0.4933302700519561,0.4329285323619842,0.4915766417980194,0.0,0.0
962,1680003153.032426,963,2Item7,2023-03-28 17:02:33.032426,1176.0,204.0,1183.0,228.0,-1.0,-1.0,8040.776000000013,595.3619995117188,588.1096801757812,0.5899453163146972,0.4931855797767639,0.4330792129039764,0.4914599657058715,0.0,0.0
963,1680003153.0406828,964,2Item7,2023-03-28 17:02:33.040683,1174.0,222.0,1183.0,225.0,2.697479248046875,2.9160308837890625,8049.032999999997,595.1971435546875,588.1590576171875,0.5899408459663391,0.4931201934814453,0.4329955577850341,0.4913384616374969,0.0,0.0
964,1680003153.0490468,965,2Item7,2023-03-28 17:02:33.049047,1176.0,229.0,1183.0,235.0,-1.0,-1.0,8057.396999999997,594.954833984375,588.0923461914064,0.5899336338043212,0.4930854439735412,0.4329856932163238,0.491237848997116,0.0,0.0
965,1680003153.057467,966,2Item7,2023-03-28 17:02:33.057467,1204.0,198.0,1168.0,258.0,-1.0,-1.0,8065.816999999983,594.8148193359375,588.1079711914064,0.5901286005973815,0.4930608868598938,0.4331412017345428,0.4911582171916961,0.0,0.0
966,1680003153.066097,967,2Item7,2023-03-28 17:02:33.066097,1202.0,201.0,1167.0,271.0,2.756820678710937,2.9245147705078125,8074.446999999986,594.7504272460938,588.12158203125,0.5900661349296569,0.4929743111133575,0.4330527484416961,0.4911147356033325,0.0,0.0
967,1680003153.0740402,968,2Item7,2023-03-28 17:02:33.074040,1196.0,193.0,1174.0,275.0,-1.0,-1.0,8082.390000000014,594.6227416992188,588.0238647460938,0.5900361537933348,0.4929786920547485,0.4330321550369262,0.4910913407802581,0.0,0.0
968,1680003153.0827174,969,2Item7,2023-03-28 17:02:33.082717,1180.0,207.0,1176.0,277.0,-1.0,-1.0,8091.068000000028,594.6087646484375,588.0066528320312,0.5901927351951599,0.4929533898830413,0.4331969022750854,0.4910280704498291,0.0,0.0
969,1680003153.090685,970,2Item7,2023-03-28 17:02:33.090685,1171.0,208.0,1183.0,264.0,3.0262908935546875,3.4208984375,8099.035000000032,594.6554565429688,587.9874877929688,0.5901246070861816,0.492910087108612,0.4331117868423461,0.4909963607788085,0.0,0.0
970,1680003153.0991151,971,2Item7,2023-03-28 17:02:33.099115,1179.0,230.0,1186.0,263.0,-1.0,-1.0,8107.466000000016,594.6231689453125,587.8521728515625,0.5900944471359252,0.4929160773754119,0.4330939650535583,0.4910014569759368,0.0,0.0
971,1680003153.107444,972,2Item7,2023-03-28 17:02:33.107444,1173.0,248.0,1200.0,253.0,-1.0,-1.0,8115.791000000026,594.6823120117188,587.8020629882812,0.5902115702629089,0.4927980005741119,0.4332546293735504,0.4909083247184753,0.0,0.0
972,1680003153.115729,973,2Item7,2023-03-28 17:02:33.115729,1177.0,248.0,1197.0,251.0,2.7340240478515625,2.873046875,8124.080000000016,594.7777709960938,587.7531127929688,0.5901402831077575,0.4927923679351806,0.433159589767456,0.4908988177776336,0.0,0.0
973,1680003153.1243155,974,2Item7,2023-03-28 17:02:33.124316,1184.0,211.0,1196.0,233.0,-1.0,-1.0,8132.663999999991,594.7772827148438,587.5899658203125,0.5901382565498352,0.4927720427513122,0.4331738948822021,0.490849882364273,0.0,0.0
974,1680003153.1326382,975,2Item7,2023-03-28 17:02:33.132638,1177.0,222.0,1178.0,227.0,-1.0,-1.0,8140.988000000013,594.8548583984375,587.5136108398438,0.5902609229087828,0.492689698934555,0.4333154261112213,0.4907701313495636,0.0,0.0
975,1680003153.140672,976,2Item7,2023-03-28 17:02:33.140672,1178.0,226.0,1195.0,242.0,2.844711303710937,2.81488037109375,8149.022999999986,594.9505004882812,587.4495239257812,0.5902525186538696,0.4926759898662567,0.4331981539726257,0.4907482862472534,0.0,0.0
976,1680003153.149017,977,2Item7,2023-03-28 17:02:33.149017,1172.0,236.0,1192.0,243.0,-1.0,-1.0,8157.3670000000275,594.9414672851562,587.2820434570312,0.5901695489883422,0.4925953149795532,0.433188796043396,0.4907037913799285,0.0,0.0
977,1680003153.157504,978,2Item7,2023-03-28 17:02:33.157504,1187.0,215.0,1191.0,240.0,-1.0,-1.0,8165.853999999992,594.9869384765625,587.2063598632812,0.5903149843215942,0.4924929738044738,0.433318942785263,0.4906012713909149,0.0,0.0
978,1680003153.165725,979,2Item7,2023-03-28 17:02:33.165725,1206.0,180.0,1190.0,243.0,2.692352294921875,2.8548126220703125,8174.074000000022,595.056640625,587.1444702148438,0.5902258157730103,0.4924487471580505,0.4332374930381774,0.4905846118927002,0.0,0.0
979,1680003153.1740189,980,2Item7,2023-03-28 17:02:33.174019,1206.0,180.0,1207.0,253.0,-1.0,-1.0,8182.369000000006,595.0288696289064,586.9822387695312,0.5902155637741088,0.4924728870391845,0.4332517385482788,0.4905628859996795,0.0,0.0
980,1680003153.1826134,981,2Item7,2023-03-28 17:02:33.182613,1173.0,216.0,1203.0,264.0,-1.0,-1.0,8190.964000000035,595.07470703125,586.9157104492188,0.5903018116950988,0.4924103021621704,0.4333608746528625,0.4904947876930236,0.0,0.0
981,1680003153.190726,982,2Item7,2023-03-28 17:02:33.190726,1173.0,216.0,1202.0,263.0,2.89208984375,2.863800048828125,8199.076000000001,595.1475830078125,586.8810424804688,0.5903149843215942,0.4924454092979431,0.4332499206066131,0.4904910027980804,0.0,0.0
982,1680003153.1991854,983,2Item7,2023-03-28 17:02:33.199185,1172.0,224.0,1198.0,253.0,-1.0,-1.0,8207.536000000022,595.1347045898438,586.7533569335938,0.590225875377655,0.4924611151218414,0.4332471191883087,0.4905045628547668,0.0,0.0
983,1680003153.2073789,984,2Item7,2023-03-28 17:02:33.207379,1177.0,229.0,1201.0,250.0,-1.0,-1.0,8215.728000000003,595.21142578125,586.734130859375,0.5903766751289367,0.4924986958503723,0.4333525896072387,0.4904574751853942,0.0,0.0
984,1680003153.215729,985,2Item7,2023-03-28 17:02:33.215729,-1.0,-1.0,1181.0,262.0,-1.0,2.87591552734375,8224.079000000027,-1.0,586.7470703125,-1.0,-1.0,0.4332220256328582,0.4904914200305938,4.0,0.0
985,1680003153.2242353,986,2Item7,2023-03-28 17:02:33.224235,1180.0,232.0,1184.0,242.0,-1.0,-1.0,8232.58600000001,595.3209838867188,586.6771240234375,0.5901712775230407,0.4925270080566406,0.4331678748130798,0.4905421733856201,0.0,0.0
986,1680003153.2325542,987,2Item7,2023-03-28 17:02:33.232554,1177.0,232.0,1177.0,243.0,-1.0,-1.0,8240.90399999998,595.4061889648438,586.713623046875,0.5902411937713623,0.4924830198287963,0.4332498908042907,0.4905532300472259,0.0,0.0
987,1680003153.2409225,988,2Item7,2023-03-28 17:02:33.240922,1192.0,234.0,1179.0,241.0,2.954742431640625,2.863739013671875,8249.272999999986,595.5399169921875,586.76904296875,0.590133786201477,0.4925689399242401,0.4330828189849853,0.4905773401260376,0.0,0.0
988,1680003153.2492542,989,2Item7,2023-03-28 17:02:33.249254,1185.0,229.0,1195.0,253.0,-1.0,-1.0,8257.603999999992,595.5706176757812,586.7334594726562,0.5900058150291442,0.4925884902477264,0.4330027997493743,0.4906394481658935,0.0,0.0
989,1680003153.257676,990,2Item7,2023-03-28 17:02:33.257676,1181.0,234.0,1194.0,252.0,-1.0,-1.0,8266.026000000013,595.6615600585938,586.797119140625,0.5901033282279968,0.4926312863826751,0.4330721795558929,0.4906225502490997,0.0,0.0
990,1680003153.265859,991,2Item7,2023-03-28 17:02:33.265859,1169.0,214.0,1193.0,252.0,2.6912994384765625,2.898590087890625,8274.20900000003,595.7969360351562,586.8683471679688,0.5899177193641661,0.4925360083580017,0.4329047799110412,0.490662932395935,0.0,0.0
991,1680003153.2741303,992,2Item7,2023-03-28 17:02:33.274130,1180.0,183.0,1181.0,251.0,-1.0,-1.0,8282.479999999981,595.8038940429688,586.8309936523438,0.5897923707962036,0.4926130771636962,0.4328215718269348,0.4907126724720001,0.0,0.0
992,1680003153.2823465,993,2Item7,2023-03-28 17:02:33.282346,1180.0,183.0,1181.0,251.0,-1.0,-1.0,8290.696999999986,595.85595703125,586.8644409179688,0.5898821353912354,0.4925702810287475,0.432886391878128,0.490727424621582,0.0,0.0
993,1680003153.290793,994,2Item7,2023-03-28 17:02:33.290793,1168.0,240.0,1180.0,253.0,2.962509155273437,2.8187713623046875,8299.141999999993,595.9202880859375,586.89599609375,0.5897608399391174,0.4925830662250518,0.4327414631843566,0.4907174110412597,0.0,0.0
994,1680003153.2991714,995,2Item7,2023-03-28 17:02:33.299171,1166.0,252.0,1178.0,270.0,-1.0,-1.0,8307.520000000017,595.8604736328125,586.8057861328125,0.5896729230880737,0.4926137924194335,0.4326888918876647,0.4907550513744354,0.0,0.0
995,1680003153.3073907,996,2Item7,2023-03-28 17:02:33.307391,1180.0,218.0,1189.0,252.0,-1.0,-1.0,8315.74099999998,595.8488159179688,586.7913818359375,0.5898225307464598,0.4926373958587646,0.4327848851680755,0.4907447099685668,0.0,0.0
996,1680003153.3157446,997,2Item7,2023-03-28 17:02:33.315745,1180.0,217.0,1195.0,256.0,3.2781219482421875,3.285797119140625,8324.093999999985,595.84716796875,586.7722778320312,0.5897126197814941,0.4926211833953857,0.4326801002025604,0.4907515943050384,0.0,0.0
997,1680003153.3241434,998,2Item7,2023-03-28 17:02:33.324143,1190.0,235.0,1166.0,307.0,-1.0,-1.0,8332.494000000006,595.724609375,586.6394653320312,0.5896344780921936,0.4926298856735229,0.4326530396938324,0.4907997548580169,0.0,0.0
998,1680003153.3323383,999,2Item7,2023-03-28 17:02:33.332338,1195.0,247.0,1167.0,303.0,-1.0,-1.0,8340.688000000022,595.6522827148438,586.5946655273438,0.5897728204727172,0.4926198720932006,0.4327627420425415,0.4908011555671691,0.0,0.0
999,1680003153.340661,1000,2Item7,2023-03-28 17:02:33.340661,1195.0,247.0,1190.0,280.0,2.78173828125,2.987091064453125,8349.010999999999,595.5985717773438,586.5593872070312,0.5897052288055419,0.4926472008228302,0.4326800107955932,0.4908168613910675,0.0,0.0
1000,1680003153.3491566,1001,2Item7,2023-03-28 17:02:33.349157,1193.0,231.0,1197.0,239.0,-1.0,-1.0,8357.506999999983,595.4271850585938,586.4215087890625,0.5896528363227844,0.4926415383815765,0.4326625764369964,0.4908551275730133,0.0,0.0
1001,1680003153.3573446,1002,2Item7,2023-03-28 17:02:33.357345,1184.0,226.0,1206.0,246.0,-1.0,-1.0,8365.695000000007,595.3049926757812,586.3927612304688,0.589772880077362,0.4926032721996307,0.4327983260154724,0.4908419847488403,0.0,0.0
1002,1680003153.3656578,1003,2Item7,2023-03-28 17:02:33.365658,1188.0,230.0,1197.0,249.0,3.4697265625,2.861053466796875,8374.00800000003,595.21533203125,586.3895263671875,0.5897746682167053,0.4926528930664062,0.4327254891395568,0.4908753633499145,0.0,0.0
1003,1680003153.3740969,1004,2Item7,2023-03-28 17:02:33.374097,1187.0,236.0,1198.0,244.0,-1.0,-1.0,8382.445000000007,595.0316162109375,586.3004150390625,0.5897341966629028,0.4926269948482513,0.4327340722084045,0.4909295737743377,0.0,0.0
1004,1680003153.3824692,1005,2Item7,2023-03-28 17:02:33.382469,1184.0,238.0,1204.0,236.0,-1.0,-1.0,8390.818000000028,594.9359130859375,586.3195190429688,0.5899548530578613,0.4926787912845611,0.4329074621200561,0.4909732341766357,0.0,0.0
1005,1680003153.3908367,1006,2Item7,2023-03-28 17:02:33.390837,1182.0,237.0,1215.0,229.0,2.7658233642578125,2.985595703125,8399.184999999998,594.90478515625,586.3659057617188,0.5898681879043579,0.4925450384616851,0.4328681826591491,0.4909708201885223,0.0,0.0
1006,1680003153.399644,1007,2Item7,2023-03-28 17:02:33.399644,1165.0,238.0,1183.0,242.0,-1.0,-1.0,8407.989000000001,594.7786254882812,586.3185424804688,0.5899019241333007,0.4926288723945617,0.4329162836074829,0.4910483360290527,0.0,0.0
1007,1680003153.4074457,1008,2Item7,2023-03-28 17:02:33.407446,1175.0,227.0,1175.0,248.0,-1.0,-1.0,8415.796000000031,594.7256469726562,586.36962890625,0.5901389122009277,0.4926926791667938,0.4330867528915405,0.4910833239555358,0.0,0.0
1008,1680003153.4157798,1009,2Item7,2023-03-28 17:02:33.415780,1177.0,225.0,1188.0,229.0,2.7205047607421875,2.839950561523437,8424.130000000003,594.7234497070312,586.4375,0.5901027917861938,0.4926744997501373,0.4330494999885559,0.4911106824874877,0.0,0.0
1009,1680003153.4240203,1010,2Item7,2023-03-28 17:02:33.424020,1191.0,226.0,1185.0,220.0,-1.0,-1.0,8432.369999999995,594.6217651367188,586.4025268554688,0.5901071429252625,0.4927052855491638,0.4330895543098449,0.4911978542804718,0.0,0.0
1010,1680003153.4325104,1011,2Item7,2023-03-28 17:02:33.432510,1183.0,246.0,1177.0,219.0,-1.0,-1.0,8440.861000000034,594.5953979492188,586.4580078125,0.5902751088142395,0.4927204549312591,0.4332755208015441,0.4912049472332,0.0,0.0
1011,1680003153.440742,1012,2Item7,2023-03-28 17:02:33.440742,-1.0,-1.0,1192.0,241.0,-1.0,2.8438720703125,8449.092000000002,-1.0,586.5182495117188,-1.0,-1.0,0.4332225918769836,0.4912725687026977,4.0,0.0
1012,1680003153.4490635,1013,2Item7,2023-03-28 17:02:33.449064,1181.0,223.0,1194.0,242.0,-1.0,-1.0,8457.41399999999,594.5513305664064,586.466796875,0.5902648568153381,0.492886483669281,0.4332632422447204,0.4913648962974548,0.0,0.0
1013,1680003153.4574358,1014,2Item7,2023-03-28 17:02:33.457436,1189.0,213.0,1193.0,246.0,-1.0,-1.0,8465.786000000022,594.584228515625,586.4962158203125,0.5904427170753479,0.4929412305355072,0.4333969950675964,0.491384744644165,0.0,0.0
1014,1680003153.465839,1015,2Item7,2023-03-28 17:02:33.465839,1189.0,209.0,1195.0,249.0,2.6193389892578125,2.78485107421875,8474.189000000013,594.656982421875,586.5344848632812,0.590380847454071,0.4929979443550109,0.4333629608154296,0.4913965761661529,0.0,0.0
1015,1680003153.4741423,1016,2Item7,2023-03-28 17:02:33.474142,1189.0,231.0,1188.0,253.0,-1.0,-1.0,8482.493000000017,594.63720703125,586.4639282226562,0.5903408527374266,0.4930635690689086,0.43335622549057,0.4915080964565277,0.0,0.0
1016,1680003153.482573,1017,2Item7,2023-03-28 17:02:33.482573,1172.0,246.0,1191.0,238.0,-1.0,-1.0,8490.92300000001,594.6500244140625,586.48193359375,0.5904409885406494,0.4931472241878509,0.4334844052791595,0.4915486276149749,0.0,0.0
1017,1680003153.4908955,1018,2Item7,2023-03-28 17:02:33.490896,1173.0,246.0,1188.0,244.0,3.0626983642578125,2.8544921875,8499.245999999985,594.6566162109375,586.5126953125,0.590430200099945,0.4932739436626434,0.4334115087985992,0.4916006028652191,0.0,0.0
1018,1680003153.499018,1019,2Item7,2023-03-28 17:02:33.499018,1175.0,252.0,1197.0,235.0,-1.0,-1.0,8507.367000000027,594.5407104492188,586.4398193359375,0.5903746485710144,0.4933622479438781,0.4333947896957397,0.4916982352733612,0.0,0.0
1019,1680003153.507335,1020,2Item7,2023-03-28 17:02:33.507335,1190.0,240.0,1195.0,257.0,-1.0,-1.0,8515.684999999998,594.519775390625,586.45947265625,0.5905061960220336,0.4935002028942108,0.4334966838359832,0.4917163550853729,0.0,0.0
1020,1680003153.5156577,1021,2Item7,2023-03-28 17:02:33.515658,1189.0,238.0,1195.0,258.0,2.7362060546875,2.8175506591796875,8524.00800000003,594.5135498046875,586.5028686523438,0.5903937220573425,0.4935604631900787,0.4333757758140564,0.4918198585510253,0.0,0.0
1021,1680003153.5240457,1022,2Item7,2023-03-28 17:02:33.524046,1176.0,236.0,1203.0,247.0,-1.0,-1.0,8532.396000000008,594.434326171875,586.4547119140625,0.5902969241142272,0.4936591386795043,0.4333411753177642,0.491916537284851,0.0,0.0
1022,1680003153.5323727,1023,2Item7,2023-03-28 17:02:33.532373,1164.0,252.0,1205.0,245.0,-1.0,-1.0,8540.722999999998,594.4488525390625,586.5079956054688,0.590402603149414,0.493704617023468,0.4333975911140441,0.4919328391551971,0.0,0.0
1023,1680003153.5407062,1024,2Item7,2023-03-28 17:02:33.540706,1163.0,251.0,1205.0,247.0,2.7613983154296875,2.840362548828125,8549.055999999982,594.4851684570312,586.581787109375,0.5902933478355407,0.4937314689159393,0.4332690238952636,0.4919376373291015,0.0,0.0
1024,1680003153.5492473,1025,2Item7,2023-03-28 17:02:33.549247,1165.0,216.0,1197.0,235.0,-1.0,-1.0,8557.597000000009,594.42822265625,586.5648193359375,0.5901599526405334,0.4937524199485778,0.4332207739353179,0.4920327365398407,0.0,0.0
1025,1680003153.5573208,1026,2Item7,2023-03-28 17:02:33.557321,1177.0,228.0,1198.0,260.0,-1.0,-1.0,8565.671000000031,594.4502563476562,586.6483764648438,0.590283691883087,0.4937962293624877,0.4332732558250427,0.4920122325420379,0.0,0.0
1026,1680003153.5656528,1027,2Item7,2023-03-28 17:02:33.565653,1163.0,216.0,1191.0,228.0,2.802581787109375,2.8250885009765625,8574.003000000026,594.4967651367188,586.7462158203125,0.5901550650596618,0.4937841296195983,0.4331282973289489,0.4920176863670349,0.0,0.0
1027,1680003153.574002,1028,2Item7,2023-03-28 17:02:33.574002,1187.0,236.0,1196.0,262.0,-1.0,-1.0,8582.353000000003,594.4434814453125,586.7489013671875,0.590059220790863,0.4937579333782196,0.4330606460571289,0.491981565952301,0.0,0.0
1028,1680003153.582598,1029,2Item7,2023-03-28 17:02:33.582598,1186.0,237.0,1196.0,246.0,-1.0,-1.0,8590.946999999986,594.4491577148438,586.8497924804688,0.590178906917572,0.4938043355941772,0.43315389752388,0.4920436441898345,0.0,0.0
1029,1680003153.5906544,1030,2Item7,2023-03-28 17:02:33.590654,1185.0,237.0,1200.0,256.0,2.8097686767578125,3.096649169921875,8599.004000000014,594.48779296875,586.9662475585938,0.5900590419769287,0.4937634468078613,0.4330359101295471,0.4920317828655242,0.0,0.0
1030,1680003153.5990634,1031,2Item7,2023-03-28 17:02:33.599063,1182.0,241.0,1207.0,264.0,-1.0,-1.0,8607.413,594.3842163085938,586.9749145507812,0.5899714827537536,0.4937326312065124,0.4329999983310699,0.4919781982898712,0.0,0.0
1031,1680003153.6074576,1032,2Item7,2023-03-28 17:02:33.607458,1189.0,175.0,1176.0,284.0,-1.0,-1.0,8615.805999999982,594.337890625,587.065673828125,0.5901089310646057,0.4937735795974731,0.4330784082412719,0.4920060336589813,0.0,0.0
1032,1680003153.615837,1033,2Item7,2023-03-28 17:02:33.615837,1193.0,158.0,1158.0,280.0,2.591644287109375,2.951568603515625,8624.187000000034,594.3072509765625,587.1591796875,0.5899890065193176,0.4936557412147522,0.4329531490802764,0.4920139014720916,0.0,0.0
1033,1680003153.6244318,1034,2Item7,2023-03-28 17:02:33.624432,1199.0,199.0,1158.0,280.0,-1.0,-1.0,8632.782000000007,594.146484375,587.1404418945312,0.5899240374565125,0.4937209486961364,0.4329367280006408,0.4919957220554351,0.0,0.0
1034,1680003153.6325655,1035,2Item7,2023-03-28 17:02:33.632565,1203.0,208.0,1190.0,260.0,-1.0,-1.0,8640.914999999979,594.047119140625,587.2147827148438,0.5900189280509948,0.4936814904212951,0.4330047070980072,0.4920433163642883,0.0,0.0
1035,1680003153.640704,1036,2Item7,2023-03-28 17:02:33.640704,1211.0,220.0,1192.0,254.0,2.4424591064453125,2.9125518798828125,8649.054000000004,593.968017578125,587.2975463867188,0.5899294018745422,0.4936891794204711,0.43288055062294,0.4920480549335479,0.0,0.0
1036,1680003153.649716,1037,2Item7,2023-03-28 17:02:33.649716,1210.0,227.0,1182.0,238.0,-1.0,-1.0,8658.065000000002,593.778564453125,587.2744750976562,0.5898736715316772,0.4937536418437957,0.4328385293483734,0.4920948147773742,0.0,0.0
1037,1680003153.657403,1038,2Item7,2023-03-28 17:02:33.657403,1186.0,258.0,1189.0,245.0,-1.0,-1.0,8665.753000000026,593.6618041992188,587.3435668945312,0.5899657607078552,0.4937605261802673,0.4329031109809875,0.4920623898506164,0.0,0.0
1038,1680003153.6656623,1039,2Item7,2023-03-28 17:02:33.665662,1186.0,257.0,1194.0,231.0,3.223602294921875,2.781005859375,8674.011999999988,593.5955810546875,587.4183959960938,0.5899066925048828,0.493831992149353,0.4328065514564514,0.4921317994594574,0.0,0.0
1039,1680003153.6740613,1040,2Item7,2023-03-28 17:02:33.674061,1189.0,256.0,1198.0,240.0,-1.0,-1.0,8682.411000000022,593.44775390625,587.3922729492188,0.5898118019104003,0.4938073754310607,0.4327542185783386,0.4921578168869018,0.0,0.0
1040,1680003153.6825218,1041,2Item7,2023-03-28 17:02:33.682522,1191.0,222.0,1179.0,258.0,-1.0,-1.0,8690.872000000032,593.3946533203125,587.464599609375,0.5899305939674377,0.4938800930976867,0.4328513145446777,0.4921806454658508,0.0,0.0
1041,1680003153.6909697,1042,2Item7,2023-03-28 17:02:33.690969,1191.0,222.0,1179.0,253.0,3.3830108642578125,2.8816070556640625,8699.319000000018,593.4100952148438,587.5491333007812,0.5897523760795593,0.493800401687622,0.4327172338962554,0.4921899735927581,0.0,0.0
1042,1680003153.699333,1043,2Item7,2023-03-28 17:02:33.699333,1193.0,231.0,1174.0,250.0,-1.0,-1.0,8707.682000000028,593.3539428710938,587.537109375,0.5897673964500427,0.4938431680202484,0.432679146528244,0.4922100305557251,0.0,0.0
1043,1680003153.7073836,1044,2Item7,2023-03-28 17:02:33.707384,1172.0,269.0,1170.0,251.0,-1.0,-1.0,8715.733000000006,593.3895874023438,587.6219482421875,0.5898154377937316,0.4938223659992218,0.4327852129936218,0.4922257363796234,0.0,0.0
1044,1680003153.715726,1045,2Item7,2023-03-28 17:02:33.715726,1172.0,269.0,1173.0,261.0,3.324691772460937,2.88397216796875,8724.076000000001,593.4810180664064,587.7085571289064,0.5897386670112609,0.493833988904953,0.4326479732990264,0.4922130405902862,0.0,0.0
1045,1680003153.724089,1046,2Item7,2023-03-28 17:02:33.724089,1169.0,257.0,1182.0,264.0,-1.0,-1.0,8732.439000000013,593.498291015625,587.6907958984375,0.5896716117858886,0.4938992857933044,0.4325916171073913,0.4922398924827575,0.0,0.0
1046,1680003153.7323604,1047,2Item7,2023-03-28 17:02:33.732360,1199.0,223.0,1197.0,253.0,-1.0,-1.0,8740.710000000021,593.6118774414064,587.7646484375,0.5897698402404785,0.4939301908016204,0.4326840043067932,0.4922378063201904,0.0,0.0
1047,1680003153.7408135,1048,2Item7,2023-03-28 17:02:33.740813,-1.0,-1.0,1197.0,253.0,-1.0,3.5276031494140625,8749.16399999999,-1.0,587.8279418945312,-1.0,-1.0,0.4325594305992126,0.4922350049018859,4.0,0.0
1048,1680003153.749143,1049,2Item7,2023-03-28 17:02:33.749143,1200.0,232.0,1191.0,250.0,-1.0,-1.0,8757.493000000017,593.786865234375,587.7667236328125,0.5895620584487915,0.4938666522502899,0.432530254125595,0.4922676086425781,0.0,0.0
1049,1680003153.7575324,1050,2Item7,2023-03-28 17:02:33.757532,1188.0,241.0,1193.0,246.0,-1.0,-1.0,8765.881999999983,593.9171142578125,587.7813110351562,0.5897013545036315,0.4939652383327484,0.4326303601264953,0.4922393858432769,0.0,0.0
1050,1680003153.7658005,1051,2Item7,2023-03-28 17:02:33.765800,1188.0,241.0,1187.0,248.0,2.6515045166015625,2.8941192626953125,8774.151000000013,594.0889282226562,587.7911987304688,0.5896007418632507,0.4939044713973999,0.432525634765625,0.4922406077384948,0.0,0.0
1051,1680003153.7740328,1052,2Item7,2023-03-28 17:02:33.774033,1187.0,236.0,1190.0,267.0,-1.0,-1.0,8782.38300000003,594.1539306640625,587.6824340820312,0.5895262956619262,0.4938709139823913,0.4325129985809326,0.4922564327716827,0.0,0.0
1052,1680003153.7822964,1053,2Item7,2023-03-28 17:02:33.782296,1206.0,217.0,1203.0,257.0,-1.0,-1.0,8790.646999999997,594.2671508789064,587.6566772460938,0.5896244645118713,0.4938873052597045,0.4326178431510925,0.4922137856483459,0.0,0.0
1053,1680003153.7909677,1054,2Item7,2023-03-28 17:02:33.790968,-1.0,-1.0,1180.0,295.0,-1.0,2.9540252685546875,8799.313000000022,-1.0,587.6417846679688,-1.0,-1.0,0.4325254559516906,0.4921956360340118,4.0,0.0
1054,1680003153.7991424,1055,2Item7,2023-03-28 17:02:33.799142,1192.0,186.0,1197.0,237.0,-1.0,-1.0,8807.48999999999,594.4022827148438,587.5283203125,0.5895133018493652,0.4938882291316986,0.4324882328510284,0.4921996593475341,0.0,0.0
1055,1680003153.8073144,1056,2Item7,2023-03-28 17:02:33.807314,1181.0,200.0,1175.0,254.0,-1.0,-1.0,8815.664999999979,594.4697265625,587.5210571289064,0.5896466970443724,0.4938858747482299,0.4325866103172302,0.4921873807907104,0.0,0.0
1056,1680003153.81575,1057,2Item7,2023-03-28 17:02:33.815750,1176.0,211.0,1177.0,249.0,2.7551727294921875,2.9040985107421875,8824.100000000035,594.5578002929688,587.527587890625,0.5895149111747741,0.4938296675682067,0.4325058758258819,0.4921161234378814,0.0,0.0
1057,1680003153.823965,1058,2Item7,2023-03-28 17:02:33.823965,1183.0,222.0,1179.0,262.0,-1.0,-1.0,8832.31599999999,594.5382080078125,587.4375610351562,0.5894521474838256,0.493839293718338,0.4324523508548736,0.4921517372131347,0.0,0.0
1058,1680003153.8323586,1059,2Item7,2023-03-28 17:02:33.832359,1170.0,235.0,1181.0,234.0,-1.0,-1.0,8840.707999999984,594.578369140625,587.45849609375,0.5896071791648864,0.4938624203205108,0.4325604736804962,0.4921156466007232,0.0,0.0
1059,1680003153.8409717,1060,2Item7,2023-03-28 17:02:33.840972,1170.0,253.0,1184.0,231.0,2.824813842773437,2.90545654296875,8849.320999999996,594.6345825195312,587.5090942382812,0.5895293951034545,0.4938273727893829,0.432459533214569,0.4920803308486938,0.0,0.0
1060,1680003153.8489969,1061,2Item7,2023-03-28 17:02:33.848997,1175.0,263.0,1185.0,241.0,-1.0,-1.0,8857.347000000009,594.5562133789064,587.4674682617188,0.5894343852996826,0.4937966763973236,0.4324058294296264,0.4921121001243591,0.0,0.0
1061,1680003153.8573458,1062,2Item7,2023-03-28 17:02:33.857346,1186.0,253.0,1180.0,232.0,-1.0,-1.0,8865.695000000007,594.5133056640625,587.5260620117188,0.5895895361900328,0.4938352406024932,0.4325155019760131,0.4920841455459594,0.0,0.0
1062,1680003153.86589,1063,2Item7,2023-03-28 17:02:33.865890,1182.0,262.0,1177.0,236.0,2.91461181640625,2.945892333984375,8874.23999999999,594.4967651367188,587.5945434570312,0.5894676446914672,0.4938099384307861,0.4323969483375549,0.4920830130577087,0.0,0.0
1063,1680003153.87404,1064,2Item7,2023-03-28 17:02:33.874040,1184.0,224.0,1180.0,277.0,-1.0,-1.0,8882.390000000014,594.3480834960938,587.5633544921875,0.5893983840942382,0.4937949180603027,0.4323369264602661,0.4921019375324249,0.0,0.0
1064,1680003153.882472,1065,2Item7,2023-03-28 17:02:33.882472,1174.0,253.0,1191.0,270.0,-1.0,-1.0,8890.820999999996,594.2523803710938,587.6185302734375,0.5894754528999328,0.4937767088413238,0.4324516654014587,0.492109477519989,0.0,0.0
1065,1680003153.8908324,1066,2Item7,2023-03-28 17:02:33.890832,1187.0,231.0,1196.0,268.0,2.6511383056640625,2.91455078125,8899.18300000002,594.1912231445312,587.663818359375,0.5892731547355651,0.4937757849693298,0.4321987926959991,0.4921242296695709,0.0,0.0
1066,1680003153.899006,1067,2Item7,2023-03-28 17:02:33.899006,1234.0,219.0,1205.0,261.0,-1.0,-1.0,8907.35600000003,594.0213623046875,587.579833984375,0.5887259840965271,0.4938101768493652,0.4317762851715087,0.4921843707561492,0.0,0.0
1067,1680003153.9073148,1068,2Item7,2023-03-28 17:02:33.907315,1325.0,200.0,1339.0,234.0,-1.0,-1.0,8915.664999999979,593.917236328125,587.5702514648438,0.588168978691101,0.4937187433242797,0.4313887059688568,0.4922209680080413,0.0,0.0
1068,1680003153.915654,1069,2Item7,2023-03-28 17:02:33.915654,1367.0,204.0,-1.0,-1.0,2.881622314453125,-1.0,8924.005000000003,593.8246459960938,-1.0,0.5876360535621643,0.4936878979206085,-1.0,-1.0,0.0,4.0
1069,1680003153.9239922,1070,2Item7,2023-03-28 17:02:33.923992,1491.0,205.0,1414.0,232.0,-1.0,-1.0,8932.342000000002,593.0493774414064,587.1160888671875,0.587387204170227,0.4936398863792419,0.4306718111038208,0.4921195805072784,0.0,0.0
1070,1680003153.9324567,1071,2Item7,2023-03-28 17:02:33.932457,1549.0,178.0,1547.0,196.0,-1.0,-1.0,8940.807000000028,592.8165283203125,586.975341796875,0.5875026583671569,0.4936462938785553,0.4307585954666137,0.4921412467956543,0.0,0.0
1071,1680003153.940701,1072,2Item7,2023-03-28 17:02:33.940701,1571.0,160.0,1541.0,197.0,2.6842193603515625,2.915634155273437,8949.051000000038,592.9910888671875,586.966552734375,0.5873689651489257,0.4935754239559173,0.4306524991989135,0.4920615553855896,0.0,0.0
1072,1680003153.949109,1073,2Item7,2023-03-28 17:02:33.949109,1557.0,170.0,1541.0,189.0,-1.0,-1.0,8957.45900000003,592.9669189453125,586.88818359375,0.5873976349830627,0.4935370683670043,0.430584043264389,0.4920770227909088,0.0,0.0
1073,1680003153.957475,1074,2Item7,2023-03-28 17:02:33.957475,1555.0,180.0,1542.0,196.0,-1.0,-1.0,8965.825000000012,593.5267333984375,586.8704223632812,0.5875510573387146,0.4936241507530212,0.4307107627391815,0.492102712392807,0.0,0.0
1074,1680003153.965736,1075,2Item7,2023-03-28 17:02:33.965736,1555.0,180.0,1547.0,191.0,2.6784820556640625,2.8762969970703125,8974.08600000001,593.554931640625,586.8870849609375,0.5874644517898558,0.4935570359230041,0.4306086599826812,0.4919606149196624,0.0,0.0
1075,1680003153.974139,1076,2Item7,2023-03-28 17:02:33.974139,1570.0,188.0,1545.0,194.0,-1.0,-1.0,8982.488000000012,593.5121459960938,586.78564453125,0.5874506831169128,0.493554413318634,0.4305741190910339,0.4920462667942047,0.0,0.0
1076,1680003153.9824257,1077,2Item7,2023-03-28 17:02:33.982426,-1.0,-1.0,1550.0,196.0,-1.0,-1.0,8990.772999999986,-1.0,586.7669677734375,-1.0,-1.0,0.4307115674018859,0.4920635819435119,4.0,0.0
1077,1680003153.9906223,1078,2Item7,2023-03-28 17:02:33.990622,1565.0,177.0,1550.0,199.0,2.80828857421875,2.873992919921875,8998.97000000003,593.5398559570312,586.7569580078125,0.587562084197998,0.4935470223426818,0.4306081533432006,0.4919425845146179,0.0,0.0
1078,1680003153.999195,1079,2Item7,2023-03-28 17:02:33.999195,1553.0,169.0,1551.0,194.0,-1.0,-1.0,9007.544999999984,593.4741821289064,586.6382446289064,0.5874891281127929,0.4934563934803009,0.4305831491947174,0.4919890463352203,0.0,0.0
1079,1680003154.0072792,1080,2Item7,2023-03-28 17:02:34.007279,1550.0,171.0,1546.0,193.0,-1.0,-1.0,9015.629000000015,593.4995727539064,586.6066284179688,0.5876526832580566,0.4935013055801391,0.4307456314563751,0.4920093119144439,0.0,0.0
1080,1680003154.0155983,1081,2Item7,2023-03-28 17:02:34.015598,1551.0,167.0,1541.0,200.0,2.8336944580078125,2.903228759765625,9023.949000000022,593.5211791992188,586.57666015625,0.5876091122627258,0.4935210943222045,0.4306749105453491,0.4919361174106597,0.0,0.0
1081,1680003154.024045,1082,2Item7,2023-03-28 17:02:34.024045,1560.0,147.0,1536.0,184.0,-1.0,-1.0,9032.39400000003,593.4447021484375,586.428955078125,0.5875882506370544,0.4934640228748321,0.430656760931015,0.4919351041316986,0.0,0.0
1082,1680003154.032344,1083,2Item7,2023-03-28 17:02:34.032344,1562.0,160.0,1541.0,182.0,-1.0,-1.0,9040.693000000028,593.4464111328125,586.3641357421875,0.5877526402473449,0.4934627711772918,0.4308346807956695,0.4919671118259429,0.0,0.0
1083,1680003154.0422802,1084,2Item7,2023-03-28 17:02:34.042280,1554.0,160.0,1539.0,174.0,2.8431854248046875,2.9766082763671875,9050.630000000005,593.4851684570312,586.2937622070312,0.5876532793045043,0.4934208691120147,0.4307805895805358,0.4918991923332214,0.0,0.0
1084,1680003154.0489497,1085,2Item7,2023-03-28 17:02:34.048949,1553.0,185.0,1544.0,180.0,-1.0,-1.0,9057.299,593.4130859375,586.1105346679688,0.5877133607864379,0.4934327602386474,0.4307558834552764,0.4919214844703674,0.0,0.0
1085,1680003154.057292,1086,2Item7,2023-03-28 17:02:34.057292,1553.0,182.0,1544.0,184.0,-1.0,-1.0,9065.641999999993,593.4050903320312,586.017578125,0.5878899097442627,0.4934277236461639,0.4309557080268859,0.4919491410255432,0.0,0.0
1086,1680003154.0656822,1087,2Item7,2023-03-28 17:02:34.065682,1577.0,184.0,1554.0,200.0,2.82305908203125,2.9102020263671875,9074.032000000008,593.4390869140625,585.9328002929688,0.587891936302185,0.4934761524200439,0.4309349358081817,0.4918931722640991,0.0,0.0
1087,1680003154.0750394,1088,2Item7,2023-03-28 17:02:34.075039,1577.0,184.0,1554.0,200.0,-1.0,-1.0,9083.389000000025,593.3650512695312,585.7429809570312,0.5878987908363342,0.493424117565155,0.4309602081775665,0.4918896257877349,0.0,0.0
1088,1680003154.0826669,1089,2Item7,2023-03-28 17:02:34.082667,1575.0,186.0,1545.0,199.0,-1.0,-1.0,9090.99800000002,593.3834228515625,585.6475830078125,0.5880866050720214,0.4934654533863067,0.431162029504776,0.4919446408748626,0.0,0.0
1089,1680003154.0906234,1090,2Item7,2023-03-28 17:02:34.090623,1557.0,180.0,1547.0,186.0,2.733749389648437,2.8636474609375,9098.97100000002,593.4312133789064,585.5612182617188,0.5880191922187805,0.4934221506118774,0.431128978729248,0.4918617606163024,0.0,0.0
1090,1680003154.099085,1091,2Item7,2023-03-28 17:02:34.099085,1562.0,160.0,1547.0,195.0,-1.0,-1.0,9107.435999999989,593.3685302734375,585.3739624023438,0.5880717635154724,0.4934412240982055,0.4311514198780059,0.4918869733810424,0.0,0.0
1091,1680003154.10728,1092,2Item7,2023-03-28 17:02:34.107280,1563.0,161.0,1552.0,193.0,-1.0,-1.0,9115.630000000005,593.3974609375,585.2874755859375,0.5883052945137023,0.4935353398323059,0.4313609302043914,0.4919321835041046,0.0,0.0
1092,1680003154.1158936,1093,2Item7,2023-03-28 17:02:34.115894,1568.0,160.0,1551.0,169.0,2.810516357421875,2.879364013671875,9124.244000000006,593.461181640625,585.2178344726562,0.5883019566535949,0.4935027956962585,0.4313649535179138,0.4918685555458068,0.0,0.0
1093,1680003154.1240792,1094,2Item7,2023-03-28 17:02:34.124079,1565.0,153.0,1551.0,177.0,-1.0,-1.0,9132.429999999991,593.4229736328125,585.0458374023438,0.5883179903030396,0.4934708774089813,0.4314044415950775,0.4918895661830902,0.0,0.0
1094,1680003154.132378,1095,2Item7,2023-03-28 17:02:34.132378,1562.0,164.0,1551.0,182.0,-1.0,-1.0,9140.728000000005,593.45458984375,584.9752807617188,0.5884681344032286,0.4934922754764556,0.4315782785415649,0.4919430613517761,0.0,0.0
1095,1680003154.140695,1096,2Item7,2023-03-28 17:02:34.140695,1557.0,165.0,1542.0,209.0,2.8145904541015625,3.03179931640625,9149.046000000031,593.5022583007812,584.9268798828125,0.5884835124015808,0.493526667356491,0.4315655529499054,0.4918809235095977,0.0,0.0
1096,1680003154.14898,1097,2Item7,2023-03-28 17:02:34.148980,1540.0,196.0,1530.0,215.0,-1.0,-1.0,9157.330000000016,593.446044921875,584.7858276367188,0.5887249112129211,0.4935529232025146,0.43180713057518,0.4919187426567077,0.0,0.0
1097,1680003154.1573887,1098,2Item7,2023-03-28 17:02:34.157389,1486.0,190.0,1477.0,222.0,-1.0,-1.0,9165.738000000012,593.4585571289064,584.7595825195312,0.5894302129745483,0.4937095344066619,0.4324569404125213,0.4920254349708557,0.0,0.0
1098,1680003154.1656024,1099,2Item7,2023-03-28 17:02:34.165602,1412.0,240.0,1445.0,211.0,2.9075469970703125,3.302108764648437,9173.95299999998,593.5078735351562,584.7550659179688,0.5897308588027954,0.4938007295131683,0.4327983856201171,0.4920329749584198,0.0,0.0
1099,1680003154.1740117,1100,2Item7,2023-03-28 17:02:34.174011,-1.0,-1.0,1387.0,224.0,-1.0,-1.0,9182.362000000025,-1.0,584.6425170898438,-1.0,-1.0,0.4329508244991302,0.4920826256275177,4.0,0.0
1100,1680003154.1823845,1101,2Item7,2023-03-28 17:02:34.182384,1392.0,264.0,1335.0,253.0,-1.0,-1.0,9190.734999999986,593.4725341796875,584.61962890625,0.589890718460083,0.493809700012207,0.4330585002899169,0.4920498430728912,0.0,0.0
1101,1680003154.1908555,1102,2Item7,2023-03-28 17:02:34.190856,1440.0,248.0,1336.0,253.0,2.26995849609375,2.887191772460937,9199.201,593.492431640625,584.6246948242188,0.5898017287254333,0.4938358664512634,0.4330161809921264,0.4920704364776611,0.0,0.0
1102,1680003154.1991303,1103,2Item7,2023-03-28 17:02:34.199131,-1.0,-1.0,1340.0,258.0,-1.0,-1.0,9207.47999999998,-1.0,584.5364379882812,-1.0,-1.0,0.4330291152000427,0.4921270906925201,4.0,0.0
1103,1680003154.207331,1104,2Item7,2023-03-28 17:02:34.207331,1374.0,227.0,1338.0,249.0,-1.0,-1.0,9215.680999999982,593.4044799804688,584.5631713867188,0.5899686813354492,0.4938397407531738,0.4331400692462921,0.4921551942825317,0.0,0.0
1104,1680003154.21565,1105,2Item7,2023-03-28 17:02:34.215650,-1.0,-1.0,1337.0,246.0,-1.0,2.866195678710937,9224.0,-1.0,584.6369018554688,-1.0,-1.0,0.4330889582633972,0.4921735227108001,4.0,0.0
1105,1680003154.2239935,1106,2Item7,2023-03-28 17:02:34.223994,-1.0,-1.0,1321.0,257.0,-1.0,-1.0,9232.343999999985,-1.0,584.6441650390625,-1.0,-1.0,0.4330991506576538,0.4922295212745666,4.0,0.0
1106,1680003154.2323723,1107,2Item7,2023-03-28 17:02:34.232372,1344.0,147.0,1320.0,263.0,-1.0,-1.0,9240.722000000009,593.3621826171875,584.7703857421875,0.5900126099586486,0.4939111471176147,0.4332048296928405,0.4922852218151092,0.0,0.0
1107,1680003154.2406151,1108,2Item7,2023-03-28 17:02:34.240615,1314.0,249.0,1324.0,259.0,2.7788238525390625,2.852264404296875,9248.965000000024,593.3662109375,584.93310546875,0.589998185634613,0.4939774572849273,0.433156669139862,0.4922847747802734,0.0,0.0
1108,1680003154.2489965,1109,2Item7,2023-03-28 17:02:34.248996,1295.0,239.0,1332.0,261.0,-1.0,-1.0,9257.34600000002,593.272216796875,585.0045166015625,0.5900123715400695,0.4940377473831176,0.4331658780574798,0.4923353195190429,0.0,0.0
1109,1680003154.2573662,1110,2Item7,2023-03-28 17:02:34.257366,1295.0,239.0,1329.0,258.0,-1.0,-1.0,9265.716000000017,593.2328491210938,585.177490234375,0.5902203321456909,0.4941217899322509,0.433308869600296,0.4923513531684875,0.0,0.0
1110,1680003154.2659824,1111,2Item7,2023-03-28 17:02:34.265982,1325.0,223.0,1327.0,255.0,3.225448608398437,2.879791259765625,9274.332999999984,593.2537231445312,585.3748779296875,0.5901945233345031,0.4940371811389923,0.4332387447357177,0.4922923743724823,0.0,0.0
1111,1680003154.273917,1112,2Item7,2023-03-28 17:02:34.273917,1350.0,301.0,1336.0,270.0,-1.0,-1.0,9282.266999999993,593.1453857421875,585.4767456054688,0.5902062654495239,0.4941132664680481,0.4332929849624633,0.4923627972602844,0.0,0.0
1112,1680003154.2824948,1113,2Item7,2023-03-28 17:02:34.282495,1373.0,295.0,1333.0,261.0,-1.0,-1.0,9290.843999999985,593.0880126953125,585.6646728515625,0.5903987884521484,0.4941957294940948,0.4334142208099365,0.4923997223377227,0.0,0.0
1113,1680003154.2917583,1114,2Item7,2023-03-28 17:02:34.291759,1360.0,184.0,-1.0,-1.0,2.4417724609375,-1.0,9300.108999999997,593.070068359375,-1.0,0.5903169512748718,0.4939329624176025,-1.0,-1.0,0.0,4.0
1114,1680003154.299012,1115,2Item7,2023-03-28 17:02:34.299012,1364.0,166.0,1321.0,248.0,-1.0,-1.0,9307.359999999986,592.9553833007812,585.9012451171875,0.5903809070587158,0.4940710067749023,0.4334540963172912,0.4923005700111389,0.0,0.0
1115,1680003154.307696,1116,2Item7,2023-03-28 17:02:34.307696,1330.0,217.0,1323.0,254.0,-1.0,-1.0,9316.046000000031,592.9288330078125,586.04931640625,0.590576171875,0.4940432012081146,0.4336026906967163,0.4922273457050323,0.0,0.0
1116,1680003154.3156312,1117,2Item7,2023-03-28 17:02:34.315631,1330.0,210.0,-1.0,-1.0,2.658187866210937,-1.0,9323.98100000003,592.9315795898438,-1.0,0.5905612707138062,0.4940467178821563,-1.0,-1.0,0.0,4.0
1117,1680003154.323958,1118,2Item7,2023-03-28 17:02:34.323958,-1.0,-1.0,1329.0,253.0,-1.0,-1.0,9332.30800000002,-1.0,586.207275390625,-1.0,-1.0,0.433576226234436,0.4922198057174682,4.0,0.0
1118,1680003154.3322644,1119,2Item7,2023-03-28 17:02:34.332264,1342.0,214.0,1335.0,241.0,-1.0,-1.0,9340.61499999999,592.817626953125,586.30322265625,0.5907557010650634,0.4941163659095764,0.4337100386619567,0.4922414422035217,0.0,0.0
1119,1680003154.340644,1120,2Item7,2023-03-28 17:02:34.340644,1331.0,226.0,-1.0,-1.0,2.77001953125,-1.0,9348.994000000006,592.8409423828125,-1.0,0.5907229781150817,0.4941184818744659,-1.0,-1.0,0.0,4.0
1120,1680003154.3490498,1121,2Item7,2023-03-28 17:02:34.349050,1301.0,234.0,1323.0,265.0,-1.0,-1.0,9357.400000000023,592.7628784179688,586.381591796875,0.5906972885131835,0.4941263198852539,0.4337231814861297,0.4923270940780639,0.0,0.0
1121,1680003154.357341,1122,2Item7,2023-03-28 17:02:34.357341,1317.0,236.0,1322.0,265.0,-1.0,-1.0,9365.690000000002,592.7611083984375,586.4541015625,0.5907880663871765,0.4942057132720947,0.4338667392730712,0.4923948645591735,0.0,0.0
1122,1680003154.365606,1123,2Item7,2023-03-28 17:02:34.365606,1319.0,237.0,1346.0,253.0,2.733642578125,2.80474853515625,9373.956000000004,592.781982421875,586.529541015625,0.5908285975456237,0.4941411018371582,0.4338094890117645,0.4923204779624939,0.0,0.0
1123,1680003154.3746004,1124,2Item7,2023-03-28 17:02:34.374600,1329.0,242.0,1331.0,243.0,-1.0,-1.0,9382.951,592.71826171875,586.5118408203125,0.5908632278442382,0.4941861033439636,0.4338156580924987,0.4923522174358367,0.0,0.0
1124,1680003154.3824232,1125,2Item7,2023-03-28 17:02:34.382423,1340.0,239.0,1318.0,247.0,-1.0,-1.0,9390.772999999986,592.7396240234375,586.5935668945312,0.591027557849884,0.4942444860935211,0.4339872896671295,0.4923255145549774,0.0,0.0
1125,1680003154.390602,1126,2Item7,2023-03-28 17:02:34.390602,1345.0,238.0,1318.0,263.0,2.8565826416015625,2.9114532470703125,9398.95299999998,592.7944946289064,586.6668701171875,0.5909672975540161,0.4941826164722442,0.4339239597320556,0.4923149049282074,0.0,0.0
1126,1680003154.399024,1127,2Item7,2023-03-28 17:02:34.399024,1327.0,233.0,1321.0,264.0,-1.0,-1.0,9407.374000000009,592.7529907226562,586.64697265625,0.5909428000450134,0.494189441204071,0.4339441955089569,0.4923364520072937,0.0,0.0
1127,1680003154.4072888,1128,2Item7,2023-03-28 17:02:34.407289,1316.0,234.0,1318.0,270.0,-1.0,-1.0,9415.639000000025,592.7875366210938,586.7265625,0.5910710096359252,0.4941695034503936,0.4340918660163879,0.4922904372215271,0.0,0.0
1128,1680003154.415646,1129,2Item7,2023-03-28 17:02:34.415646,1316.0,230.0,1311.0,279.0,2.7146453857421875,2.8811187744140625,9423.997000000032,592.8863525390625,586.7921142578125,0.5910894274711608,0.4942448735237121,0.4340446889400482,0.4922914803028106,0.0,0.0
1129,1680003154.4240296,1130,2Item7,2023-03-28 17:02:34.424030,1327.0,221.0,1311.0,279.0,-1.0,-1.0,9432.379000000015,592.8873901367188,586.7478637695312,0.5910562872886657,0.4942789077758789,0.4340980052947998,0.4923348426818847,0.0,0.0
1130,1680003154.4322977,1131,2Item7,2023-03-28 17:02:34.432298,1346.0,217.0,1323.0,273.0,-1.0,-1.0,9440.647999999986,592.9729614257812,586.7869262695312,0.5912270545959472,0.4943331778049469,0.4342246353626251,0.4924215078353881,0.0,0.0
1131,1680003154.4406085,1132,2Item7,2023-03-28 17:02:34.440608,1345.0,225.0,1328.0,268.0,2.807373046875,2.7919921875,9448.957999999984,593.1121826171875,586.8280639648438,0.5911943316459655,0.4943319857120513,0.4341656863689422,0.4924024641513824,0.0,0.0
1132,1680003154.4489164,1133,2Item7,2023-03-28 17:02:34.448916,1343.0,263.0,1323.0,239.0,-1.0,-1.0,9457.266999999993,593.1688232421875,586.7622680664064,0.5911841988563536,0.4943914413452148,0.4341683387756347,0.4924413859844207,0.0,0.0
1133,1680003154.4572444,1134,2Item7,2023-03-28 17:02:34.457244,1331.0,258.0,1325.0,244.0,-1.0,-1.0,9465.59500000003,593.308349609375,586.7904052734375,0.591348886489868,0.4944519102573394,0.4343434572219848,0.4924623966217041,0.0,0.0
1134,1680003154.4658525,1135,2Item7,2023-03-28 17:02:34.465852,1326.0,259.0,-1.0,-1.0,2.8222808837890625,-1.0,9474.20199999999,593.4925537109375,-1.0,0.5913044214248657,0.4944396317005157,-1.0,-1.0,0.0,4.0
1135,1680003154.473972,1136,2Item7,2023-03-28 17:02:34.473972,1328.0,234.0,1329.0,226.0,-1.0,-1.0,9482.321999999984,593.5568237304688,586.7528686523438,0.5912938714027404,0.4944863021373748,0.4343377947807312,0.4924636483192443,0.0,0.0
1136,1680003154.482323,1137,2Item7,2023-03-28 17:02:34.482323,1312.0,260.0,1325.0,238.0,-1.0,-1.0,9490.67300000001,593.6749877929688,586.75634765625,0.5914335846900939,0.4944770634174346,0.4344993829727172,0.4924658238887786,0.0,0.0
1137,1680003154.4906564,1138,2Item7,2023-03-28 17:02:34.490656,1318.0,258.0,-1.0,-1.0,2.686386108398437,-1.0,9499.005000000005,593.8057250976562,-1.0,0.5914390087127686,0.4945457577705383,-1.0,-1.0,0.0,4.0
1138,1680003154.499647,1139,2Item7,2023-03-28 17:02:34.499647,1303.0,237.0,1318.0,262.0,-1.0,-1.0,9507.997000000032,593.821533203125,586.7066040039064,0.5913485288619995,0.4945639073848724,0.4344612658023834,0.4924741983413696,0.0,0.0
1139,1680003154.5072289,1140,2Item7,2023-03-28 17:02:34.507229,1303.0,230.0,1334.0,268.0,-1.0,-1.0,9515.579000000029,593.8842163085938,586.7208251953125,0.5915059447288513,0.4945930242538452,0.4345969259738922,0.4924593865871429,0.0,0.0
1140,1680003154.5157096,1141,2Item7,2023-03-28 17:02:34.515710,1304.0,230.0,1329.0,262.0,2.8761138916015625,2.8401641845703125,9524.059999999998,593.97998046875,586.7512817382812,0.5914444923400878,0.4945597350597381,0.4345244765281677,0.4924444556236267,0.0,0.0
1141,1680003154.5239153,1142,2Item7,2023-03-28 17:02:34.523915,1304.0,227.0,1330.0,248.0,-1.0,-1.0,9532.264000000025,593.95654296875,586.6996459960938,0.5913415551185607,0.4945546984672546,0.4344828724861145,0.4924582839012146,0.0,0.0
1142,1680003154.53224,1143,2Item7,2023-03-28 17:02:34.532240,1307.0,253.0,1321.0,243.0,-1.0,-1.0,9540.58600000001,593.9783935546875,586.7481689453125,0.5914940237998962,0.4945985078811645,0.4345937669277191,0.4924610555171966,0.0,0.0
1143,1680003154.5407114,1144,2Item7,2023-03-28 17:02:34.540711,1316.0,244.0,1322.0,252.0,2.780258178710937,2.776458740234375,9549.062000000034,594.023681640625,586.80908203125,0.5913568139076232,0.4945538640022277,0.4344985783100128,0.4924836158752441,0.0,0.0
1144,1680003154.5490277,1145,2Item7,2023-03-28 17:02:34.549028,1310.0,263.0,1317.0,253.0,-1.0,-1.0,9557.378000000026,593.9497680664064,586.7696533203125,0.5913156270980835,0.4945883750915527,0.434468388557434,0.4925091564655304,0.0,0.0
1145,1680003154.557355,1146,2Item7,2023-03-28 17:02:34.557355,1301.0,266.0,1321.0,261.0,-1.0,-1.0,9565.705000000016,593.9323120117188,586.8145141601562,0.5914185047149658,0.4945951700210571,0.4345467686653137,0.4925647675991058,0.0,0.0
1146,1680003154.565681,1147,2Item7,2023-03-28 17:02:34.565681,1300.0,274.0,1314.0,270.0,2.5496978759765625,2.87506103515625,9574.031000000015,593.9508056640625,586.87890625,0.5913397073745728,0.4946716427803039,0.4344184398651123,0.4925753772258758,0.0,0.0
1147,1680003154.573932,1148,2Item7,2023-03-28 17:02:34.573932,1324.0,227.0,1315.0,277.0,-1.0,-1.0,9582.277999999991,593.8710327148438,586.835205078125,0.5912301540374755,0.4946876764297485,0.4343426525592804,0.4926076233386993,0.0,0.0
1148,1680003154.5827005,1149,2Item7,2023-03-28 17:02:34.582700,1337.0,200.0,1314.0,258.0,-1.0,-1.0,9590.695999999996,593.8631591796875,586.8782348632812,0.5913180708885192,0.4947606325149536,0.4344038665294647,0.4926381707191467,0.0,0.0
1149,1680003154.5906482,1150,2Item7,2023-03-28 17:02:34.590648,1323.0,229.0,1323.0,227.0,2.8158416748046875,2.78515625,9598.99800000002,593.8778076171875,586.936767578125,0.5911964774131774,0.4947375953197479,0.4342539608478546,0.4926678836345672,0.0,0.0
1150,1680003154.598981,1151,2Item7,2023-03-28 17:02:34.598981,1322.0,220.0,1315.0,263.0,-1.0,-1.0,9607.331000000004,593.7904052734375,586.8881225585938,0.5911282896995544,0.4948045909404754,0.4341748058795929,0.4927015602588653,0.0,0.0
1151,1680003154.6072447,1152,2Item7,2023-03-28 17:02:34.607245,1315.0,244.0,1320.0,264.0,-1.0,-1.0,9615.59500000003,593.7717895507812,586.9254760742188,0.591152548789978,0.4947516918182373,0.4342995882034301,0.4927654862403869,0.0,0.0
1152,1680003154.615566,1153,2Item7,2023-03-28 17:02:34.615566,1316.0,206.0,1320.0,267.0,2.57403564453125,2.821044921875,9623.917000000016,593.7984008789064,586.9734497070312,0.5910454988479614,0.4947442710399627,0.4341737329959869,0.4928016662597656,0.0,0.0
1153,1680003154.623998,1154,2Item7,2023-03-28 17:02:34.623998,1312.0,268.0,1311.0,269.0,-1.0,-1.0,9632.347999999998,593.7357177734375,586.9174194335938,0.591164231300354,0.4949818551540374,0.4344069063663482,0.4929835796356201,0.0,0.0
1154,1680003154.6322565,1155,2Item7,2023-03-28 17:02:34.632257,1262.0,304.0,1269.0,304.0,-1.0,-1.0,9640.60600000003,594.031982421875,586.9486694335938,0.5915323495864868,0.495313286781311,0.4349117577075958,0.4931681454181671,0.0,0.0
1155,1680003154.640739,1156,2Item7,2023-03-28 17:02:34.640739,-1.0,-1.0,1163.0,406.0,-1.0,2.894561767578125,9649.090000000024,-1.0,586.9288330078125,-1.0,-1.0,0.4349980950355529,0.4933201372623443,4.0,0.0
1156,1680003154.6488943,1157,2Item7,2023-03-28 17:02:34.648894,1215.0,298.0,1167.0,397.0,-1.0,-1.0,9657.244000000006,594.2271118164064,586.8292236328125,0.5914433002471923,0.4954442083835601,0.4349676668643951,0.4933395981788635,0.0,0.0
1157,1680003154.6574235,1158,2Item7,2023-03-28 17:02:34.657424,1215.0,291.0,1178.0,389.0,-1.0,-1.0,9665.774000000034,594.2725830078125,586.7631225585938,0.5915458798408508,0.495443969964981,0.4349719285964965,0.4933286011219024,0.0,0.0
1158,1680003154.665915,1159,2Item7,2023-03-28 17:02:34.665915,1153.0,356.0,1182.0,383.0,2.808441162109375,2.7939605712890625,9674.265000000014,594.3377685546875,586.7781982421875,0.5914702415466307,0.4954096674919128,0.4348519146442413,0.4933263957500457,0.0,0.0
1159,1680003154.6742206,1160,2Item7,2023-03-28 17:02:34.674221,1158.0,378.0,1174.0,364.0,-1.0,-1.0,9682.570000000009,594.3031005859375,586.6512451171875,0.5913560390472412,0.4954212009906768,0.4348523020744323,0.4933720827102661,0.0,0.0
1160,1680003154.682543,1161,2Item7,2023-03-28 17:02:34.682543,1152.0,390.0,1177.0,363.0,-1.0,-1.0,9690.89299999998,594.3341064453125,586.5953369140625,0.5914831757545471,0.4954569935798645,0.4349238574504852,0.4933753013610839,0.0,0.0
1161,1680003154.690629,1162,2Item7,2023-03-28 17:02:34.690629,1164.0,394.0,1176.0,365.0,2.814697265625,2.8504638671875,9698.978999999992,594.4383544921875,586.5691528320312,0.5914333462715148,0.4954750835895538,0.434827983379364,0.4933933019638061,0.0,0.0
1162,1680003154.6988852,1163,2Item7,2023-03-28 17:02:34.698885,1159.0,387.0,1196.0,410.0,-1.0,-1.0,9707.234999999986,594.4263305664064,586.4347534179688,0.5913500785827636,0.4955139458179473,0.4348419308662414,0.4934450387954711,0.0,0.0
1163,1680003154.707222,1164,2Item7,2023-03-28 17:02:34.707222,1162.0,380.0,1196.0,413.0,-1.0,-1.0,9715.571999999984,594.4706420898438,586.45947265625,0.5914853811264038,0.4955325722694397,0.4349029958248138,0.4934426844120025,0.0,0.0
1164,1680003154.7156403,1165,2Item7,2023-03-28 17:02:34.715641,-1.0,-1.0,1190.0,418.0,-1.0,2.8620147705078125,9723.99099999998,-1.0,586.5540771484375,-1.0,-1.0,0.4348031878471374,0.4934705197811126,4.0,0.0
1165,1680003154.7238977,1166,2Item7,2023-03-28 17:02:34.723898,1170.0,391.0,1180.0,395.0,-1.0,-1.0,9732.245999999985,594.501708984375,586.58837890625,0.5912988185882568,0.4955498874187469,0.4348326027393341,0.4934642612934112,0.0,0.0
1166,1680003154.7322352,1167,2Item7,2023-03-28 17:02:34.732235,1175.0,391.0,1178.0,391.0,-1.0,-1.0,9740.58600000001,594.5224609375,586.7471923828125,0.5914512872695922,0.4955942928791046,0.4348597228527069,0.493522047996521,0.0,0.0
1167,1680003154.7405708,1168,2Item7,2023-03-28 17:02:34.740571,-1.0,-1.0,1193.0,371.0,-1.0,2.761077880859375,9748.921000000031,-1.0,586.9517211914064,-1.0,-1.0,0.4347695708274841,0.493519902229309,4.0,0.0
1168,1680003154.748996,1169,2Item7,2023-03-28 17:02:34.748996,1174.0,386.0,1192.0,374.0,-1.0,-1.0,9757.34500000003,594.511962890625,587.0907592773438,0.5913114547729492,0.4955800175666809,0.4347969591617584,0.4934732913970947,0.0,0.0
1169,1680003154.7572098,1170,2Item7,2023-03-28 17:02:34.757210,1162.0,406.0,1206.0,361.0,-1.0,-1.0,9765.559999999998,594.4960327148438,587.3505249023438,0.5914994478225708,0.4956327676773071,0.4348706305027008,0.4935057759284973,0.0,0.0
1170,1680003154.7655604,1171,2Item7,2023-03-28 17:02:34.765560,-1.0,-1.0,1206.0,354.0,-1.0,2.71954345703125,9773.910000000033,-1.0,587.657958984375,-1.0,-1.0,0.4347734451293945,0.4934980869293212,4.0,0.0
1171,1680003154.7738771,1172,2Item7,2023-03-28 17:02:34.773877,1173.0,381.0,1199.0,334.0,-1.0,-1.0,9782.228000000005,594.4255981445312,587.8804321289064,0.5913977026939392,0.4955574870109558,0.4347800612449646,0.4934692084789276,0.0,0.0
1172,1680003154.782265,1173,2Item7,2023-03-28 17:02:34.782265,1175.0,385.0,1181.0,344.0,-1.0,-1.0,9790.613000000012,594.3825073242188,588.1923217773438,0.591557502746582,0.4955881536006927,0.4348666965961456,0.4934594333171844,0.0,0.0
1173,1680003154.7907224,1174,2Item7,2023-03-28 17:02:34.790722,1175.0,379.0,1162.0,335.0,2.7538604736328125,2.74371337890625,9799.071999999984,594.4049072265625,588.52197265625,0.5915080904960632,0.495559275150299,0.4347733259201049,0.4934146702289581,0.0,0.0
1174,1680003154.7995794,1175,2Item7,2023-03-28 17:02:34.799579,1174.0,371.0,1179.0,354.0,-1.0,-1.0,9807.929999999991,594.3090209960938,588.7110595703125,0.5914440751075744,0.4955182969570159,0.4347721934318542,0.4933990538120269,0.0,0.0
1175,1680003154.8072171,1176,2Item7,2023-03-28 17:02:34.807217,1175.0,371.0,1180.0,354.0,-1.0,-1.0,9815.566999999985,594.2514038085938,588.9530029296875,0.5916118025779724,0.4955574870109558,0.4348917603492736,0.493392139673233,0.0,0.0
1176,1680003154.8155415,1177,2Item7,2023-03-28 17:02:34.815542,1170.0,388.0,1173.0,370.0,2.8419647216796875,2.8427886962890625,9823.891999999993,594.2304077148438,589.177490234375,0.5915771126747131,0.4955154359340667,0.4348104298114776,0.4933596551418304,0.0,0.0
1177,1680003154.823877,1178,2Item7,2023-03-28 17:02:34.823877,1170.0,389.0,1179.0,387.0,-1.0,-1.0,9832.227000000014,594.1005859375,589.2677612304688,0.5915544629096984,0.4955593943595886,0.4348078966140747,0.4933972060680389,0.0,0.0
1178,1680003154.8322482,1179,2Item7,2023-03-28 17:02:34.832248,1160.0,390.0,1181.0,383.0,-1.0,-1.0,9840.597999999998,594.0380859375,589.4207153320312,0.5917038321495056,0.4955835938453674,0.4349496066570282,0.4934129416942596,0.0,0.0
1179,1680003154.8406837,1180,2Item7,2023-03-28 17:02:34.840683,1151.0,405.0,1184.0,384.0,2.9354400634765625,2.8452606201171875,9849.033999999983,594.0121459960938,589.5540161132812,0.5916527509689331,0.4955410957336425,0.4348772764205932,0.4933842122554779,0.0,0.0
1180,1680003154.848876,1181,2Item7,2023-03-28 17:02:34.848876,1145.0,405.0,1175.0,369.0,-1.0,-1.0,9857.226000000024,593.8895263671875,589.5584716796875,0.5916473865509033,0.4955919682979583,0.4348841607570648,0.4934395253658294,0.0,0.0
1181,1680003154.857236,1182,2Item7,2023-03-28 17:02:34.857236,1149.0,399.0,1166.0,395.0,-1.0,-1.0,9865.58600000001,593.8499755859375,589.625732421875,0.5918081998825073,0.4956529736518859,0.4350304007530212,0.4934124946594238,0.0,0.0
1182,1680003154.8655384,1183,2Item7,2023-03-28 17:02:34.865538,1158.0,388.0,-1.0,-1.0,2.8704376220703125,-1.0,9873.889000000025,593.8565063476562,-1.0,0.5917317271232605,0.4956067502498626,-1.0,-1.0,0.0,4.0
1183,1680003154.8739357,1184,2Item7,2023-03-28 17:02:34.873936,1161.0,389.0,1167.0,395.0,-1.0,-1.0,9882.28600000002,593.7803344726562,589.6492309570312,0.5917311310768127,0.4956717789173126,0.4350099861621856,0.4934644699096679,0.0,0.0
1184,1680003154.882552,1185,2Item7,2023-03-28 17:02:34.882552,1167.0,393.0,1178.0,375.0,-1.0,-1.0,9890.902999999991,593.7679443359375,589.67529296875,0.5918223857879638,0.4956831037998199,0.4351143836975097,0.4935263991355896,0.0,0.0
1185,1680003154.8905764,1186,2Item7,2023-03-28 17:02:34.890576,1176.0,372.0,1179.0,374.0,2.771347045898437,2.7899932861328125,9898.926000000038,593.8233032226562,589.7107543945312,0.5918887257575988,0.4957557916641235,0.4350684285163879,0.4934914410114288,0.0,0.0
1186,1680003154.8989844,1187,2Item7,2023-03-28 17:02:34.898984,1183.0,377.0,1167.0,389.0,-1.0,-1.0,9907.33500000002,593.7988891601562,589.6337280273438,0.5918505191802979,0.4957717657089233,0.4350726008415222,0.4935225844383239,0.0,0.0
1187,1680003154.9072096,1188,2Item7,2023-03-28 17:02:34.907210,1174.0,377.0,1167.0,389.0,-1.0,-1.0,9915.559999999998,593.8552856445312,589.63916015625,0.5919926166534423,0.4957904815673828,0.4352093935012817,0.4935610294342041,0.0,0.0
1188,1680003154.9155354,1189,2Item7,2023-03-28 17:02:34.915535,1168.0,389.0,1190.0,359.0,2.8017120361328125,2.777099609375,9923.885000000007,593.9677124023438,589.6522216796875,0.591954231262207,0.4957911968231201,0.4351441860198974,0.4935437142848968,0.0,0.0
1189,1680003154.9238913,1190,2Item7,2023-03-28 17:02:34.923891,1159.0,381.0,1190.0,340.0,-1.0,-1.0,9932.24200000003,593.993896484375,589.5606689453125,0.5919149518013,0.4958115220069885,0.4351584613323211,0.4935783445835113,0.0,0.0
1190,1680003154.9322908,1191,2Item7,2023-03-28 17:02:34.932291,1170.0,366.0,1192.0,348.0,-1.0,-1.0,9940.641000000003,594.0989379882812,589.5726928710938,0.5920695066452026,0.4958230257034301,0.43530935049057,0.4935859441757202,0.0,0.0
1191,1680003154.9405327,1192,2Item7,2023-03-28 17:02:34.940533,1171.0,357.0,1187.0,361.0,2.783233642578125,2.8571319580078125,9948.881999999983,594.241455078125,589.5952758789064,0.5920165181159973,0.4958069324493408,0.4352240264415741,0.4935700297355651,0.0,0.0
1192,1680003154.948925,1193,2Item7,2023-03-28 17:02:34.948925,1167.0,354.0,1184.0,361.0,-1.0,-1.0,9957.275000000023,594.2779541015625,589.5279541015625,0.591960608959198,0.4958168864250183,0.4352310597896575,0.4935819804668426,0.0,0.0
1193,1680003154.957207,1194,2Item7,2023-03-28 17:02:34.957207,1158.0,369.0,1181.0,363.0,-1.0,-1.0,9965.557000000028,594.3779907226562,589.5640258789064,0.5920925736427307,0.4957309067249298,0.4353705942630767,0.493574321269989,0.0,0.0
1194,1680003154.9655385,1195,2Item7,2023-03-28 17:02:34.965538,1142.0,399.0,1196.0,343.0,2.9014129638671875,2.81219482421875,9973.889000000025,594.4998779296875,589.6154174804688,0.5920463800430297,0.4957571029663085,0.4353402853012085,0.4935402572154998,0.0,0.0
1195,1680003154.974243,1196,2Item7,2023-03-28 17:02:34.974243,1136.0,390.0,1188.0,362.0,-1.0,-1.0,9982.592000000002,594.50927734375,589.5753173828125,0.5921037197113037,0.4957215189933776,0.4354379177093505,0.4935225546360015,0.0,0.0
1196,1680003154.982401,1197,2Item7,2023-03-28 17:02:34.982401,-1.0,-1.0,-1.0,-1.0,-1.0,-1.0,9990.750999999987,-1.0,-1.0,-1.0,-1.0,-1.0,-1.0,4.0,4.0
1197,1680003154.9905598,1198,2Item7,2023-03-28 17:02:34.990560,1138.0,367.0,1159.0,389.0,2.711761474609375,2.88330078125,9998.910000000033,594.6133422851562,589.6719360351562,0.592358112335205,0.4957882463932037,0.4356125593185424,0.4934988021850585,0.0,0.0
1198,1680003154.9988716,1199,2Item7,2023-03-28 17:02:34.998872,1143.0,380.0,1159.0,381.0,-1.0,-1.0,10007.222000000009,594.5989379882812,589.6422119140625,0.5923097133636473,0.4957766234874725,0.4356336295604705,0.4934965372085571,0.0,0.0
1199,1680003155.0072317,1200,2Item7,2023-03-28 17:02:35.007231,1130.0,367.0,1106.0,423.0,-1.0,-1.0,10015.581000000006,594.646484375,589.7064208984375,0.5924460291862487,0.4957198202610015,0.435758888721466,0.4934780299663543,0.0,0.0
1200,1680003155.0155332,1201,2Item7,2023-03-28 17:02:35.015533,1111.0,421.0,1124.0,387.0,2.945892333984375,2.823471069335937,10023.883000000033,594.7186279296875,589.7902221679688,0.5924559831619262,0.4957897663116455,0.4356989562511444,0.4934891760349273,0.0,0.0
1201,1680003155.0238602,1202,2Item7,2023-03-28 17:02:35.023860,1117.0,429.0,1117.0,380.0,-1.0,-1.0,10032.21000000002,594.681396484375,589.7719116210938,0.5924090147018432,0.4958086907863616,0.4357269406318664,0.4935038685798645,0.0,0.0
1202,1680003155.032227,1203,2Item7,2023-03-28 17:02:35.032227,1132.0,424.0,1143.0,365.0,-1.0,-1.0,10040.57699999999,594.7068481445312,589.8350830078125,0.5925305485725402,0.4957503080368042,0.4358608424663543,0.4935068786144256,0.0,0.0
1203,1680003155.0405264,1204,2Item7,2023-03-28 17:02:35.040526,1133.0,392.0,1137.0,375.0,2.70965576171875,2.8406219482421875,10048.87699999998,594.760009765625,589.91796875,0.592558443546295,0.4958425760269165,0.4357927441596984,0.4934927821159362,0.0,0.0
1204,1680003155.048872,1205,2Item7,2023-03-28 17:02:35.048872,1135.0,366.0,1140.0,391.0,-1.0,-1.0,10057.222000000009,594.711669921875,589.8894653320312,0.5925331115722656,0.4958628416061401,0.4357905089855194,0.4934547245502471,0.0,0.0
1205,1680003155.0571928,1206,2Item7,2023-03-28 17:02:35.057193,1139.0,352.0,1138.0,383.0,-1.0,-1.0,10065.543000000003,594.7667846679688,589.9432373046875,0.5926845669746398,0.4958884418010711,0.4359228014945983,0.4935379028320312,0.0,0.0
1206,1680003155.065894,1207,2Item7,2023-03-28 17:02:35.065894,1142.0,379.0,1124.0,388.0,2.6940155029296875,2.847274780273437,10074.244999999995,594.8916015625,590.01904296875,0.5926361083984375,0.4958647191524505,0.4358289837837219,0.4934940338134765,0.0,0.0
1207,1680003155.0743604,1208,2Item7,2023-03-28 17:02:35.074360,1147.0,373.0,1136.0,359.0,-1.0,-1.0,10082.709000000032,594.9412231445312,589.9852294921875,0.5925709009170532,0.4958746433258056,0.4358215928077697,0.4934494495391845,0.0,0.0
1208,1680003155.0821974,1209,2Item7,2023-03-28 17:02:35.082197,1146.0,377.0,1145.0,366.0,-1.0,-1.0,10090.54800000001,595.079833984375,590.0347900390625,0.5927237272262573,0.4958913326263427,0.4359797835350036,0.4935002923011779,0.0,0.0
1209,1680003155.0905366,1210,2Item7,2023-03-28 17:02:35.090537,1143.0,386.0,1151.0,365.0,2.7561492919921875,2.774810791015625,10098.886,595.267333984375,590.0961303710938,0.5926766395568847,0.4958570897579193,0.4358989298343658,0.4934844672679901,0.0,0.0
1210,1680003155.0988684,1211,2Item7,2023-03-28 17:02:35.098868,1129.0,376.0,1137.0,384.0,-1.0,-1.0,10107.217999999992,595.3629150390625,590.05029296875,0.5926295518875122,0.4958610534667968,0.4358814656734466,0.4934786856174469,0.0,0.0
1211,1680003155.1071928,1212,2Item7,2023-03-28 17:02:35.107193,1125.0,403.0,1138.0,391.0,-1.0,-1.0,10115.543000000003,595.5289916992188,590.0881958007812,0.5927944779396057,0.495814025402069,0.4360381960868835,0.4934172332286834,0.0,0.0
1212,1680003155.115523,1213,2Item7,2023-03-28 17:02:35.115523,1113.0,381.0,1136.0,391.0,2.8105621337890625,3.26251220703125,10123.87300000002,595.7032470703125,590.1295776367188,0.5926365256309509,0.4956494569778442,0.4358727633953094,0.4933753013610839,0.0,0.0
1213,1680003155.1239388,1214,2Item7,2023-03-28 17:02:35.123939,1123.0,391.0,1134.0,365.0,-1.0,-1.0,10132.28899999999,595.7398681640625,590.0528564453125,0.5926291346549987,0.4955397248268127,0.4357622265815734,0.4933122992515564,0.0,0.0
1214,1680003155.1322072,1215,2Item7,2023-03-28 17:02:35.132207,1138.0,349.0,1138.0,330.0,-1.0,-1.0,10140.55700000003,595.8132934570312,590.041015625,0.5928828120231628,0.495242029428482,0.4358612298965454,0.4930887222290039,0.0,0.0
1215,1680003155.140579,1216,2Item7,2023-03-28 17:02:35.140579,-1.0,-1.0,1138.0,330.0,-1.0,3.147216796875,10148.929000000004,-1.0,590.026123046875,-1.0,-1.0,0.4357464909553527,0.4927886426448822,4.0,0.0
1216,1680003155.148841,1217,2Item7,2023-03-28 17:02:35.148841,-1.0,-1.0,1095.0,319.0,-1.0,-1.0,10157.190999999992,-1.0,589.8875732421875,-1.0,-1.0,0.4357067048549652,0.4924930036067962,4.0,0.0
1217,1680003155.157302,1218,2Item7,2023-03-28 17:02:35.157302,-1.0,-1.0,-1.0,-1.0,-1.0,-1.0,10165.652000000002,-1.0,-1.0,-1.0,-1.0,-1.0,-1.0,4.0,4.0
1218,1680003155.1656432,1219,2Item7,2023-03-28 17:02:35.165643,-1.0,-1.0,-1.0,-1.0,-1.0,-1.0,10173.992000000027,-1.0,-1.0,-1.0,-1.0,-1.0,-1.0,4.0,4.0
1219,1680003155.1754427,1220,2Item7,2023-03-28 17:02:35.175443,-1.0,-1.0,-1.0,-1.0,-1.0,-1.0,10183.793000000003,-1.0,-1.0,-1.0,-1.0,-1.0,-1.0,4.0,4.0
1220,1680003155.182203,1221,2Item7,2023-03-28 17:02:35.182203,-1.0,-1.0,-1.0,-1.0,-1.0,-1.0,10190.553000000014,-1.0,-1.0,-1.0,-1.0,-1.0,-1.0,4.0,4.0
1221,1680003155.1905222,1222,2Item7,2023-03-28 17:02:35.190522,-1.0,-1.0,-1.0,-1.0,-1.0,-1.0,10198.87300000002,-1.0,-1.0,-1.0,-1.0,-1.0,-1.0,4.0,4.0
1222,1680003155.198848,1223,2Item7,2023-03-28 17:02:35.198848,-1.0,-1.0,-1.0,-1.0,-1.0,-1.0,10207.198000000031,-1.0,-1.0,-1.0,-1.0,-1.0,-1.0,4.0,4.0
1223,1680003155.207423,1224,2Item7,2023-03-28 17:02:35.207423,-1.0,-1.0,-1.0,-1.0,-1.0,-1.0,10215.771999999995,-1.0,-1.0,-1.0,-1.0,-1.0,-1.0,4.0,4.0
1224,1680003155.215511,1225,2Item7,2023-03-28 17:02:35.215511,-1.0,-1.0,-1.0,-1.0,-1.0,-1.0,10223.862000000025,-1.0,-1.0,-1.0,-1.0,-1.0,-1.0,4.0,4.0
1225,1680003155.2238486,1226,2Item7,2023-03-28 17:02:35.223849,-1.0,-1.0,-1.0,-1.0,-1.0,-1.0,10232.199000000022,-1.0,-1.0,-1.0,-1.0,-1.0,-1.0,4.0,4.0
1226,1680003155.2322738,1227,2Item7,2023-03-28 17:02:35.232274,-1.0,-1.0,-1.0,-1.0,-1.0,-1.0,10240.624000000013,-1.0,-1.0,-1.0,-1.0,-1.0,-1.0,4.0,4.0
1227,1680003155.240522,1228,2Item7,2023-03-28 17:02:35.240522,-1.0,-1.0,904.0,452.0,-1.0,3.3446044921875,10248.872000000032,-1.0,589.5339965820312,-1.0,-1.0,0.43523970246315,0.4919421374797821,4.0,0.0
1228,1680003155.2488391,1229,2Item7,2023-03-28 17:02:35.248839,-1.0,-1.0,1114.0,244.0,-1.0,-1.0,10257.190000000002,-1.0,589.3966064453125,-1.0,-1.0,0.4351851642131805,0.4919620752334594,4.0,0.0
1229,1680003155.2572148,1230,2Item7,2023-03-28 17:02:35.257215,-1.0,-1.0,-1.0,-1.0,-1.0,-1.0,10265.565000000002,-1.0,-1.0,-1.0,-1.0,-1.0,-1.0,4.0,4.0
1230,1680003155.2658,1231,2Item7,2023-03-28 17:02:35.265800,1263.0,188.0,1109.0,266.0,2.5865936279296875,3.701202392578125,10274.146000000008,596.119384765625,589.3277587890625,0.5918046832084655,0.4941503703594207,0.4351715445518493,0.492069661617279,0.0,0.0
1231,1680003155.2738523,1232,2Item7,2023-03-28 17:02:35.273852,1230.0,161.0,1116.0,305.0,-1.0,-1.0,10282.20199999999,596.0565185546875,589.1777954101562,0.5917852520942688,0.4942623674869537,0.4351434111595153,0.4921573996543884,0.0,0.0
1232,1680003155.2823768,1233,2Item7,2023-03-28 17:02:35.282377,-1.0,-1.0,-1.0,-1.0,-1.0,-1.0,10290.727000000014,-1.0,-1.0,-1.0,-1.0,-1.0,-1.0,4.0,4.0
1233,1680003155.2905324,1234,2Item7,2023-03-28 17:02:35.290532,1243.0,316.0,1117.0,294.0,3.232284545898437,3.3744049072265625,10298.883000000033,596.1063842773438,589.18310546875,0.5917956233024597,0.4944269955158233,0.4351171851158142,0.4922894239425659,0.0,0.0
1234,1680003155.2989595,1235,2Item7,2023-03-28 17:02:35.298960,-1.0,-1.0,1109.0,313.0,-1.0,-1.0,10307.309999999998,-1.0,589.19482421875,-1.0,-1.0,0.4351083040237426,0.4923228919506073,4.0,0.0
1235,1680003155.3072083,1236,2Item7,2023-03-28 17:02:35.307208,-1.0,-1.0,1197.0,257.0,-1.0,-1.0,10315.55800000002,-1.0,589.2814331054688,-1.0,-1.0,0.4352083206176757,0.4924499988555908,4.0,0.0
1236,1680003155.3157358,1237,2Item7,2023-03-28 17:02:35.315736,1175.0,253.0,1197.0,257.0,2.93011474609375,3.1827850341796875,10324.08600000001,596.10009765625,589.5355834960938,0.5917775630950927,0.4946271479129791,0.4350681900978088,0.4924846887588501,0.0,0.0
1237,1680003155.323883,1238,2Item7,2023-03-28 17:02:35.323883,1188.0,289.0,1204.0,244.0,-1.0,-1.0,10332.233999999997,596.0418090820312,589.7582397460938,0.5917311310768127,0.4947090744972229,0.4350305497646331,0.4925372302532196,0.0,0.0
1238,1680003155.33217,1239,2Item7,2023-03-28 17:02:35.332170,1237.0,199.0,1198.0,241.0,-1.0,-1.0,10340.52000000002,596.0526123046875,590.0103149414064,0.591837167739868,0.4947629272937774,0.4351049959659576,0.4925984740257263,0.0,0.0
1239,1680003155.340495,1240,2Item7,2023-03-28 17:02:35.340495,1242.0,180.0,1199.0,243.0,2.5854034423828125,3.4603424072265625,10348.84500000003,596.157958984375,590.2291259765625,0.5917378067970275,0.4948103725910186,0.4349755942821502,0.4926767647266387,0.0,0.0
1240,1680003155.3488202,1241,2Item7,2023-03-28 17:02:35.348820,1232.0,205.0,1198.0,234.0,-1.0,-1.0,10357.171000000031,596.2149047851562,590.3262329101562,0.5916656255722045,0.4948494136333465,0.4349521398544311,0.4927048087120056,0.0,0.0
1241,1680003155.3571744,1242,2Item7,2023-03-28 17:02:35.357174,1218.0,215.0,1213.0,227.0,-1.0,-1.0,10365.524000000034,596.3151245117188,590.50732421875,0.591790199279785,0.4949507117271423,0.4350405931472778,0.4927780032157897,0.0,0.0
1242,1680003155.3655174,1243,2Item7,2023-03-28 17:02:35.365517,1209.0,235.0,1224.0,234.0,2.2437286376953125,3.4873199462890625,10373.868000000017,596.4209594726562,590.68017578125,0.5916502475738525,0.4949003756046295,0.4349001944065094,0.4927690327167511,0.0,0.0
1243,1680003155.3738804,1244,2Item7,2023-03-28 17:02:35.373880,1202.0,220.0,1221.0,243.0,-1.0,-1.0,10382.227000000014,596.3905639648438,590.7069091796875,0.5916221141815186,0.4950138926506042,0.4348573386669158,0.4928236007690429,0.0,0.0
1244,1680003155.382277,1245,2Item7,2023-03-28 17:02:35.382277,1204.0,229.0,1210.0,239.0,-1.0,-1.0,10390.624000000013,596.4038696289064,590.7987060546875,0.5917465686798095,0.4950445592403411,0.4349700510501861,0.4928905367851257,0.0,0.0
1245,1680003155.3905823,1246,2Item7,2023-03-28 17:02:35.390582,-1.0,-1.0,-1.0,-1.0,-1.0,-1.0,10398.93200000003,-1.0,-1.0,-1.0,-1.0,-1.0,-1.0,4.0,4.0
1246,1680003155.3988905,1247,2Item7,2023-03-28 17:02:35.398890,1207.0,217.0,1212.0,244.0,-1.0,-1.0,10407.239,596.3828735351562,590.765380859375,0.5915852189064025,0.495145171880722,0.4347665905952453,0.4929878115653991,0.0,0.0
1247,1680003155.4071674,1248,2Item7,2023-03-28 17:02:35.407167,1222.0,215.0,1209.0,241.0,-1.0,-1.0,10415.517999999982,596.3826904296875,590.7335815429688,0.5917333364486694,0.4952038824558258,0.4349125623703002,0.4930132031440734,0.0,0.0
1248,1680003155.415478,1249,2Item7,2023-03-28 17:02:35.415478,1214.0,209.0,1209.0,241.0,2.6534576416015625,3.240463256835937,10423.82799999998,596.4380493164064,590.6344604492188,0.5916357636451721,0.4952500462532043,0.4347884654998779,0.4930577874183654,0.0,0.0
1249,1680003155.4238305,1250,2Item7,2023-03-28 17:02:35.423830,1228.0,227.0,1209.0,239.0,-1.0,-1.0,10432.180999999982,596.3897094726562,590.3983154296875,0.5915354490280151,0.4952582716941833,0.434703379869461,0.4930680096149444,0.0,0.0
1250,1680003155.432211,1251,2Item7,2023-03-28 17:02:35.432211,1226.0,220.0,1211.0,241.0,-1.0,-1.0,10440.559000000008,596.4022216796875,590.296142578125,0.59169864654541,0.4953432381153106,0.4348882436752319,0.4931291341781616,0.0,0.0
1251,1680003155.4406576,1252,2Item7,2023-03-28 17:02:35.440658,1225.0,228.0,1211.0,241.0,2.75567626953125,3.3238525390625,10449.008000000033,596.4029541015625,590.2435913085938,0.5915266871452332,0.4952827394008636,0.4347562193870544,0.4931488037109375,0.0,0.0
1252,1680003155.4488747,1253,2Item7,2023-03-28 17:02:35.448875,1232.0,213.0,1214.0,239.0,-1.0,-1.0,10457.225000000037,596.2528076171875,590.0943603515625,0.5915270447731018,0.495340347290039,0.4347258508205413,0.4931548833847045,0.0,0.0
1253,1680003155.45724,1254,2Item7,2023-03-28 17:02:35.457240,1240.0,211.0,1201.0,259.0,-1.0,-1.0,10465.589000000036,596.1766967773438,590.0191040039064,0.5916916728019714,0.4953619539737701,0.4348472654819488,0.493119329214096,0.0,0.0
1254,1680003155.465591,1255,2Item7,2023-03-28 17:02:35.465591,1255.0,199.0,1201.0,259.0,2.2198944091796875,3.22991943359375,10473.940999999992,596.1473999023438,589.9357299804688,0.5915049314498901,0.4952257871627807,0.4347331821918487,0.4931003451347351,0.0,0.0
1255,1680003155.47405,1256,2Item7,2023-03-28 17:02:35.474050,1262.0,204.0,1194.0,248.0,-1.0,-1.0,10482.383000000033,595.997802734375,589.7384643554688,0.5915199518203735,0.4952344298362731,0.4346960186958313,0.4930792450904846,0.0,0.0
1256,1680003155.482169,1257,2Item7,2023-03-28 17:02:35.482169,1261.0,177.0,1201.0,242.0,-1.0,-1.0,10490.517999999982,595.8985595703125,589.6173095703125,0.5916534066200256,0.4952149391174316,0.4348409175872802,0.4930108189582824,0.0,0.0
1257,1680003155.4905057,1258,2Item7,2023-03-28 17:02:35.490505,1245.0,194.0,1201.0,242.0,2.7283477783203125,3.33447265625,10498.856000000029,595.8482055664064,589.5013427734375,0.5915533900260925,0.4951115846633911,0.4347229301929473,0.4929305613040924,0.0,0.0
1258,1680003155.4989502,1259,2Item7,2023-03-28 17:02:35.498950,1233.0,195.0,1208.0,266.0,-1.0,-1.0,10507.299999999988,595.6802978515625,589.2738647460938,0.591503620147705,0.4950747191905975,0.43469700217247,0.4928910434246063,0.0,0.0
1259,1680003155.5071564,1260,2Item7,2023-03-28 17:02:35.507156,1202.0,222.0,1207.0,273.0,-1.0,-1.0,10515.506999999983,595.5582885742188,589.125244140625,0.5916391015052795,0.4950270056724548,0.4348366558551788,0.4927910864353179,0.0,0.0
1260,1680003155.5154946,1261,2Item7,2023-03-28 17:02:35.515495,1202.0,222.0,1207.0,273.0,2.715576171875,3.48028564453125,10523.84500000003,595.4740600585938,588.990966796875,0.5914941430091857,0.4948830306529998,0.4347191154956817,0.4927585124969482,0.0,0.0
1261,1680003155.5240014,1262,2Item7,2023-03-28 17:02:35.524001,1203.0,226.0,1208.0,272.0,-1.0,-1.0,10532.351000000024,595.2816772460938,588.7572631835938,0.5914870500564575,0.4948707222938537,0.4347339868545532,0.4926738440990448,0.0,0.0
1262,1680003155.532241,1263,2Item7,2023-03-28 17:02:35.532241,1219.0,208.0,1209.0,253.0,-1.0,-1.0,10540.592000000004,595.164306640625,588.612060546875,0.591579794883728,0.494832843542099,0.4348287284374237,0.4926466643810272,0.0,0.0
1263,1680003155.5404766,1264,2Item7,2023-03-28 17:02:35.540477,1219.0,213.0,1209.0,253.0,3.21600341796875,3.397216796875,10548.826,595.1111450195312,588.4949951171875,0.5915088057518005,0.4947800040245056,0.4347144961357116,0.4925895035266876,0.0,0.0
1264,1680003155.5488296,1265,2Item7,2023-03-28 17:02:35.548830,1205.0,193.0,1205.0,228.0,-1.0,-1.0,10557.179999999991,594.974365234375,588.3046264648438,0.5914374589920043,0.4947532415390014,0.4346785545349121,0.4925602674484252,0.0,0.0
1265,1680003155.5573225,1266,2Item7,2023-03-28 17:02:35.557323,1220.0,184.0,1189.0,251.0,-1.0,-1.0,10565.67300000001,594.9236450195312,588.238037109375,0.5915541648864746,0.4947428703308105,0.4347659945487976,0.4924767017364502,0.0,0.0
1266,1680003155.5655298,1267,2Item7,2023-03-28 17:02:35.565530,1225.0,187.0,1167.0,269.0,2.646453857421875,3.1068878173828125,10573.880000000005,594.9495239257812,588.2069091796875,0.5914419293403625,0.4946576952934265,0.4346539378166198,0.4924409985542297,0.0,0.0
1267,1680003155.573993,1268,2Item7,2023-03-28 17:02:35.573993,1223.0,205.0,1191.0,257.0,-1.0,-1.0,10582.342999999992,594.9020385742188,588.0989990234375,0.5913483500480651,0.4946810901165008,0.4345916211605072,0.4925082623958587,0.0,0.0
1268,1680003155.582196,1269,2Item7,2023-03-28 17:02:35.582196,1239.0,194.0,1197.0,250.0,-1.0,-1.0,10590.544999999984,594.9260864257812,588.100341796875,0.5914546847343444,0.4946927428245544,0.4346782863140106,0.4925006330013275,0.0,0.0
1269,1680003155.5904715,1270,2Item7,2023-03-28 17:02:35.590472,1240.0,180.0,1197.0,250.0,2.511444091796875,3.353851318359375,10598.821999999986,595.012451171875,588.1198120117188,0.5913050174713134,0.4946290254592895,0.4345642924308776,0.4925237894058227,0.0,0.0
1270,1680003155.5988762,1271,2Item7,2023-03-28 17:02:35.598876,1236.0,186.0,1194.0,252.0,-1.0,-1.0,10607.226000000024,595.0071411132812,588.0515747070312,0.5912779569625854,0.4947343170642852,0.4345229864120483,0.4925894141197204,0.0,0.0
1271,1680003155.6071432,1272,2Item7,2023-03-28 17:02:35.607143,1214.0,225.0,1201.0,247.0,-1.0,-1.0,10615.493000000017,595.0721435546875,588.0885009765625,0.591348648071289,0.4946759045124054,0.4346346259117126,0.4926256835460662,0.0,0.0
1272,1680003155.6156063,1273,2Item7,2023-03-28 17:02:35.615607,1207.0,226.0,1201.0,247.0,2.7651824951171875,3.587493896484375,10623.956000000006,595.1796875,588.1510009765625,0.5912876725196838,0.4947862327098846,0.4345329999923706,0.4926664531230926,0.0,0.0
1273,1680003155.6238973,1274,2Item7,2023-03-28 17:02:35.623897,1201.0,218.0,1200.0,257.0,-1.0,-1.0,10632.245999999985,595.1910400390625,588.1173706054688,0.591238260269165,0.4948319494724273,0.4344722032546997,0.4927032887935638,0.0,0.0
1274,1680003155.6323547,1275,2Item7,2023-03-28 17:02:35.632355,1223.0,207.0,1205.0,267.0,-1.0,-1.0,10640.705000000016,595.266357421875,588.1727905273438,0.5914106369018554,0.4949565231800079,0.434621512889862,0.4927317202091217,0.0,0.0
1275,1680003155.6404629,1276,2Item7,2023-03-28 17:02:35.640463,1225.0,214.0,1205.0,267.0,2.7751617431640625,3.367034912109375,10648.813000000024,595.379638671875,588.2281494140625,0.591287612915039,0.494970291852951,0.4345112740993499,0.4928011000156402,0.0,0.0
1276,1680003155.648801,1277,2Item7,2023-03-28 17:02:35.648801,1224.0,217.0,1212.0,248.0,-1.0,-1.0,10657.151000000013,595.3756713867188,588.1701049804688,0.5912919640541076,0.4950817227363586,0.4345024824142456,0.4928639829158783,0.0,0.0
1277,1680003155.6575058,1278,2Item7,2023-03-28 17:02:35.657506,1214.0,216.0,1215.0,234.0,-1.0,-1.0,10665.856000000029,595.418212890625,588.1994018554688,0.5914823412895202,0.4951899647712707,0.4346271157264709,0.4929381608963012,0.0,0.0
1278,1680003155.6658883,1279,2Item7,2023-03-28 17:02:35.665889,1218.0,217.0,1215.0,234.0,2.806503295898437,3.1840362548828125,10674.233000000007,595.4928588867188,588.2201538085938,0.5914174914360046,0.495187908411026,0.4345405101776123,0.4930079281330108,0.0,0.0
1279,1680003155.6741967,1280,2Item7,2023-03-28 17:02:35.674197,1217.0,210.0,1209.0,245.0,-1.0,-1.0,10682.54700000002,595.43798828125,588.1202392578125,0.5913981199264526,0.495366096496582,0.4344919919967651,0.4930822849273681,0.0,0.0
1280,1680003155.6823373,1281,2Item7,2023-03-28 17:02:35.682337,1213.0,208.0,1205.0,251.0,-1.0,-1.0,10690.688000000024,595.4249877929688,588.1064453125,0.5915741324424743,0.4955070912837982,0.4346509277820587,0.4932063519954681,0.0,0.0
1281,1680003155.6905262,1282,2Item7,2023-03-28 17:02:35.690526,1195.0,190.0,1205.0,251.0,2.617782592773437,3.406951904296875,10698.875999999987,595.4420166015625,588.0900268554688,0.5914593935012817,0.4954868555068969,0.4345620274543762,0.4932806193828582,0.0,0.0
1282,1680003155.698804,1283,2Item7,2023-03-28 17:02:35.698804,1226.0,231.0,1212.0,250.0,-1.0,-1.0,10707.155000000028,595.3394775390625,587.9567260742188,0.5914804339408875,0.4956144988536834,0.4345428049564361,0.4933461546897888,0.0,0.0
1283,1680003155.7071364,1284,2Item7,2023-03-28 17:02:35.707136,1231.0,230.0,1221.0,247.0,-1.0,-1.0,10715.486000000034,595.2885131835938,587.8927612304688,0.5916471481323242,0.4956906735897064,0.4346749186515808,0.4933650195598602,0.0,0.0
1284,1680003155.7156343,1285,2Item7,2023-03-28 17:02:35.715634,1238.0,225.0,1221.0,247.0,2.632049560546875,3.317474365234375,10723.984999999986,595.2615966796875,587.8316650390625,0.5915566682815551,0.4956516325473785,0.4345884025096893,0.4933477938175201,0.0,0.0
1285,1680003155.723941,1286,2Item7,2023-03-28 17:02:35.723941,1237.0,210.0,1223.0,249.0,-1.0,-1.0,10732.291000000028,595.1181640625,587.6585083007812,0.5915397405624389,0.4956032335758209,0.4345704019069671,0.493306964635849,0.0,0.0
1286,1680003155.7321384,1287,2Item7,2023-03-28 17:02:35.732138,1225.0,230.0,1208.0,250.0,-1.0,-1.0,10740.488000000012,595.0322875976562,587.5798950195312,0.5917105674743652,0.4955747425556182,0.4347012042999267,0.4932247102260589,0.0,0.0
1287,1680003155.740477,1288,2Item7,2023-03-28 17:02:35.740477,1222.0,224.0,1208.0,250.0,2.6805419921875,3.463348388671875,10748.82799999998,594.9716186523438,587.5255737304688,0.5915601849555969,0.4954003691673278,0.4346173107624054,0.4931509792804718,0.0,0.0
1288,1680003155.7488072,1289,2Item7,2023-03-28 17:02:35.748807,1219.0,213.0,1206.0,262.0,-1.0,-1.0,10757.157000000008,594.8126220703125,587.3778076171875,0.5915729403495787,0.4953242540359497,0.4345822930335998,0.4930404424667358,0.0,0.0
1289,1680003155.7573028,1290,2Item7,2023-03-28 17:02:35.757303,1220.0,217.0,1228.0,277.0,-1.0,-1.0,10765.652999999991,594.72509765625,587.3382568359375,0.5917105674743652,0.4952575266361236,0.434703379869461,0.492914080619812,0.0,0.0
1290,1680003155.7657907,1291,2Item7,2023-03-28 17:02:35.765791,1223.0,222.0,1228.0,277.0,2.4797821044921875,3.318817138671875,10774.140000000014,594.6876831054688,587.317626953125,0.5915997624397277,0.49508997797966,0.434597373008728,0.4927862286567688,0.0,0.0
1291,1680003155.7740788,1292,2Item7,2023-03-28 17:02:35.774079,1220.0,227.0,1227.0,287.0,-1.0,-1.0,10782.426000000036,594.5623779296875,587.2012939453125,0.5915280580520629,0.4949540793895721,0.4345767796039581,0.4926868677139282,0.0,0.0
1292,1680003155.7821302,1293,2Item7,2023-03-28 17:02:35.782130,1229.0,203.0,1205.0,284.0,-1.0,-1.0,10790.481000000029,594.51220703125,587.183349609375,0.5916011333465576,0.4948749244213104,0.4346885979175567,0.4925680458545684,0.0,0.0
1293,1680003155.7905786,1294,2Item7,2023-03-28 17:02:35.790579,1229.0,202.0,1205.0,283.0,2.9210205078125,3.315780639648437,10798.928000000014,594.5052490234375,587.1904907226562,0.591520071029663,0.4947704374790191,0.4345850944519043,0.4924637377262115,0.0,0.0
1294,1680003155.7987976,1295,2Item7,2023-03-28 17:02:35.798798,1219.0,195.0,1207.0,267.0,-1.0,-1.0,10807.147999999986,594.4059448242188,587.1065673828125,0.5914653539657592,0.4947406351566314,0.4345754981040954,0.4924322068691253,0.0,0.0
1295,1680003155.8071504,1296,2Item7,2023-03-28 17:02:35.807150,1237.0,194.0,1210.0,263.0,-1.0,-1.0,10815.5,594.3825073242188,587.12060546875,0.5915744304656982,0.4947198033332824,0.4346632361412048,0.4923667907714843,0.0,0.0
1296,1680003155.8155153,1297,2Item7,2023-03-28 17:02:35.815515,1232.0,193.0,1210.0,263.0,2.69427490234375,3.366195678710937,10823.864999999993,594.3875732421875,587.1607055664064,0.5914828777313232,0.4946746528148651,0.4345470964908599,0.4923661947250366,0.0,0.0
1297,1680003155.8238125,1298,2Item7,2023-03-28 17:02:35.823812,1247.0,210.0,1140.0,288.0,-1.0,-1.0,10832.163,594.3038940429688,587.1005249023438,0.591392993927002,0.4947044551372528,0.4345275163650512,0.4923999309539794,0.0,0.0
1298,1680003155.8321729,1299,2Item7,2023-03-28 17:02:35.832173,1235.0,227.0,1133.0,292.0,-1.0,-1.0,10840.521999999995,594.305419921875,587.1283569335938,0.5914891362190245,0.4947222173213958,0.4345988929271698,0.4923836886882782,0.0,0.0
1299,1680003155.8404665,1300,2Item7,2023-03-28 17:02:35.840466,1241.0,233.0,1135.0,294.0,2.9413299560546875,3.41204833984375,10848.81699999998,594.3713989257812,587.1705322265625,0.5913755297660827,0.4947529435157775,0.4344718158245086,0.4924670457839965,0.0,0.0
1300,1680003155.848794,1301,2Item7,2023-03-28 17:02:35.848794,1230.0,232.0,1200.0,261.0,-1.0,-1.0,10857.144000000028,594.3416748046875,587.1138916015625,0.5912713408470153,0.4947998821735382,0.4344266653060913,0.492539495229721,0.0,0.0
1301,1680003155.8571997,1302,2Item7,2023-03-28 17:02:35.857200,1222.0,239.0,1214.0,244.0,-1.0,-1.0,10865.549,594.3856201171875,587.16259765625,0.5913760066032409,0.4949171543121337,0.4344920516014099,0.492610365152359,0.0,0.0
1302,1680003155.8654778,1303,2Item7,2023-03-28 17:02:35.865478,1233.0,209.0,-1.0,-1.0,2.4822235107421875,-1.0,10873.82799999998,594.4678955078125,-1.0,0.5912046432495117,0.4949027001857757,-1.0,-1.0,0.0,4.0
1303,1680003155.8737948,1304,2Item7,2023-03-28 17:02:35.873795,1242.0,215.0,1215.0,245.0,-1.0,-1.0,10882.144000000028,594.4473266601562,587.1875,0.5911821722984314,0.4950428903102874,0.434359073638916,0.4927769303321838,0.0,0.0
1304,1680003155.8821602,1305,2Item7,2023-03-28 17:02:35.882160,1220.0,247.0,1216.0,241.0,-1.0,-1.0,10890.510000000007,594.49560546875,587.2552490234375,0.5912019610404968,0.4950567483901977,0.4344002306461334,0.4928282797336578,0.0,0.0
1305,1680003155.89072,1306,2Item7,2023-03-28 17:02:35.890720,1223.0,239.0,1216.0,241.0,2.709228515625,2.93096923828125,10899.068000000028,594.5791625976562,587.3363037109375,0.5911751985549926,0.4951456785202026,0.4342740476131439,0.4928872287273407,0.0,0.0
1306,1680003155.8988347,1307,2Item7,2023-03-28 17:02:35.898835,1215.0,227.0,1210.0,278.0,-1.0,-1.0,10907.184000000008,594.5565185546875,587.3224487304688,0.5910866260528564,0.4951912760734558,0.4341983497142791,0.4929723441600799,0.0,0.0
1307,1680003155.907129,1308,2Item7,2023-03-28 17:02:35.907129,1233.0,218.0,1206.0,290.0,-1.0,-1.0,10915.47999999998,594.6060180664064,587.410400390625,0.591103971004486,0.4950868189334869,0.4342667162418365,0.4929328262805938,0.0,0.0
1308,1680003155.9154909,1309,2Item7,2023-03-28 17:02:35.915491,1223.0,233.0,1215.0,272.0,2.81719970703125,3.373443603515625,10923.841000000017,594.677978515625,587.5120849609375,0.5909937024116516,0.4952008128166198,0.4341141581535339,0.4930477738380432,0.0,0.0
1309,1680003155.9238205,1310,2Item7,2023-03-28 17:02:35.923820,1225.0,221.0,1211.0,261.0,-1.0,-1.0,10932.171000000031,594.6458740234375,587.5164184570312,0.5908899903297424,0.4951909184455871,0.4340375959873199,0.4930237829685211,0.0,0.0
1310,1680003155.932223,1311,2Item7,2023-03-28 17:02:35.932223,1173.0,300.0,1218.0,247.0,-1.0,-1.0,10940.573000000031,594.6972045898438,587.609375,0.5909152030944824,0.4951871335506439,0.4340656995773315,0.4930145740509033,0.0,0.0
1311,1680003155.940579,1312,2Item7,2023-03-28 17:02:35.940579,1216.0,196.0,1218.0,247.0,2.68121337890625,3.319183349609375,10948.929000000004,594.8113403320312,587.7173461914064,0.5908284187316895,0.495195060968399,0.4338860511779785,0.4930092692375183,0.0,0.0
1312,1680003155.9489028,1313,2Item7,2023-03-28 17:02:35.948903,1224.0,204.0,1218.0,255.0,-1.0,-1.0,10957.253000000026,594.8703002929688,587.71533203125,0.5907307863235473,0.4952381551265716,0.433761179447174,0.4930683672428131,0.0,0.0
1313,1680003155.957424,1314,2Item7,2023-03-28 17:02:35.957424,1224.0,204.0,1211.0,273.0,-1.0,-1.0,10965.774000000034,595.0367431640625,587.7963256835938,0.5908110737800598,0.4952889084815979,0.4338574111461639,0.4930379986763,0.0,0.0
1314,1680003155.9656467,1315,2Item7,2023-03-28 17:02:35.965647,1236.0,195.0,1211.0,273.0,3.1006622314453125,3.226303100585937,10973.995999999985,595.2667236328125,587.874755859375,0.5906875729560852,0.4953257739543914,0.4337038695812225,0.4931282997131347,0.0,0.0
1315,1680003155.9737897,1316,2Item7,2023-03-28 17:02:35.973790,1231.0,205.0,1215.0,267.0,-1.0,-1.0,10982.139000000025,595.4178466796875,587.8397216796875,0.5905632972717285,0.4953193366527557,0.433649718761444,0.4931160807609558,0.0,0.0
1316,1680003155.982195,1317,2Item7,2023-03-28 17:02:35.982195,1221.0,224.0,1189.0,265.0,-1.0,-1.0,10990.544999999984,595.6498413085938,587.88037109375,0.5906712412834167,0.4953868389129638,0.4336965680122375,0.4932048022747039,0.0,0.0
1317,1680003155.9904888,1318,2Item7,2023-03-28 17:02:35.990489,-1.0,-1.0,1189.0,265.0,-1.0,3.4470367431640625,10998.839000000036,-1.0,587.9156494140625,-1.0,-1.0,0.4335663914680481,0.4932074844837188,4.0,0.0
1318,1680003155.9988818,1319,2Item7,2023-03-28 17:02:35.998882,1201.0,214.0,1187.0,271.0,-1.0,-1.0,11007.231000000029,596.01025390625,587.8314819335938,0.590408205986023,0.4953911304473877,0.4334612190723419,0.4932601153850555,0.0,0.0
1319,1680003156.0071764,1320,2Item7,2023-03-28 17:02:36.007176,1222.0,197.0,1242.0,266.0,-1.0,-1.0,11015.527000000002,596.2227172851562,587.8308715820312,0.5905066132545471,0.4954052567481994,0.4335190653800964,0.4932447075843811,0.0,0.0
1320,1680003156.0155478,1321,2Item7,2023-03-28 17:02:36.015548,1210.0,218.0,1242.0,266.0,2.921966552734375,2.9983367919921875,11023.897999999986,596.4718627929688,587.8319091796875,0.5902797579765319,0.4952738881111145,0.4333604574203491,0.4932187795639038,0.0,0.0
1321,1680003156.023901,1322,2Item7,2023-03-28 17:02:36.023901,1223.0,219.0,1240.0,257.0,-1.0,-1.0,11032.25199999998,596.6035766601562,587.7350463867188,0.590228259563446,0.4951499104499816,0.433315485715866,0.4930761456489563,0.0,0.0
1322,1680003156.0322058,1323,2Item7,2023-03-28 17:02:36.032206,1232.0,202.0,1227.0,251.0,-1.0,-1.0,11040.555999999982,596.7445068359375,587.7306518554688,0.5903771519660949,0.4952770173549652,0.4334118366241455,0.4931403994560241,0.0,0.0
1323,1680003156.0405085,1324,2Item7,2023-03-28 17:02:36.040508,1227.0,209.0,1227.0,251.0,2.8202362060546875,3.3787994384765625,11048.858000000007,596.9013671875,587.7360229492188,0.5902237892150878,0.4950766861438751,0.4332771301269531,0.493029236793518,0.0,0.0
1324,1680003156.048776,1325,2Item7,2023-03-28 17:02:36.048776,1229.0,223.0,1227.0,248.0,-1.0,-1.0,11057.125999999987,596.8704833984375,587.6432495117188,0.590137243270874,0.4951461553573608,0.4332746267318725,0.4931229650974273,0.0,0.0
1325,1680003156.0571158,1326,2Item7,2023-03-28 17:02:36.057116,1220.0,235.0,1224.0,250.0,-1.0,-1.0,11065.464000000036,596.8333129882812,587.6465454101562,0.5902531147003173,0.4950193464756012,0.4333205223083496,0.4929382801055908,0.0,0.0
1326,1680003156.0657532,1327,2Item7,2023-03-28 17:02:36.065753,1227.0,235.0,1224.0,250.0,2.72796630859375,3.07781982421875,11074.103000000005,596.7750244140625,587.6727905273438,0.5901373624801635,0.4950309693813324,0.4331786334514617,0.493019700050354,0.0,0.0
1327,1680003156.074211,1328,2Item7,2023-03-28 17:02:36.074211,1226.0,220.0,1237.0,264.0,-1.0,-1.0,11082.559000000008,596.5693969726562,587.6105346679688,0.5899925231933593,0.4949512481689453,0.4331141114234924,0.4929681718349456,0.0,0.0
1328,1680003156.0823114,1329,2Item7,2023-03-28 17:02:36.082311,1225.0,223.0,1232.0,263.0,-1.0,-1.0,11090.661000000022,596.3973999023438,587.6544799804688,0.5900703072547911,0.4948708117008209,0.4331882894039154,0.4929356575012207,0.0,0.0
1329,1680003156.0904293,1330,2Item7,2023-03-28 17:02:36.090429,1208.0,237.0,1232.0,263.0,2.860626220703125,3.41290283203125,11098.77899999998,596.2431640625,587.7108154296875,0.589927077293396,0.4948200285434722,0.4330482482910156,0.4929101169109344,0.0,0.0
1330,1680003156.09884,1331,2Item7,2023-03-28 17:02:36.098840,1202.0,219.0,1218.0,251.0,-1.0,-1.0,11107.189000000011,595.969482421875,587.6710205078125,0.5898704528808593,0.4947628676891326,0.4330034554004669,0.4927893579006195,0.0,0.0
1331,1680003156.1073143,1332,2Item7,2023-03-28 17:02:36.107314,1203.0,213.0,1215.0,243.0,-1.0,-1.0,11115.66499999998,595.7559204101562,587.728759765625,0.5900080204010009,0.4947919845581054,0.4330784976482391,0.4927935600280761,0.0,0.0
1332,1680003156.1158805,1333,2Item7,2023-03-28 17:02:36.115880,-1.0,-1.0,1215.0,243.0,-1.0,3.3520050048828125,11124.226000000024,-1.0,587.7950439453125,-1.0,-1.0,0.4329596161842346,0.4927265346050262,4.0,0.0
1333,1680003156.1237702,1334,2Item7,2023-03-28 17:02:36.123770,1220.0,225.0,1221.0,248.0,-1.0,-1.0,11132.119999999995,595.3820190429688,587.7566528320312,0.589795708656311,0.4946638047695159,0.432953655719757,0.4926719069480896,0.0,0.0
1334,1680003156.1322038,1335,2Item7,2023-03-28 17:02:36.132204,1215.0,230.0,1217.0,242.0,-1.0,-1.0,11140.554000000004,595.2247314453125,587.8113403320312,0.589893639087677,0.4946058690547943,0.4330210089683532,0.4926870763301849,0.0,0.0
1335,1680003156.1405523,1336,2Item7,2023-03-28 17:02:36.140552,1220.0,223.0,1217.0,242.0,2.7740478515625,3.4207305908203125,11148.902000000002,595.1135864257812,587.8900146484375,0.5897777080535888,0.4946105778217315,0.4329124093055725,0.4926895499229431,0.0,0.0
1336,1680003156.1488278,1337,2Item7,2023-03-28 17:02:36.148828,1232.0,238.0,1223.0,248.0,-1.0,-1.0,11157.178000000014,594.9308471679688,587.8712158203125,0.5897579193115234,0.4946813583374023,0.4329116940498352,0.4927192330360412,0.0,0.0
1337,1680003156.157112,1338,2Item7,2023-03-28 17:02:36.157112,1228.0,243.0,1213.0,258.0,-1.0,-1.0,11165.459000000032,594.8574829101562,587.94580078125,0.5898324251174926,0.4946203529834747,0.4329424500465393,0.4927453100681304,0.0,0.0
1338,1680003156.165652,1339,2Item7,2023-03-28 17:02:36.165652,1227.0,238.0,1213.0,258.0,2.6923828125,3.4497833251953125,11174.000999999987,594.8622436523438,588.0377807617188,0.5897163748741149,0.494674265384674,0.4328430593013763,0.4927902519702911,0.0,0.0
1339,1680003156.173906,1340,2Item7,2023-03-28 17:02:36.173906,1218.0,218.0,1208.0,277.0,-1.0,-1.0,11182.256999999983,594.7950439453125,588.0382080078125,0.5897161364555358,0.4947170317173004,0.4328003525733947,0.4927896559238433,0.0,0.0
1340,1680003156.18221,1341,2Item7,2023-03-28 17:02:36.182210,1231.0,204.0,1217.0,285.0,-1.0,-1.0,11190.559000000008,594.8416137695312,588.1492919921875,0.589853525161743,0.4948652386665344,0.4329069554805755,0.492827296257019,0.0,0.0
1341,1680003156.1904287,1342,2Item7,2023-03-28 17:02:36.190429,1239.0,193.0,1219.0,282.0,2.7370758056640625,2.74444580078125,11198.77899999998,594.94140625,588.29248046875,0.5897485613822937,0.4948176443576812,0.4328400492668151,0.4928403496742248,0.0,0.0
1342,1680003156.198782,1343,2Item7,2023-03-28 17:02:36.198782,1232.0,188.0,1208.0,226.0,-1.0,-1.0,11207.131999999983,594.9691772460938,588.33642578125,0.5897067189216613,0.4949010908603668,0.4328095018863678,0.4929500818252563,0.0,0.0
1343,1680003156.207093,1344,2Item7,2023-03-28 17:02:36.207093,1209.0,208.0,1212.0,216.0,-1.0,-1.0,11215.443000000028,595.0889892578125,588.4752807617188,0.5897996425628662,0.494918555021286,0.4329186379909515,0.4929783940315246,0.0,0.0
1344,1680003156.2154377,1345,2Item7,2023-03-28 17:02:36.215438,1198.0,221.0,1216.0,230.0,2.7682037353515625,3.3961181640625,11223.788,595.2518920898438,588.64990234375,0.5897490382194519,0.4950543642044067,0.4327976405620575,0.4931023716926574,0.0,0.0
1345,1680003156.2237637,1346,2Item7,2023-03-28 17:02:36.223763,1201.0,229.0,1221.0,245.0,-1.0,-1.0,11232.113000000012,595.3228759765625,588.7152709960938,0.5896828770637512,0.4951225817203521,0.4327574372291564,0.493192583322525,0.0,0.0
1346,1680003156.2320957,1347,2Item7,2023-03-28 17:02:36.232096,1210.0,214.0,1232.0,268.0,-1.0,-1.0,11240.445999999996,595.4586181640625,588.859130859375,0.5898340940475463,0.4952521920204162,0.4328783750534057,0.4932120144367218,0.0,0.0
1347,1680003156.240448,1348,2Item7,2023-03-28 17:02:36.240448,1224.0,203.0,1217.0,268.0,2.688751220703125,2.9973907470703125,11248.79800000001,595.6296997070312,588.9984741210938,0.5897451043128967,0.4952411651611328,0.4327795803546905,0.4932810366153717,0.0,0.0
1348,1680003156.248789,1349,2Item7,2023-03-28 17:02:36.248789,1225.0,203.0,1223.0,277.0,-1.0,-1.0,11257.139000000025,595.6919555664064,589.0155639648438,0.5896971821784973,0.4952979981899261,0.4327673614025116,0.4933817088603973,0.0,0.0
1349,1680003156.257337,1350,2Item7,2023-03-28 17:02:36.257337,1242.0,197.0,1226.0,255.0,-1.0,-1.0,11265.687000000034,595.7998046875,589.1064453125,0.589832067489624,0.4953174591064453,0.432907223701477,0.4934021830558776,0.0,0.0
1350,1680003156.265556,1351,2Item7,2023-03-28 17:02:36.265556,1242.0,193.0,1241.0,241.0,2.7671661376953125,3.3415679931640625,11273.902999999991,595.9110717773438,589.1821899414064,0.5897682905197144,0.4953537285327911,0.4328315556049346,0.4934200644493103,0.0,0.0
1351,1680003156.2740035,1352,2Item7,2023-03-28 17:02:36.274004,1252.0,191.0,1239.0,246.0,-1.0,-1.0,11282.353999999992,595.8846435546875,589.124267578125,0.5897772312164306,0.4954216182231903,0.4328202903270721,0.4934785962104797,0.0,0.0
1352,1680003156.282078,1353,2Item7,2023-03-28 17:02:36.282078,1218.0,215.0,1240.0,261.0,-1.0,-1.0,11290.429000000004,595.9061279296875,589.12890625,0.5899519920349121,0.4954612255096435,0.4329698979854583,0.4934807121753692,0.0,0.0
1353,1680003156.2904935,1354,2Item7,2023-03-28 17:02:36.290493,1198.0,226.0,1226.0,271.0,2.80047607421875,2.9751129150390625,11298.843999999985,595.9442138671875,589.1303100585938,0.5898385047912597,0.4953914284706115,0.4328880012035369,0.4934926033020019,0.0,0.0
1354,1680003156.298818,1355,2Item7,2023-03-28 17:02:36.298818,1193.0,224.0,1221.0,249.0,-1.0,-1.0,11307.168999999994,595.8679809570312,589.015869140625,0.5898528099060057,0.4955097436904907,0.4328812956809997,0.493525892496109,0.0,0.0
1355,1680003156.3071215,1356,2Item7,2023-03-28 17:02:36.307122,1192.0,222.0,1209.0,255.0,-1.0,-1.0,11315.47100000002,595.8541259765625,588.9703979492188,0.590061068534851,0.495599091053009,0.433045208454132,0.493554413318634,0.0,0.0
1356,1680003156.317643,1357,2Item7,2023-03-28 17:02:36.317643,1204.0,237.0,1209.0,260.0,2.8172760009765625,3.018768310546875,11325.993000000017,595.8546752929688,588.9290161132812,0.5900225043296814,0.4955852031707763,0.4329915046691894,0.4935416579246521,0.0,0.0
1357,1680003156.3238208,1358,2Item7,2023-03-28 17:02:36.323821,1204.0,237.0,1219.0,267.0,-1.0,-1.0,11332.169999999984,595.7362060546875,588.7799682617188,0.5900142192840576,0.4956012964248657,0.4330208599567413,0.493580162525177,0.0,0.0
1358,1680003156.3320882,1359,2Item7,2023-03-28 17:02:36.332088,1238.0,207.0,1222.0,260.0,-1.0,-1.0,11340.437000000034,595.672607421875,588.7258911132812,0.5902313590049743,0.4956502020359039,0.4331719875335693,0.493578553199768,0.0,0.0
1359,1680003156.34048,1360,2Item7,2023-03-28 17:02:36.340480,1233.0,200.0,1210.0,266.0,2.8868560791015625,2.9874725341796875,11348.830000000016,595.6289672851562,588.6884155273438,0.5901832580566406,0.4955978691577911,0.4331350326538085,0.4935319125652313,0.0,0.0
1360,1680003156.3489296,1361,2Item7,2023-03-28 17:02:36.348930,1231.0,209.0,1224.0,253.0,-1.0,-1.0,11357.27899999998,595.4781494140625,588.5543823242188,0.5901313424110411,0.4955731630325317,0.4331222474575042,0.4935409426689147,0.0,0.0
1361,1680003156.3572752,1362,2Item7,2023-03-28 17:02:36.357275,1234.0,215.0,1227.0,242.0,-1.0,-1.0,11365.625999999987,595.3927001953125,588.5241088867188,0.5903318524360656,0.4955953657627105,0.4332880973815918,0.4934629201889038,0.0,0.0
1362,1680003156.3655696,1363,2Item7,2023-03-28 17:02:36.365570,1231.0,222.0,1227.0,242.0,2.793441772460937,3.3938140869140625,11373.917000000016,595.3471069335938,588.5160522460938,0.5902289748191833,0.4954629242420196,0.4332064688205719,0.4934110641479492,0.0,0.0
1363,1680003156.3737502,1364,2Item7,2023-03-28 17:02:36.373750,1209.0,234.0,1224.0,243.0,-1.0,-1.0,11382.100000000037,595.1884765625,588.4149169921875,0.5902284979820251,0.4955222308635711,0.4332384467124939,0.4934290945529937,0.0,0.0
1364,1680003156.382136,1365,2Item7,2023-03-28 17:02:36.382136,1209.0,238.0,1211.0,256.0,-1.0,-1.0,11390.487000000025,595.0867919921875,588.4053344726562,0.5904121994972229,0.4955191910266876,0.433333396911621,0.4933954775333404,0.0,0.0
1365,1680003156.3904889,1366,2Item7,2023-03-28 17:02:36.390489,1208.0,248.0,1211.0,256.0,2.822662353515625,3.1715850830078125,11398.839000000036,595.0116577148438,588.4129028320312,0.5903506875038147,0.4954715967178344,0.4332373738288879,0.493390142917633,0.0,0.0
1366,1680003156.398803,1367,2Item7,2023-03-28 17:02:36.398803,1208.0,248.0,1208.0,251.0,-1.0,-1.0,11407.15399999998,594.8185424804688,588.3279418945312,0.5902830958366394,0.4954273700714111,0.4332082271575927,0.4933395087718963,0.0,0.0
1367,1680003156.4070976,1368,2Item7,2023-03-28 17:02:36.407098,1217.0,237.0,1221.0,244.0,-1.0,-1.0,11415.448000000031,594.6893920898438,588.3505249023438,0.5903737545013427,0.495349645614624,0.4333170056343078,0.4933080673217773,0.0,0.0
1368,1680003156.4154656,1369,2Item7,2023-03-28 17:02:36.415466,1226.0,232.0,1221.0,244.0,2.8286590576171875,3.5197906494140625,11423.815999999992,594.6026611328125,588.3904418945312,0.590350866317749,0.4953439831733703,0.4332031309604644,0.493245780467987,0.0,0.0
1369,1680003156.423776,1370,2Item7,2023-03-28 17:02:36.423776,1205.0,199.0,1220.0,242.0,-1.0,-1.0,11432.12699999998,594.4138793945312,588.3352661132812,0.59027099609375,0.4952661395072937,0.4331552386283874,0.4932408034801483,0.0,0.0
1370,1680003156.4320898,1371,2Item7,2023-03-28 17:02:36.432090,1207.0,198.0,1216.0,237.0,-1.0,-1.0,11440.440000000002,594.2976684570312,588.3757934570312,0.5904133915901184,0.495288610458374,0.4332554340362548,0.4931655526161193,0.0,0.0
1371,1680003156.4405017,1372,2Item7,2023-03-28 17:02:36.440502,1205.0,212.0,1216.0,237.0,2.569320678710937,3.4149169921875,11448.852000000014,594.21240234375,588.4234619140625,0.5902997255325317,0.495142787694931,0.4331579506397247,0.493176519870758,0.0,0.0
1372,1680003156.448748,1373,2Item7,2023-03-28 17:02:36.448748,1230.0,220.0,1222.0,242.0,-1.0,-1.0,11457.097999999998,594.0394897460938,588.3598022460938,0.5902693271636962,0.4952025413513183,0.4331169724464416,0.4932127892971038,0.0,0.0
1373,1680003156.4571736,1374,2Item7,2023-03-28 17:02:36.457174,1229.0,200.0,1232.0,258.0,-1.0,-1.0,11465.522999999986,593.9462890625,588.3873901367188,0.5903860926628112,0.4951572716236114,0.433231770992279,0.493155688047409,0.0,0.0
1374,1680003156.4657748,1375,2Item7,2023-03-28 17:02:36.465775,1232.0,213.0,1232.0,258.0,2.7408447265625,3.258041381835937,11474.125,593.8880004882812,588.4252319335938,0.5903065204620361,0.4951431155204772,0.4331582188606262,0.4931385815143585,0.0,0.0
1375,1680003156.47375,1376,2Item7,2023-03-28 17:02:36.473750,1210.0,251.0,1236.0,265.0,-1.0,-1.0,11482.100000000037,593.7623291015625,588.3610229492188,0.5903056859970092,0.4952029883861541,0.4331220388412475,0.493216186761856,0.0,0.0
1376,1680003156.4822564,1377,2Item7,2023-03-28 17:02:36.482256,1223.0,243.0,1220.0,252.0,-1.0,-1.0,11490.607000000018,593.7392578125,588.38916015625,0.590453565120697,0.4952611029148101,0.4332491159439086,0.4931515157222747,0.0,0.0
1377,1680003156.4905016,1378,2Item7,2023-03-28 17:02:36.490502,1226.0,245.0,1220.0,252.0,2.764373779296875,2.903900146484375,11498.851000000024,593.7633666992188,588.4208984375,0.5903688669204711,0.4951533377170562,0.4331682622432708,0.4931658506393432,0.0,0.0
1378,1680003156.4987593,1379,2Item7,2023-03-28 17:02:36.498759,1227.0,226.0,1216.0,247.0,-1.0,-1.0,11507.108999999997,593.7184448242188,588.341796875,0.5903580784797668,0.4952080249786377,0.4331852495670318,0.4931479692459106,0.0,0.0
1379,1680003156.507125,1380,2Item7,2023-03-28 17:02:36.507125,1212.0,193.0,1224.0,240.0,-1.0,-1.0,11515.475000000037,593.7598266601562,588.3505859375,0.5905126929283142,0.4952429234981536,0.4333044588565826,0.4931333363056182,0.0,0.0
1380,1680003156.5154018,1381,2Item7,2023-03-28 17:02:36.515402,1207.0,238.0,1225.0,240.0,2.744354248046875,3.4424591064453125,11523.75199999998,593.8538208007812,588.3710327148438,0.5904517769813536,0.4951937198638916,0.4332275390625,0.493096649646759,0.0,0.0
1381,1680003156.523728,1382,2Item7,2023-03-28 17:02:36.523728,1215.0,235.0,1232.0,254.0,-1.0,-1.0,11532.079000000029,593.8489990234375,588.2886352539064,0.5904281139373779,0.4951814413070678,0.4332783222198486,0.4930582642555236,0.0,0.0
1382,1680003156.5321035,1383,2Item7,2023-03-28 17:02:36.532104,1220.0,230.0,1224.0,265.0,-1.0,-1.0,11540.45199999999,593.916259765625,588.30322265625,0.5905892848968505,0.4952233135700225,0.4333837628364563,0.4930808544158935,0.0,0.0
1383,1680003156.5404038,1384,2Item7,2023-03-28 17:02:36.540404,1224.0,231.0,1224.0,265.0,2.811996459960937,3.369232177734375,11548.753000000026,594.0178833007812,588.3389282226562,0.5905077457427979,0.4951509237289428,0.4333041310310363,0.4930469095706939,0.0,0.0
1384,1680003156.5487723,1385,2Item7,2023-03-28 17:02:36.548772,1220.0,236.0,1220.0,269.0,-1.0,-1.0,11557.119999999995,594.0065307617188,588.2852783203125,0.5904948711395263,0.4951784908771514,0.4332969486713409,0.4930754303932189,0.0,0.0
1385,1680003156.5571623,1386,2Item7,2023-03-28 17:02:36.557162,1205.0,246.0,1222.0,276.0,-1.0,-1.0,11565.511,594.0642700195312,588.3389282226562,0.5906450748443604,0.4952032268047332,0.4334319829940795,0.493020623922348,0.0,0.0
1386,1680003156.5654168,1387,2Item7,2023-03-28 17:02:36.565417,1212.0,241.0,1215.0,276.0,2.777984619140625,2.889923095703125,11573.766999999993,594.13427734375,588.4188842773438,0.5905708074569702,0.4951799809932708,0.4333461821079254,0.4930280745029449,0.0,0.0
1387,1680003156.5739193,1388,2Item7,2023-03-28 17:02:36.573919,1213.0,243.0,1210.0,247.0,-1.0,-1.0,11582.269000000028,594.0817260742188,588.403564453125,0.5905296802520752,0.4951800107955932,0.433318942785263,0.4930550158023834,0.0,0.0
1388,1680003156.5821962,1389,2Item7,2023-03-28 17:02:36.582196,1222.0,222.0,1223.0,235.0,-1.0,-1.0,11590.546000000031,594.0930786132812,588.4899291992188,0.5906925201416015,0.4952169358730316,0.4334837198257446,0.4930295348167419,0.0,0.0
1389,1680003156.590482,1390,2Item7,2023-03-28 17:02:36.590482,-1.0,-1.0,1234.0,234.0,-1.0,3.1201629638671875,11598.831999999997,-1.0,588.5924682617188,-1.0,-1.0,0.4333818554878234,0.4930307567119598,4.0,0.0
1390,1680003156.598864,1391,2Item7,2023-03-28 17:02:36.598864,1231.0,225.0,1213.0,271.0,-1.0,-1.0,11607.214000000036,594.0643310546875,588.5950317382812,0.5905792713165283,0.4951946437358856,0.433341234922409,0.4930517077445983,0.0,0.0
1391,1680003156.6071212,1392,2Item7,2023-03-28 17:02:36.607121,1223.0,209.0,1207.0,275.0,-1.0,-1.0,11615.472000000009,594.04541015625,588.6807861328125,0.5907387733459472,0.4952498376369476,0.4335041344165802,0.4930588901042938,0.0,0.0
1392,1680003156.615458,1393,2Item7,2023-03-28 17:02:36.615458,-1.0,-1.0,1212.0,276.0,-1.0,3.0218505859375,11623.80800000002,-1.0,588.747802734375,-1.0,-1.0,0.4333947300910949,0.4930454790592193,4.0,0.0
1393,1680003156.6238246,1394,2Item7,2023-03-28 17:02:36.623825,1217.0,216.0,1225.0,242.0,-1.0,-1.0,11632.174,593.975341796875,588.6825561523438,0.5905834436416626,0.49521005153656,0.4333479702472686,0.4930656254291534,0.0,0.0
1394,1680003156.632187,1395,2Item7,2023-03-28 17:02:36.632187,1225.0,218.0,1217.0,243.0,-1.0,-1.0,11640.537000000011,593.9478149414064,588.6729125976562,0.5907515287399292,0.4952782094478607,0.4335018694400787,0.4930403530597686,0.0,0.0
1395,1680003156.6404529,1396,2Item7,2023-03-28 17:02:36.640453,1212.0,231.0,1207.0,250.0,2.8760986328125,2.999114990234375,11648.803000000014,593.9561157226562,588.6298828125,0.5906309485435485,0.4951586425304412,0.4333968460559845,0.4930395483970642,0.0,0.0
1396,1680003156.6487944,1397,2Item7,2023-03-28 17:02:36.648794,1231.0,218.0,1203.0,254.0,-1.0,-1.0,11657.14500000002,593.85546875,588.4426879882812,0.5906055569648742,0.4951966702938079,0.4333613812923431,0.4930516183376312,0.0,0.0
1397,1680003156.657827,1398,2Item7,2023-03-28 17:02:36.657827,1224.0,223.0,1194.0,266.0,-1.0,-1.0,11666.174999999988,593.8212280273438,588.315673828125,0.5907700061798095,0.4952570497989654,0.4335237443447113,0.493047297000885,0.0,0.0
1398,1680003156.665498,1399,2Item7,2023-03-28 17:02:36.665498,1224.0,223.0,1192.0,263.0,2.787460327148437,2.99969482421875,11673.847000000009,593.8272705078125,588.1757202148438,0.5906420946121215,0.4951147437095642,0.4334294199943542,0.4930084943771362,0.0,0.0
1399,1680003156.673869,1400,2Item7,2023-03-28 17:02:36.673869,1209.0,220.0,1198.0,265.0,-1.0,-1.0,11682.22000000003,593.7251586914064,587.9125366210938,0.5906299948692321,0.4951873123645782,0.4334003031253814,0.4930354058742523,0.0,0.0
1400,1680003156.6821022,1401,2Item7,2023-03-28 17:02:36.682102,1215.0,215.0,1203.0,261.0,-1.0,-1.0,11690.45199999999,593.6731567382812,587.7286987304688,0.5907524228096008,0.4951515197753906,0.4335432648658752,0.4929735660552978,0.0,0.0
1401,1680003156.6904411,1402,2Item7,2023-03-28 17:02:36.690441,1234.0,196.0,1198.0,266.0,2.651031494140625,3.0924530029296875,11698.792000000016,593.6398315429688,587.5511474609375,0.5906814336776733,0.4951272010803222,0.4334641695022583,0.4930071234703064,0.0,0.0
1402,1680003156.698722,1403,2Item7,2023-03-28 17:02:36.698722,1229.0,202.0,1196.0,259.0,-1.0,-1.0,11707.071999999986,593.4921264648438,587.273193359375,0.5906624794006347,0.4951886534690856,0.4334455728530883,0.4930226802825927,0.0,0.0
1403,1680003156.7071416,1404,2Item7,2023-03-28 17:02:36.707142,1195.0,258.0,1193.0,255.0,-1.0,-1.0,11715.49099999998,593.4061279296875,587.10791015625,0.5908297300338745,0.4952531158924102,0.4335922002792358,0.4930268824100494,0.0,0.0
1404,1680003156.715454,1405,2Item7,2023-03-28 17:02:36.715454,1195.0,263.0,1206.0,247.0,2.9141082763671875,2.9466705322265625,11723.804999999991,593.3521118164064,586.9752197265625,0.5907382369041442,0.4951484203338623,0.4335213303565979,0.4930154681205749,0.0,0.0
1405,1680003156.723714,1406,2Item7,2023-03-28 17:02:36.723714,1195.0,263.0,1197.0,251.0,-1.0,-1.0,11732.064000000011,593.192626953125,586.765869140625,0.5907335877418518,0.4952169358730316,0.4335180222988128,0.4930286109447479,0.0,0.0
1406,1680003156.7321143,1407,2Item7,2023-03-28 17:02:36.732114,1204.0,230.0,1209.0,249.0,-1.0,-1.0,11740.465000000026,593.1085815429688,586.67626953125,0.5908892154693604,0.4952837228775024,0.4336661994457244,0.4930314421653747,0.0,0.0
1407,1680003156.7404468,1408,2Item7,2023-03-28 17:02:36.740447,1198.0,231.0,1220.0,248.0,2.90869140625,3.4375762939453125,11748.79700000002,593.0692749023438,586.6278076171875,0.5908121466636657,0.4951829016208648,0.4335879981517791,0.4930077195167541,0.0,0.0
1408,1680003156.7487657,1409,2Item7,2023-03-28 17:02:36.748765,1190.0,231.0,1166.0,260.0,-1.0,-1.0,11757.111000000034,592.9402465820312,586.4962768554688,0.5908138155937194,0.4952367842197418,0.4336148798465728,0.4930052757263183,0.0,0.0
1409,1680003156.7570653,1410,2Item7,2023-03-28 17:02:36.757065,1186.0,233.0,1155.0,260.0,-1.0,-1.0,11765.41499999998,592.8900756835938,586.4754028320312,0.590957760810852,0.4952952563762664,0.4337414503097534,0.4929704070091247,0.0,0.0
1410,1680003156.7655554,1411,2Item7,2023-03-28 17:02:36.765555,1189.0,215.0,1204.0,232.0,2.752426147460937,3.42059326171875,11773.90399999998,592.89599609375,586.4852905273438,0.5908905267715454,0.4952549934387207,0.43366339802742,0.4929794073104858,0.0,0.0
1411,1680003156.7737658,1412,2Item7,2023-03-28 17:02:36.773766,1202.0,229.0,1211.0,258.0,-1.0,-1.0,11782.11599999998,592.8253784179688,586.4083251953125,0.5908827185630798,0.4952303767204284,0.4336783289909362,0.4929873645305633,0.0,0.0
1412,1680003156.7821045,1413,2Item7,2023-03-28 17:02:36.782104,1213.0,253.0,1201.0,275.0,-1.0,-1.0,11790.45299999998,592.8505859375,586.4370727539064,0.5910162329673767,0.4952698945999145,0.4337934851646423,0.4929553270339965,0.0,0.0
1413,1680003156.790367,1414,2Item7,2023-03-28 17:02:36.790367,1211.0,244.0,1201.0,275.0,2.8153533935546875,3.043914794921875,11798.717000000004,592.9271240234375,586.4822998046875,0.5909386873245239,0.4952309429645538,0.4337234497070312,0.4929315447807312,0.0,0.0
1414,1680003156.798957,1415,2Item7,2023-03-28 17:02:36.798957,1209.0,235.0,1192.0,282.0,-1.0,-1.0,11807.304999999991,592.9137573242188,586.4332275390625,0.5909046530723571,0.4951900541782379,0.4337377548217773,0.4928892850875854,0.0,0.0
1415,1680003156.8071065,1416,2Item7,2023-03-28 17:02:36.807106,1226.0,202.0,1220.0,261.0,-1.0,-1.0,11815.456000000006,592.9778442382812,586.4869995117188,0.5910316705703735,0.4952248036861419,0.4338310360908508,0.4929058849811554,0.0,0.0
1416,1680003156.8170714,1417,2Item7,2023-03-28 17:02:36.817071,1221.0,202.0,1214.0,267.0,2.86627197265625,2.9353179931640625,11825.42200000002,593.084228515625,586.5699462890625,0.5909304022789001,0.4951619207859039,0.4337437152862548,0.4928914308547973,0.0,0.0
1417,1680003156.8237135,1418,2Item7,2023-03-28 17:02:36.823714,1217.0,201.0,1225.0,287.0,-1.0,-1.0,11832.064000000011,593.0892333984375,586.5598754882812,0.5909026861190795,0.4951688051223754,0.4337247014045715,0.4928974211215972,0.0,0.0
1418,1680003156.8321824,1419,2Item7,2023-03-28 17:02:36.832182,1206.0,222.0,1227.0,297.0,-1.0,-1.0,11840.532999999996,593.1636352539064,586.6474609375,0.5910286903381347,0.4952073395252227,0.4338451921939849,0.4928493797779083,0.0,0.0
1419,1680003156.840406,1420,2Item7,2023-03-28 17:02:36.840406,1221.0,231.0,1233.0,291.0,2.9012908935546875,3.547332763671875,11848.755000000005,593.2741088867188,586.757080078125,0.5909386873245239,0.4951674938201904,0.4337580800056457,0.4928670227527618,0.0,0.0
1420,1680003156.848914,1421,2Item7,2023-03-28 17:02:36.848914,1224.0,226.0,1228.0,285.0,-1.0,-1.0,11857.263000000035,593.2772216796875,586.7642822265625,0.5908921957015991,0.4951604306697845,0.4337306022644043,0.4928934276103973,0.0,0.0
1421,1680003156.857056,1422,2Item7,2023-03-28 17:02:36.857056,1221.0,231.0,1222.0,262.0,-1.0,-1.0,11865.406000000015,593.339599609375,586.86328125,0.5910119414329528,0.4952300488948822,0.4338384866714477,0.4929063618183136,0.0,0.0
1422,1680003156.8654294,1423,2Item7,2023-03-28 17:02:36.865429,1204.0,236.0,1213.0,273.0,2.8311309814453125,2.9722137451171875,11873.77899999998,593.4324340820312,586.9776000976562,0.5909305214881897,0.4951997101306915,0.4337450861930847,0.4929034709930419,0.0,0.0
1423,1680003156.8739898,1424,2Item7,2023-03-28 17:02:36.873990,1202.0,244.0,1220.0,272.0,-1.0,-1.0,11882.340000000026,593.412109375,586.9832763671875,0.5908870697021484,0.4951922893524169,0.4337415695190429,0.4929269850254058,0.0,0.0
1424,1680003156.882122,1425,2Item7,2023-03-28 17:02:36.882122,1202.0,247.0,1207.0,281.0,-1.0,-1.0,11890.472999999998,593.4552001953125,587.0825805664064,0.5909621119499207,0.4951762557029724,0.4338532090187072,0.4929390847682952,0.0,0.0
1425,1680003156.8905358,1426,2Item7,2023-03-28 17:02:36.890536,1210.0,235.0,1213.0,273.0,2.8572540283203125,2.892196655273437,11898.886,593.5228881835938,587.1868896484375,0.5909582376480103,0.4952400922775268,0.4337755441665649,0.4929404556751251,0.0,0.0
1426,1680003156.898759,1427,2Item7,2023-03-28 17:02:36.898759,1212.0,233.0,1203.0,264.0,-1.0,-1.0,11907.108999999997,593.486328125,587.1815795898438,0.5909206271171569,0.4952313303947448,0.4337606132030487,0.4929693639278411,0.0,0.0
1427,1680003156.907076,1428,2Item7,2023-03-28 17:02:36.907076,1216.0,225.0,1217.0,262.0,-1.0,-1.0,11915.426000000036,593.51708984375,587.259033203125,0.591004192829132,0.4952155947685241,0.4338975548744201,0.4929602742195129,0.0,0.0
1428,1680003156.9154463,1429,2Item7,2023-03-28 17:02:36.915447,1219.0,233.0,1217.0,262.0,2.775665283203125,2.9084625244140625,11923.79700000002,593.58203125,587.3365478515625,0.5909990668296814,0.4952848553657531,0.4338130950927734,0.4929706454277038,0.0,0.0
1429,1680003156.923789,1430,2Item7,2023-03-28 17:02:36.923789,1221.0,242.0,1206.0,271.0,-1.0,-1.0,11932.139000000025,593.5509643554688,587.2962036132812,0.5909329652786254,0.4952588975429534,0.4337728023529052,0.4929294884204864,0.0,0.0
1430,1680003156.9321165,1431,2Item7,2023-03-28 17:02:36.932117,1221.0,235.0,1195.0,279.0,-1.0,-1.0,11940.466000000017,593.612548828125,587.33642578125,0.5910896658897399,0.4953250288963317,0.4339235126972198,0.4929886162281036,0.0,0.0
1431,1680003156.940377,1432,2Item7,2023-03-28 17:02:36.940377,1188.0,260.0,1219.0,273.0,2.931060791015625,2.858627319335937,11948.727000000014,593.7584228515625,587.3765258789064,0.590990126132965,0.4952843487262725,0.4338390827178955,0.4929849505424499,0.0,0.0
1432,1680003156.9486978,1433,2Item7,2023-03-28 17:02:36.948698,1179.0,248.0,1217.0,259.0,-1.0,-1.0,11957.04700000002,593.8191528320312,587.3069458007812,0.5909335017204284,0.4952526986598968,0.4338194727897644,0.4929917156696319,0.0,0.0
1433,1680003156.957212,1434,2Item7,2023-03-28 17:02:36.957212,1160.0,279.0,1206.0,244.0,-1.0,-1.0,11965.563000000024,593.9594116210938,587.3223266601562,0.5910451412200927,0.4952519536018371,0.4339567720890045,0.4930070042610168,0.0,0.0
1434,1680003156.9653642,1435,2Item7,2023-03-28 17:02:36.965364,1187.0,224.0,1215.0,236.0,2.672271728515625,3.098907470703125,11973.714000000036,594.1576538085938,587.3433837890625,0.5910322666168212,0.4952952563762664,0.4338761568069458,0.4929910898208618,0.0,0.0
1435,1680003156.9738586,1436,2Item7,2023-03-28 17:02:36.973859,1200.0,267.0,1204.0,294.0,-1.0,-1.0,11982.209000000032,594.25732421875,587.24853515625,0.5909339785575866,0.4952679276466369,0.4338675141334533,0.4930024147033691,0.0,0.0
1436,1680003156.9821112,1437,2Item7,2023-03-28 17:02:36.982111,1207.0,257.0,1201.0,323.0,-1.0,-1.0,11990.462,594.4246215820312,587.2384643554688,0.5911099314689636,0.4953356385231018,0.4340161383152008,0.4929590225219726,0.0,0.0
1437,1680003156.9903748,1438,2Item7,2023-03-28 17:02:36.990375,1207.0,257.0,1221.0,310.0,2.7740631103515625,3.170883178710937,11998.723999999987,594.6424560546875,587.2325439453125,0.5909966230392456,0.4952465891838073,0.4339149594306945,0.4929853081703186,0.0,0.0
1438,1680003156.998864,1439,2Item7,2023-03-28 17:02:36.998864,1196.0,226.0,1212.0,282.0,-1.0,-1.0,12007.214000000036,594.7216186523438,587.1134033203125,0.5909602642059326,0.4952938854694366,0.4339299499988555,0.4930014014244079,0.0,0.0
1439,1680003157.0070572,1440,2Item7,2023-03-28 17:02:37.007057,1192.0,229.0,1214.0,256.0,-1.0,-1.0,12015.407000000008,594.8359375,587.0794067382812,0.5910590887069702,0.4952646493911743,0.4340733587741851,0.4929516911506652,0.0,0.0
1440,1680003157.0153508,1441,2Item7,2023-03-28 17:02:37.015351,1207.0,229.0,1201.0,264.0,2.6867218017578125,2.9635162353515625,12023.701,594.9456176757812,587.060302734375,0.5910594463348388,0.4952721893787384,0.4339883923530578,0.492966741323471,0.0,0.0
1441,1680003157.0237172,1442,2Item7,2023-03-28 17:02:37.023717,1214.0,235.0,1211.0,242.0,-1.0,-1.0,12032.068000000028,594.91357421875,586.9376220703125,0.590995192527771,0.4952505826950073,0.4340122938156127,0.4929681420326232,0.0,0.0
1442,1680003157.032145,1443,2Item7,2023-03-28 17:02:37.032145,1201.0,242.0,1204.0,260.0,-1.0,-1.0,12040.492000000027,594.9013671875,586.90771484375,0.5912036895751953,0.4953242242336273,0.434129387140274,0.4929407238960266,0.0,0.0
1443,1680003157.0405004,1444,2Item7,2023-03-28 17:02:37.040500,-1.0,-1.0,1203.0,260.0,-1.0,2.923614501953125,12048.851000000024,-1.0,586.8934936523438,-1.0,-1.0,0.4340704977512359,0.4929273128509521,4.0,0.0
1444,1680003157.0487933,1445,2Item7,2023-03-28 17:02:37.048793,1217.0,219.0,1207.0,263.0,-1.0,-1.0,12057.141999999993,594.8284301757812,586.7811279296875,0.5911098718643188,0.4952670335769653,0.4340952038764953,0.4929006397724151,0.0,0.0
1445,1680003157.0570326,1446,2Item7,2023-03-28 17:02:37.057033,1215.0,222.0,1220.0,269.0,-1.0,-1.0,12065.380000000005,594.778564453125,586.766357421875,0.5912683606147766,0.4953049719333648,0.4342038631439209,0.4929167330265045,0.0,0.0
1446,1680003157.0655077,1447,2Item7,2023-03-28 17:02:37.065508,1203.0,221.0,1220.0,262.0,2.779541015625,2.867218017578125,12073.858000000007,594.7455444335938,586.7888793945312,0.591200828552246,0.4952738583087921,0.4341315329074859,0.4929072260856628,0.0,0.0
1447,1680003157.0737095,1448,2Item7,2023-03-28 17:02:37.073709,1199.0,226.0,1214.0,261.0,-1.0,-1.0,12082.059000000008,594.6055908203125,586.719970703125,0.5911664962768554,0.4952360689640045,0.4341413080692291,0.4929020404815673,0.0,0.0
1448,1680003157.082065,1449,2Item7,2023-03-28 17:02:37.082065,1202.0,223.0,1207.0,260.0,-1.0,-1.0,12090.416000000028,594.5331420898438,586.7614135742188,0.5913001298904418,0.4952558279037475,0.4342538118362426,0.4928427040576934,0.0,0.0
1449,1680003157.0904288,1450,2Item7,2023-03-28 17:02:37.090429,1209.0,222.0,1203.0,269.0,2.71630859375,2.9644927978515625,12098.77899999998,594.4886474609375,586.84521484375,0.5912574529647827,0.4952665269374847,0.4341598749160766,0.4928852319717407,0.0,0.0
1450,1680003157.0987911,1451,2Item7,2023-03-28 17:02:37.098791,1203.0,240.0,1213.0,267.0,-1.0,-1.0,12107.141000000003,594.3609008789064,586.8490600585938,0.5912151932716369,0.4952425062656402,0.4341596662998199,0.4928875267505645,0.0,0.0
1451,1680003157.1070652,1452,2Item7,2023-03-28 17:02:37.107065,1203.0,237.0,1217.0,266.0,-1.0,-1.0,12115.416000000028,594.3270263671875,586.9584350585938,0.5913050770759583,0.4952228963375091,0.4342688918113708,0.492835134267807,0.0,0.0
1452,1680003157.1153877,1453,2Item7,2023-03-28 17:02:37.115388,1197.0,253.0,1226.0,263.0,2.88916015625,3.36846923828125,12123.737000000025,594.357421875,587.093505859375,0.5912674665451049,0.4952608942985534,0.4341645836830139,0.4928939044475555,0.0,0.0
1453,1680003157.1237483,1454,2Item7,2023-03-28 17:02:37.123748,1192.0,248.0,1217.0,272.0,-1.0,-1.0,12132.098999999987,594.3132934570312,587.1337890625,0.5912333726882933,0.4952571094036102,0.4341611266136169,0.4929105341434478,0.0,0.0
1454,1680003157.132098,1455,2Item7,2023-03-28 17:02:37.132098,1208.0,237.0,1221.0,259.0,-1.0,-1.0,12140.448000000031,594.359130859375,587.2688598632812,0.591398000717163,0.4953337907791137,0.4342694878578186,0.4929333627223968,0.0,0.0
1455,1680003157.1403966,1456,2Item7,2023-03-28 17:02:37.140397,1208.0,231.0,1220.0,256.0,2.563339233398437,2.8387603759765625,12148.745999999985,594.4678344726562,587.4132690429688,0.5912514328956604,0.4952759444713592,0.4341745376586914,0.4929501414299011,0.0,0.0
1456,1680003157.1487412,1457,2Item7,2023-03-28 17:02:37.148741,1210.0,230.0,1220.0,250.0,-1.0,-1.0,12157.079000000029,594.4818725585938,587.4437866210938,0.5912570357322692,0.495297372341156,0.4341567158699035,0.4929665029048919,0.0,0.0
1457,1680003157.1570525,1458,2Item7,2023-03-28 17:02:37.157053,1194.0,243.0,1217.0,253.0,-1.0,-1.0,12165.402000000002,594.5700073242188,587.5484008789064,0.5913952589035034,0.4953276813030242,0.4343008399009704,0.49301478266716,0.0,0.0
1458,1680003157.1653824,1459,2Item7,2023-03-28 17:02:37.165382,-1.0,-1.0,1200.0,262.0,-1.0,2.933578491210937,12173.714000000036,-1.0,587.653564453125,-1.0,-1.0,0.4342237114906311,0.4929963052272796,4.0,0.0
1459,1680003157.1737435,1460,2Item7,2023-03-28 17:02:37.173743,1193.0,239.0,1212.0,267.0,-1.0,-1.0,12182.092999999992,594.6865234375,587.6380615234375,0.5913275480270385,0.4953972697257995,0.4342384338378906,0.4930246770381927,0.0,0.0
1460,1680003157.1820252,1461,2Item7,2023-03-28 17:02:37.182025,1198.0,215.0,1207.0,267.0,-1.0,-1.0,12190.375,594.7764282226562,587.6930541992188,0.5914328098297119,0.4953727424144744,0.4344082474708557,0.4929972887039184,0.0,0.0
1461,1680003157.190403,1462,2Item7,2023-03-28 17:02:37.190403,1194.0,237.0,1210.0,263.0,2.784393310546875,3.310638427734375,12198.754000000015,594.903076171875,587.742919921875,0.5914810895919799,0.4954304695129394,0.4343330860137939,0.4930116236209869,0.0,0.0
1462,1680003157.198715,1463,2Item7,2023-03-28 17:02:37.198715,1198.0,238.0,1215.0,262.0,-1.0,-1.0,12207.065000000002,594.93603515625,587.6774291992188,0.5914550423622131,0.4954513311386108,0.4344182610511779,0.4929757416248321,0.0,0.0
1463,1680003157.2070065,1464,2Item7,2023-03-28 17:02:37.207006,1192.0,233.0,1229.0,275.0,-1.0,-1.0,12215.357000000018,595.0414428710938,587.6890258789064,0.5916379690170288,0.4954917430877685,0.4345142543315887,0.492998331785202,0.0,0.0
1464,1680003157.2153747,1465,2Item7,2023-03-28 17:02:37.215375,1188.0,235.0,1226.0,269.0,2.854156494140625,2.88336181640625,12223.725000000037,595.1961059570312,587.7013549804688,0.5915842056274414,0.4954625964164733,0.4344582855701446,0.4929904341697692,0.0,0.0
1465,1680003157.2236898,1466,2Item7,2023-03-28 17:02:37.223690,1185.0,236.0,1222.0,263.0,-1.0,-1.0,12232.03899999999,595.2423706054688,587.6077880859375,0.5915447473526001,0.4954740405082702,0.4344636797904968,0.4930194914340972,0.0,0.0
1466,1680003157.2321625,1467,2Item7,2023-03-28 17:02:37.232162,1186.0,238.0,1205.0,265.0,-1.0,-1.0,12240.513000000035,595.347412109375,587.6082763671875,0.5917297601699829,0.4954962432384491,0.4346133172512054,0.4929490089416503,0.0,0.0
1467,1680003157.240422,1468,2Item7,2023-03-28 17:02:37.240422,1187.0,239.0,1203.0,272.0,2.870391845703125,3.00335693359375,12248.771000000008,595.47705078125,587.6251220703125,0.5916654467582702,0.4954735934734344,0.4345541596412658,0.4929842352867126,0.0,0.0
1468,1680003157.24938,1469,2Item7,2023-03-28 17:02:37.249380,1180.0,222.0,1199.0,278.0,-1.0,-1.0,12257.72999999998,595.4619140625,587.5410766601562,0.5916024446487426,0.4954830408096313,0.434516966342926,0.4929274022579193,0.0,0.0
1469,1680003157.2572064,1470,2Item7,2023-03-28 17:02:37.257206,1192.0,219.0,1195.0,276.0,-1.0,-1.0,12265.555999999982,595.4762573242188,587.5533447265625,0.5917810201644897,0.4954936206340789,0.4346847832202911,0.4929861724376678,0.0,0.0
1470,1680003157.26539,1471,2Item7,2023-03-28 17:02:37.265390,1195.0,219.0,1196.0,278.0,2.8478240966796875,2.997055053710937,12273.739,595.4892578125,587.587646484375,0.5916969180107116,0.4954797327518463,0.4346021115779876,0.4929908514022827,0.0,0.0
1471,1680003157.2739756,1472,2Item7,2023-03-28 17:02:37.273976,1197.0,237.0,1222.0,267.0,-1.0,-1.0,12282.325000000012,595.3690185546875,587.5200805664064,0.5916225314140319,0.4954851567745208,0.4345625638961792,0.4929971098899841,0.0,0.0
1472,1680003157.2823126,1473,2Item7,2023-03-28 17:02:37.282313,1193.0,229.0,1208.0,274.0,-1.0,-1.0,12290.662000000011,595.2907104492188,587.54638671875,0.5917385816574096,0.4954213798046112,0.4346864521503448,0.4930196106433868,0.0,0.0
1473,1680003157.2904356,1474,2Item7,2023-03-28 17:02:37.290436,1181.0,253.0,1210.0,268.0,3.016571044921875,2.9376678466796875,12298.786000000022,595.2232666015625,587.5845336914064,0.5916974544525146,0.495499312877655,0.4345819354057312,0.4930106699466705,0.0,0.0
1474,1680003157.2986858,1475,2Item7,2023-03-28 17:02:37.298686,1170.0,247.0,1216.0,273.0,-1.0,-1.0,12307.036000000022,595.0371704101562,587.509765625,0.5916114449501036,0.4955025911331176,0.4345306158065795,0.4930470883846283,0.0,0.0
1475,1680003157.3070982,1476,2Item7,2023-03-28 17:02:37.307098,1176.0,234.0,1212.0,278.0,-1.0,-1.0,12315.448000000031,594.897216796875,587.5120849609375,0.5917682647705078,0.4955402612686157,0.434645265340805,0.4929964542388916,0.0,0.0
1476,1680003157.315406,1477,2Item7,2023-03-28 17:02:37.315406,1185.0,217.0,1209.0,280.0,2.890777587890625,2.976104736328125,12323.756999999983,594.780029296875,587.5105590820312,0.5916708111763,0.4955222308635711,0.4345464706420898,0.4930551648139953,0.0,0.0
1477,1680003157.3237858,1478,2Item7,2023-03-28 17:02:37.323786,1191.0,236.0,1200.0,287.0,-1.0,-1.0,12332.135000000007,594.5632934570312,587.389892578125,0.591599702835083,0.4955151081085205,0.4344799816608429,0.4930207431316375,0.0,0.0
1478,1680003157.3320842,1479,2Item7,2023-03-28 17:02:37.332084,1192.0,234.0,1207.0,264.0,-1.0,-1.0,12340.434999999998,594.4177856445312,587.3507080078125,0.5917510986328125,0.4955507814884185,0.4346092045307159,0.4930647015571594,0.0,0.0
1479,1680003157.3403423,1480,2Item7,2023-03-28 17:02:37.340343,1177.0,255.0,1205.0,267.0,3.04180908203125,3.044403076171875,12348.690999999992,594.3334350585938,587.3117065429688,0.5916578769683837,0.4955158531665802,0.4345166087150573,0.4930649697780609,0.0,0.0
1480,1680003157.349055,1481,2Item7,2023-03-28 17:02:37.349055,1176.0,254.0,1199.0,254.0,-1.0,-1.0,12357.402999999991,594.1647338867188,587.1572875976562,0.5915981531143188,0.4955014586448669,0.4344854950904846,0.4930781424045562,0.0,0.0
1481,1680003157.3570006,1482,2Item7,2023-03-28 17:02:37.357001,1170.0,247.0,1209.0,266.0,-1.0,-1.0,12365.351000000024,594.0830688476562,587.0860595703125,0.5917345881462097,0.495521992444992,0.4345909357070922,0.4930509328842163,0.0,0.0
1482,1680003157.365449,1483,2Item7,2023-03-28 17:02:37.365449,1182.0,226.0,1212.0,265.0,2.7993316650390625,2.9903564453125,12373.799,594.0379028320312,587.0288696289064,0.5916527509689331,0.4954858124256134,0.43449467420578,0.4930427074432373,0.0,0.0
1483,1680003157.3736944,1484,2Item7,2023-03-28 17:02:37.373694,1183.0,247.0,1207.0,260.0,-1.0,-1.0,12382.044999999984,593.9038696289064,586.8729248046875,0.5915945768356323,0.4954615831375122,0.4344848692417144,0.4930353164672851,0.0,0.0
1484,1680003157.3820446,1485,2Item7,2023-03-28 17:02:37.382045,1178.0,234.0,1206.0,264.0,-1.0,-1.0,12390.394000000028,593.8510131835938,586.8143920898438,0.5917292237281799,0.4954897165298461,0.4345898628234863,0.4930124580860137,0.0,0.0
1485,1680003157.390417,1486,2Item7,2023-03-28 17:02:37.390417,1190.0,235.0,1208.0,264.0,2.8399658203125,3.206390380859375,12398.766999999993,593.8351440429688,586.7841186523438,0.5916478633880615,0.4954429864883422,0.4344985783100128,0.4930011332035064,0.0,0.0
1486,1680003157.3988185,1487,2Item7,2023-03-28 17:02:37.398818,1195.0,230.0,1197.0,305.0,-1.0,-1.0,12407.168999999994,593.7254028320312,586.6691284179688,0.5915918946266174,0.4954337179660797,0.4344910085201263,0.4930232167243957,0.0,0.0
1487,1680003157.4071505,1488,2Item7,2023-03-28 17:02:37.407151,1199.0,229.0,1199.0,309.0,-1.0,-1.0,12415.500999999987,593.6958618164064,586.6655883789064,0.591730773448944,0.4954750537872314,0.4345849454402923,0.4929986894130706,0.0,0.0
1488,1680003157.4154215,1489,2Item7,2023-03-28 17:02:37.415421,1185.0,230.0,1207.0,287.0,2.85028076171875,3.0288238525390625,12423.771999999995,593.705322265625,586.7025756835938,0.5916427969932556,0.4954312145709991,0.4344945549964904,0.4929873943328857,0.0,0.0
1489,1680003157.4237025,1490,2Item7,2023-03-28 17:02:37.423702,1185.0,259.0,1205.0,268.0,-1.0,-1.0,12432.053000000014,593.614990234375,586.6599731445312,0.5915886759757994,0.4954262375831604,0.4344870150089263,0.4930160641670227,0.0,0.0
1490,1680003157.431991,1491,2Item7,2023-03-28 17:02:37.431991,1193.0,259.0,1210.0,266.0,-1.0,-1.0,12440.341000000017,593.5972900390625,586.7295532226562,0.5917146801948547,0.4954546093940734,0.4345738887786865,0.4929920136928558,0.0,0.0
1491,1680003157.440841,1492,2Item7,2023-03-28 17:02:37.440841,1193.0,259.0,1215.0,263.0,2.922760009765625,2.9500732421875,12449.190999999992,593.6189575195312,586.8358154296875,0.5916318297386169,0.4954243898391723,0.4344685673713684,0.4929780066013336,0.0,0.0
1492,1680003157.4486623,1493,2Item7,2023-03-28 17:02:37.448662,1201.0,250.0,1221.0,246.0,-1.0,-1.0,12457.011999999988,593.5433349609375,586.8511962890625,0.5915706753730773,0.4953960478305816,0.4344505667686462,0.4929867088794708,0.0,0.0
1493,1680003157.4571483,1494,2Item7,2023-03-28 17:02:37.457148,1193.0,251.0,1224.0,248.0,-1.0,-1.0,12465.49800000002,593.5496215820312,586.9654541015625,0.5916922688484191,0.4954042434692382,0.4345374107360839,0.4929521083831787,0.0,0.0
1494,1680003157.4685516,1495,2Item7,2023-03-28 17:02:37.468552,1184.0,255.0,1225.0,250.0,3.086761474609375,2.968048095703125,12476.902000000002,593.5936889648438,587.0974731445312,0.5915993452072144,0.4953819215297699,0.4344279170036315,0.4929410815238952,0.0,0.0
1495,1680003157.4738283,1496,2Item7,2023-03-28 17:02:37.473828,1187.0,264.0,1216.0,250.0,-1.0,-1.0,12482.178000000014,593.537841796875,587.12939453125,0.5915400981903076,0.4953076839447021,0.4343961775302887,0.4929219782352447,0.0,0.0
1496,1680003157.482185,1497,2Item7,2023-03-28 17:02:37.482185,1200.0,257.0,1209.0,265.0,-1.0,-1.0,12490.533999999983,593.556640625,587.2518920898438,0.5916628241539001,0.4953639507293701,0.4344924390316009,0.4929414391517639,0.0,0.0
1497,1680003157.4904768,1498,2Item7,2023-03-28 17:02:37.490477,1197.0,249.0,1204.0,275.0,2.9159698486328125,3.0198974609375,12498.82699999999,593.6092529296875,587.3843383789064,0.5915675163269043,0.4953053593635559,0.4343799948692321,0.492883563041687,0.0,0.0
1498,1680003157.498917,1499,2Item7,2023-03-28 17:02:37.498917,1198.0,237.0,1207.0,267.0,-1.0,-1.0,12507.266999999993,593.5575561523438,587.4073486328125,0.5914980173110961,0.4952592849731445,0.434345543384552,0.4929016232490539,0.0,0.0
1499,1680003157.5071323,1500,2Item7,2023-03-28 17:02:37.507132,-1.0,-1.0,-1.0,-1.0,-1.0,-1.0,12515.483000000007,-1.0,-1.0,-1.0,-1.0,-1.0,-1.0,4.0,4.0
1500,1680003157.5153477,1501,2Item7,2023-03-28 17:02:37.515348,-1.0,-1.0,1198.0,288.0,-1.0,3.217987060546875,12523.698000000031,-1.0,587.5488891601562,-1.0,-1.0,0.4343346655368804,0.4928687810897827,4.0,0.0
1501,1680003157.523681,1502,2Item7,2023-03-28 17:02:37.523681,1193.0,247.0,1194.0,283.0,-1.0,-1.0,12532.032000000008,593.5665283203125,587.5506591796875,0.5914417505264282,0.4952273070812225,0.4342975616455078,0.4928927719593048,0.0,0.0
1502,1680003157.5320785,1503,2Item7,2023-03-28 17:02:37.532078,1181.0,247.0,1219.0,224.0,-1.0,-1.0,12540.427000000023,593.58154296875,587.6336669921875,0.5915775299072265,0.4952587783336639,0.4343993663787841,0.4928213357925415,0.0,0.0
1503,1680003157.5404642,1504,2Item7,2023-03-28 17:02:37.540464,1187.0,248.0,1216.0,235.0,2.8070220947265625,3.0228424072265625,12548.813000000024,593.6305541992188,587.7161865234375,0.5914880037307739,0.4951854050159454,0.4342950284481048,0.492896020412445,0.0,0.0
1504,1680003157.5487015,1505,2Item7,2023-03-28 17:02:37.548702,1194.0,248.0,1216.0,238.0,-1.0,-1.0,12557.052000000023,593.5767211914064,587.6876220703125,0.5914127230644226,0.4952152073383331,0.4342579841613769,0.4929073452949523,0.0,0.0
1505,1680003157.5569787,1506,2Item7,2023-03-28 17:02:37.556979,1190.0,253.0,1199.0,263.0,-1.0,-1.0,12565.32799999998,593.5911254882812,587.7396850585938,0.5914976596832275,0.4951992332935333,0.4343750476837158,0.4928764700889587,0.0,0.0
1506,1680003157.565315,1507,2Item7,2023-03-28 17:02:37.565315,1186.0,256.0,1188.0,273.0,2.9255828857421875,3.0988922119140625,12573.66499999998,593.6387329101562,587.7915649414064,0.5914603471755981,0.4952029585838317,0.4342728555202484,0.4929209053516387,0.0,0.0
1507,1680003157.5736914,1508,2Item7,2023-03-28 17:02:37.573691,1196.0,231.0,1196.0,313.0,-1.0,-1.0,12582.041000000028,593.5841064453125,587.7293090820312,0.5914071798324585,0.495255023241043,0.4342510104179382,0.4929484724998474,0.0,0.0
1508,1680003157.5820296,1509,2Item7,2023-03-28 17:02:37.582030,1190.0,239.0,1201.0,305.0,-1.0,-1.0,12590.379000000015,593.5982666015625,587.7489624023438,0.5915604829788208,0.4953195750713348,0.4343832433223724,0.4929222166538238,0.0,0.0
1509,1680003157.5903182,1510,2Item7,2023-03-28 17:02:37.590318,-1.0,-1.0,1212.0,283.0,-1.0,2.9566802978515625,12598.668999999994,-1.0,587.7733764648438,-1.0,-1.0,0.434278130531311,0.4929670095443725,4.0,0.0
1510,1680003157.598635,1511,2Item7,2023-03-28 17:02:37.598635,1180.0,245.0,1202.0,226.0,-1.0,-1.0,12606.984999999986,593.59130859375,587.6886596679688,0.5914158821105957,0.4952757656574249,0.4342656731605529,0.4929687678813934,0.0,0.0
1511,1680003157.6069722,1512,2Item7,2023-03-28 17:02:37.606972,1180.0,240.0,1202.0,226.0,-1.0,-1.0,12615.321999999986,593.60498046875,587.6896362304688,0.5915682911872863,0.4953518807888031,0.4344202280044555,0.4929494261741638,0.0,0.0
1512,1680003157.6153932,1513,2Item7,2023-03-28 17:02:37.615393,-1.0,-1.0,1215.0,255.0,-1.0,3.1252899169921875,12623.744000000006,-1.0,587.6993408203125,-1.0,-1.0,0.4343059360980987,0.4929758012294769,4.0,0.0
1513,1680003157.6237192,1514,2Item7,2023-03-28 17:02:37.623719,1191.0,251.0,1217.0,264.0,-1.0,-1.0,12632.069000000018,593.5965576171875,587.5994262695312,0.5914368629455566,0.4952925145626068,0.4343117177486419,0.4929714202880859,0.0,0.0
1514,1680003157.6320472,1515,2Item7,2023-03-28 17:02:37.632047,1191.0,225.0,1209.0,253.0,-1.0,-1.0,12640.397999999986,593.607666015625,587.585205078125,0.591589331626892,0.4953863024711608,0.4344291687011718,0.4930030405521392,0.0,0.0
1515,1680003157.6404028,1516,2Item7,2023-03-28 17:02:37.640403,1195.0,236.0,-1.0,-1.0,2.80987548828125,-1.0,12648.75199999998,593.6538696289064,-1.0,0.5914953351020813,0.495309293270111,-1.0,-1.0,0.0,4.0
1516,1680003157.6488683,1517,2Item7,2023-03-28 17:02:37.648868,1194.0,226.0,1226.0,227.0,-1.0,-1.0,12657.217999999992,593.5785522460938,587.4890747070312,0.5914849042892456,0.4953583478927612,0.4343530535697937,0.4930204451084137,0.0,0.0
1517,1680003157.6569724,1518,2Item7,2023-03-28 17:02:37.656972,1186.0,233.0,1213.0,252.0,-1.0,-1.0,12665.321999999986,593.5586547851562,587.4752807617188,0.5916122198104858,0.4954218566417694,0.4344729483127594,0.4930289089679718,0.0,0.0
1518,1680003157.6652915,1519,2Item7,2023-03-28 17:02:37.665292,1183.0,242.0,1212.0,226.0,2.8623046875,2.9665069580078125,12673.641999999993,593.578857421875,587.4723510742188,0.5915798544883728,0.4954150319099426,0.4344009459018707,0.4930433928966522,0.0,0.0
1519,1680003157.6737204,1520,2Item7,2023-03-28 17:02:37.673720,1190.0,252.0,1239.0,247.0,-1.0,-1.0,12682.070000000009,593.5007934570312,587.36865234375,0.5915546417236328,0.4954200387001037,0.434450089931488,0.4930258393287658,0.0,0.0
1520,1680003157.682052,1521,2Item7,2023-03-28 17:02:37.682052,1194.0,255.0,1230.0,262.0,-1.0,-1.0,12690.401000000013,593.4962158203125,587.3569946289064,0.5917054414749146,0.4954975545406341,0.4345337152481079,0.49307781457901,0.0,0.0
1521,1680003157.690427,1522,2Item7,2023-03-28 17:02:37.690427,1191.0,254.0,1230.0,262.0,2.919647216796875,3.045013427734375,12698.777999999991,593.5368041992188,587.3624267578125,0.5916600227355957,0.4954630732536315,0.4344656765460968,0.4930546581745147,0.0,0.0
1522,1680003157.6987822,1523,2Item7,2023-03-28 17:02:37.698782,1189.0,251.0,1223.0,253.0,-1.0,-1.0,12707.130999999994,593.477294921875,587.27880859375,0.5916318297386169,0.4954703152179718,0.43446946144104,0.4930767118930816,0.0,0.0
1523,1680003157.7069614,1524,2Item7,2023-03-28 17:02:37.706961,1201.0,239.0,1195.0,308.0,-1.0,-1.0,12715.312000000034,593.493896484375,587.3087768554688,0.5918104648590087,0.4954950213432312,0.4346185624599456,0.4930115640163421,0.0,0.0
1524,1680003157.7153397,1525,2Item7,2023-03-28 17:02:37.715340,1202.0,233.0,1217.0,243.0,2.847503662109375,3.02618408203125,12723.690000000002,593.560302734375,587.3577270507812,0.5916967988014221,0.4953964352607727,0.4345448613166809,0.4930171072483062,0.0,0.0
1525,1680003157.723624,1526,2Item7,2023-03-28 17:02:37.723624,1185.0,236.0,1206.0,251.0,-1.0,-1.0,12731.972000000009,593.5263671875,587.3248901367188,0.5917297005653381,0.4954400956630706,0.4345157146453857,0.4929769039154052,0.0,0.0
1526,1680003157.7319758,1527,2Item7,2023-03-28 17:02:37.731976,1169.0,248.0,1219.0,265.0,-1.0,-1.0,12740.326,593.5648803710938,587.4039916992188,0.5918930172920227,0.495450347661972,0.4346955418586731,0.4930163323879241,0.0,0.0
1527,1680003157.740419,1528,2Item7,2023-03-28 17:02:37.740419,1168.0,260.0,1223.0,266.0,3.1368560791015625,3.025665283203125,12748.766999999993,593.65576171875,587.493896484375,0.5918622016906738,0.4954313337802887,0.4346230328083038,0.4929902851581573,0.0,0.0
1528,1680003157.7486415,1529,2Item7,2023-03-28 17:02:37.748641,1175.0,272.0,1224.0,253.0,-1.0,-1.0,12756.989,593.6499633789064,587.4932250976562,0.5918151140213012,0.4954158067703247,0.4346261620521545,0.4929910004138946,0.0,0.0
1529,1680003157.75711,1530,2Item7,2023-03-28 17:02:37.757110,1168.0,241.0,1224.0,253.0,-1.0,-1.0,12765.46100000001,593.698486328125,587.59033203125,0.5919690132141113,0.4954308569431304,0.4347516000270843,0.4929379820823669,0.0,0.0
1530,1680003157.765288,1531,2Item7,2023-03-28 17:02:37.765288,1170.0,254.0,1213.0,276.0,2.915374755859375,3.0303192138671875,12773.638000000035,593.7759399414064,587.6773681640625,0.5918864011764526,0.4953901767730712,0.4346581697463989,0.4929629266262054,0.0,0.0
1531,1680003157.7736373,1532,2Item7,2023-03-28 17:02:37.773637,1170.0,254.0,1218.0,288.0,-1.0,-1.0,12781.988000000012,593.7389526367188,587.6395874023438,0.5918642282485961,0.4953994154930114,0.4346500933170318,0.4929720759391784,0.0,0.0
1532,1680003157.7819536,1533,2Item7,2023-03-28 17:02:37.781954,1173.0,256.0,1231.0,262.0,-1.0,-1.0,12790.304000000004,593.755859375,587.6740112304688,0.5919985771179199,0.4954284131526947,0.4347692131996154,0.4929393529891967,0.0,0.0
1533,1680003157.7902915,1534,2Item7,2023-03-28 17:02:37.790292,1185.0,247.0,1255.0,219.0,3.0345458984375,2.974365234375,12798.640000000014,593.7988891601562,587.700439453125,0.5919249057769775,0.4954193830490112,0.4346669912338256,0.4929963052272796,0.0,0.0
1534,1680003157.7986224,1535,2Item7,2023-03-28 17:02:37.798622,1185.0,228.0,1249.0,231.0,-1.0,-1.0,12806.972999999998,593.7293090820312,587.6017456054688,0.5918757915496826,0.4954151213169097,0.4346590936183929,0.4930078387260437,0.0,0.0
1535,1680003157.8069873,1536,2Item7,2023-03-28 17:02:37.806987,1184.0,231.0,1240.0,255.0,-1.0,-1.0,12815.337,593.7199096679688,587.5826416015625,0.5920069217681884,0.495471179485321,0.4347754716873168,0.4930066168308258,0.0,0.0
1536,1680003157.8152864,1537,2Item7,2023-03-28 17:02:37.815286,1166.0,253.0,1229.0,274.0,2.90228271484375,3.0292510986328125,12823.636999999988,593.7469482421875,587.5701293945312,0.5919274091720581,0.4954502880573272,0.4346701800823211,0.4930602610111236,0.0,0.0
1537,1680003157.8236203,1538,2Item7,2023-03-28 17:02:37.823620,1174.0,258.0,1221.0,268.0,-1.0,-1.0,12831.97000000003,593.6759643554688,587.4554443359375,0.5918725132942199,0.4954464435577392,0.434666633605957,0.4930544197559356,0.0,0.0
1538,1680003157.83195,1539,2Item7,2023-03-28 17:02:37.831950,1173.0,258.0,1232.0,264.0,-1.0,-1.0,12840.299999999988,593.6748657226562,587.4426879882812,0.5920053720474243,0.4955197572708129,0.4347688555717468,0.4930922091007232,0.0,0.0
1539,1680003157.8406713,1540,2Item7,2023-03-28 17:02:37.840671,1173.0,258.0,1219.0,277.0,2.8823394775390625,3.1708984375,12849.021000000008,593.7144165039064,587.4467163085938,0.5919209718704223,0.4954899549484252,0.4346667826175689,0.4931183159351348,0.0,0.0
1540,1680003157.8486204,1541,2Item7,2023-03-28 17:02:37.848620,1167.0,245.0,1251.0,275.0,-1.0,-1.0,12856.97000000003,593.6593627929688,587.3541259765625,0.5918695330619812,0.4955120980739593,0.4346698522567749,0.4931514859199523,0.0,0.0
1541,1680003157.8570242,1542,2Item7,2023-03-28 17:02:37.857024,1165.0,239.0,1252.0,268.0,-1.0,-1.0,12865.375,593.6760864257812,587.3724975585938,0.592001736164093,0.4955514669418335,0.4347627162933349,0.493148535490036,0.0,0.0
1542,1680003157.865336,1543,2Item7,2023-03-28 17:02:37.865336,1166.0,238.0,1246.0,268.0,2.928085327148437,3.009262084960937,12873.685999999989,593.7295532226562,587.42431640625,0.5919380187988281,0.4955240488052368,0.4346870779991149,0.4931629300117492,0.0,0.0
1543,1680003157.8736174,1544,2Item7,2023-03-28 17:02:37.873617,1168.0,239.0,1241.0,261.0,-1.0,-1.0,12881.967000000004,593.6845092773438,587.38720703125,0.5918749570846557,0.4955231547355651,0.4346763491630554,0.493196427822113,0.0,0.0
1544,1680003157.882032,1545,2Item7,2023-03-28 17:02:37.882032,1171.0,241.0,1231.0,275.0,-1.0,-1.0,12890.381999999983,593.710205078125,587.4523315429688,0.5920394659042358,0.4955814778804779,0.4347792267799377,0.4931604266166687,0.0,0.0
1545,1680003157.890424,1546,2Item7,2023-03-28 17:02:37.890424,1172.0,255.0,1224.0,291.0,2.9497833251953125,3.0965728759765625,12898.774000000034,593.7720947265625,587.5402221679688,0.5919443368911743,0.4955321550369262,0.4347077012062072,0.4931389987468719,0.0,0.0
1546,1680003157.8986275,1547,2Item7,2023-03-28 17:02:37.898628,1172.0,272.0,1223.0,291.0,-1.0,-1.0,12906.978000000005,593.7269897460938,587.5396118164064,0.5919111967086792,0.4955388307571411,0.434689313173294,0.4931694567203521,0.0,0.0
1547,1680003157.9070115,1548,2Item7,2023-03-28 17:02:37.907012,1155.0,268.0,1230.0,283.0,-1.0,-1.0,12915.361000000034,593.7457275390625,587.638427734375,0.5920330286026001,0.4955618381500244,0.4347924590110778,0.4932116568088531,0.0,0.0
1548,1680003157.915377,1549,2Item7,2023-03-28 17:02:37.915377,1164.0,275.0,1252.0,279.0,3.5116424560546875,3.0330963134765625,12923.725000000037,593.7916259765625,587.7551879882812,0.5919685363769531,0.4955483675003051,0.4347065687179565,0.4932003319263458,0.0,0.0
1549,1680003157.923613,1550,2Item7,2023-03-28 17:02:37.923613,1155.0,256.0,1252.0,279.0,-1.0,-1.0,12931.964000000036,593.7298583984375,587.7708129882812,0.5919355750083923,0.4955649375915527,0.4346820712089538,0.4932340681552887,0.0,0.0
1550,1680003157.9321196,1551,2Item7,2023-03-28 17:02:37.932120,1163.0,242.0,1254.0,262.0,-1.0,-1.0,12940.466000000017,593.7332153320312,587.8772583007812,0.5920783877372741,0.4956218302249908,0.4347850978374481,0.4932412505149841,0.0,0.0
1551,1680003157.9403155,1552,2Item7,2023-03-28 17:02:37.940315,1157.0,242.0,1259.0,254.0,2.894378662109375,3.03607177734375,12948.666000000028,593.76904296875,587.9944458007812,0.5919805765151978,0.4955839812755584,0.4347111582756042,0.4932106435298919,0.0,0.0
1552,1680003157.9487014,1553,2Item7,2023-03-28 17:02:37.948701,1166.0,245.0,1266.0,244.0,-1.0,-1.0,12957.052000000023,593.6997680664064,588.00537109375,0.5919451713562011,0.4955942630767822,0.4346628785133361,0.4932726621627807,0.0,0.0
1553,1680003157.9570353,1554,2Item7,2023-03-28 17:02:37.957035,1155.0,256.0,1267.0,251.0,-1.0,-1.0,12965.385000000007,593.7012939453125,588.1043701171875,0.5920245647430419,0.4955723881721496,0.4347789287567138,0.4932385385036468,0.0,0.0
1554,1680003157.9653509,1555,2Item7,2023-03-28 17:02:37.965351,1157.0,250.0,1245.0,246.0,2.898101806640625,3.150115966796875,12973.701,593.7499389648438,588.2091064453125,0.5919971466064453,0.4956559538841247,0.4346606731414794,0.4932836294174194,0.0,0.0
1555,1680003157.9736974,1556,2Item7,2023-03-28 17:02:37.973697,1158.0,257.0,1248.0,256.0,-1.0,-1.0,12982.04700000002,593.7039794921875,588.2034301757812,0.5919378995895385,0.4956485331058502,0.4346352219581604,0.4933268129825592,0.0,0.0
1556,1680003157.981949,1557,2Item7,2023-03-28 17:02:37.981949,1160.0,259.0,1257.0,266.0,-1.0,-1.0,12990.299999999988,593.7388916015625,588.2805786132812,0.5920143127441406,0.4956349730491638,0.4347544312477111,0.4933234751224517,0.0,0.0
1557,1680003157.9903512,1558,2Item7,2023-03-28 17:02:37.990351,1159.0,259.0,1266.0,262.0,2.8352508544921875,3.04132080078125,12998.701,593.8207397460938,588.3585205078125,0.5919261574745178,0.4956563115119934,0.4346233010292053,0.4933651089668273,0.0,0.0
1558,1680003157.9986453,1559,2Item7,2023-03-28 17:02:37.998645,1160.0,268.0,1264.0,262.0,-1.0,-1.0,13006.994999999995,593.8118286132812,588.3201293945312,0.5919259190559387,0.4957189559936523,0.4346069395542144,0.4934106469154357,0.0,0.0
1559,1680003158.0070057,1560,2Item7,2023-03-28 17:02:38.007005,1171.0,260.0,1257.0,254.0,-1.0,-1.0,13015.35499999998,593.8901977539064,588.3567504882812,0.5920661091804504,0.4957906305789947,0.4347215890884399,0.4934490025043487,0.0,0.0
1560,1680003158.01536,1561,2Item7,2023-03-28 17:02:38.015360,1174.0,253.0,-1.0,-1.0,2.8263092041015625,-1.0,13023.71000000002,594.0188598632812,-1.0,0.591981530189514,0.4957896471023559,-1.0,-1.0,0.0,4.0
1561,1680003158.023674,1562,2Item7,2023-03-28 17:02:38.023674,1175.0,251.0,1247.0,274.0,-1.0,-1.0,13032.024000000034,594.0709228515625,588.3316650390625,0.5919190645217896,0.4957928657531738,0.4346221089363098,0.4934712648391723,0.0,0.0
1562,1680003158.032071,1563,2Item7,2023-03-28 17:02:38.032071,1161.0,247.0,1239.0,275.0,-1.0,-1.0,13040.418999999994,594.2125244140625,588.337646484375,0.5920003652572631,0.4957756102085113,0.4347457289695739,0.4934683144092559,0.0,0.0
1563,1680003158.0403683,1564,2Item7,2023-03-28 17:02:38.040368,1154.0,258.0,-1.0,-1.0,2.939193725585937,-1.0,13048.717999999992,594.3990478515625,-1.0,0.5919986963272094,0.4958297312259674,-1.0,-1.0,0.0,4.0
1564,1680003158.048619,1565,2Item7,2023-03-28 17:02:38.048619,1149.0,263.0,1245.0,256.0,-1.0,-1.0,13056.97000000003,594.496337890625,588.2714233398438,0.5919329524040222,0.495829164981842,0.4346886277198791,0.4934835135936737,0.0,0.0
1565,1680003158.0569403,1566,2Item7,2023-03-28 17:02:38.056940,1148.0,263.0,1278.0,248.0,-1.0,-1.0,13065.28999999998,594.6622924804688,588.2642822265625,0.5921136140823364,0.4958885312080383,0.4348063468933105,0.4934830665588378,0.0,0.0
1566,1680003158.0652716,1567,2Item7,2023-03-28 17:02:38.065272,1149.0,263.0,1272.0,247.0,2.9388885498046875,3.0199737548828125,13073.622000000032,594.8702392578125,588.2745971679688,0.5920539498329161,0.4958388805389404,0.4347264766693115,0.4934695661067962,0.0,0.0
1567,1680003158.0736897,1568,2Item7,2023-03-28 17:02:38.073690,1150.0,259.0,1268.0,256.0,-1.0,-1.0,13082.03999999998,594.9676513671875,588.178466796875,0.5919873714447021,0.4958756566047668,0.4347706139087677,0.4934352338314056,0.0,0.0
1568,1680003158.0819778,1569,2Item7,2023-03-28 17:02:38.081978,1131.0,283.0,1268.0,253.0,-1.0,-1.0,13090.32799999998,595.1218872070312,588.16943359375,0.5921419262886047,0.4958272576332092,0.4349025189876556,0.4934682548046112,0.0,0.0
1569,1680003158.0903556,1570,2Item7,2023-03-28 17:02:38.090356,1143.0,273.0,1257.0,258.0,2.9949188232421875,3.0440216064453125,13098.706000000006,595.2619018554688,588.1881103515625,0.5920783281326293,0.4957886040210723,0.4348319768905639,0.4934675395488739,0.0,0.0
1570,1680003158.0986524,1571,2Item7,2023-03-28 17:02:38.098652,1121.0,265.0,1264.0,259.0,-1.0,-1.0,13107.00199999998,595.261474609375,588.1165161132812,0.592061698436737,0.4958890080451965,0.4348330497741699,0.4934446513652801,0.0,0.0
1571,1680003158.1070192,1572,2Item7,2023-03-28 17:02:38.107019,1139.0,249.0,1261.0,261.0,-1.0,-1.0,13115.369999999995,595.29638671875,588.1503295898438,0.5922614932060241,0.4959245324134826,0.4350046217441558,0.4934636652469635,0.0,0.0
1572,1680003158.115327,1573,2Item7,2023-03-28 17:02:38.115327,1145.0,235.0,1257.0,260.0,2.789093017578125,3.036895751953125,13123.677000000023,595.32568359375,588.1942749023438,0.5922022461891174,0.4958949387073516,0.4349255561828613,0.4934410154819488,0.0,0.0
1573,1680003158.123591,1574,2Item7,2023-03-28 17:02:38.123591,1164.0,233.0,1244.0,254.0,-1.0,-1.0,13131.940000000002,595.2254028320312,588.1492309570312,0.5921429395675659,0.4958991408348083,0.4349223375320434,0.4934414625167846,0.0,0.0
1574,1680003158.132053,1575,2Item7,2023-03-28 17:02:38.132053,1165.0,229.0,1244.0,254.0,-1.0,-1.0,13140.402999999991,595.169189453125,588.2072143554688,0.5922940373420715,0.4959060251712799,0.4350658655166626,0.493427962064743,0.0,0.0
1575,1680003158.1403427,1576,2Item7,2023-03-28 17:02:38.140343,1170.0,234.0,1248.0,252.0,3.015960693359375,3.014862060546875,13148.680999999982,595.127685546875,588.2683715820312,0.5922073125839233,0.4958331286907196,0.4349746108055114,0.493414431810379,0.0,0.0
1576,1680003158.1488674,1577,2Item7,2023-03-28 17:02:38.148867,1148.0,244.0,1253.0,251.0,-1.0,-1.0,13157.217999999992,594.9600830078125,588.23095703125,0.5922050476074218,0.4958910942077636,0.4349775314331054,0.4934233725070953,0.0,0.0
1577,1680003158.156927,1578,2Item7,2023-03-28 17:02:38.156927,1140.0,244.0,1267.0,242.0,-1.0,-1.0,13165.277999999991,594.8438720703125,588.2643432617188,0.5923541784286499,0.4959084093570709,0.435101181268692,0.4933846294879913,0.0,0.0
1578,1680003158.1653504,1579,2Item7,2023-03-28 17:02:38.165350,1160.0,213.0,1269.0,247.0,2.8089752197265625,3.031478881835937,13173.700000000012,594.771728515625,588.3003540039064,0.5922917127609252,0.4958410263061523,0.4349958300590515,0.4933685660362243,0.0,0.0
1579,1680003158.173746,1580,2Item7,2023-03-28 17:02:38.173746,1160.0,243.0,1272.0,247.0,-1.0,-1.0,13182.09600000002,594.6016845703125,588.2254638671875,0.5922271609306335,0.4958230555057525,0.4349989593029022,0.4933710098266601,0.0,0.0
1580,1680003158.1820073,1581,2Item7,2023-03-28 17:02:38.182007,1156.0,252.0,1260.0,256.0,-1.0,-1.0,13190.358000000007,594.5242309570312,588.2247924804688,0.5923728346824646,0.495835542678833,0.4351094961166381,0.4933282136917114,0.0,0.0
1581,1680003158.190374,1582,2Item7,2023-03-28 17:02:38.190374,1156.0,252.0,1252.0,280.0,2.865875244140625,3.087066650390625,13198.723999999987,594.4931030273438,588.2223510742188,0.5923020243644714,0.4957794249057769,0.4350100755691528,0.4933215379714965,0.0,0.0
1582,1680003158.1986606,1583,2Item7,2023-03-28 17:02:38.198661,1154.0,241.0,1255.0,272.0,-1.0,-1.0,13207.011,594.371826171875,588.1080932617188,0.5922366380691528,0.495759904384613,0.4350096583366394,0.4933331310749054,0.0,0.0
1583,1680003158.2070072,1584,2Item7,2023-03-28 17:02:38.207007,1155.0,241.0,1261.0,265.0,-1.0,-1.0,13215.357000000018,594.3331298828125,588.093017578125,0.592375099658966,0.4957822561264038,0.4351164102554321,0.4933040738105773,0.0,0.0
1584,1680003158.2153125,1585,2Item7,2023-03-28 17:02:38.215312,1152.0,249.0,1258.0,261.0,2.7487335205078125,3.0272979736328125,13223.662000000011,594.3338623046875,588.1008911132812,0.5922940373420715,0.4957576096057891,0.4350174069404602,0.4933063685894012,0.0,0.0
1585,1680003158.2236342,1586,2Item7,2023-03-28 17:02:38.223634,1161.0,249.0,1256.0,258.0,-1.0,-1.0,13231.984999999986,594.2421875,588.0140991210938,0.5922332406044006,0.4957436621189117,0.4350156188011169,0.4933387041091918,0.0,0.0
1586,1680003158.2320342,1587,2Item7,2023-03-28 17:02:38.232034,1149.0,232.0,1256.0,258.0,-1.0,-1.0,13240.383000000033,594.2274169921875,588.0349731445312,0.5923742055892944,0.4957935810089111,0.4351252317428588,0.4933181703090667,0.0,0.0
1587,1680003158.2404797,1588,2Item7,2023-03-28 17:02:38.240480,1153.0,241.0,1256.0,244.0,2.776107788085937,3.0313873291015625,13248.830000000016,594.2518920898438,588.0784301757812,0.592305302619934,0.4957852661609649,0.4350219964981079,0.4933622479438781,0.0,0.0
1588,1680003158.2486277,1589,2Item7,2023-03-28 17:02:38.248628,1143.0,264.0,1263.0,243.0,-1.0,-1.0,13256.977000000014,594.1787109375,588.0380859375,0.592257022857666,0.4957998991012573,0.4350243210792541,0.4933889508247375,0.0,0.0
1589,1680003158.256953,1590,2Item7,2023-03-28 17:02:38.256953,1161.0,261.0,1253.0,237.0,-1.0,-1.0,13265.302000000023,594.1691284179688,588.1019287109375,0.5923954248428344,0.4958549439907074,0.4351390302181243,0.4933820068836212,0.0,0.0
1590,1680003158.265269,1591,2Item7,2023-03-28 17:02:38.265269,1161.0,261.0,1262.0,261.0,2.76800537109375,3.048675537109375,13273.619000000006,594.193359375,588.18798828125,0.592339038848877,0.4958501756191253,0.4350488483905792,0.4934207499027252,0.0,0.0
1591,1680003158.2736075,1592,2Item7,2023-03-28 17:02:38.273608,1154.0,250.0,1269.0,279.0,-1.0,-1.0,13281.956999999997,594.1157836914064,588.1790161132812,0.5922865271568298,0.4958452880382537,0.4350629150867462,0.4934405386447906,0.0,0.0
1592,1680003158.2819228,1593,2Item7,2023-03-28 17:02:38.281923,1146.0,247.0,1265.0,270.0,-1.0,-1.0,13290.272999999986,594.1094970703125,588.2666015625,0.5924388766288757,0.4958926439285278,0.4351836442947387,0.493442952632904,0.0,0.0
1593,1680003158.2902527,1594,2Item7,2023-03-28 17:02:38.290253,1145.0,245.0,1266.0,267.0,2.8639678955078125,3.05340576171875,13298.603000000005,594.1417236328125,588.3685913085938,0.5923850536346436,0.4958553910255432,0.4351055026054382,0.4934171438217163,0.0,0.0
1594,1680003158.2986796,1595,2Item7,2023-03-28 17:02:38.298680,1147.0,246.0,1258.0,255.0,-1.0,-1.0,13307.030000000028,594.0715942382812,588.3663330078125,0.5923402905464172,0.495849996805191,0.4351256787776947,0.4934121668338775,0.0,0.0
1595,1680003158.3069246,1596,2Item7,2023-03-28 17:02:38.306925,1149.0,242.0,1264.0,261.0,-1.0,-1.0,13315.275000000023,594.0716552734375,588.4475708007812,0.5925214290618896,0.4958501458168029,0.4352690279483795,0.4933830201625824,0.0,0.0
1596,1680003158.315312,1597,2Item7,2023-03-28 17:02:38.315312,1150.0,260.0,1239.0,253.0,3.2626495361328125,3.046615600585937,13323.662000000011,594.1093139648438,588.5333862304688,0.5924751162528991,0.4958099424839019,0.4351938366889953,0.4933332800865173,0.0,0.0
1597,1680003158.323631,1598,2Item7,2023-03-28 17:02:38.323631,1161.0,271.0,1238.0,253.0,-1.0,-1.0,13331.982000000018,594.0435791015625,588.50927734375,0.5924282073974609,0.4957788586616516,0.4351983666419982,0.4933152794837951,0.0,0.0
1598,1680003158.3320312,1599,2Item7,2023-03-28 17:02:38.332031,1152.0,270.0,1238.0,253.0,-1.0,-1.0,13340.375999999987,594.04833984375,588.5685424804688,0.5925968289375305,0.4958104193210601,0.4353647530078887,0.4933176934719085,0.0,0.0
1599,1680003158.3406763,1600,2Item7,2023-03-28 17:02:38.340677,1149.0,270.0,1256.0,251.0,2.967071533203125,2.9973297119140625,13349.026000000013,594.088134765625,588.6328125,0.5925635695457458,0.4957820773124694,0.4353006482124328,0.4932720959186554,0.0,0.0
1600,1680003158.349036,1601,2Item7,2023-03-28 17:02:38.349036,1128.0,271.0,1260.0,255.0,-1.0,-1.0,13357.386,594.0218505859375,588.5845947265625,0.592508554458618,0.4957631528377533,0.4353002905845642,0.4932668209075927,0.0,0.0
1601,1680003158.3569093,1602,2Item7,2023-03-28 17:02:38.356909,1132.0,256.0,1263.0,257.0,-1.0,-1.0,13365.256999999983,594.0138549804688,588.6192016601562,0.592623233795166,0.4957574605941772,0.4354639947414398,0.4932278096675872,0.0,0.0
1602,1680003158.3653772,1603,2Item7,2023-03-28 17:02:38.365377,-1.0,-1.0,1263.0,247.0,-1.0,3.0020294189453125,13373.727000000014,-1.0,588.662109375,-1.0,-1.0,0.4353900551795959,0.4932219684123992,4.0,0.0
1603,1680003158.373916,1604,2Item7,2023-03-28 17:02:38.373916,1143.0,278.0,1260.0,249.0,-1.0,-1.0,13382.266000000003,593.9598388671875,588.5892333984375,0.5925855040550231,0.495763748884201,0.4353786706924438,0.4932445585727691,0.0,0.0
1604,1680003158.3819852,1605,2Item7,2023-03-28 17:02:38.381985,1160.0,275.0,1259.0,255.0,-1.0,-1.0,13390.33500000002,593.93896484375,588.58935546875,0.5927315354347229,0.4957914650440216,0.4355053305625915,0.4932286441326141,0.0,0.0
1605,1680003158.3902838,1606,2Item7,2023-03-28 17:02:38.390284,1168.0,271.0,1268.0,254.0,2.822723388671875,3.0023345947265625,13398.635000000007,593.9512329101562,588.5789794921875,0.5926668643951416,0.4956722557544708,0.4354335367679595,0.493154764175415,0.0,0.0
1606,1680003158.3986378,1607,2Item7,2023-03-28 17:02:38.398638,1148.0,254.0,1270.0,266.0,-1.0,-1.0,13406.988000000012,593.8566284179688,588.455322265625,0.5925996899604797,0.4956364035606384,0.4354453086853027,0.493121325969696,0.0,0.0
1607,1680003158.406904,1608,2Item7,2023-03-28 17:02:38.406904,1144.0,243.0,1220.0,315.0,-1.0,-1.0,13415.255000000005,593.8244018554688,588.4156494140625,0.5927798151969909,0.4956810772418975,0.4355619251728057,0.493103414773941,0.0,0.0
1608,1680003158.4152608,1609,2Item7,2023-03-28 17:02:38.415261,1144.0,238.0,1225.0,301.0,2.8060760498046875,3.0533905029296875,13423.612000000025,593.8202514648438,588.381591796875,0.5927253365516661,0.4956241250038147,0.4354962110519409,0.493048220872879,0.0,0.0
1609,1680003158.423685,1610,2Item7,2023-03-28 17:02:38.423685,1158.0,239.0,1224.0,278.0,-1.0,-1.0,13432.033999999983,593.7115478515625,588.2430419921875,0.5926932096481323,0.4955779910087585,0.4354957938194274,0.4930536448955535,0.0,0.0
1610,1680003158.4319863,1611,2Item7,2023-03-28 17:02:38.431986,1148.0,250.0,1253.0,262.0,-1.0,-1.0,13440.337,593.671630859375,588.1981201171875,0.5928431153297424,0.4955801665782928,0.435621827840805,0.4930059909820556,0.0,0.0
1611,1680003158.4402776,1612,2Item7,2023-03-28 17:02:38.440278,1144.0,248.0,1253.0,255.0,2.836395263671875,3.00750732421875,13448.62699999998,593.6550903320312,588.1868286132812,0.5927995443344116,0.4955380260944366,0.4355518817901611,0.4929679036140441,0.0,0.0
1612,1680003158.448688,1613,2Item7,2023-03-28 17:02:38.448688,1142.0,261.0,1233.0,260.0,-1.0,-1.0,13457.038,593.5415649414064,588.0952758789064,0.592752993106842,0.4955106973648071,0.4355488717555999,0.4929586052894592,0.0,0.0
1613,1680003158.4569037,1614,2Item7,2023-03-28 17:02:38.456903,1154.0,262.0,1233.0,260.0,-1.0,-1.0,13465.253000000026,593.5081787109375,588.111572265625,0.5929009914398193,0.4955277740955352,0.4356797635555267,0.4929344356060028,0.0,0.0
1614,1680003158.465237,1615,2Item7,2023-03-28 17:02:38.465237,-1.0,-1.0,1233.0,269.0,-1.0,3.1113433837890625,13473.587,-1.0,588.1596069335938,-1.0,-1.0,0.4355961084365844,0.4929137229919433,4.0,0.0
1615,1680003158.4736805,1616,2Item7,2023-03-28 17:02:38.473680,1154.0,261.0,1232.0,270.0,-1.0,-1.0,13482.031000000015,593.4396362304688,588.1242065429688,0.5927994847297668,0.4955035150051116,0.4355849027633667,0.4929173290729522,0.0,0.0
1616,1680003158.4820893,1617,2Item7,2023-03-28 17:02:38.482089,1146.0,266.0,1242.0,273.0,-1.0,-1.0,13490.439000000011,593.4384765625,588.1993408203125,0.5929042100906372,0.495434433221817,0.4357185959815979,0.4929259121417999,0.0,0.0
1617,1680003158.4902372,1618,2Item7,2023-03-28 17:02:38.490237,1145.0,281.0,1251.0,259.0,3.2081756591796875,3.047103881835937,13498.587,593.4622802734375,588.2938842773438,0.5929053425788879,0.4955109357833862,0.435611754655838,0.4929201304912567,0.0,0.0
1618,1680003158.4986408,1619,2Item7,2023-03-28 17:02:38.498641,1144.0,278.0,1229.0,247.0,-1.0,-1.0,13506.99099999998,593.3929443359375,588.2893676757812,0.5928251147270202,0.4955213069915771,0.4355805218219757,0.4928814470767974,0.0,0.0
1619,1680003158.5069952,1620,2Item7,2023-03-28 17:02:38.506995,1158.0,303.0,1229.0,247.0,-1.0,-1.0,13515.34500000003,593.4003295898438,588.376708984375,0.5929158926010131,0.4954947233200073,0.4357120990753173,0.4929805099964141,0.0,0.0
1620,1680003158.5152962,1621,2Item7,2023-03-28 17:02:38.515296,1147.0,272.0,1247.0,241.0,2.7239227294921875,2.972564697265625,13523.646000000008,593.4374389648438,588.46728515625,0.5928519368171691,0.4954639077186584,0.4356014132499694,0.4929701685905456,0.0,0.0
1621,1680003158.5237465,1622,2Item7,2023-03-28 17:02:38.523746,1157.0,291.0,1247.0,228.0,-1.0,-1.0,13532.09500000003,593.3837280273438,588.4376831054688,0.5928155779838562,0.4955593049526214,0.4355482757091522,0.493011325597763,0.0,0.0
1622,1680003158.5319042,1623,2Item7,2023-03-28 17:02:38.531904,1163.0,270.0,1245.0,231.0,-1.0,-1.0,13540.255000000005,593.4119262695312,588.4758911132812,0.5929318666458129,0.4956278204917907,0.4356879293918609,0.4929876327514648,0.0,0.0
1623,1680003158.540253,1624,2Item7,2023-03-28 17:02:38.540253,1173.0,292.0,1246.0,260.0,3.044525146484375,2.9487457275390625,13548.601000000024,593.4840087890625,588.500244140625,0.5928341746330261,0.4955676198005676,0.4355540573596954,0.493023931980133,0.0,0.0
1624,1680003158.5490284,1625,2Item7,2023-03-28 17:02:38.549028,1154.0,258.0,1241.0,262.0,-1.0,-1.0,13557.378000000026,593.4879150390625,588.3892211914064,0.5927694439888,0.4955877661705017,0.4355063438415527,0.4930518567562103,0.0,0.0
1625,1680003158.5570185,1626,2Item7,2023-03-28 17:02:38.557018,1175.0,253.0,1239.0,262.0,-1.0,-1.0,13565.369000000006,593.5878295898438,588.3435668945312,0.5928837060928344,0.4956592917442321,0.4356210529804229,0.4930731952190399,0.0,0.0
1626,1680003158.5652423,1627,2Item7,2023-03-28 17:02:38.565243,1175.0,253.0,1236.0,268.0,2.813934326171875,3.042587280273437,13573.592000000004,593.71484375,588.2891845703125,0.5927767753601074,0.4956185221672058,0.4355130195617675,0.493059903383255,0.0,0.0
1627,1680003158.5735636,1628,2Item7,2023-03-28 17:02:38.573564,1170.0,247.0,1241.0,266.0,-1.0,-1.0,13581.912000000011,593.758544921875,588.1168823242188,0.5926988720893859,0.495598018169403,0.4355207979679107,0.4930250346660614,0.0,0.0
1628,1680003158.5818946,1629,2Item7,2023-03-28 17:02:38.581895,1153.0,246.0,1243.0,264.0,-1.0,-1.0,13590.242000000027,593.8898315429688,588.0238037109375,0.5927728414535522,0.4956535398960113,0.4355804622173309,0.4931138753890991,0.0,0.0
1629,1680003158.5903554,1630,2Item7,2023-03-28 17:02:38.590355,1157.0,249.0,1247.0,262.0,3.480804443359375,3.0175323486328125,13598.70299999998,594.0435180664064,587.9373779296875,0.5926935076713562,0.495649367570877,0.435466468334198,0.4930290579795837,0.0,0.0
1630,1680003158.59936,1631,2Item7,2023-03-28 17:02:38.599360,1152.0,228.0,1247.0,272.0,-1.0,-1.0,13607.71000000002,594.09228515625,587.7505493164064,0.5926148295402526,0.4956482946872711,0.4354836344718933,0.4931047856807708,0.0,0.0
1631,1680003158.6069314,1632,2Item7,2023-03-28 17:02:38.606931,1156.0,223.0,1246.0,270.0,-1.0,-1.0,13615.281000000015,594.212158203125,587.6585083007812,0.5927315950393676,0.4957047402858734,0.4355345666408538,0.4931564927101135,0.0,0.0
1632,1680003158.6153824,1633,2Item7,2023-03-28 17:02:38.615382,1154.0,213.0,-1.0,-1.0,2.7154693603515625,-1.0,13623.733000000007,594.3507080078125,-1.0,0.5926047563552856,0.4956206083297729,-1.0,-1.0,0.0,4.0
1633,1680003158.623727,1634,2Item7,2023-03-28 17:02:38.623727,1161.0,243.0,1241.0,254.0,-1.0,-1.0,13632.076,594.3681640625,587.4542846679688,0.5925307273864746,0.4956887364387512,0.4354197978973388,0.4931851625442504,0.0,0.0
1634,1680003158.6319077,1635,2Item7,2023-03-28 17:02:38.631908,1157.0,245.0,1236.0,254.0,-1.0,-1.0,13640.256999999983,594.4395751953125,587.4341430664064,0.5926483273506165,0.4957290589809417,0.4355090856552124,0.4931733608245849,0.0,0.0
1635,1680003158.6402078,1636,2Item7,2023-03-28 17:02:38.640208,1162.0,247.0,1237.0,254.0,2.6376953125,2.942291259765625,13648.55800000002,594.5029296875,587.4310302734375,0.5925681591033936,0.4957181811332702,0.4354247748851776,0.4931286871433258,0.0,0.0
1636,1680003158.6485455,1637,2Item7,2023-03-28 17:02:38.648546,1158.0,275.0,1235.0,255.0,-1.0,-1.0,13656.894000000028,594.4309692382812,587.3640747070312,0.5924460887908936,0.4956962764263153,0.4353880286216735,0.4931769669055938,0.0,0.0
1637,1680003158.6570172,1638,2Item7,2023-03-28 17:02:38.657017,1159.0,272.0,1244.0,268.0,-1.0,-1.0,13665.368000000017,594.412841796875,587.4193725585938,0.5925939083099365,0.4957314431667327,0.4354647696018219,0.4931969344615936,0.0,0.0
1638,1680003158.6652193,1639,2Item7,2023-03-28 17:02:38.665219,1159.0,272.0,1239.0,250.0,2.6029510498046875,2.97979736328125,13673.568000000028,594.4241943359375,587.489501953125,0.5924541354179382,0.4956890940666198,0.43535977602005,0.493189662694931,0.0,0.0
1639,1680003158.673558,1640,2Item7,2023-03-28 17:02:38.673558,1152.0,257.0,1241.0,266.0,-1.0,-1.0,13681.907999999996,594.3128051757812,587.4819946289064,0.5923928022384644,0.4956649243831634,0.4353156089782714,0.4932009279727935,0.0,0.0
1640,1680003158.6820414,1641,2Item7,2023-03-28 17:02:38.682041,1142.0,254.0,1242.0,261.0,-1.0,-1.0,13690.391999999993,594.264892578125,587.5885620117188,0.5924782752990722,0.4956529736518859,0.4354075789451599,0.493205040693283,0.0,0.0
1641,1680003158.6902895,1642,2Item7,2023-03-28 17:02:38.690289,1138.0,269.0,1228.0,280.0,2.834823608398437,3.022201538085937,13698.640000000014,594.2525634765625,587.710205078125,0.592368483543396,0.4956354796886444,0.4352849423885345,0.4931671321392059,0.0,0.0
1642,1680003158.6986234,1643,2Item7,2023-03-28 17:02:38.698623,1144.0,272.0,1230.0,276.0,-1.0,-1.0,13706.973999999987,594.1285400390625,587.73974609375,0.5923503637313842,0.4956480264663696,0.4352577924728393,0.4931381940841674,0.0,0.0
1643,1680003158.7068825,1644,2Item7,2023-03-28 17:02:38.706882,1159.0,252.0,1235.0,275.0,-1.0,-1.0,13715.232000000018,594.0731201171875,587.8634643554688,0.5924246311187744,0.4956312775611877,0.4353375434875488,0.4931938648223877,0.0,0.0
1644,1680003158.7152443,1645,2Item7,2023-03-28 17:02:38.715244,1127.0,278.0,1240.0,272.0,2.7732696533203125,3.0385284423828125,13723.593999999985,594.0610961914064,587.9911499023438,0.5923042297363281,0.4955939650535583,0.4352222383022308,0.493156224489212,0.0,0.0
1645,1680003158.723549,1646,2Item7,2023-03-28 17:02:38.723549,1124.0,274.0,1238.0,260.0,-1.0,-1.0,13731.899000000034,593.9447021484375,587.9990234375,0.5923146605491638,0.4956517815589904,0.4352010190486908,0.4931649267673492,0.0,0.0
1646,1680003158.7319827,1647,2Item7,2023-03-28 17:02:38.731983,1152.0,249.0,1221.0,266.0,-1.0,-1.0,13740.32799999998,593.9085083007812,588.1002807617188,0.5924327969551086,0.4956861138343811,0.4352871179580688,0.4931394457817077,0.0,0.0
1647,1680003158.7404697,1648,2Item7,2023-03-28 17:02:38.740469,1159.0,251.0,1220.0,272.0,2.7567138671875,2.9548492431640625,13748.820000000009,593.9406127929688,588.1868286132812,0.5923303365707397,0.4956728816032409,0.4351711571216583,0.493152916431427,0.0,0.0
1648,1680003158.7485397,1649,2Item7,2023-03-28 17:02:38.748540,1165.0,240.0,1220.0,272.0,-1.0,-1.0,13756.890000000014,593.9030151367188,588.1612548828125,0.5922679305076599,0.495631992816925,0.4351433217525482,0.4931546151638031,0.0,0.0
1649,1680003158.7569609,1650,2Item7,2023-03-28 17:02:38.756961,1167.0,246.0,1224.0,254.0,-1.0,-1.0,13765.310999999989,593.9512939453125,588.23291015625,0.5923833847045898,0.4956761002540588,0.4352442026138305,0.4931574165821075,0.0,0.0
1650,1680003158.7653594,1651,2Item7,2023-03-28 17:02:38.765359,1172.0,254.0,1224.0,239.0,3.17620849609375,2.976913452148437,13773.71000000002,594.06005859375,588.306396484375,0.5922552943229675,0.4956016838550567,0.4351300299167633,0.4931488335132598,0.0,0.0
1651,1680003158.7737634,1652,2Item7,2023-03-28 17:02:38.773763,1162.0,265.0,1229.0,251.0,-1.0,-1.0,13782.113000000012,594.0827026367188,588.2650146484375,0.5922222137451171,0.4956209063529968,0.4350910186767578,0.493146926164627,0.0,0.0
1652,1680003158.781934,1653,2Item7,2023-03-28 17:02:38.781934,1161.0,265.0,1229.0,257.0,-1.0,-1.0,13790.283999999983,594.1817626953125,588.3142700195312,0.5923482179641723,0.495684266090393,0.4352095425128936,0.4931279718875885,0.0,0.0
1653,1680003158.790282,1654,2Item7,2023-03-28 17:02:38.790282,1161.0,265.0,1224.0,270.0,3.5338134765625,3.034652709960937,13798.631999999983,594.3287353515625,588.3698120117188,0.5922303199768066,0.4955834150314331,0.4351031184196472,0.4931424260139465,0.0,0.0
1654,1680003158.7986844,1655,2Item7,2023-03-28 17:02:38.798684,1151.0,251.0,1228.0,277.0,-1.0,-1.0,13807.033999999983,594.3587646484375,588.3185424804688,0.5921940803527832,0.4956123530864715,0.4351058304309845,0.493100106716156,0.0,0.0
1655,1680003158.80714,1656,2Item7,2023-03-28 17:02:38.807140,1162.0,232.0,1222.0,270.0,-1.0,-1.0,13815.489999999993,594.4363403320312,588.3580932617188,0.5923210382461547,0.4956635236740112,0.4351858496665954,0.4931549727916717,0.0,0.0
1656,1680003158.8153002,1657,2Item7,2023-03-28 17:02:38.815300,1161.0,239.0,1229.0,273.0,2.892120361328125,3.035919189453125,13823.646999999995,594.5353393554688,588.4093017578125,0.5922154188156127,0.4955452680587768,0.4350959360599517,0.4931003451347351,0.0,0.0
1657,1680003158.8238294,1658,2Item7,2023-03-28 17:02:38.823829,1171.0,249.0,1226.0,264.0,-1.0,-1.0,13832.179999999991,594.5170288085938,588.3549194335938,0.5921627283096313,0.4955533742904663,0.4351132810115814,0.4930455088615417,0.0,0.0
1658,1680003158.8320272,1659,2Item7,2023-03-28 17:02:38.832027,1157.0,269.0,1236.0,272.0,-1.0,-1.0,13840.375999999987,594.54052734375,588.3926391601562,0.5923104286193847,0.4955900609493255,0.4351570904254913,0.4930871427059173,0.0,0.0
1659,1680003158.8403246,1660,2Item7,2023-03-28 17:02:38.840325,1163.0,270.0,1247.0,268.0,2.949188232421875,2.960296630859375,13848.671000000031,594.5790405273438,588.4439086914064,0.5922176837921141,0.4955122172832489,0.4350664019584655,0.4930143654346466,0.0,0.0
1660,1680003158.8485284,1661,2Item7,2023-03-28 17:02:38.848528,1171.0,274.0,1239.0,247.0,-1.0,-1.0,13856.879000000015,594.4957275390625,588.3876953125,0.5921379327774047,0.4955001175403595,0.4350404739379882,0.4930157363414764,0.0,0.0
1661,1680003158.8569596,1662,2Item7,2023-03-28 17:02:38.856960,1164.0,281.0,1233.0,238.0,-1.0,-1.0,13865.309999999998,594.4642944335938,588.435791015625,0.5921893119812011,0.4953919649124145,0.4351315796375274,0.492965817451477,0.0,0.0
1662,1680003158.8658905,1663,2Item7,2023-03-28 17:02:38.865890,1167.0,268.0,1230.0,247.0,2.690216064453125,2.990570068359375,13874.24099999998,594.45849609375,588.518310546875,0.5921465754508972,0.495396614074707,0.4350202977657318,0.4929280579090118,0.0,0.0
1663,1680003158.8736894,1664,2Item7,2023-03-28 17:02:38.873689,1159.0,260.0,1231.0,250.0,-1.0,-1.0,13882.03899999999,594.3434448242188,588.5227661132812,0.5921038389205932,0.4954067468643188,0.4349824488162994,0.4929276406764984,0.0,0.0
1664,1680003158.882304,1665,2Item7,2023-03-28 17:02:38.882304,1164.0,254.0,1237.0,258.0,-1.0,-1.0,13890.65399999998,594.2925415039064,588.63720703125,0.5922377109527587,0.4954177737236022,0.4350807964801788,0.4928694069385528,0.0,0.0
1665,1680003158.890203,1666,2Item7,2023-03-28 17:02:38.890203,1159.0,256.0,1233.0,264.0,3.274566650390625,3.0081939697265625,13898.554000000004,594.2847900390625,588.7783813476562,0.592118501663208,0.4953624904155731,0.4349802434444427,0.4928591549396514,0.0,0.0
1666,1680003158.8985448,1667,2Item7,2023-03-28 17:02:38.898545,1157.0,258.0,1231.0,266.0,-1.0,-1.0,13906.894000000028,594.1870727539064,588.8262329101562,0.5920690894126892,0.4953691661357879,0.4349125027656555,0.492902398109436,0.0,0.0
1667,1680003158.9069705,1668,2Item7,2023-03-28 17:02:38.906970,1159.0,258.0,1223.0,263.0,-1.0,-1.0,13915.320999999996,594.1692504882812,588.9722290039064,0.5922141075134277,0.4954045414924621,0.4350180029869079,0.4929113984107971,0.0,0.0
1668,1680003158.915279,1669,2Item7,2023-03-28 17:02:38.915279,1154.0,269.0,1222.0,255.0,2.9062042236328125,2.975799560546875,13923.629000000015,594.1961059570312,589.124267578125,0.5920810103416442,0.4953628182411193,0.4349010288715362,0.4929019808769226,0.0,0.0
1669,1680003158.9235556,1670,2Item7,2023-03-28 17:02:38.923556,1162.0,285.0,1222.0,255.0,-1.0,-1.0,13931.902000000002,594.115234375,589.150634765625,0.5920554995536804,0.495376706123352,0.4348546266555786,0.4929147958755493,0.0,0.0
1670,1680003158.9321249,1671,2Item7,2023-03-28 17:02:38.932125,1160.0,293.0,1215.0,261.0,-1.0,-1.0,13940.473999999987,594.0936889648438,589.2431640625,0.5921511650085449,0.4953350126743316,0.4349896907806396,0.4929053485393524,0.0,0.0
1671,1680003158.9402726,1672,2Item7,2023-03-28 17:02:38.940273,1164.0,289.0,1209.0,270.0,3.468368530273437,3.0743560791015625,13948.622000000032,594.1215209960938,589.329833984375,0.592083990573883,0.4953601658344268,0.434869647026062,0.4928953051567077,0.0,0.0
1672,1680003158.9486024,1673,2Item7,2023-03-28 17:02:38.948602,1153.0,256.0,1210.0,277.0,-1.0,-1.0,13956.95299999998,594.0739135742188,589.2792358398438,0.5920491218566895,0.4953681230545043,0.4348312318325042,0.4929024577140808,0.0,0.0
1673,1680003158.9569304,1674,2Item7,2023-03-28 17:02:38.956930,1155.0,251.0,1206.0,285.0,-1.0,-1.0,13965.280000000028,594.11767578125,589.2857666015625,0.5921425819396972,0.4953132271766662,0.4349702000617981,0.4928744733333587,0.0,0.0
1674,1680003158.9652755,1675,2Item7,2023-03-28 17:02:38.965276,1152.0,281.0,1214.0,254.0,2.83258056640625,2.988677978515625,13973.625999999987,594.2064208984375,589.268310546875,0.5920724272727966,0.4953497946262359,0.4348465800285339,0.4928839802742004,0.0,0.0
1675,1680003158.9736392,1676,2Item7,2023-03-28 17:02:38.973639,1152.0,281.0,1211.0,254.0,-1.0,-1.0,13981.989,594.2072143554688,589.1234130859375,0.5920354127883911,0.4953168630599975,0.4348337054252624,0.4928699135780334,0.0,0.0
1676,1680003158.9818544,1677,2Item7,2023-03-28 17:02:38.981854,1149.0,283.0,1223.0,247.0,-1.0,-1.0,13990.205000000016,594.290283203125,589.0465087890625,0.5921376943588256,0.4952909648418426,0.4349678754806518,0.4928548038005828,0.0,0.0
1677,1680003158.9901917,1678,2Item7,2023-03-28 17:02:38.990192,1149.0,283.0,1225.0,247.0,3.0181884765625,2.9544830322265625,13998.541000000028,594.4066162109375,588.9563598632812,0.5920445919036865,0.4952877759933471,0.4348468780517578,0.4928381443023681,0.0,0.0
1678,1680003158.9985547,1679,2Item7,2023-03-28 17:02:38.998555,1154.0,278.0,1235.0,268.0,-1.0,-1.0,14006.90399999998,594.4432373046875,588.7542724609375,0.5920134782791137,0.4952690005302429,0.4348426461219787,0.4927905201911926,0.0,0.0
1679,1680003159.0068972,1680,2Item7,2023-03-28 17:02:39.006897,1154.0,268.0,1222.0,274.0,-1.0,-1.0,14015.24800000002,594.56787109375,588.6439208984375,0.592112123966217,0.4952589869499206,0.4349824786186218,0.4928038120269775,0.0,0.0
1680,1680003159.0152154,1681,2Item7,2023-03-28 17:02:39.015215,1152.0,253.0,1214.0,278.0,2.3687896728515625,3.05224609375,14023.562000000034,594.7435302734375,588.5479736328125,0.5920076370239257,0.4952080845832824,0.434852659702301,0.492808997631073,0.0,0.0
1681,1680003159.0237615,1682,2Item7,2023-03-28 17:02:39.023762,1153.0,268.0,1204.0,250.0,-1.0,-1.0,14032.112000000025,594.83203125,588.3613891601562,0.5919776558876036,0.4952388703823089,0.4348483085632324,0.4927755296230316,0.0,0.0
1682,1680003159.0319932,1683,2Item7,2023-03-28 17:02:39.031993,1152.0,278.0,1215.0,251.0,-1.0,-1.0,14040.342999999992,594.9884643554688,588.2702026367188,0.592087984085083,0.4952402412891387,0.4349636435508728,0.4928311109542846,0.0,0.0
1683,1680003159.0403626,1684,2Item7,2023-03-28 17:02:39.040363,-1.0,-1.0,1225.0,250.0,-1.0,3.0799560546875,14048.71000000002,-1.0,588.2107543945312,-1.0,-1.0,0.4348474442958831,0.4927924573421478,4.0,0.0
1684,1680003159.048537,1685,2Item7,2023-03-28 17:02:39.048537,1136.0,275.0,1210.0,283.0,-1.0,-1.0,14056.888000000035,595.2041625976562,588.06103515625,0.5919375419616699,0.4952424764633178,0.4348269402980804,0.4928270578384399,0.0,0.0
1685,1680003159.0572245,1686,2Item7,2023-03-28 17:02:39.057225,1139.0,275.0,1220.0,282.0,-1.0,-1.0,14065.574000000022,595.3212890625,588.0156860351562,0.5920417308807373,0.4952273368835449,0.4349395632743835,0.4928418397903442,0.0,0.0
1686,1680003159.065194,1687,2Item7,2023-03-28 17:02:39.065194,1139.0,275.0,1203.0,301.0,3.398223876953125,3.2777557373046875,14073.543999999994,595.4696655273438,587.9974975585938,0.5920078754425048,0.4952725172042846,0.434830367565155,0.4928038716316223,0.0,0.0
1687,1680003159.0736022,1688,2Item7,2023-03-28 17:02:39.073602,1141.0,269.0,1247.0,231.0,-1.0,-1.0,14081.95199999999,595.5106201171875,587.8885498046875,0.5919128656387329,0.4952548742294311,0.4348130822181701,0.4928382039070129,0.0,0.0
1688,1680003159.0819335,1689,2Item7,2023-03-28 17:02:39.081934,1173.0,231.0,1179.0,280.0,-1.0,-1.0,14090.282999999996,595.6109008789064,587.8841552734375,0.5920968651771545,0.4953013658523559,0.4349286556243896,0.4928231239318847,0.0,0.0
1689,1680003159.0901926,1690,2Item7,2023-03-28 17:02:39.090193,1173.0,230.0,1210.0,240.0,3.550872802734375,2.962631225585937,14098.543000000003,595.747802734375,587.9019775390625,0.5920020341873168,0.4952674210071563,0.4348234832286834,0.4927696287631988,0.0,0.0
1690,1680003159.0985208,1691,2Item7,2023-03-28 17:02:39.098521,1174.0,251.0,1210.0,258.0,-1.0,-1.0,14106.869000000006,595.7619018554688,587.8203125,0.5919209718704223,0.4952111542224884,0.4348047375679016,0.4927684068679809,0.0,0.0
1691,1680003159.1070497,1692,2Item7,2023-03-28 17:02:39.107049,1154.0,287.0,1212.0,253.0,-1.0,-1.0,14115.388000000035,595.8245849609375,587.8358154296875,0.5920522809028625,0.4951400160789489,0.4349236488342285,0.492712527513504,0.0,0.0
1692,1680003159.1156056,1693,2Item7,2023-03-28 17:02:39.115606,1154.0,286.0,1206.0,264.0,3.37164306640625,3.069686889648437,14123.954000000029,595.86474609375,587.866943359375,0.5920240879058837,0.4951614439487457,0.4348329305648803,0.4926705062389373,0.0,0.0
1693,1680003159.1235943,1694,2Item7,2023-03-28 17:02:39.123594,1156.0,283.0,1198.0,266.0,-1.0,-1.0,14131.939000000011,595.7918090820312,587.7975463867188,0.5919380784034729,0.4951295852661132,0.434807002544403,0.4926484525203704,0.0,0.0
1694,1680003159.1321452,1695,2Item7,2023-03-28 17:02:39.132145,1155.0,278.0,1214.0,267.0,-1.0,-1.0,14140.494999999995,595.7775268554688,587.8165283203125,0.5920783281326293,0.49500772356987,0.4349341392517089,0.4926009774208068,0.0,0.0
1695,1680003159.14022,1696,2Item7,2023-03-28 17:02:39.140220,1155.0,278.0,1230.0,267.0,3.5424957275390625,3.556747436523437,14148.570000000009,595.7772216796875,587.8461303710938,0.5920368432998657,0.4950479567050933,0.4348224103450775,0.4925366342067718,0.0,0.0
1696,1680003159.1486,1697,2Item7,2023-03-28 17:02:39.148600,1162.0,263.0,1237.0,265.0,-1.0,-1.0,14156.951,595.6737060546875,587.7721557617188,0.5919539332389832,0.4950025379657745,0.4348024725914001,0.492525964975357,0.0,0.0
1697,1680003159.15685,1698,2Item7,2023-03-28 17:02:39.156850,1157.0,253.0,1215.0,264.0,-1.0,-1.0,14165.200000000012,595.6342163085938,587.78955078125,0.5922716259956359,0.4950676262378692,0.4350818991661071,0.4925388097763061,0.0,0.0
1698,1680003159.1652532,1699,2Item7,2023-03-28 17:02:39.165253,1157.0,252.0,1202.0,264.0,3.1099853515625,2.9530487060546875,14173.603000000005,595.61962890625,587.8175048828125,0.5923725366592407,0.4950377941131591,0.4352147877216339,0.492586076259613,0.0,0.0
1699,1680003159.1735947,1700,2Item7,2023-03-28 17:02:39.173595,1118.0,287.0,1158.0,280.0,-1.0,-1.0,14181.945000000009,595.4962768554688,587.7341918945312,0.5923599004745483,0.4951562285423278,0.4352335333824157,0.4925829470157623,0.0,0.0
1700,1680003159.181927,1701,2Item7,2023-03-28 17:02:39.181927,1090.0,296.0,1111.0,310.0,-1.0,-1.0,14190.277000000002,595.406494140625,587.7366943359375,0.5925132632255554,0.4951916635036468,0.4353471994400024,0.4925725758075714,0.0,0.0
1701,1680003159.1902049,1702,2Item7,2023-03-28 17:02:39.190205,1085.0,297.0,1105.0,293.0,2.9508819580078125,3.0015869140625,14198.554999999991,595.3675537109375,587.7501220703125,0.5923858880996704,0.4951514899730682,0.435209035873413,0.492614209651947,0.0,0.0
1702,1680003159.1985004,1703,2Item7,2023-03-28 17:02:39.198500,1082.0,288.0,1123.0,293.0,-1.0,-1.0,14206.851000000024,595.242431640625,587.6612548828125,0.5922626852989196,0.4951346516609191,0.4351772367954254,0.4926024079322814,0.0,0.0
1703,1680003159.20684,1704,2Item7,2023-03-28 17:02:39.206840,1082.0,294.0,1117.0,300.0,-1.0,-1.0,14215.190000000002,595.2206420898438,587.6576538085938,0.592399001121521,0.4951538741588592,0.4352056980133056,0.4926459193229675,0.0,0.0
1704,1680003159.215237,1705,2Item7,2023-03-28 17:02:39.215237,1088.0,295.0,1117.0,297.0,3.2035675048828125,2.9851531982421875,14223.587,595.24267578125,587.6762084960938,0.5922735929489135,0.4951050877571106,0.4350863695144653,0.4926193058490753,0.0,0.0
1705,1680003159.2236426,1706,2Item7,2023-03-28 17:02:39.223643,1090.0,282.0,1110.0,297.0,-1.0,-1.0,14231.99099999998,595.1065063476562,587.58740234375,0.5921493768692015,0.4950724840164184,0.4350221157073974,0.4926185011863708,0.0,0.0
1706,1680003159.2319596,1707,2Item7,2023-03-28 17:02:39.231960,1094.0,271.0,1116.0,296.0,-1.0,-1.0,14240.309000000008,595.00048828125,587.587890625,0.5922619700431823,0.4950458407402038,0.4350807964801788,0.4926111698150634,0.0,0.0
1707,1680003159.240194,1708,2Item7,2023-03-28 17:02:39.240194,1096.0,276.0,1109.0,292.0,2.94732666015625,3.0279693603515625,14248.543999999994,594.9059448242188,587.6403198242188,0.5921686887741088,0.4949969947338104,0.4349434971809387,0.4925713241100311,0.0,0.0
1708,1680003159.2485056,1709,2Item7,2023-03-28 17:02:39.248506,1099.0,295.0,1119.0,308.0,-1.0,-1.0,14256.85499999998,594.6801147460938,587.6085205078125,0.5920205116271972,0.4949164390563964,0.4348959922790527,0.4924988150596618,0.0,0.0
1709,1680003159.2568357,1710,2Item7,2023-03-28 17:02:39.256835,1085.0,314.0,1112.0,312.0,-1.0,-1.0,14265.185999999989,594.50634765625,587.6840209960938,0.5920913219451904,0.4948923587799072,0.4349585175514221,0.492520272731781,0.0,0.0
1710,1680003159.265221,1711,2Item7,2023-03-28 17:02:39.265221,1079.0,311.0,1113.0,318.0,2.865936279296875,2.965545654296875,14273.568000000028,594.3784790039064,587.7929077148438,0.5920730233192443,0.4948619306087493,0.4348267614841461,0.4924601018428802,0.0,0.0
1711,1680003159.273503,1712,2Item7,2023-03-28 17:02:39.273503,1081.0,308.0,1112.0,298.0,-1.0,-1.0,14281.853999999992,594.1743774414064,587.8065185546875,0.5919656157493591,0.4948238432407379,0.4347741603851318,0.4924896955490112,0.0,0.0
1712,1680003159.2820454,1713,2Item7,2023-03-28 17:02:39.282045,1086.0,304.0,1114.0,298.0,-1.0,-1.0,14290.396000000008,594.037109375,587.9154052734375,0.5920909643173217,0.494849681854248,0.4348474740982055,0.4924646914005279,0.0,0.0
1713,1680003159.290297,1714,2Item7,2023-03-28 17:02:39.290297,1089.0,294.0,1112.0,298.0,2.793807983398437,2.95330810546875,14298.646999999995,593.9380493164064,588.0392456054688,0.5920034050941467,0.4948028028011322,0.4347447752952575,0.4924226701259613,0.0,0.0
1714,1680003159.298625,1715,2Item7,2023-03-28 17:02:39.298625,1099.0,300.0,1109.0,312.0,-1.0,-1.0,14306.975000000037,593.744140625,588.0611572265625,0.5919218659400939,0.4948124587535858,0.4347216486930847,0.492408812046051,0.0,0.0
1715,1680003159.3069067,1716,2Item7,2023-03-28 17:02:39.306907,1106.0,302.0,1106.0,308.0,-1.0,-1.0,14315.256999999983,593.6278686523438,588.1680297851562,0.5920467972755432,0.4948117136955261,0.4347871243953704,0.4924353957176208,0.0,0.0
1716,1680003159.315171,1717,2Item7,2023-03-28 17:02:39.315171,1100.0,304.0,1106.0,306.0,2.8327789306640625,3.029647827148437,14323.521000000008,593.595947265625,588.2971801757812,0.5919679403305053,0.4947749078273773,0.4347051978111267,0.4924030303955078,0.0,0.0
1717,1680003159.3237283,1718,2Item7,2023-03-28 17:02:39.323728,1093.0,299.0,1118.0,316.0,-1.0,-1.0,14332.075000000012,593.4953002929688,588.3201293945312,0.591893196105957,0.494807630777359,0.4346885681152343,0.4924032092094421,0.0,0.0
1718,1680003159.3320985,1719,2Item7,2023-03-28 17:02:39.332098,1088.0,301.0,1131.0,299.0,-1.0,-1.0,14340.448000000031,593.4844970703125,588.4064331054688,0.5920021533966064,0.494789570569992,0.4347665011882782,0.4924297928810119,0.0,0.0
1719,1680003159.340197,1720,2Item7,2023-03-28 17:02:39.340197,1088.0,305.0,1131.0,265.0,2.933074951171875,2.9830474853515625,14348.54700000002,593.5331420898438,588.5020751953125,0.5919532179832458,0.4948020577430725,0.4346912801265716,0.4924172163009643,0.0,0.0
1720,1680003159.348576,1721,2Item7,2023-03-28 17:02:39.348576,1074.0,293.0,1132.0,265.0,-1.0,-1.0,14356.924,593.5032348632812,588.5003051757812,0.5918895602226257,0.4948295950889587,0.4346792697906494,0.4924054741859436,0.0,0.0
1721,1680003159.356998,1722,2Item7,2023-03-28 17:02:39.356998,1084.0,294.0,1120.0,308.0,-1.0,-1.0,14365.347999999998,593.546875,588.5942993164064,0.5920265316963195,0.4948477745056152,0.4347778856754303,0.4924430847167968,0.0,0.0
1722,1680003159.3652103,1723,2Item7,2023-03-28 17:02:39.365211,1086.0,287.0,1120.0,311.0,2.8202362060546875,2.97491455078125,14373.559999999998,593.6278076171875,588.7160034179688,0.591956079006195,0.4948230385780334,0.4346811771392822,0.4924359321594238,0.0,0.0
1723,1680003159.373492,1724,2Item7,2023-03-28 17:02:39.373492,1103.0,309.0,1118.0,307.0,-1.0,-1.0,14381.842000000004,593.607177734375,588.745361328125,0.5918746590614318,0.4948178827762603,0.4346452355384826,0.4924587905406951,0.0,0.0
1724,1680003159.3818722,1725,2Item7,2023-03-28 17:02:39.381872,1087.0,297.0,1111.0,308.0,-1.0,-1.0,14390.222999999998,593.6514282226562,588.8734741210938,0.5920133590698242,0.4948601126670837,0.4347337186336517,0.4924162626266479,0.0,0.0
1725,1680003159.3902056,1726,2Item7,2023-03-28 17:02:39.390206,1089.0,301.0,1115.0,304.0,2.864776611328125,2.9948883056640625,14398.554999999991,593.7243041992188,589.0233764648438,0.5919283032417297,0.4948214888572692,0.4346387982368469,0.4924413561820983,0.0,0.0
1726,1680003159.3986132,1727,2Item7,2023-03-28 17:02:39.398613,1090.0,305.0,1110.0,276.0,-1.0,-1.0,14406.964000000036,593.6903076171875,589.0714111328125,0.5918350219726562,0.4948161542415618,0.4345902502536773,0.4924416542053222,0.0,0.0
1727,1680003159.406892,1728,2Item7,2023-03-28 17:02:39.406892,1094.0,309.0,1118.0,271.0,-1.0,-1.0,14415.242000000027,593.7177124023438,589.2059326171875,0.5919509530067443,0.4948243796825408,0.4346709847450256,0.4924630224704742,0.0,0.0
1728,1680003159.4151666,1729,2Item7,2023-03-28 17:02:39.415167,-1.0,-1.0,1111.0,287.0,-1.0,3.021514892578125,14423.497000000032,-1.0,589.3562622070312,-1.0,-1.0,0.4345755279064178,0.4924585223197937,4.0,0.0
1729,1680003159.4235742,1730,2Item7,2023-03-28 17:02:39.423574,1083.0,299.0,1115.0,295.0,-1.0,-1.0,14431.924,593.7304077148438,589.3960571289064,0.5917500853538513,0.4948277473449707,0.4344934821128845,0.4925057291984558,0.0,0.0
1730,1680003159.431909,1731,2Item7,2023-03-28 17:02:39.431909,1089.0,287.0,1103.0,296.0,-1.0,-1.0,14440.25900000002,593.7445068359375,589.5136108398438,0.5918784737586975,0.4948783814907074,0.4345943629741668,0.4924961626529693,0.0,0.0
1731,1680003159.4402306,1732,2Item7,2023-03-28 17:02:39.440231,1103.0,273.0,1100.0,288.0,2.8104705810546875,3.0130615234375,14448.581000000006,593.7852783203125,589.6202392578125,0.5917304158210754,0.4948141276836395,0.4344638586044311,0.4925203621387481,0.0,0.0
1732,1680003159.44848,1733,2Item7,2023-03-28 17:02:39.448480,1104.0,273.0,1103.0,286.0,-1.0,-1.0,14456.82799999998,593.7030029296875,589.600830078125,0.5916703939437866,0.4948792159557342,0.4343990385532379,0.492504209280014,0.0,0.0
1733,1680003159.4568796,1734,2Item7,2023-03-28 17:02:39.456880,1086.0,302.0,1102.0,290.0,-1.0,-1.0,14465.22999999998,593.6757202148438,589.650146484375,0.5917305946350097,0.4948667287826538,0.4345124959945678,0.4925747513771057,0.0,0.0
1734,1680003159.465222,1735,2Item7,2023-03-28 17:02:39.465222,1084.0,298.0,1108.0,277.0,2.6605987548828125,2.980255126953125,14473.571999999986,593.6783447265625,589.6907348632812,0.5916600227355957,0.4949019253253936,0.4343894124031066,0.4925832450389862,0.0,0.0
1735,1680003159.4735506,1736,2Item7,2023-03-28 17:02:39.473551,1088.0,305.0,1107.0,273.0,-1.0,-1.0,14481.901000000013,593.5694580078125,589.6127319335938,0.5916389226913452,0.4949339926242828,0.4343330264091491,0.4926327466964721,0.0,0.0
1736,1680003159.481814,1737,2Item7,2023-03-28 17:02:39.481814,1082.0,308.0,1105.0,275.0,-1.0,-1.0,14490.16399999999,593.526611328125,589.6085815429688,0.5917108654975891,0.4949219226837158,0.4344460368156433,0.4926432073116302,0.0,0.0
1737,1680003159.4901545,1738,2Item7,2023-03-28 17:02:39.490154,1077.0,326.0,1110.0,264.0,2.4338531494140625,2.9463348388671875,14498.50199999998,593.5523681640625,589.6058349609375,0.591632604598999,0.4949529767036438,0.4343432486057281,0.492632120847702,0.0,0.0
1738,1680003159.4984982,1739,2Item7,2023-03-28 17:02:39.498498,1082.0,322.0,1105.0,288.0,-1.0,-1.0,14506.847000000009,593.4771728515625,589.4781494140625,0.59160977602005,0.4949792921543121,0.4343317151069641,0.4926199913024902,0.0,0.0
1739,1680003159.5068524,1740,2Item7,2023-03-28 17:02:39.506852,1104.0,303.0,1112.0,287.0,-1.0,-1.0,14515.20199999999,593.4795532226562,589.4215698242188,0.5917211174964904,0.4949968755245208,0.4344084560871124,0.4926604628562927,0.0,0.0
1740,1680003159.515246,1741,2Item7,2023-03-28 17:02:39.515246,1104.0,303.0,1117.0,287.0,2.8713531494140625,2.9974517822265625,14523.592000000004,593.557861328125,589.3694458007812,0.591574490070343,0.4949165880680084,0.4343041181564331,0.49262735247612,0.0,0.0
1741,1680003159.5236504,1742,2Item7,2023-03-28 17:02:39.523650,1095.0,290.0,1109.0,308.0,-1.0,-1.0,14532.0,593.5648803710938,589.2088623046875,0.5915454030036926,0.4949105083942413,0.4342545866966247,0.4926325976848602,0.0,0.0
1742,1680003159.5318356,1743,2Item7,2023-03-28 17:02:39.531836,1086.0,297.0,1109.0,295.0,-1.0,-1.0,14540.18200000003,593.6685791015625,589.138427734375,0.5916360020637512,0.4948931634426116,0.4343389868736267,0.4925865530967712,0.0,0.0
1743,1680003159.5401442,1744,2Item7,2023-03-28 17:02:39.540144,1088.0,304.0,1104.0,290.0,2.9108428955078125,2.9548492431640625,14548.494000000006,593.8482055664064,589.089111328125,0.5915722846984863,0.4948293268680572,0.4342465698719024,0.492507517337799,0.0,0.0
1744,1680003159.548469,1745,2Item7,2023-03-28 17:02:39.548469,1083.0,322.0,1106.0,288.0,-1.0,-1.0,14556.820000000009,593.9411010742188,588.9616088867188,0.5914971828460693,0.4947986900806427,0.4341321587562561,0.4925106465816497,0.0,0.0
1745,1680003159.5568151,1746,2Item7,2023-03-28 17:02:39.556815,1082.0,277.0,1112.0,283.0,-1.0,-1.0,14565.162000000011,594.1129150390625,588.9500732421875,0.59161776304245,0.4947400987148284,0.4341689944267272,0.4924668073654174,0.0,0.0
1746,1680003159.5652738,1747,2Item7,2023-03-28 17:02:39.565274,1078.0,295.0,1123.0,279.0,2.887069702148437,3.006088256835937,14573.624000000013,595.3198852539064,589.2359008789064,0.5915045738220214,0.4945573806762695,0.4339213073253631,0.4923430979251861,0.0,0.0
1747,1680003159.5736876,1748,2Item7,2023-03-28 17:02:39.573688,1078.0,295.0,1130.0,263.0,-1.0,-1.0,14582.035000000033,595.6331176757812,589.3173828125,0.5914413332939147,0.4944120049476623,0.4338471591472625,0.4922432899475097,0.0,0.0
1748,1680003159.5819175,1749,2Item7,2023-03-28 17:02:39.581918,1060.0,177.0,1130.0,263.0,-1.0,-1.0,14590.255999999994,595.607177734375,589.454345703125,0.5915722250938416,0.4941988289356231,0.4339318573474884,0.4920464158058166,0.0,0.0
1749,1680003159.5901864,1750,2Item7,2023-03-28 17:02:39.590186,1060.0,177.0,1147.0,200.0,3.190185546875,2.9349365234375,14598.537000000011,595.535400390625,589.7332763671875,0.5913222432136535,0.4939945638179779,0.4336099028587341,0.4919235110282897,0.0,0.0
1750,1680003159.5984883,1751,2Item7,2023-03-28 17:02:39.598488,-1.0,-1.0,1156.0,168.0,-1.0,-1.0,14606.837999999989,-1.0,589.731689453125,-1.0,-1.0,0.433191955089569,0.4847033023834228,4.0,0.0
1751,1680003159.6068766,1752,2Item7,2023-03-28 17:02:39.606877,-1.0,-1.0,1160.0,207.0,-1.0,-1.0,14615.226000000024,-1.0,589.818115234375,-1.0,-1.0,0.433723360300064,0.4915796220302581,4.0,0.0
1752,1680003159.615307,1753,2Item7,2023-03-28 17:02:39.615307,-1.0,-1.0,1095.0,325.0,-1.0,2.633697509765625,14623.656000000015,-1.0,589.9483032226562,-1.0,-1.0,0.4336850047111511,0.4915279150009155,4.0,0.0
1753,1680003159.6234877,1754,2Item7,2023-03-28 17:02:39.623488,-1.0,-1.0,-1.0,-1.0,-1.0,-1.0,14631.837999999989,-1.0,-1.0,-1.0,-1.0,-1.0,-1.0,4.0,4.0
1754,1680003159.6319275,1755,2Item7,2023-03-28 17:02:39.631927,-1.0,-1.0,-1.0,-1.0,-1.0,-1.0,14640.277999999991,-1.0,-1.0,-1.0,-1.0,-1.0,-1.0,4.0,4.0
1755,1680003159.6401515,1756,2Item7,2023-03-28 17:02:39.640152,-1.0,-1.0,-1.0,-1.0,-1.0,-1.0,14648.500999999987,-1.0,-1.0,-1.0,-1.0,-1.0,-1.0,4.0,4.0
1756,1680003159.6484773,1757,2Item7,2023-03-28 17:02:39.648477,-1.0,-1.0,-1.0,-1.0,-1.0,-1.0,14656.82799999998,-1.0,-1.0,-1.0,-1.0,-1.0,-1.0,4.0,4.0
1757,1680003159.6568072,1758,2Item7,2023-03-28 17:02:39.656807,-1.0,-1.0,-1.0,-1.0,-1.0,-1.0,14665.157000000008,-1.0,-1.0,-1.0,-1.0,-1.0,-1.0,4.0,4.0
1758,1680003159.665156,1759,2Item7,2023-03-28 17:02:39.665156,-1.0,-1.0,-1.0,-1.0,-1.0,-1.0,14673.505999999994,-1.0,-1.0,-1.0,-1.0,-1.0,-1.0,4.0,4.0
1759,1680003159.673458,1760,2Item7,2023-03-28 17:02:39.673458,-1.0,-1.0,-1.0,-1.0,-1.0,-1.0,14681.80800000002,-1.0,-1.0,-1.0,-1.0,-1.0,-1.0,4.0,4.0
1760,1680003159.6818106,1761,2Item7,2023-03-28 17:02:39.681811,-1.0,-1.0,-1.0,-1.0,-1.0,-1.0,14690.160000000033,-1.0,-1.0,-1.0,-1.0,-1.0,-1.0,4.0,4.0
1761,1680003159.690133,1762,2Item7,2023-03-28 17:02:39.690133,-1.0,-1.0,-1.0,-1.0,-1.0,-1.0,14698.483000000007,-1.0,-1.0,-1.0,-1.0,-1.0,-1.0,4.0,4.0
1762,1680003159.6984825,1763,2Item7,2023-03-28 17:02:39.698483,-1.0,-1.0,-1.0,-1.0,-1.0,-1.0,14706.831999999997,-1.0,-1.0,-1.0,-1.0,-1.0,-1.0,4.0,4.0
1763,1680003159.7068534,1764,2Item7,2023-03-28 17:02:39.706853,-1.0,-1.0,-1.0,-1.0,-1.0,-1.0,14715.20299999998,-1.0,-1.0,-1.0,-1.0,-1.0,-1.0,4.0,4.0
1764,1680003159.7151372,1765,2Item7,2023-03-28 17:02:39.715137,-1.0,-1.0,-1.0,-1.0,-1.0,-1.0,14723.487000000025,-1.0,-1.0,-1.0,-1.0,-1.0,-1.0,4.0,4.0
1765,1680003159.7235956,1766,2Item7,2023-03-28 17:02:39.723596,-1.0,-1.0,-1.0,-1.0,-1.0,-1.0,14731.945000000009,-1.0,-1.0,-1.0,-1.0,-1.0,-1.0,4.0,4.0
1766,1680003159.7317958,1767,2Item7,2023-03-28 17:02:39.731796,-1.0,-1.0,-1.0,-1.0,-1.0,-1.0,14740.146999999995,-1.0,-1.0,-1.0,-1.0,-1.0,-1.0,4.0,4.0
1767,1680003159.740552,1768,2Item7,2023-03-28 17:02:39.740552,-1.0,-1.0,-1.0,-1.0,-1.0,-1.0,14748.901000000013,-1.0,-1.0,-1.0,-1.0,-1.0,-1.0,4.0,4.0
1768,1680003159.7485397,1769,2Item7,2023-03-28 17:02:39.748540,-1.0,-1.0,-1.0,-1.0,-1.0,-1.0,14756.890000000014,-1.0,-1.0,-1.0,-1.0,-1.0,-1.0,4.0,4.0
1769,1680003159.7567942,1770,2Item7,2023-03-28 17:02:39.756794,-1.0,-1.0,-1.0,-1.0,-1.0,-1.0,14765.14500000002,-1.0,-1.0,-1.0,-1.0,-1.0,-1.0,4.0,4.0
1770,1680003159.765134,1771,2Item7,2023-03-28 17:02:39.765134,-1.0,-1.0,-1.0,-1.0,-1.0,-1.0,14773.483000000007,-1.0,-1.0,-1.0,-1.0,-1.0,-1.0,4.0,4.0
1771,1680003159.7734563,1772,2Item7,2023-03-28 17:02:39.773456,-1.0,-1.0,-1.0,-1.0,-1.0,-1.0,14781.80700000003,-1.0,-1.0,-1.0,-1.0,-1.0,-1.0,4.0,4.0
1772,1680003159.7818336,1773,2Item7,2023-03-28 17:02:39.781834,-1.0,-1.0,-1.0,-1.0,-1.0,-1.0,14790.18300000002,-1.0,-1.0,-1.0,-1.0,-1.0,-1.0,4.0,4.0
1773,1680003159.790404,1774,2Item7,2023-03-28 17:02:39.790404,-1.0,-1.0,-1.0,-1.0,-1.0,-1.0,14798.754000000015,-1.0,-1.0,-1.0,-1.0,-1.0,-1.0,4.0,4.0
1774,1680003159.7984896,1775,2Item7,2023-03-28 17:02:39.798490,-1.0,-1.0,-1.0,-1.0,-1.0,-1.0,14806.840000000026,-1.0,-1.0,-1.0,-1.0,-1.0,-1.0,4.0,4.0
1775,1680003159.8068695,1776,2Item7,2023-03-28 17:02:39.806870,-1.0,-1.0,-1.0,-1.0,-1.0,-1.0,14815.215000000026,-1.0,-1.0,-1.0,-1.0,-1.0,-1.0,4.0,4.0
1776,1680003159.8152328,1777,2Item7,2023-03-28 17:02:39.815233,-1.0,-1.0,-1.0,-1.0,-1.0,-1.0,14823.581999999997,-1.0,-1.0,-1.0,-1.0,-1.0,-1.0,4.0,4.0
1777,1680003159.8235104,1778,2Item7,2023-03-28 17:02:39.823510,-1.0,-1.0,-1.0,-1.0,-1.0,-1.0,14831.859999999986,-1.0,-1.0,-1.0,-1.0,-1.0,-1.0,4.0,4.0
1778,1680003159.8317976,1779,2Item7,2023-03-28 17:02:39.831798,-1.0,-1.0,-1.0,-1.0,-1.0,-1.0,14840.146999999995,-1.0,-1.0,-1.0,-1.0,-1.0,-1.0,4.0,4.0
1779,1680003159.8401563,1780,2Item7,2023-03-28 17:02:39.840156,-1.0,-1.0,-1.0,-1.0,-1.0,-1.0,14848.506999999983,-1.0,-1.0,-1.0,-1.0,-1.0,-1.0,4.0,4.0
1780,1680003159.8484545,1781,2Item7,2023-03-28 17:02:39.848454,-1.0,-1.0,1025.0,207.0,-1.0,-1.0,14856.804000000004,-1.0,589.9503784179688,-1.0,-1.0,0.4338072836399078,0.4924637377262115,4.0,0.0
1781,1680003159.8567986,1782,2Item7,2023-03-28 17:02:39.856799,1069.0,316.0,1054.0,236.0,-1.0,-1.0,14865.149000000034,595.4108276367188,589.976318359375,0.5914028882980346,0.494625836610794,0.4339160621166229,0.4924657344818115,0.0,0.0
1782,1680003159.865132,1783,2Item7,2023-03-28 17:02:39.865132,1058.0,353.0,1059.0,260.0,2.786605834960937,2.882659912109375,14873.482000000018,595.4559326171875,590.013671875,0.5913466215133667,0.4946310818195343,0.4337899088859558,0.4924359917640686,0.0,0.0
1783,1680003159.8734725,1784,2Item7,2023-03-28 17:02:39.873472,1057.0,322.0,1070.0,309.0,-1.0,-1.0,14881.820999999996,595.3999633789064,589.9503784179688,0.5912342071533203,0.4945952594280242,0.4338069260120391,0.4924679994583129,0.0,0.0
1784,1680003159.8818083,1785,2Item7,2023-03-28 17:02:39.881808,1062.0,275.0,1070.0,309.0,-1.0,-1.0,14890.158999999983,595.4102172851562,589.9838256835938,0.5914379358291626,0.4946648776531219,0.4339014291763305,0.4924627840518951,0.0,0.0
1785,1680003159.8901608,1786,2Item7,2023-03-28 17:02:39.890161,-1.0,-1.0,-1.0,-1.0,-1.0,-1.0,14898.511,-1.0,-1.0,-1.0,-1.0,-1.0,-1.0,4.0,4.0
1786,1680003159.8984623,1787,2Item7,2023-03-28 17:02:39.898462,1054.0,308.0,1070.0,328.0,-1.0,-1.0,14906.813000000024,595.2578735351562,590.0032348632812,0.5912652015686035,0.4946894943714141,0.4337599575519561,0.492482841014862,0.0,0.0
1787,1680003159.9067855,1788,2Item7,2023-03-28 17:02:39.906785,1058.0,315.0,1075.0,326.0,-1.0,-1.0,14915.135000000007,595.0194702148438,590.0636596679688,0.5914443135261535,0.4947244226932525,0.4338525235652923,0.4924901127815246,0.0,0.0
1788,1680003159.9151833,1789,2Item7,2023-03-28 17:02:39.915183,-1.0,-1.0,1066.0,338.0,-1.0,2.945907592773437,14923.532000000008,-1.0,590.1282348632812,-1.0,-1.0,0.4337031543254852,0.4924621880054473,4.0,0.0
1789,1680003159.9235158,1790,2Item7,2023-03-28 17:02:39.923516,1079.0,319.0,1064.0,326.0,-1.0,-1.0,14931.864999999993,594.6031494140625,590.093017578125,0.5913142561912536,0.4946767389774322,0.4337307512760162,0.4925164580345153,0.0,0.0
1790,1680003159.9318137,1791,2Item7,2023-03-28 17:02:39.931813,1070.0,360.0,1053.0,348.0,-1.0,-1.0,14940.158999999983,594.4300537109375,590.1578369140625,0.5915431976318359,0.4947417080402374,0.4338623285293579,0.4924898147583007,0.0,0.0
1791,1680003159.9401083,1792,2Item7,2023-03-28 17:02:39.940109,1063.0,359.0,1053.0,345.0,2.7936553955078125,2.9798126220703125,14948.459000000032,594.32861328125,590.2208862304688,0.5915060639381408,0.494704931974411,0.4337651133537292,0.4924949705600738,0.0,0.0
1792,1680003159.9484775,1793,2Item7,2023-03-28 17:02:39.948478,1058.0,359.0,1056.0,360.0,-1.0,-1.0,14956.82799999998,594.0712280273438,590.1544189453125,0.5914400815963745,0.4946370720863342,0.4337813258171081,0.4924987256526947,0.0,0.0
1793,1680003159.9568052,1794,2Item7,2023-03-28 17:02:39.956805,1046.0,358.0,1055.0,355.0,-1.0,-1.0,14965.155000000028,593.9196166992188,590.1812133789064,0.5915255546569824,0.494493156671524,0.4338953793048858,0.4924609661102294,0.0,0.0
1794,1680003159.9652271,1795,2Item7,2023-03-28 17:02:39.965227,1053.0,393.0,1062.0,341.0,2.9965972900390625,2.9259490966796875,14973.57699999999,593.8446044921875,590.2366943359375,0.5915145874023438,0.4944806396961212,0.4337754845619201,0.4924396574497222,0.0,0.0
1795,1680003159.9735491,1796,2Item7,2023-03-28 17:02:39.973549,1060.0,407.0,1062.0,341.0,-1.0,-1.0,14981.896999999995,593.639404296875,590.1941528320312,0.591407060623169,0.494337111711502,0.433715283870697,0.492488294839859,0.0,0.0
1796,1680003159.9818425,1797,2Item7,2023-03-28 17:02:39.981843,1064.0,405.0,1062.0,351.0,-1.0,-1.0,14990.193000000028,593.503662109375,590.24072265625,0.59150230884552,0.494156539440155,0.4338075816631317,0.4924624562263488,0.0,0.0
1797,1680003159.990119,1798,2Item7,2023-03-28 17:02:39.990119,1054.0,380.0,1070.0,351.0,2.857940673828125,2.8849029541015625,14998.468999999985,593.4414672851562,590.2804565429688,0.5913792252540588,0.4940711557865142,0.4336700439453125,0.4925400614738464,0.0,0.0
1798,1680003159.998459,1799,2Item7,2023-03-28 17:02:39.998459,1045.0,386.0,1080.0,339.0,-1.0,-1.0,15006.80700000003,593.2715454101562,590.2024536132812,0.5911700129508972,0.4938231408596038,0.4335374236106872,0.4926287233829498,0.0,0.0
1799,1680003160.0067787,1800,2Item7,2023-03-28 17:02:40.006779,1061.0,368.0,1076.0,341.0,-1.0,-1.0,15015.129000000015,593.2133178710938,590.2127685546875,0.5913063883781433,0.493792176246643,0.4335788786411285,0.4926807284355163,0.0,0.0
1800,1680003160.0151398,1801,2Item7,2023-03-28 17:02:40.015140,1051.0,368.0,-1.0,-1.0,2.792098999023437,-1.0,15023.488000000012,593.2369384765625,-1.0,0.5911479592323303,0.4936193525791168,-1.0,-1.0,0.0,4.0
1801,1680003160.023502,1802,2Item7,2023-03-28 17:02:40.023502,1058.0,359.0,1076.0,343.0,-1.0,-1.0,15031.852000000014,593.1697998046875,590.156005859375,0.5909844040870667,0.4934266507625579,0.4333062171936035,0.4928055703639984,0.0,0.0
1802,1680003160.0317836,1803,2Item7,2023-03-28 17:02:40.031784,1061.0,355.0,1078.0,344.0,-1.0,-1.0,15040.130999999994,593.1263427734375,590.1558227539064,0.5910431742668151,0.4932756125926971,0.4333659708499908,0.4928470253944397,0.0,0.0
1803,1680003160.040209,1804,2Item7,2023-03-28 17:02:40.040209,1074.0,349.0,1071.0,331.0,2.748870849609375,2.8853912353515625,15048.554999999991,593.1419677734375,590.1710205078125,0.5908599495887756,0.4930755198001861,0.4331666529178619,0.4929176867008209,0.0,0.0
1804,1680003160.048468,1805,2Item7,2023-03-28 17:02:40.048468,1069.0,348.0,1068.0,331.0,-1.0,-1.0,15056.818000000028,593.0435791015625,590.0917358398438,0.5907001495361328,0.4928766787052154,0.4330693483352661,0.4929875135421752,0.0,0.0
1805,1680003160.0568106,1806,2Item7,2023-03-28 17:02:40.056811,1068.0,345.0,1068.0,331.0,-1.0,-1.0,15065.158999999983,592.988525390625,590.0977783203125,0.5906656980514526,0.4925809204578399,0.4331055283546447,0.493035614490509,0.0,0.0
1806,1680003160.0651011,1807,2Item7,2023-03-28 17:02:40.065101,1085.0,389.0,1069.0,340.0,2.995025634765625,2.915390014648437,15073.451,592.9447631835938,590.0853881835938,0.5905019044876098,0.4924503862857818,0.432863175868988,0.4930744171142578,0.0,0.0
1807,1680003160.0734303,1808,2Item7,2023-03-28 17:02:40.073430,1073.0,366.0,1068.0,343.0,-1.0,-1.0,15081.77899999998,592.792724609375,589.9613647460938,0.590294599533081,0.4922606348991394,0.4327234029769897,0.4931847751140594,0.0,0.0
1808,1680003160.0817907,1809,2Item7,2023-03-28 17:02:40.081791,1065.0,347.0,1073.0,333.0,-1.0,-1.0,15090.140000000014,592.6887817382812,589.9175415039064,0.5902247428894043,0.4920423328876495,0.4326972067356109,0.4932454228401184,0.0,0.0
1809,1680003160.0901065,1810,2Item7,2023-03-28 17:02:40.090106,1065.0,347.0,1075.0,342.0,3.5418853759765625,2.957427978515625,15098.456999999997,592.6363525390625,589.8777465820312,0.5899611711502075,0.4918482303619384,0.4323910176753997,0.4933176040649414,0.0,0.0
1810,1680003160.0984583,1811,2Item7,2023-03-28 17:02:40.098459,1060.0,347.0,1076.0,359.0,-1.0,-1.0,15106.80800000002,592.4970703125,589.733154296875,0.5896151661872863,0.4915750622749328,0.4321500957012176,0.4934430420398712,0.0,0.0
1811,1680003160.1068785,1812,2Item7,2023-03-28 17:02:40.106878,1062.0,353.0,1065.0,356.0,-1.0,-1.0,15115.226000000024,592.4340209960938,589.6778564453125,0.5895211100578308,0.4914781749248504,0.4320521652698516,0.4935071468353271,0.0,0.0
1812,1680003160.1153305,1813,2Item7,2023-03-28 17:02:40.115330,1062.0,353.0,1048.0,342.0,2.902618408203125,3.017929077148437,15123.679999999991,592.447021484375,589.626220703125,0.5891963839530944,0.4913085997104644,0.4316730797290802,0.4935627281665802,0.0,0.0
1813,1680003160.1234355,1814,2Item7,2023-03-28 17:02:40.123436,1058.0,354.0,1073.0,351.0,-1.0,-1.0,15131.782999999996,592.38818359375,589.4741821289064,0.5888341069221495,0.4911703467369079,0.4313606917858123,0.4936805665493011,0.0,0.0
1814,1680003160.1317947,1815,2Item7,2023-03-28 17:02:40.131795,1048.0,363.0,1069.0,344.0,-1.0,-1.0,15140.14500000002,592.4056396484375,589.41162109375,0.5886138677597045,0.4910395145416259,0.4311945438385009,0.4937334060668945,0.0,0.0
1815,1680003160.1401107,1816,2Item7,2023-03-28 17:02:40.140111,-1.0,-1.0,1083.0,324.0,-1.0,2.9313201904296875,15148.46100000001,-1.0,589.35791015625,-1.0,-1.0,0.4307442605495452,0.4937881231307983,4.0,0.0
1816,1680003160.1485336,1817,2Item7,2023-03-28 17:02:40.148534,1054.0,363.0,1073.0,304.0,-1.0,-1.0,15156.88400000002,592.4376220703125,589.2061767578125,0.5878089666366577,0.4908210039138793,0.4303778707981109,0.4938716292381286,0.0,0.0
1817,1680003160.156767,1818,2Item7,2023-03-28 17:02:40.156767,1068.0,350.0,1062.0,326.0,-1.0,-1.0,15165.117000000027,592.52099609375,589.140380859375,0.5875806212425231,0.4908023476600647,0.4301650524139404,0.4939002990722656,0.0,0.0
1818,1680003160.1652043,1819,2Item7,2023-03-28 17:02:40.165205,1067.0,344.0,1059.0,325.0,2.8366241455078125,2.92279052734375,15173.554999999991,592.670654296875,589.0809936523438,0.5871537923812866,0.4907345473766326,0.4296747744083404,0.493916243314743,0.0,0.0
1819,1680003160.1734345,1820,2Item7,2023-03-28 17:02:40.173434,1058.0,352.0,1065.0,326.0,-1.0,-1.0,15181.783999999983,592.7283325195312,588.9158935546875,0.5867020487785339,0.4906114935874939,0.4293066263198852,0.49393892288208,0.0,0.0
1820,1680003160.1817894,1821,2Item7,2023-03-28 17:02:40.181789,1062.0,335.0,1067.0,334.0,-1.0,-1.0,15190.139000000025,592.852294921875,588.8349609375,0.5864983797073364,0.490690141916275,0.4290503561496734,0.4939347207546234,0.0,0.0
1821,1680003160.190276,1822,2Item7,2023-03-28 17:02:40.190276,1065.0,327.0,1063.0,349.0,2.6980438232421875,3.002182006835937,15198.625,593.0036010742188,588.768310546875,0.5860713124275208,0.4906779825687408,0.4285861253738403,0.4938967227935791,0.0,0.0
1822,1680003160.1984284,1823,2Item7,2023-03-28 17:02:40.198428,1067.0,326.0,1061.0,341.0,-1.0,-1.0,15206.776000000013,593.0125732421875,588.6001586914064,0.5856356620788574,0.4906147718429565,0.428215354681015,0.4939004778861999,0.0,0.0
1823,1680003160.2068677,1824,2Item7,2023-03-28 17:02:40.206867,1055.0,350.0,1066.0,339.0,-1.0,-1.0,15215.216000000017,593.052978515625,588.5321655273438,0.5854663848876953,0.4907293319702148,0.4280059933662414,0.493863821029663,0.0,0.0
1824,1680003160.215122,1825,2Item7,2023-03-28 17:02:40.215122,1052.0,359.0,1071.0,341.0,2.88763427734375,2.9837188720703125,15223.472000000009,593.0756225585938,588.4810180664064,0.585081398487091,0.4907673597335815,0.4275786578655242,0.4937743842601776,0.0,0.0
1825,1680003160.22342,1826,2Item7,2023-03-28 17:02:40.223420,1054.0,364.0,1072.0,345.0,-1.0,-1.0,15231.769000000028,592.9751586914064,588.3317260742188,0.5847088098526001,0.4908223748207092,0.4272615313529968,0.4937449395656585,0.0,0.0
1826,1680003160.2318594,1827,2Item7,2023-03-28 17:02:40.231859,1052.0,362.0,1074.0,344.0,-1.0,-1.0,15240.21000000002,592.9296875,588.281982421875,0.5845260024070739,0.4909201562404632,0.4270574152469635,0.4936822652816772,0.0,0.0
1827,1680003160.240209,1828,2Item7,2023-03-28 17:02:40.240209,1054.0,357.0,1074.0,337.0,2.7318878173828125,2.89642333984375,15248.554999999991,592.8819580078125,588.2511596679688,0.5841650366783142,0.4909650981426239,0.4266674816608429,0.4935444891452789,0.0,0.0
1828,1680003160.2484438,1829,2Item7,2023-03-28 17:02:40.248444,1050.0,369.0,1071.0,333.0,-1.0,-1.0,15256.792000000016,592.7219848632812,588.1358032226562,0.5837855339050293,0.4909888505935668,0.4263764023780822,0.4935208857059478,0.0,0.0
1829,1680003160.2570996,1830,2Item7,2023-03-28 17:02:40.257100,1053.0,373.0,1074.0,352.0,-1.0,-1.0,15265.109999999986,592.625244140625,588.1273803710938,0.5836501121520996,0.4910893440246582,0.4262146055698394,0.4934200644493103,0.0,0.0
1830,1680003160.2651317,1831,2Item7,2023-03-28 17:02:40.265131,1054.0,373.0,1077.0,355.0,2.61358642578125,2.9337615966796875,15273.47999999998,592.5528564453125,588.1528930664064,0.5833468437194824,0.4912110269069671,0.4259451031684875,0.49331596493721,0.0,0.0
1831,1680003160.2734823,1832,2Item7,2023-03-28 17:02:40.273482,1045.0,377.0,1064.0,345.0,-1.0,-1.0,15281.832999999984,592.375732421875,588.09423828125,0.5832597613334655,0.4915202558040618,0.42586150765419,0.4932921826839447,0.0,0.0
1832,1680003160.2819014,1833,2Item7,2023-03-28 17:02:40.281901,1008.0,382.0,1039.0,359.0,-1.0,-1.0,15290.250999999987,592.2761840820312,588.1397705078125,0.5833929181098938,0.4917353093624115,0.4260030090808868,0.4932682514190673,0.0,0.0
1833,1680003160.290159,1834,2Item7,2023-03-28 17:02:40.290159,1014.0,392.0,992.0,408.0,3.155975341796875,2.9535369873046875,15298.510000000007,592.2421875,588.204345703125,0.583215057849884,0.4918751120567321,0.4258506596088409,0.493186205625534,0.0,0.0
1834,1680003160.2985375,1835,2Item7,2023-03-28 17:02:40.298537,980.0,408.0,1001.0,407.0,-1.0,-1.0,15306.886,592.1314086914064,588.1640625,0.5830330848693847,0.4920274913311004,0.4257208704948425,0.493095576763153,0.0,0.0
1835,1680003160.3075542,1836,2Item7,2023-03-28 17:02:40.307554,993.0,396.0,1007.0,405.0,-1.0,-1.0,15315.90399999998,592.1121826171875,588.2144775390625,0.5831241607666015,0.4921654462814331,0.4257603585720062,0.4930068552494049,0.0,0.0
1836,1680003160.3150816,1837,2Item7,2023-03-28 17:02:40.315082,993.0,396.0,1009.0,399.0,3.0241241455078125,2.918365478515625,15323.430999999982,592.1453247070312,588.275634765625,0.5830841064453125,0.4922797381877899,0.4257032573223114,0.4929317831993103,0.0,0.0
1837,1680003160.3234468,1838,2Item7,2023-03-28 17:02:40.323447,994.0,403.0,1009.0,392.0,-1.0,-1.0,15331.79700000002,592.084228515625,588.2294311523438,0.5830395817756652,0.4924103915691375,0.4257363080978393,0.4928609430789947,0.0,0.0
1838,1680003160.3317823,1839,2Item7,2023-03-28 17:02:40.331782,987.0,408.0,1015.0,388.0,-1.0,-1.0,15340.133000000033,592.1024169921875,588.2698974609375,0.5832509398460388,0.4925483167171478,0.425934761762619,0.4927786290645599,0.0,0.0
1839,1680003160.3400936,1840,2Item7,2023-03-28 17:02:40.340094,987.0,408.0,1025.0,376.0,3.231292724609375,2.901351928710937,15348.443000000028,592.1502075195312,588.32861328125,0.5833684802055358,0.4927035570144653,0.4260258376598358,0.4926982522010803,0.0,0.0
1840,1680003160.3484054,1841,2Item7,2023-03-28 17:02:40.348405,994.0,399.0,1026.0,379.0,-1.0,-1.0,15356.753000000026,592.0715942382812,588.2680053710938,0.5834962129592896,0.4928210973739624,0.4261788427829742,0.4926710426807403,0.0,0.0
1841,1680003160.3568225,1842,2Item7,2023-03-28 17:02:40.356822,992.0,403.0,1026.0,379.0,-1.0,-1.0,15365.17300000001,592.0516357421875,588.2833862304688,0.5838170051574707,0.4929550886154174,0.426489382982254,0.4926266074180603,0.0,0.0
1842,1680003160.3651602,1843,2Item7,2023-03-28 17:02:40.365160,993.0,398.0,1021.0,390.0,2.7433624267578125,2.90399169921875,15373.510000000007,592.0599975585938,588.3198852539064,0.5840190649032592,0.4930846095085144,0.4266765713691711,0.4925945401191711,0.0,0.0
1843,1680003160.373458,1844,2Item7,2023-03-28 17:02:40.373458,988.0,394.0,1014.0,376.0,-1.0,-1.0,15381.80800000002,591.9752807617188,588.2377319335938,0.5841985940933228,0.4931883811950683,0.4268932938575744,0.4925912320613861,0.0,0.0
1844,1680003160.3817627,1845,2Item7,2023-03-28 17:02:40.381763,988.0,387.0,1010.0,391.0,-1.0,-1.0,15390.112000000025,591.9674072265625,588.2360229492188,0.5845823884010314,0.4933007657527923,0.4272470772266387,0.492593228816986,0.0,0.0
1845,1680003160.3901086,1846,2Item7,2023-03-28 17:02:40.390109,987.0,390.0,1003.0,380.0,2.8540802001953125,2.894622802734375,15398.459000000032,591.9990844726562,588.2675170898438,0.5847924947738647,0.4933964014053344,0.4274557530879974,0.4926017522811889,0.0,0.0
1846,1680003160.3983967,1847,2Item7,2023-03-28 17:02:40.398397,997.0,403.0,1005.0,386.0,-1.0,-1.0,15406.747000000032,591.93896484375,588.23486328125,0.584987461566925,0.493461400270462,0.4276784360408783,0.4926238358020782,0.0,0.0
1847,1680003160.406794,1848,2Item7,2023-03-28 17:02:40.406794,999.0,401.0,1002.0,384.0,-1.0,-1.0,15415.141999999993,591.9623413085938,588.3274536132812,0.5852754116058348,0.4935049414634704,0.4280056357383728,0.4926556348800659,0.0,0.0
1848,1680003160.4150906,1849,2Item7,2023-03-28 17:02:40.415091,999.0,401.0,1013.0,373.0,3.0210418701171875,2.84210205078125,15423.440000000002,592.0396728515625,588.4486694335938,0.5855234265327453,0.493621677160263,0.4281806349754333,0.4926820695400238,0.0,0.0
1849,1680003160.4235492,1850,2Item7,2023-03-28 17:02:40.423549,995.0,396.0,1009.0,367.0,-1.0,-1.0,15431.899000000034,592.04345703125,588.4892578125,0.5856707096099854,0.4936772584915161,0.4283470809459686,0.4927250444889068,0.0,0.0
1850,1680003160.4317384,1851,2Item7,2023-03-28 17:02:40.431738,985.0,408.0,1012.0,368.0,-1.0,-1.0,15440.087999999989,592.1592407226562,588.6325073242188,0.5859107375144958,0.4936567544937133,0.4286198318004608,0.4928039908409118,0.0,0.0
1851,1680003160.440081,1852,2Item7,2023-03-28 17:02:40.440081,985.0,409.0,994.0,378.0,3.0346832275390625,2.88177490234375,15448.430999999982,592.3512573242188,588.7970581054688,0.5860770344734191,0.493718534708023,0.4287135004997253,0.4928377270698547,0.0,0.0
1852,1680003160.448452,1853,2Item7,2023-03-28 17:02:40.448452,994.0,406.0,995.0,384.0,-1.0,-1.0,15456.801000000036,592.4786987304688,588.8726806640625,0.586161732673645,0.4937203228473663,0.4288200736045837,0.4929207861423492,0.0,0.0
1853,1680003160.4567623,1854,2Item7,2023-03-28 17:02:40.456762,1010.0,390.0,994.0,387.0,-1.0,-1.0,15465.111000000034,592.7061767578125,589.0390625,0.5863707661628723,0.4936745464801788,0.4290283024311065,0.4929980933666229,0.0,0.0
1854,1680003160.4650974,1855,2Item7,2023-03-28 17:02:40.465097,1010.0,390.0,997.0,388.0,2.6466217041015625,2.87518310546875,15473.448000000031,592.9822998046875,589.2152099609375,0.5863889455795288,0.4936844408512115,0.4290283918380737,0.4930336475372314,0.0,0.0
1855,1680003160.4737337,1856,2Item7,2023-03-28 17:02:40.473734,1013.0,385.0,997.0,395.0,-1.0,-1.0,15482.082999999984,593.1917724609375,589.29345703125,0.5863933563232421,0.4936798214912414,0.4290623664855957,0.4931342899799346,0.0,0.0
1856,1680003160.4818158,1857,2Item7,2023-03-28 17:02:40.481816,1003.0,386.0,1005.0,367.0,-1.0,-1.0,15490.16399999999,593.4976196289064,589.4470825195312,0.5865466594696044,0.4936257302761077,0.4291858077049255,0.4931872189044952,0.0,0.0
1857,1680003160.4901464,1858,2Item7,2023-03-28 17:02:40.490146,-1.0,-1.0,-1.0,-1.0,-1.0,-1.0,15498.497000000032,-1.0,-1.0,-1.0,-1.0,-1.0,-1.0,4.0,4.0
1858,1680003160.4984164,1859,2Item7,2023-03-28 17:02:40.498416,1000.0,387.0,1020.0,372.0,-1.0,-1.0,15506.766999999993,593.9822387695312,589.605712890625,0.5863888263702391,0.4935250878334045,0.4290747940540313,0.4933294057846069,0.0,0.0
1859,1680003160.5068388,1860,2Item7,2023-03-28 17:02:40.506839,1009.0,381.0,1011.0,385.0,-1.0,-1.0,15515.187000000034,594.269775390625,589.700439453125,0.5864999294281005,0.4934932887554168,0.4291494786739349,0.4933960139751434,0.0,0.0
1860,1680003160.5151646,1861,2Item7,2023-03-28 17:02:40.515165,1009.0,381.0,1013.0,374.0,3.2698974609375,2.87835693359375,15523.514000000025,594.56787109375,589.7922973632812,0.5863652229309082,0.4934478402137756,0.4290243089199066,0.4934546053409576,0.0,0.0
1861,1680003160.5234485,1862,2Item7,2023-03-28 17:02:40.523448,1008.0,397.0,1020.0,382.0,-1.0,-1.0,15531.79700000002,594.7615356445312,589.7714233398438,0.58621746301651,0.4933773279190063,0.4289604425430297,0.4935283958911895,0.0,0.0
1862,1680003160.5317378,1863,2Item7,2023-03-28 17:02:40.531738,995.0,407.0,1022.0,372.0,-1.0,-1.0,15540.087999999989,594.9924926757812,589.831787109375,0.5862980484962463,0.4932790398597717,0.4290217757225036,0.4935904741287231,0.0,0.0
1863,1680003160.5400565,1864,2Item7,2023-03-28 17:02:40.540056,-1.0,-1.0,1013.0,387.0,-1.0,2.896835327148437,15548.405000000028,-1.0,589.9007568359375,-1.0,-1.0,0.4288768172264099,0.4936423301696777,4.0,0.0
1864,1680003160.5483935,1865,2Item7,2023-03-28 17:02:40.548394,1000.0,401.0,1014.0,383.0,-1.0,-1.0,15556.744000000006,595.3042602539064,589.8594360351562,0.586027443408966,0.4932498037815094,0.4287759065628051,0.4936908185482025,0.0,0.0
1865,1680003160.556777,1866,2Item7,2023-03-28 17:02:40.556777,1005.0,400.0,998.0,402.0,-1.0,-1.0,15565.12699999998,595.4135131835938,589.90283203125,0.5860655307769775,0.4931512475013732,0.4288190603256225,0.4937251806259155,0.0,0.0
1866,1680003160.5651493,1867,2Item7,2023-03-28 17:02:40.565149,1005.0,400.0,998.0,394.0,3.3847198486328125,2.8373565673828125,15573.49800000002,595.5554809570312,589.9515380859375,0.5859754681587219,0.493144154548645,0.4286759495735168,0.4937487840652465,0.0,0.0
1867,1680003160.5734694,1868,2Item7,2023-03-28 17:02:40.573469,983.0,397.0,993.0,399.0,-1.0,-1.0,15581.820000000009,595.5481567382812,589.8935546875,0.5858176946640014,0.4930823147296905,0.4285644888877868,0.493771880865097,0.0,0.0
1868,1680003160.5817802,1869,2Item7,2023-03-28 17:02:40.581780,984.0,404.0,998.0,374.0,-1.0,-1.0,15590.130000000005,595.5547485351562,589.9235229492188,0.5859044194221495,0.49299356341362,0.4286394119262695,0.493786871433258,0.0,0.0
1869,1680003160.590108,1870,2Item7,2023-03-28 17:02:40.590108,984.0,403.0,999.0,387.0,2.9672088623046875,2.833984375,15598.457999999984,595.6008911132812,589.9640502929688,0.58576101064682,0.492939293384552,0.4285124242305755,0.4937705695629119,0.0,0.0
1870,1680003160.5984025,1871,2Item7,2023-03-28 17:02:40.598402,995.0,404.0,1007.0,401.0,-1.0,-1.0,15606.75,595.5032348632812,589.892578125,0.5856961011886596,0.4929979145526886,0.4284383952617645,0.4937789738178253,0.0,0.0
1871,1680003160.6067932,1872,2Item7,2023-03-28 17:02:40.606793,989.0,403.0,1009.0,404.0,-1.0,-1.0,15615.140000000014,595.4594116210938,589.9127807617188,0.5858561992645263,0.4929297566413879,0.4285581707954406,0.493742287158966,0.0,0.0
1872,1680003160.615154,1873,2Item7,2023-03-28 17:02:40.615154,989.0,411.0,1012.0,384.0,2.8042144775390625,2.801055908203125,15623.504000000015,595.4676513671875,589.9384765625,0.5858224034309387,0.4930073320865631,0.4284780323505401,0.4937310814857482,0.0,0.0
1873,1680003160.623398,1874,2Item7,2023-03-28 17:02:40.623398,968.0,399.0,1014.0,381.0,-1.0,-1.0,15631.744999999995,595.3450317382812,589.8567504882812,0.5857338905334472,0.4929876029491424,0.4284523427486419,0.4936989843845367,0.0,0.0
1874,1680003160.631723,1875,2Item7,2023-03-28 17:02:40.631723,978.0,382.0,1012.0,390.0,-1.0,-1.0,15640.073000000031,595.278076171875,589.8642578125,0.585975170135498,0.4930388033390045,0.4286049604415893,0.4936575293540954,0.0,0.0
1875,1680003160.6401095,1876,2Item7,2023-03-28 17:02:40.640110,972.0,373.0,1012.0,390.0,2.7960357666015625,2.76416015625,15648.457999999984,595.2345581054688,589.8815307617188,0.5859531164169312,0.4930544793605804,0.4285932481288909,0.493604689836502,0.0,0.0
1876,1680003160.6494937,1877,2Item7,2023-03-28 17:02:40.649494,1009.0,401.0,1012.0,369.0,-1.0,-1.0,15657.842000000004,595.1004028320312,589.7849731445312,0.5859875679016113,0.493074893951416,0.4286229610443115,0.493538349866867,0.0,0.0
1877,1680003160.6567223,1878,2Item7,2023-03-28 17:02:40.656722,1003.0,406.0,1011.0,373.0,-1.0,-1.0,15665.073000000031,595.0198364257812,589.7769165039064,0.5861999988555908,0.4930634498596191,0.4288260638713836,0.4934640824794769,0.0,0.0
1878,1680003160.6650984,1879,2Item7,2023-03-28 17:02:40.665098,1002.0,406.0,-1.0,-1.0,3.4209747314453125,-1.0,15673.448000000031,594.9757080078125,-1.0,0.5862796306610107,0.493149846792221,-1.0,-1.0,0.0,4.0
1879,1680003160.673382,1880,2Item7,2023-03-28 17:02:40.673382,991.0,396.0,1006.0,372.0,-1.0,-1.0,15681.733000000007,594.8377685546875,589.6860961914064,0.5863492488861084,0.4931778013706207,0.428951621055603,0.4933565258979797,0.0,0.0
1880,1680003160.6819067,1881,2Item7,2023-03-28 17:02:40.681907,994.0,382.0,1004.0,368.0,-1.0,-1.0,15690.256999999983,594.7491455078125,589.66845703125,0.5866491198539733,0.4932395815849304,0.4291993379592895,0.4932866394519805,0.0,0.0
1881,1680003160.6901853,1882,2Item7,2023-03-28 17:02:40.690185,994.0,382.0,997.0,384.0,3.1077423095703125,2.83880615234375,15698.535000000033,594.7003173828125,589.6632080078125,0.5867342948913574,0.4932673573493957,0.4292860031127929,0.4932169914245605,0.0,0.0
1882,1680003160.6984477,1883,2Item7,2023-03-28 17:02:40.698447,1003.0,383.0,1003.0,390.0,-1.0,-1.0,15706.79700000002,594.545654296875,589.5529174804688,0.5868191123008728,0.4933348894119262,0.4294104576110839,0.4931659400463104,0.0,0.0
1883,1680003160.7068782,1884,2Item7,2023-03-28 17:02:40.706878,1005.0,380.0,1014.0,392.0,-1.0,-1.0,15715.227000000014,594.44970703125,589.5364990234375,0.5871722698211669,0.4933953881263732,0.4296914637088775,0.4931132197380065,0.0,0.0
1884,1680003160.7150762,1885,2Item7,2023-03-28 17:02:40.715076,1005.0,380.0,-1.0,-1.0,3.192733764648437,-1.0,15723.426000000036,594.40234375,-1.0,0.5872687101364135,0.4934410452842712,-1.0,-1.0,0.0,4.0
1885,1680003160.7233891,1886,2Item7,2023-03-28 17:02:40.723389,992.0,379.0,1013.0,388.0,-1.0,-1.0,15731.739,594.2594604492188,589.443115234375,0.5873539447784423,0.4934545755386352,0.4298940598964691,0.4930203258991241,0.0,0.0
1886,1680003160.731742,1887,2Item7,2023-03-28 17:02:40.731742,981.0,388.0,1003.0,396.0,-1.0,-1.0,15740.092000000004,594.1959838867188,589.4390258789064,0.5876201391220092,0.4934716522693634,0.4301646649837493,0.4929937124252319,0.0,0.0
1887,1680003160.7400348,1888,2Item7,2023-03-28 17:02:40.740035,981.0,388.0,1006.0,392.0,2.5240936279296875,2.821868896484375,15748.385000000007,594.17236328125,589.4514770507812,0.5876772999763488,0.4934904873371124,0.4302242994308471,0.4929338991641998,0.0,0.0
1888,1680003160.748382,1889,2Item7,2023-03-28 17:02:40.748382,980.0,385.0,1003.0,394.0,-1.0,-1.0,15756.732000000018,594.0511474609375,589.366455078125,0.5878005623817443,0.4935731887817382,0.4303193688392639,0.4929066598415374,0.0,0.0
1889,1680003160.7567031,1890,2Item7,2023-03-28 17:02:40.756703,988.0,383.0,1011.0,393.0,-1.0,-1.0,15765.053000000014,594.0170288085938,589.3780517578125,0.5880604982376098,0.4936137497425079,0.4305160045623779,0.4929378032684326,0.0,0.0
1890,1680003160.765042,1891,2Item7,2023-03-28 17:02:40.765042,988.0,383.0,-1.0,-1.0,3.0936279296875,-1.0,15773.391000000003,594.0311279296875,-1.0,0.588080644607544,0.4936155378818512,-1.0,-1.0,0.0,4.0
1891,1680003160.7733867,1892,2Item7,2023-03-28 17:02:40.773387,-1.0,-1.0,-1.0,-1.0,-1.0,-1.0,15781.736000000034,-1.0,-1.0,-1.0,-1.0,-1.0,-1.0,4.0,4.0
1892,1680003160.7817287,1893,2Item7,2023-03-28 17:02:40.781729,989.0,383.0,1013.0,378.0,-1.0,-1.0,15790.080000000016,593.9658203125,589.3591918945312,0.5882172584533691,0.4936564564704895,0.430665910243988,0.4929766952991485,0.0,0.0
1893,1680003160.7900376,1894,2Item7,2023-03-28 17:02:40.790038,989.0,382.0,1023.0,371.0,3.150909423828125,2.7732391357421875,15798.388000000035,593.9872436523438,589.3992919921875,0.5881834030151367,0.4936652183532714,0.4306491017341613,0.4929787814617157,0.0,0.0
1894,1680003160.798462,1895,2Item7,2023-03-28 17:02:40.798462,994.0,397.0,1023.0,362.0,-1.0,-1.0,15806.812000000034,593.9197998046875,589.3341674804688,0.5881016850471495,0.4936832189559936,0.4305225908756256,0.4930604100227356,0.0,0.0
1895,1680003160.8066988,1896,2Item7,2023-03-28 17:02:40.806699,996.0,389.0,1022.0,381.0,-1.0,-1.0,15815.043999999994,593.9237060546875,589.3607177734375,0.5881966948509216,0.4936722815036773,0.4306116998195648,0.4930989146232605,0.0,0.0
1896,1680003160.8151853,1897,2Item7,2023-03-28 17:02:40.815185,996.0,388.0,1006.0,389.0,3.0548858642578125,2.773193359375,15823.535000000033,593.9402465820312,589.3839111328125,0.5881041288375854,0.4936647117137908,0.4304888844490051,0.4930976927280426,0.0,0.0
1897,1680003160.823403,1898,2Item7,2023-03-28 17:02:40.823403,991.0,379.0,1013.0,404.0,-1.0,-1.0,15831.753000000026,593.8565673828125,589.3057861328125,0.5879486203193665,0.4936765432357788,0.4303657114505767,0.493182748556137,0.0,0.0
1898,1680003160.8317342,1899,2Item7,2023-03-28 17:02:40.831734,1001.0,383.0,998.0,404.0,-1.0,-1.0,15840.081999999997,593.8311157226562,589.322265625,0.5880143046379089,0.4936583936214447,0.430411010980606,0.493201196193695,0.0,0.0
1899,1680003160.840139,1900,2Item7,2023-03-28 17:02:40.840139,1003.0,382.0,1007.0,366.0,2.5621337890625,2.6883544921875,15848.489,593.8248291015625,589.3347778320312,0.5878152251243591,0.4936386346817016,0.4302471280097961,0.4932318925857543,0.0,0.0
1900,1680003160.8483596,1901,2Item7,2023-03-28 17:02:40.848360,997.0,381.0,1002.0,397.0,-1.0,-1.0,15856.709000000032,593.72265625,589.245361328125,0.5876583456993103,0.4936318695545196,0.4300673604011535,0.4932705163955688,0.0,0.0
1901,1680003160.8567443,1902,2Item7,2023-03-28 17:02:40.856744,965.0,398.0,1044.0,360.0,-1.0,-1.0,15865.092999999992,593.6942138671875,589.2337036132812,0.587631344795227,0.4935875535011291,0.4300736188888549,0.493292212486267,0.0,0.0
1902,1680003160.8650377,1903,2Item7,2023-03-28 17:02:40.865038,-1.0,-1.0,-1.0,-1.0,-1.0,-1.0,15873.388000000035,-1.0,-1.0,-1.0,-1.0,-1.0,-1.0,4.0,4.0
1903,1680003160.8734362,1904,2Item7,2023-03-28 17:02:40.873436,982.0,397.0,1044.0,360.0,-1.0,-1.0,15881.786000000022,593.6303100585938,589.1334838867188,0.5872926712036132,0.493599385023117,0.4297061264514923,0.4933499693870544,0.0,0.0
1904,1680003160.8817663,1905,2Item7,2023-03-28 17:02:40.881766,1009.0,382.0,1007.0,366.0,-1.0,-1.0,15890.117000000027,593.6347045898438,589.110595703125,0.587332010269165,0.4936202764511108,0.4297126531600952,0.4933688640594482,0.0,0.0
1905,1680003160.8901825,1906,2Item7,2023-03-28 17:02:40.890182,1009.0,382.0,-1.0,-1.0,2.485809326171875,-1.0,15898.532000000008,593.6914672851562,-1.0,0.587131381034851,0.4935886561870575,-1.0,-1.0,0.0,4.0
1906,1680003160.8984337,1907,2Item7,2023-03-28 17:02:40.898434,999.0,387.0,989.0,378.0,-1.0,-1.0,15906.782999999996,593.6390991210938,588.9909057617188,0.5869408845901489,0.4936218857765197,0.4293713569641113,0.4934263527393341,0.0,0.0
1907,1680003160.9067843,1908,2Item7,2023-03-28 17:02:40.906785,995.0,384.0,1010.0,367.0,-1.0,-1.0,15915.13400000002,593.6441040039064,588.9589233398438,0.5870112180709838,0.4936470687389373,0.4294062852859497,0.4934530854225158,0.0,0.0
1908,1680003160.915125,1909,2Item7,2023-03-28 17:02:40.915125,996.0,396.0,1013.0,380.0,3.188018798828125,2.757354736328125,15923.473999999987,593.689208984375,588.919189453125,0.586867868900299,0.4936560690402984,0.4292801618576049,0.4934076964855194,0.0,0.0
1909,1680003160.923576,1910,2Item7,2023-03-28 17:02:40.923576,999.0,389.0,1020.0,399.0,-1.0,-1.0,15931.927000000023,593.6232299804688,588.7845458984375,0.5867193937301635,0.4936820268630981,0.4291557967662811,0.493468552827835,0.0,0.0
1910,1680003160.9317882,1911,2Item7,2023-03-28 17:02:40.931788,998.0,393.0,1006.0,406.0,-1.0,-1.0,15940.138000000035,593.6221923828125,588.744384765625,0.5868230462074279,0.493736445903778,0.4292254447937011,0.4935443103313446,0.0,0.0
1911,1680003160.9400444,1912,2Item7,2023-03-28 17:02:40.940044,998.0,393.0,996.0,403.0,3.093658447265625,2.9662017822265625,15948.394000000028,593.6510620117188,588.70068359375,0.5867363214492797,0.4937497377395629,0.429148256778717,0.4935500025749206,0.0,0.0
1912,1680003160.948386,1913,2Item7,2023-03-28 17:02:40.948386,987.0,389.0,971.0,402.0,-1.0,-1.0,15956.737000000025,593.5488891601562,588.569580078125,0.5866400599479675,0.4937749207019805,0.4291099309921264,0.4935832917690277,0.0,0.0
1913,1680003160.956712,1914,2Item7,2023-03-28 17:02:40.956712,968.0,407.0,974.0,401.0,-1.0,-1.0,15965.062000000034,593.4937133789064,588.5368041992188,0.5867299437522888,0.4937605857849121,0.4292214810848236,0.4936082363128662,0.0,0.0
1914,1680003160.9650936,1915,2Item7,2023-03-28 17:02:40.965094,-1.0,-1.0,-1.0,-1.0,-1.0,-1.0,15973.444000000018,-1.0,-1.0,-1.0,-1.0,-1.0,-1.0,4.0,4.0
1915,1680003160.9733503,1916,2Item7,2023-03-28 17:02:40.973350,974.0,424.0,1004.0,392.0,-1.0,-1.0,15981.699000000022,593.3587646484375,588.4307250976562,0.5867336988449096,0.4939156770706176,0.4291909337043762,0.4936544597148895,0.0,0.0
1916,1680003160.9817522,1917,2Item7,2023-03-28 17:02:40.981752,977.0,428.0,998.0,399.0,-1.0,-1.0,15990.102000000014,593.296142578125,588.435302734375,0.5868708491325378,0.4938963949680328,0.4293457865715026,0.4936606884002685,0.0,0.0
1917,1680003160.9900784,1918,2Item7,2023-03-28 17:02:40.990078,974.0,424.0,993.0,402.0,2.9921875,2.8286590576171875,15998.429000000004,593.2615356445312,588.4608764648438,0.5869079232215881,0.4939433634281158,0.4293357729911804,0.4936603307723999,0.0,0.0
1918,1680003160.9984057,1919,2Item7,2023-03-28 17:02:40.998405,983.0,420.0,986.0,408.0,-1.0,-1.0,16006.755999999994,593.130126953125,588.3912353515625,0.5868955850601196,0.4939893186092376,0.4293707311153411,0.4936960935592651,0.0,0.0
1919,1680003161.0067854,1920,2Item7,2023-03-28 17:02:41.006785,997.0,408.0,974.0,408.0,-1.0,-1.0,16015.133000000033,593.0789184570312,588.419921875,0.5870999097824096,0.4939894080162048,0.4295323491096496,0.493676483631134,0.0,0.0
1920,1680003161.0151365,1921,2Item7,2023-03-28 17:02:41.015136,997.0,408.0,977.0,415.0,2.9036407470703125,2.855621337890625,16023.486000000034,593.06103515625,588.488037109375,0.5871078968048095,0.4940055906772613,0.4295397400856018,0.4936896562576293,0.0,0.0
1921,1680003161.0233495,1922,2Item7,2023-03-28 17:02:41.023350,1002.0,403.0,978.0,397.0,-1.0,-1.0,16031.700000000012,592.9678955078125,588.466796875,0.5871241092681884,0.4940526485443115,0.4295805394649505,0.4936859607696533,0.0,0.0
1922,1680003161.031714,1923,2Item7,2023-03-28 17:02:41.031714,1000.0,404.0,996.0,386.0,-1.0,-1.0,16040.063000000024,592.968505859375,588.54736328125,0.5873317718505859,0.4940565824508667,0.4297694265842437,0.493675023317337,0.0,0.0
1923,1680003161.0400374,1924,2Item7,2023-03-28 17:02:41.040037,1001.0,403.0,991.0,392.0,2.669891357421875,2.897491455078125,16048.388000000035,593.007568359375,588.6633911132812,0.5873475670814514,0.4940921068191528,0.4297724366188049,0.4937002658843994,0.0,0.0
1924,1680003161.048422,1925,2Item7,2023-03-28 17:02:41.048422,979.0,396.0,990.0,383.0,-1.0,-1.0,16056.771999999995,592.970947265625,588.6763916015625,0.5873554348945617,0.4940899610519409,0.4298250079154968,0.4937160015106201,0.0,0.0
1925,1680003161.0566952,1926,2Item7,2023-03-28 17:02:41.056695,971.0,399.0,980.0,389.0,-1.0,-1.0,16065.044999999984,593.0244140625,588.7782592773438,0.5875988602638244,0.4941532611846923,0.4300410449504852,0.4936983585357666,0.0,0.0
1926,1680003161.0650847,1927,2Item7,2023-03-28 17:02:41.065085,962.0,396.0,998.0,355.0,2.874298095703125,2.651397705078125,16073.434999999998,593.113525390625,588.8912963867188,0.587644338607788,0.4941892921924591,0.4300670027732849,0.4937242567539215,0.0,0.0
1927,1680003161.073442,1928,2Item7,2023-03-28 17:02:41.073442,978.0,406.0,1001.0,358.0,-1.0,-1.0,16081.792000000016,593.1002197265625,588.8980102539064,0.5876498222351074,0.4941825568675994,0.4301214814186096,0.4937361180782318,0.0,0.0
1928,1680003161.0819736,1929,2Item7,2023-03-28 17:02:41.081974,986.0,403.0,1004.0,355.0,-1.0,-1.0,16090.324000000022,593.1519165039064,588.9880981445312,0.5878840088844299,0.4942174553871154,0.4303440153598785,0.4937317371368408,0.0,0.0
1929,1680003161.0900228,1930,2Item7,2023-03-28 17:02:41.090023,-1.0,-1.0,989.0,377.0,-1.0,2.8597564697265625,16098.37300000002,-1.0,589.0809326171875,-1.0,-1.0,0.4303890466690063,0.4937375783920288,4.0,0.0
1930,1680003161.0984566,1931,2Item7,2023-03-28 17:02:41.098457,1006.0,424.0,990.0,384.0,-1.0,-1.0,16106.79800000001,593.19775390625,589.0560913085938,0.5879852771759033,0.494266390800476,0.4304519891738891,0.4937342405319213,0.0,0.0
1931,1680003161.1070764,1932,2Item7,2023-03-28 17:02:41.107076,1002.0,418.0,991.0,417.0,-1.0,-1.0,16115.426000000036,593.2321166992188,589.1041259765625,0.5882332921028137,0.494329959154129,0.4306283593177795,0.4936545193195343,0.0,0.0
1932,1680003161.115197,1933,2Item7,2023-03-28 17:02:41.115197,991.0,418.0,976.0,415.0,2.773468017578125,2.95062255859375,16123.543999999994,593.3053588867188,589.1466674804688,0.5882730484008789,0.4943042695522308,0.4307215213775634,0.4937072396278381,0.0,0.0
1933,1680003161.1234035,1934,2Item7,2023-03-28 17:02:41.123404,990.0,390.0,972.0,408.0,-1.0,-1.0,16131.754000000015,593.2603759765625,589.0718994140625,0.5883101820945739,0.4943512082099914,0.4307862520217895,0.4937125742435455,0.0,0.0
1934,1680003161.131768,1935,2Item7,2023-03-28 17:02:41.131768,984.0,410.0,1001.0,361.0,-1.0,-1.0,16140.118000000017,593.2708129882812,589.0772094726562,0.5885081887245178,0.4943194389343261,0.430995225906372,0.4936851561069488,0.0,0.0
1935,1680003161.1400192,1936,2Item7,2023-03-28 17:02:41.140019,-1.0,-1.0,-1.0,-1.0,-1.0,-1.0,16148.368000000017,-1.0,-1.0,-1.0,-1.0,-1.0,-1.0,4.0,4.0
1936,1680003161.148348,1937,2Item7,2023-03-28 17:02:41.148348,987.0,414.0,1011.0,380.0,-1.0,-1.0,16156.696999999986,593.2540893554688,589.018310546875,0.588574469089508,0.4943756163120269,0.4310894310474395,0.4936394691467285,0.0,0.0
1937,1680003161.1567044,1938,2Item7,2023-03-28 17:02:41.156704,984.0,422.0,995.0,401.0,-1.0,-1.0,16165.054000000004,593.2533569335938,589.0322875976562,0.5887343883514404,0.4942903518676757,0.4312709271907806,0.4936608672142028,0.0,0.0
1938,1680003161.16501,1939,2Item7,2023-03-28 17:02:41.165010,988.0,420.0,-1.0,-1.0,2.7767333984375,-1.0,16173.359999999986,593.2793579101562,-1.0,0.5888152122497557,0.4943739771842956,-1.0,-1.0,0.0,4.0
1939,1680003161.1733654,1940,2Item7,2023-03-28 17:02:41.173365,979.0,418.0,996.0,392.0,-1.0,-1.0,16181.715000000026,593.202880859375,588.996337890625,0.5888007283210754,0.4943860173225402,0.4313114583492279,0.4936661720275878,0.0,0.0
1940,1680003161.1816804,1941,2Item7,2023-03-28 17:02:41.181680,991.0,388.0,1000.0,397.0,-1.0,-1.0,16190.027000000002,593.2030029296875,589.0296020507812,0.5890158414840698,0.4944052100181579,0.431493192911148,0.4936583340167999,0.0,0.0
1941,1680003161.1900177,1942,2Item7,2023-03-28 17:02:41.190018,992.0,387.0,991.0,406.0,2.8574371337890625,2.898422241210937,16198.368000000017,593.2352905273438,589.0651245117188,0.589001476764679,0.4943872094154357,0.4314777553081512,0.4936533868312835,0.0,0.0
1942,1680003161.1983626,1943,2Item7,2023-03-28 17:02:41.198363,1007.0,385.0,988.0,405.0,-1.0,-1.0,16206.71100000001,593.1841430664064,589.010498046875,0.5890015959739685,0.4944088459014892,0.4315198957920074,0.4936586320400238,0.0,0.0
1943,1680003161.2067883,1944,2Item7,2023-03-28 17:02:41.206788,1019.0,384.0,997.0,385.0,-1.0,-1.0,16215.138000000035,593.2181396484375,589.05859375,0.5891889333724974,0.4943985342979431,0.4316720366477966,0.4936595857143402,0.0,0.0
1944,1680003161.2150187,1945,2Item7,2023-03-28 17:02:41.215019,1019.0,384.0,993.0,385.0,2.926727294921875,2.80841064453125,16223.369000000006,593.2850341796875,589.1084594726562,0.5891677141189575,0.4943812489509582,0.4316377639770507,0.4936547577381134,0.0,0.0
1945,1680003161.223358,1946,2Item7,2023-03-28 17:02:41.223358,1012.0,383.0,993.0,384.0,-1.0,-1.0,16231.705000000016,593.2615356445312,589.0850219726562,0.5891267657279968,0.4943985939025878,0.4316535592079162,0.4936617910861969,0.0,0.0
1946,1680003161.2316654,1947,2Item7,2023-03-28 17:02:41.231665,1004.0,374.0,990.0,383.0,-1.0,-1.0,16240.016000000003,593.3168334960938,589.1614990234375,0.5893188118934631,0.4943960905075073,0.4318022727966308,0.4936478734016418,0.0,0.0
1947,1680003161.2400234,1948,2Item7,2023-03-28 17:02:41.240023,1004.0,375.0,991.0,389.0,2.85174560546875,2.87603759765625,16248.37300000002,593.3947143554688,589.2568359375,0.589223027229309,0.4943392872810363,0.4317705333232879,0.4936489462852478,0.0,0.0
1948,1680003161.2483969,1949,2Item7,2023-03-28 17:02:41.248397,993.0,414.0,988.0,386.0,-1.0,-1.0,16256.747000000032,593.3650512695312,589.24560546875,0.5892763137817382,0.4944003224372863,0.4317818582057952,0.4936510622501373,0.0,0.0
1949,1680003161.2567267,1950,2Item7,2023-03-28 17:02:41.256727,994.0,415.0,993.0,385.0,-1.0,-1.0,16265.076,593.3892822265625,589.32080078125,0.589448869228363,0.4943866729736328,0.4319377243518829,0.4936486184597015,0.0,0.0
1950,1680003161.265005,1951,2Item7,2023-03-28 17:02:41.265005,1000.0,423.0,994.0,388.0,2.975830078125,2.7822418212890625,16273.353999999992,593.4288940429688,589.4028930664064,0.5893961191177368,0.4943701922893524,0.4318943917751312,0.4936559200286865,0.0,0.0
1951,1680003161.273424,1952,2Item7,2023-03-28 17:02:41.273424,1011.0,386.0,993.0,384.0,-1.0,-1.0,16281.772999999986,593.3508911132812,589.375244140625,0.5894029736518859,0.4943950474262237,0.4319071769714355,0.4936808347702026,0.0,0.0
1952,1680003161.281667,1953,2Item7,2023-03-28 17:02:41.281667,981.0,455.0,987.0,395.0,-1.0,-1.0,16290.016000000003,593.3380737304688,589.4444580078125,0.5895290374755859,0.4943511188030242,0.4320672452449798,0.493665874004364,0.0,0.0
1953,1680003161.2900994,1954,2Item7,2023-03-28 17:02:41.290099,1014.0,401.0,983.0,394.0,2.795928955078125,3.089080810546875,16298.448000000031,593.3497314453125,589.517333984375,0.5895764827728271,0.494397222995758,0.4320482313632965,0.4936685860157012,0.0,0.0
1954,1680003161.2989562,1955,2Item7,2023-03-28 17:02:41.298956,992.0,429.0,962.0,411.0,-1.0,-1.0,16307.303000000014,593.2550048828125,589.4804077148438,0.5895541310310363,0.4944067299365997,0.4320737123489379,0.4936504662036895,0.0,0.0
1955,1680003161.3072982,1956,2Item7,2023-03-28 17:02:41.307298,1002.0,407.0,989.0,363.0,-1.0,-1.0,16315.646999999995,593.2366333007812,589.5408935546875,0.5897683501243591,0.4944405853748321,0.4322492182254791,0.4936601221561431,0.0,0.0
1956,1680003161.3150196,1957,2Item7,2023-03-28 17:02:41.315020,975.0,390.0,986.0,378.0,2.599105834960937,2.8751678466796875,16323.369999999995,593.254638671875,589.5989379882812,0.5897543430328369,0.4944294393062591,0.4322465062141418,0.4936629831790924,0.0,0.0
1957,1680003161.3233724,1958,2Item7,2023-03-28 17:02:41.323372,977.0,395.0,992.0,374.0,-1.0,-1.0,16331.72100000002,593.1734619140625,589.546630859375,0.5897852182388305,0.4944657087326049,0.432270348072052,0.4936913251876831,0.0,0.0
1958,1680003161.3316622,1959,2Item7,2023-03-28 17:02:41.331662,977.0,407.0,991.0,392.0,-1.0,-1.0,16340.011999999988,593.1775512695312,589.5817260742188,0.589947521686554,0.4943942427635192,0.4324693083763122,0.4936602115631103,0.0,0.0
1959,1680003161.3401172,1960,2Item7,2023-03-28 17:02:41.340117,977.0,407.0,997.0,416.0,2.94970703125,2.848358154296875,16348.466000000017,593.2359619140625,589.6277465820312,0.5899350643157959,0.4944008588790893,0.4324678182601928,0.4936601519584655,0.0,0.0
1960,1680003161.348425,1961,2Item7,2023-03-28 17:02:41.348425,1002.0,420.0,998.0,409.0,-1.0,-1.0,16356.774000000034,593.2136840820312,589.56591796875,0.5899974703788757,0.4944982528686523,0.4325337409973144,0.4936372935771942,0.0,0.0
1961,1680003161.356682,1962,2Item7,2023-03-28 17:02:41.356682,1002.0,411.0,1006.0,395.0,-1.0,-1.0,16365.032000000008,593.2903442382812,589.5890502929688,0.5902058482170105,0.4945590496063232,0.4327071607112884,0.4936542212963104,0.0,0.0
1962,1680003161.3649993,1963,2Item7,2023-03-28 17:02:41.364999,988.0,415.0,-1.0,-1.0,2.9097900390625,-1.0,16373.347000000009,593.4118041992188,-1.0,0.5901741385459899,0.4945093095302581,-1.0,-1.0,0.0,4.0
1963,1680003161.373421,1964,2Item7,2023-03-28 17:02:41.373421,972.0,397.0,994.0,391.0,-1.0,-1.0,16381.771000000008,593.4515380859375,589.5570068359375,0.590213656425476,0.4945765137672424,0.4327583611011505,0.4936562478542327,0.0,0.0
1964,1680003161.3818028,1965,2Item7,2023-03-28 17:02:41.381803,979.0,400.0,989.0,395.0,-1.0,-1.0,16390.15299999999,593.5728759765625,589.5814819335938,0.5904192924499511,0.4945777356624603,0.4329625368118286,0.4936316609382629,0.0,0.0
1965,1680003161.390105,1966,2Item7,2023-03-28 17:02:41.390105,983.0,405.0,1002.0,378.0,2.8262939453125,2.7190093994140625,16398.454000000027,593.7428588867188,589.6218872070312,0.5904473662376403,0.4946417212486267,0.4329975843429565,0.4936743378639221,0.0,0.0
1966,1680003161.3983717,1967,2Item7,2023-03-28 17:02:41.398371,976.0,412.0,1004.0,376.0,-1.0,-1.0,16406.72200000001,593.7904052734375,589.557861328125,0.5904093980789183,0.4945939183235168,0.4330072402954101,0.4936041533946991,0.0,0.0
1967,1680003161.406693,1968,2Item7,2023-03-28 17:02:41.406693,958.0,415.0,1006.0,376.0,-1.0,-1.0,16415.041000000027,593.8775024414064,589.5877075195312,0.5906179547309875,0.4946751594543457,0.4332122802734375,0.4935951828956604,0.0,0.0
1968,1680003161.4150045,1969,2Item7,2023-03-28 17:02:41.415004,958.0,415.0,1003.0,381.0,3.21875,2.8433380126953125,16423.35499999998,594.0101928710938,589.624755859375,0.590675950050354,0.4947212636470794,0.4331967234611511,0.4935589134693145,0.0,0.0
1969,1680003161.423339,1970,2Item7,2023-03-28 17:02:41.423339,968.0,406.0,1001.0,387.0,-1.0,-1.0,16431.688000000024,594.0140380859375,589.5540771484375,0.5906348228454589,0.4946692585945129,0.4332197606563568,0.4935158491134643,0.0,0.0
1970,1680003161.431664,1971,2Item7,2023-03-28 17:02:41.431664,971.0,405.0,1006.0,389.0,-1.0,-1.0,16440.014000000025,594.0540161132812,589.569580078125,0.5908672213554382,0.4947570264339447,0.4333997666835784,0.4935337603092193,0.0,0.0
1971,1680003161.439997,1972,2Item7,2023-03-28 17:02:41.439997,971.0,405.0,1013.0,389.0,3.4775848388671875,2.709136962890625,16448.34700000001,594.1140747070312,589.5889892578125,0.5908374786376953,0.4947226047515869,0.433352380990982,0.4933992624282836,0.0,0.0
1972,1680003161.4483883,1973,2Item7,2023-03-28 17:02:41.448388,995.0,415.0,1010.0,377.0,-1.0,-1.0,16456.728999999992,594.0433959960938,589.5035400390625,0.5907860994338989,0.4946823418140411,0.4333828687667846,0.4934508800506591,0.0,0.0
1973,1680003161.4566927,1974,2Item7,2023-03-28 17:02:41.456693,998.0,406.0,1025.0,394.0,-1.0,-1.0,16465.043000000005,594.0215454101562,589.5059814453125,0.5909901857376098,0.4947366416454315,0.4335137009620666,0.4934437572956085,0.0,0.0
1974,1680003161.4650116,1975,2Item7,2023-03-28 17:02:41.465012,998.0,410.0,1004.0,377.0,2.928680419921875,2.8062896728515625,16473.358999999997,593.9871215820312,589.51171875,0.5909254550933837,0.4946943819522857,0.4334286153316497,0.493369311094284,0.0,0.0
1975,1680003161.4733677,1976,2Item7,2023-03-28 17:02:41.473368,998.0,410.0,1001.0,378.0,-1.0,-1.0,16481.717999999993,593.8377685546875,589.413330078125,0.5908687114715576,0.4947263598442077,0.4334337413311004,0.4934072494506835,0.0,0.0
1976,1680003161.4817803,1977,2Item7,2023-03-28 17:02:41.481781,997.0,403.0,983.0,386.0,-1.0,-1.0,16490.130999999994,593.7461547851562,589.4034423828125,0.5909335017204284,0.494670569896698,0.4335273802280426,0.4933835566043853,0.0,0.0
1977,1680003161.4902985,1978,2Item7,2023-03-28 17:02:41.490299,991.0,399.0,-1.0,-1.0,2.866180419921875,-1.0,16498.647999999986,593.685791015625,-1.0,0.5909143090248107,0.4947165846824646,-1.0,-1.0,0.0,4.0
1978,1680003161.498471,1979,2Item7,2023-03-28 17:02:41.498471,988.0,386.0,988.0,391.0,-1.0,-1.0,16506.820999999996,593.539794921875,589.3184204101562,0.5908241868019104,0.4947305023670196,0.4333877265453338,0.4934018850326538,0.0,0.0
1979,1680003161.5066824,1980,2Item7,2023-03-28 17:02:41.506682,998.0,380.0,990.0,384.0,-1.0,-1.0,16515.030000000028,593.4569702148438,589.3168334960938,0.5909136533737182,0.4947586357593536,0.4334602355957031,0.4934230744838714,0.0,0.0
1980,1680003161.5150137,1981,2Item7,2023-03-28 17:02:41.515014,1000.0,376.0,990.0,392.0,2.9944000244140625,2.836410522460937,16523.363000000012,593.4439697265625,589.316650390625,0.590761125087738,0.4947537183761596,0.4333382844924926,0.4934055805206298,0.0,0.0
1981,1680003161.5233512,1982,2Item7,2023-03-28 17:02:41.523351,982.0,412.0,983.0,399.0,-1.0,-1.0,16531.70199999999,593.3430786132812,589.2261352539064,0.5906433463096618,0.4949108958244323,0.4333022236824035,0.493629902601242,0.0,0.0
1982,1680003161.5317,1983,2Item7,2023-03-28 17:02:41.531700,966.0,447.0,999.0,444.0,-1.0,-1.0,16540.049,593.3101196289064,589.240478515625,0.5906502604484558,0.4949295222759246,0.4333759844303131,0.4936970174312591,0.0,0.0
1983,1680003161.5400908,1984,2Item7,2023-03-28 17:02:41.540091,970.0,456.0,986.0,448.0,2.9252166748046875,2.8793487548828125,16548.44099999999,593.31689453125,589.2658081054688,0.590577721595764,0.4950318038463592,0.4332251548767089,0.4937311708927154,0.0,0.0
1984,1680003161.5484922,1985,2Item7,2023-03-28 17:02:41.548492,993.0,465.0,983.0,432.0,-1.0,-1.0,16556.842999999993,593.2522583007812,589.2003173828125,0.5904350876808167,0.4950340092182159,0.4330891966819763,0.493770033121109,0.0,0.0
1985,1680003161.556712,1986,2Item7,2023-03-28 17:02:41.556712,987.0,459.0,970.0,436.0,-1.0,-1.0,16565.062000000034,593.3296508789064,589.2415161132812,0.5904192924499511,0.4949891269207,0.4331428706645965,0.4938007295131683,0.0,0.0
1986,1680003161.564981,1987,2Item7,2023-03-28 17:02:41.564981,976.0,444.0,965.0,458.0,2.6787109375,2.850341796875,16573.331000000006,593.4776000976562,589.3054809570312,0.5902432203292846,0.4950229525566101,0.4329856932163238,0.4937950670719146,0.0,0.0
1987,1680003161.5734465,1988,2Item7,2023-03-28 17:02:41.573447,975.0,445.0,972.0,454.0,-1.0,-1.0,16581.793000000005,593.5701904296875,589.2705688476562,0.5901887416839598,0.495059847831726,0.4328686892986297,0.4938410520553588,0.0,0.0
1988,1680003161.5816424,1989,2Item7,2023-03-28 17:02:41.581642,978.0,444.0,980.0,447.0,-1.0,-1.0,16589.993000000017,593.7882080078125,589.3285522460938,0.5901840329170227,0.4950058460235595,0.432915449142456,0.4938656091690063,0.0,0.0
1989,1680003161.590099,1990,2Item7,2023-03-28 17:02:41.590099,967.0,448.0,982.0,445.0,2.800155639648437,2.902496337890625,16598.446999999986,594.046875,589.4027099609375,0.5900916457176208,0.4950697422027587,0.4327834844589233,0.4938320219516754,0.0,0.0
1990,1680003161.5983822,1991,2Item7,2023-03-28 17:02:41.598382,967.0,448.0,986.0,450.0,-1.0,-1.0,16606.732000000018,594.2340087890625,589.3527221679688,0.5899207592010498,0.4949750900268554,0.4326804876327514,0.4938829839229583,0.0,0.0
1991,1680003161.6067595,1992,2Item7,2023-03-28 17:02:41.606760,980.0,452.0,982.0,466.0,-1.0,-1.0,16615.109999999986,594.5015869140625,589.3875732421875,0.5900073051452636,0.4950681030750274,0.4327238798141479,0.4939005672931671,0.0,0.0
1992,1680003161.615028,1993,2Item7,2023-03-28 17:02:41.615028,981.0,459.0,990.0,449.0,2.9340057373046875,2.9053497314453125,16623.37699999998,594.8041381835938,589.421630859375,0.5898770689964294,0.4950746297836303,0.4326010346412658,0.4938833117485046,0.0,0.0
1993,1680003161.6233006,1994,2Item7,2023-03-28 17:02:41.623301,983.0,453.0,987.0,452.0,-1.0,-1.0,16631.651000000013,595.0171508789064,589.3355102539064,0.5897067785263062,0.4950747191905975,0.4325106143951416,0.4938896596431732,0.0,0.0
1994,1680003161.631645,1995,2Item7,2023-03-28 17:02:41.631645,984.0,458.0,993.0,458.0,-1.0,-1.0,16639.994999999995,595.30419921875,589.3364868164064,0.5898048877716064,0.4951253533363342,0.4325578808784484,0.493984580039978,0.0,0.0
1995,1680003161.639966,1996,2Item7,2023-03-28 17:02:41.639966,984.0,458.0,996.0,458.0,2.813446044921875,2.886871337890625,16648.315000000002,595.57470703125,589.3477783203125,0.5896543860435485,0.4951218962669372,0.4324376881122589,0.4939696788787841,0.0,0.0
1996,1680003161.648315,1997,2Item7,2023-03-28 17:02:41.648315,964.0,445.0,989.0,441.0,-1.0,-1.0,16656.66499999998,595.7181396484375,589.2603149414064,0.5894762277603149,0.4950758218765258,0.4323408007621765,0.4940397143363952,0.0,0.0
1997,1680003161.6566477,1998,2Item7,2023-03-28 17:02:41.656648,963.0,444.0,975.0,436.0,-1.0,-1.0,16664.997000000032,595.870849609375,589.27392578125,0.5896281003952026,0.4951807260513305,0.4324084520339965,0.4940731227397918,0.0,0.0
1998,1680003161.6649733,1999,2Item7,2023-03-28 17:02:41.664973,964.0,445.0,983.0,430.0,2.786376953125,2.8226470947265625,16673.321999999986,595.9498901367188,589.3078002929688,0.589496374130249,0.4951919317245483,0.432287573814392,0.4940895736217498,0.0,0.0
1999,1680003161.6733482,2000,2Item7,2023-03-28 17:02:41.673348,980.0,438.0,989.0,429.0,-1.0,-1.0,16681.698000000033,595.834716796875,589.2455444335938,0.5893791317939758,0.495233416557312,0.4322034120559692,0.4941256642341613,0.0,0.0
2000,1680003161.6817026,2001,2Item7,2023-03-28 17:02:41.681703,981.0,432.0,1008.0,432.0,-1.0,-1.0,16690.052000000025,595.73046875,589.2804565429688,0.5894497036933898,0.4951303899288177,0.4322978556156158,0.4941225945949554,0.0,0.0
2001,1680003161.6899922,2002,2Item7,2023-03-28 17:02:41.689992,985.0,429.0,987.0,419.0,2.8144989013671875,2.882919311523437,16698.341000000015,595.6010131835938,589.3442993164064,0.589393138885498,0.4952268898487091,0.4321982860565185,0.494127869606018,0.0,0.0
2002,1680003161.69847,2003,2Item7,2023-03-28 17:02:41.698470,985.0,421.0,1006.0,433.0,-1.0,-1.0,16706.820000000007,595.324951171875,589.3146362304688,0.5893110632896423,0.4952267110347747,0.4321170449256897,0.4941434562206268,0.0,0.0
2003,1680003161.7066305,2004,2Item7,2023-03-28 17:02:41.706630,985.0,421.0,994.0,432.0,-1.0,-1.0,16714.97999999998,595.0929565429688,589.378173828125,0.5894483923912048,0.4952004253864288,0.4322006702423095,0.494127482175827,0.0,0.0
2004,1680003161.7150044,2005,2Item7,2023-03-28 17:02:41.715004,999.0,419.0,995.0,438.0,2.8357696533203125,2.9112091064453125,16723.353999999992,594.8783569335938,589.4584350585938,0.5893585681915283,0.4952113032341003,0.4321157932281494,0.4941146373748779,0.0,0.0
2005,1680003161.7232988,2006,2Item7,2023-03-28 17:02:41.723299,976.0,418.0,994.0,463.0,-1.0,-1.0,16731.649000000034,594.5469360351562,589.4286499023438,0.589287519454956,0.495199978351593,0.4320608377456665,0.4941174387931823,0.0,0.0
2006,1680003161.7316368,2007,2Item7,2023-03-28 17:02:41.731637,990.0,430.0,989.0,469.0,-1.0,-1.0,16739.987000000023,594.3261108398438,589.4794921875,0.5894340872764587,0.4951862692832946,0.4321614801883697,0.4940994381904602,0.0,0.0
2007,1680003161.7399597,2008,2Item7,2023-03-28 17:02:41.739959,963.0,435.0,986.0,462.0,2.8829498291015625,2.8853759765625,16748.30900000001,594.151123046875,589.530029296875,0.58936607837677,0.4951999187469482,0.4320951104164123,0.4940879344940185,0.0,0.0
2008,1680003161.748383,2009,2Item7,2023-03-28 17:02:41.748383,986.0,444.0,977.0,445.0,-1.0,-1.0,16756.733999999997,593.9135131835938,589.4647216796875,0.5892994403839111,0.4951885342597961,0.4320545494556427,0.494091659784317,0.0,0.0
2009,1680003161.7566652,2010,2Item7,2023-03-28 17:02:41.756665,980.0,452.0,998.0,439.0,-1.0,-1.0,16765.015000000014,593.806884765625,589.4813842773438,0.5894414782524108,0.4951950311660766,0.4321561753749847,0.4940994381904602,0.0,0.0
2010,1680003161.7649632,2011,2Item7,2023-03-28 17:02:41.764963,972.0,449.0,1000.0,454.0,2.837982177734375,2.8947906494140625,16773.313000000024,593.7796020507812,589.5093994140625,0.5893574357032775,0.4951953589916229,0.4321203231811523,0.4940522909164428,0.0,0.0
2011,1680003161.7733295,2012,2Item7,2023-03-28 17:02:41.773329,969.0,459.0,1000.0,457.0,-1.0,-1.0,16781.679999999993,593.688720703125,589.430908203125,0.5892392396926879,0.4951079189777374,0.4320301413536071,0.4941012859344482,0.0,0.0
2012,1680003161.7816255,2013,2Item7,2023-03-28 17:02:41.781626,976.0,460.0,979.0,461.0,-1.0,-1.0,16789.975000000035,593.6868286132812,589.4497680664064,0.5894148349761962,0.4951849579811096,0.4321295619010925,0.4941011369228363,0.0,0.0
2013,1680003161.7899742,2014,2Item7,2023-03-28 17:02:41.789974,983.0,465.0,993.0,442.0,2.8716583251953125,2.7841796875,16798.323000000033,593.7341918945312,589.4832153320312,0.5893117189407348,0.4951822459697723,0.4320418238639831,0.4940804541110992,0.0,0.0
2014,1680003161.799042,2015,2Item7,2023-03-28 17:02:41.799042,986.0,454.0,995.0,444.0,-1.0,-1.0,16807.391000000003,593.6865844726562,589.4213256835938,0.5892359018325805,0.4951719641685485,0.4319781959056854,0.4940906167030334,0.0,0.0
2015,1680003161.8066168,2016,2Item7,2023-03-28 17:02:41.806617,981.0,452.0,1002.0,449.0,-1.0,-1.0,16814.966000000015,593.7069091796875,589.4569091796875,0.5893367528915405,0.4951314032077789,0.4320646822452545,0.4940865039825439,0.0,0.0
2016,1680003161.8150363,2017,2Item7,2023-03-28 17:02:41.815037,984.0,441.0,986.0,454.0,2.8556671142578125,2.9364471435546875,16823.386999999988,593.7528686523438,589.5155639648438,0.5891843438148499,0.4950481951236724,0.4319703578948974,0.4940539002418518,0.0,0.0
2017,1680003161.823474,2018,2Item7,2023-03-28 17:02:41.823474,965.0,457.0,990.0,459.0,-1.0,-1.0,16831.820999999996,593.6786499023438,589.4768676757812,0.5891475677490234,0.4950623512268066,0.4319134652614593,0.4940185546875,0.0,0.0
2018,1680003161.8316183,2019,2Item7,2023-03-28 17:02:41.831618,961.0,460.0,1002.0,441.0,-1.0,-1.0,16839.967999999993,593.6657104492188,589.5337524414064,0.5892255306243896,0.4949753582477569,0.4320085644721984,0.4940072298049926,0.0,0.0
2019,1680003161.8400068,2020,2Item7,2023-03-28 17:02:41.840007,962.0,444.0,1006.0,444.0,2.857284545898437,2.9417724609375,16848.357000000018,593.66796875,589.608642578125,0.589174747467041,0.4949794113636016,0.4319176375865936,0.4939321875572204,0.0,0.0
2020,1680003161.848305,2021,2Item7,2023-03-28 17:02:41.848305,976.0,445.0,1012.0,454.0,-1.0,-1.0,16856.655000000028,593.5646362304688,589.580078125,0.5890868306159973,0.4949098825454711,0.4318568706512451,0.4938846230506897,0.0,0.0
2021,1680003161.85662,2022,2Item7,2023-03-28 17:02:41.856620,987.0,437.0,995.0,471.0,-1.0,-1.0,16864.97100000002,593.5306396484375,589.6401977539064,0.5892114639282225,0.4948863983154296,0.4319722652435302,0.4938401281833648,0.0,0.0
2022,1680003161.8649497,2023,2Item7,2023-03-28 17:02:41.864950,988.0,433.0,994.0,468.0,2.76715087890625,2.926010131835937,16873.299,593.5147094726562,589.7075805664064,0.5891098380088806,0.494821697473526,0.4318440854549408,0.4938048124313354,0.0,0.0
2023,1680003161.8732932,2024,2Item7,2023-03-28 17:02:41.873293,994.0,437.0,985.0,452.0,-1.0,-1.0,16881.64400000003,593.4159545898438,589.6629638671875,0.5890396237373352,0.4947884678840637,0.4317866563796997,0.4937911927700042,0.0,0.0
2024,1680003161.881662,2025,2Item7,2023-03-28 17:02:41.881662,978.0,452.0,985.0,448.0,-1.0,-1.0,16890.011999999988,593.406982421875,589.7022094726562,0.5890693664550781,0.4946648180484771,0.4318711161613464,0.4937447011470794,0.0,0.0
2025,1680003161.8900633,2026,2Item7,2023-03-28 17:02:41.890063,989.0,475.0,988.0,446.0,2.9164581298828125,2.9211883544921875,16898.411000000022,593.4354248046875,589.74609375,0.589029550552368,0.4946750104427337,0.4317714869976043,0.493706464767456,0.0,0.0
2026,1680003161.898389,2027,2Item7,2023-03-28 17:02:41.898389,983.0,472.0,991.0,448.0,-1.0,-1.0,16906.73999999999,593.389892578125,589.6784057617188,0.5889386534690856,0.4946411848068237,0.4316889345645904,0.4937022924423217,0.0,0.0
2027,1680003161.9067123,2028,2Item7,2023-03-28 17:02:41.906712,987.0,467.0,979.0,457.0,-1.0,-1.0,16915.05800000002,593.4495239257812,589.694580078125,0.5890170931816101,0.4945944249629974,0.4317581951618194,0.4936616718769073,0.0,0.0
2028,1680003161.9149525,2029,2Item7,2023-03-28 17:02:41.914953,970.0,468.0,986.0,436.0,2.8226776123046875,2.8373565673828125,16923.303000000014,593.5743408203125,589.7210083007812,0.5888722538948059,0.4945072829723358,0.4316341578960418,0.4936584532260894,0.0,0.0
2029,1680003161.92329,2030,2Item7,2023-03-28 17:02:41.923290,966.0,462.0,992.0,418.0,-1.0,-1.0,16931.640000000014,593.6150512695312,589.6398315429688,0.5887832641601562,0.4945402145385742,0.4315549135208129,0.4936730861663818,0.0,0.0
2030,1680003161.9316132,2031,2Item7,2023-03-28 17:02:41.931613,972.0,465.0,992.0,417.0,-1.0,-1.0,16939.96299999999,593.7440185546875,589.6454467773438,0.58885258436203,0.4944660365581512,0.4316217005252838,0.4936667680740356,0.0,0.0
2031,1680003161.9400294,2032,2Item7,2023-03-28 17:02:41.940029,969.0,426.0,966.0,474.0,2.6558837890625,2.9272613525390625,16948.380000000005,593.9183959960938,589.6655883789064,0.5887584090232849,0.4945469200611114,0.4314962029457092,0.4936924278736114,0.0,0.0
2032,1680003161.9482913,2033,2Item7,2023-03-28 17:02:41.948291,975.0,453.0,966.0,474.0,-1.0,-1.0,16956.641000000003,593.9901733398438,589.5811157226562,0.5886502861976624,0.4945485293865203,0.4314099848270416,0.4937255084514617,0.0,0.0
2033,1680003161.9566753,2034,2Item7,2023-03-28 17:02:41.956675,981.0,459.0,995.0,454.0,-1.0,-1.0,16965.026000000013,594.1394653320312,589.590087890625,0.588751196861267,0.4945778548717498,0.4314921200275421,0.493779569864273,0.0,0.0
2034,1680003161.96495,2035,2Item7,2023-03-28 17:02:41.964950,-1.0,-1.0,1002.0,449.0,-1.0,2.851593017578125,16973.29999999999,-1.0,589.6174926757812,-1.0,-1.0,0.4314361810684204,0.493754893541336,4.0,0.0
2035,1680003161.9734235,2036,2Item7,2023-03-28 17:02:41.973424,974.0,463.0,1001.0,446.0,-1.0,-1.0,16981.771999999997,594.3438720703125,589.541015625,0.5884760022163391,0.4945700466632843,0.4312975704669952,0.4938246607780456,0.0,0.0
2036,1680003161.9816675,2037,2Item7,2023-03-28 17:02:41.981668,966.0,465.0,989.0,452.0,-1.0,-1.0,16990.016999999993,594.4544677734375,589.5589599609375,0.5885477066040039,0.4945590496063232,0.4313410222530365,0.4938363134860992,0.0,0.0
2037,1680003161.9901097,2038,2Item7,2023-03-28 17:02:41.990110,966.0,465.0,-1.0,-1.0,2.6791534423828125,-1.0,16998.457999999984,594.6005859375,-1.0,0.5883920788764953,0.4945265352725982,-1.0,-1.0,0.0,4.0
2038,1680003161.9982736,2039,2Item7,2023-03-28 17:02:41.998274,961.0,464.0,988.0,455.0,-1.0,-1.0,17006.62400000001,594.612060546875,589.5245361328125,0.5882883667945861,0.4944956302642822,0.4311555624008178,0.4938635230064392,0.0,0.0
2039,1680003162.0066288,2040,2Item7,2023-03-28 17:02:42.006629,946.0,462.0,987.0,452.0,-1.0,-1.0,17014.978000000003,594.66162109375,589.5541381835938,0.5883910059928894,0.4945122003555297,0.4312446117401123,0.4938747882843017,0.0,0.0
2040,1680003162.0149608,2041,2Item7,2023-03-28 17:02:42.014961,957.0,488.0,985.0,450.0,2.880645751953125,2.9303436279296875,17023.310999999987,594.7302856445312,589.5955810546875,0.5883261561393737,0.494603157043457,0.4311141967773437,0.4938688874244689,0.0,0.0
2041,1680003162.0232773,2042,2Item7,2023-03-28 17:02:42.023277,961.0,493.0,987.0,454.0,-1.0,-1.0,17031.628000000026,594.67138671875,589.5364379882812,0.588178277015686,0.4945023655891418,0.4310404658317565,0.4938848912715911,0.0,0.0
2042,1680003162.0316978,2043,2Item7,2023-03-28 17:02:42.031698,982.0,475.0,989.0,454.0,-1.0,-1.0,17040.04800000001,594.6597900390625,589.568359375,0.5882619023323059,0.4945008754730224,0.4311279356479644,0.4939082860946655,0.0,0.0
2043,1680003162.0399623,2044,2Item7,2023-03-28 17:02:42.039962,-1.0,-1.0,985.0,457.0,-1.0,2.87933349609375,17048.312000000034,-1.0,589.6112670898438,-1.0,-1.0,0.4310281574726104,0.493857741355896,4.0,0.0
2044,1680003162.0484216,2045,2Item7,2023-03-28 17:02:42.048422,992.0,473.0,978.0,444.0,-1.0,-1.0,17056.771999999997,594.5906982421875,589.5426635742188,0.5881221294403076,0.4945274889469146,0.4309542477130889,0.4938966631889343,0.0,0.0
2045,1680003162.056718,2046,2Item7,2023-03-28 17:02:42.056718,974.0,483.0,979.0,442.0,-1.0,-1.0,17065.054999999993,594.5595703125,589.5581665039064,0.588177978992462,0.4944800436496734,0.431032508611679,0.493920624256134,0.0,0.0
2046,1680003162.0651145,2047,2Item7,2023-03-28 17:02:42.065114,-1.0,-1.0,981.0,435.0,-1.0,2.8916168212890625,17073.465000000026,-1.0,589.5775146484375,-1.0,-1.0,0.4309672117233276,0.4938883483409881,4.0,0.0
2047,1680003162.0735023,2048,2Item7,2023-03-28 17:02:42.073502,964.0,478.0,986.0,435.0,-1.0,-1.0,17081.851000000024,594.47021484375,589.4884033203125,0.5880406498908995,0.4945301115512847,0.4309106469154357,0.4939090311527252,0.0,0.0
2048,1680003162.0817213,2049,2Item7,2023-03-28 17:02:42.081721,-1.0,-1.0,-1.0,-1.0,-1.0,-1.0,17090.071999999986,-1.0,-1.0,-1.0,-1.0,-1.0,-1.0,4.0,4.0
2049,1680003162.0899434,2050,2Item7,2023-03-28 17:02:42.089943,-1.0,-1.0,986.0,435.0,-1.0,2.8609771728515625,17098.293000000005,-1.0,589.5302734375,-1.0,-1.0,0.4309310317039489,0.4938848912715911,4.0,0.0
2050,1680003162.0982635,2051,2Item7,2023-03-28 17:02:42.098264,961.0,472.0,987.0,468.0,-1.0,-1.0,17106.614,594.396484375,589.4387817382812,0.5880147814750671,0.4945265054702758,0.4308931231498718,0.4938953220844268,0.0,0.0
2051,1680003162.1065917,2052,2Item7,2023-03-28 17:02:42.106592,981.0,455.0,994.0,474.0,-1.0,-1.0,17114.940000000002,594.3634033203125,589.4352416992188,0.5881805419921875,0.4945619702339172,0.4309880435466766,0.4938821494579315,0.0,0.0
2052,1680003162.1149554,2053,2Item7,2023-03-28 17:02:42.114955,982.0,446.0,-1.0,-1.0,2.7382965087890625,-1.0,17123.304999999993,594.3755493164064,-1.0,0.5881202816963195,0.494527131319046,-1.0,-1.0,0.0,4.0
2053,1680003162.123269,2054,2Item7,2023-03-28 17:02:42.123269,986.0,446.0,996.0,457.0,-1.0,-1.0,17131.618000000017,594.2886352539064,589.3642578125,0.5880292654037474,0.4944969415664672,0.4309055507183075,0.4938275218009948,0.0,0.0
2054,1680003162.1316564,2055,2Item7,2023-03-28 17:02:42.131656,988.0,465.0,1004.0,462.0,-1.0,-1.0,17140.005000000005,594.2721557617188,589.3729858398438,0.5881600379943847,0.4943973422050476,0.4309660494327545,0.4937295913696289,0.0,0.0
2055,1680003162.1399746,2056,2Item7,2023-03-28 17:02:42.139975,987.0,465.0,995.0,432.0,2.933822631835937,2.825103759765625,17148.324000000022,594.2901000976562,589.3992919921875,0.5880846381187439,0.4943458437919616,0.4309479296207428,0.4937331676483154,0.0,0.0
2056,1680003162.148306,2057,2Item7,2023-03-28 17:02:42.148306,973.0,472.0,984.0,435.0,-1.0,-1.0,17156.656000000017,594.2061157226562,589.326416015625,0.5880621671676635,0.4944287538528442,0.4309146404266357,0.4937422275543212,0.0,0.0
2057,1680003162.156597,2058,2Item7,2023-03-28 17:02:42.156597,981.0,474.0,979.0,439.0,-1.0,-1.0,17164.946999999986,594.1939697265625,589.3541259765625,0.5882068276405334,0.4944303631782531,0.4310086369514465,0.4937050938606262,0.0,0.0
2058,1680003162.164922,2059,2Item7,2023-03-28 17:02:42.164922,967.0,475.0,-1.0,-1.0,2.790313720703125,-1.0,17173.271999999997,594.211181640625,-1.0,0.5881353020668029,0.4944082498550415,-1.0,-1.0,0.0,4.0
2059,1680003162.1732717,2060,2Item7,2023-03-28 17:02:42.173272,987.0,444.0,977.0,440.0,-1.0,-1.0,17181.612000000023,594.1358642578125,589.3433227539064,0.5880587697029113,0.4943991601467132,0.4309018850326538,0.493691861629486,0.0,0.0
2060,1680003162.1815836,2061,2Item7,2023-03-28 17:02:42.181584,987.0,443.0,982.0,436.0,-1.0,-1.0,17189.93300000002,594.1388549804688,589.40283203125,0.5881933569908142,0.4944046437740325,0.4309845268726348,0.4936220049858093,0.0,0.0
2061,1680003162.1900182,2062,2Item7,2023-03-28 17:02:42.190018,989.0,446.0,981.0,438.0,2.772552490234375,2.799179077148437,17198.36599999998,594.1663818359375,589.5385131835938,0.5881180763244628,0.4943993985652923,0.4309006929397583,0.4936630129814147,0.0,0.0
2062,1680003162.1984496,2063,2Item7,2023-03-28 17:02:42.198450,988.0,446.0,977.0,467.0,-1.0,-1.0,17206.79800000001,594.0855102539064,589.5711059570312,0.5880412459373474,0.4944235682487487,0.4308509230613708,0.4936811029911041,0.0,0.0
2063,1680003162.2065828,2064,2Item7,2023-03-28 17:02:42.206583,982.0,461.0,977.0,470.0,-1.0,-1.0,17214.93300000002,594.0591430664064,589.6959228515625,0.58815199136734,0.4943885803222656,0.4309487640857696,0.4936589002609252,0.0,0.0
2064,1680003162.2149644,2065,2Item7,2023-03-28 17:02:42.214964,981.0,473.0,977.0,470.0,2.9042510986328125,2.871322631835937,17223.312000000034,594.06884765625,589.8140258789064,0.5880771875381469,0.4944037199020385,0.4308511912822723,0.4936540126800537,0.0,0.0
2065,1680003162.2232733,2066,2Item7,2023-03-28 17:02:42.223273,981.0,458.0,974.0,471.0,-1.0,-1.0,17231.62400000001,593.9828491210938,589.8297119140625,0.5879641771316528,0.4944147169589996,0.4307684898376464,0.4936783611774444,0.0,0.0
2066,1680003162.2316203,2067,2Item7,2023-03-28 17:02:42.231620,974.0,454.0,977.0,471.0,-1.0,-1.0,17239.97000000003,593.967041015625,589.9349975585938,0.5880329012870787,0.4943024516105651,0.4308594167232513,0.4936661124229431,0.0,0.0
2067,1680003162.2399611,2068,2Item7,2023-03-28 17:02:42.239961,973.0,455.0,986.0,458.0,2.903533935546875,2.850936889648437,17248.30900000001,593.9869995117188,590.0374145507812,0.588011622428894,0.4944111108779907,0.4307515621185302,0.4936909079551696,0.0,0.0
2068,1680003162.24827,2069,2Item7,2023-03-28 17:02:42.248270,975.0,464.0,996.0,464.0,-1.0,-1.0,17256.619999999995,593.9154052734375,590.0323486328125,0.5879056453704834,0.4944067001342773,0.4306663274765014,0.4936886131763458,0.0,0.0
2069,1680003162.2567067,2070,2Item7,2023-03-28 17:02:42.256707,987.0,463.0,1005.0,460.0,-1.0,-1.0,17265.053000000014,593.923583984375,590.1116943359375,0.5880178213119506,0.4943922162055969,0.4307734072208404,0.493683248758316,0.0,0.0
2070,1680003162.265187,2071,2Item7,2023-03-28 17:02:42.265187,982.0,444.0,1002.0,464.0,3.1996307373046875,2.824462890625,17273.538,593.9603271484375,590.1832885742188,0.5879245996475219,0.4943955540657043,0.4306605756282806,0.4936879575252533,0.0,0.0
2071,1680003162.2732506,2072,2Item7,2023-03-28 17:02:42.273251,982.0,460.0,999.0,459.0,-1.0,-1.0,17281.600000000035,593.9071655273438,590.1238403320312,0.5877771973609924,0.4942911267280578,0.4305778741836547,0.4936665296554565,0.0,0.0
2072,1680003162.2816572,2073,2Item7,2023-03-28 17:02:42.281657,986.0,457.0,994.0,458.0,-1.0,-1.0,17290.005000000005,593.94091796875,590.1033935546875,0.5879393815994262,0.4943680167198181,0.43068128824234,0.4936667680740356,0.0,0.0
2073,1680003162.2901037,2074,2Item7,2023-03-28 17:02:42.290104,988.0,457.0,1000.0,455.0,2.892074584960937,2.8096160888671875,17298.45299999998,593.9899291992188,590.0771484375,0.5878409743309021,0.4943313300609588,0.4305866956710815,0.4936347007751464,0.0,0.0
2074,1680003162.2982864,2075,2Item7,2023-03-28 17:02:42.298286,981.0,468.0,1000.0,449.0,-1.0,-1.0,17306.630999999994,593.955078125,589.93359375,0.5877162814140319,0.4942382872104644,0.4305267333984375,0.4936370849609375,0.0,0.0
2075,1680003162.3067148,2076,2Item7,2023-03-28 17:02:42.306715,967.0,459.0,986.0,457.0,-1.0,-1.0,17315.065000000002,594.0010375976562,589.88134765625,0.5878587961196899,0.4943169653415679,0.4306192994117736,0.4935960173606872,0.0,0.0
2076,1680003162.3149152,2077,2Item7,2023-03-28 17:02:42.314915,967.0,459.0,989.0,460.0,2.535873413085937,2.8936309814453125,17323.265000000014,594.0478515625,589.8348388671875,0.5877239108085632,0.4942348003387451,0.4305390119552612,0.4936029314994812,0.0,0.0
2077,1680003162.3232682,2078,2Item7,2023-03-28 17:02:42.323268,981.0,455.0,988.0,458.0,-1.0,-1.0,17331.618000000017,593.9576416015625,589.6807250976562,0.5876590609550476,0.4942843317985534,0.4304786622524261,0.4936553835868835,0.0,0.0
2078,1680003162.3315632,2079,2Item7,2023-03-28 17:02:42.331563,976.0,460.0,997.0,454.0,-1.0,-1.0,17339.91399999999,593.9015502929688,589.6250610351562,0.5877423286437988,0.4942228496074676,0.4305779635906219,0.4936398863792419,0.0,0.0
2079,1680003162.3399231,2080,2Item7,2023-03-28 17:02:42.339923,-1.0,-1.0,1007.0,432.0,-1.0,2.73114013671875,17348.271999999997,-1.0,589.5828247070312,-1.0,-1.0,0.4304870069026947,0.4936425387859344,4.0,0.0
2080,1680003162.3482378,2081,2Item7,2023-03-28 17:02:42.348238,960.0,466.0,999.0,455.0,-1.0,-1.0,17356.58799999999,593.7448120117188,589.448974609375,0.5876029133796691,0.494277149438858,0.4304326474666595,0.4936707615852356,0.0,0.0
2081,1680003162.3565829,2082,2Item7,2023-03-28 17:02:42.356583,954.0,478.0,998.0,460.0,-1.0,-1.0,17364.93200000003,593.6400146484375,589.4227294921875,0.5877109766006469,0.4942136108875274,0.4305267333984375,0.4936468303203582,0.0,0.0
2082,1680003162.3649068,2083,2Item7,2023-03-28 17:02:42.364907,949.0,473.0,994.0,461.0,2.6467742919921875,2.842498779296875,17373.256999999983,593.5596923828125,589.42822265625,0.5876015424728394,0.4942663609981536,0.43045175075531,0.493649274110794,0.0,0.0
2083,1680003162.3732448,2084,2Item7,2023-03-28 17:02:42.373245,958.0,469.0,992.0,458.0,-1.0,-1.0,17381.592000000004,593.352783203125,589.3451538085938,0.5875869393348693,0.4942932426929473,0.4303808212280273,0.49367555975914,0.0,0.0
2084,1680003162.3816028,2085,2Item7,2023-03-28 17:02:42.381603,960.0,473.0,990.0,451.0,-1.0,-1.0,17389.951,593.2023315429688,589.3698120117188,0.5876533389091491,0.4942136108875274,0.430475503206253,0.4936495423316955,0.0,0.0
2085,1680003162.3900335,2086,2Item7,2023-03-28 17:02:42.390033,965.0,484.0,990.0,452.0,2.8573760986328125,2.824081420898437,17398.38400000002,593.1002197265625,589.4235229492188,0.5876139998435974,0.494273841381073,0.4303767085075378,0.4936735033988952,0.0,0.0
2086,1680003162.3982277,2087,2Item7,2023-03-28 17:02:42.398227,971.0,487.0,993.0,453.0,-1.0,-1.0,17406.576,592.9424438476562,589.3810424804688,0.5874804854393005,0.4941896200180053,0.4302985072135925,0.4936743974685668,0.0,0.0
2087,1680003162.406578,2088,2Item7,2023-03-28 17:02:42.406578,976.0,464.0,998.0,456.0,-1.0,-1.0,17414.929000000004,592.8939208984375,589.4334106445312,0.5876432657241821,0.4942476451396942,0.4303866624832153,0.4936698079109191,0.0,0.0
2088,1680003162.414905,2089,2Item7,2023-03-28 17:02:42.414905,980.0,458.0,1000.0,456.0,2.8817138671875,2.837921142578125,17423.255999999994,592.9141235351562,589.4990844726562,0.5875568389892578,0.4941832721233367,0.4302819371223449,0.4936500191688537,0.0,0.0
2089,1680003162.423237,2090,2Item7,2023-03-28 17:02:42.423237,962.0,440.0,1001.0,454.0,-1.0,-1.0,17431.587,592.8865356445312,589.4614868164064,0.5874096155166626,0.4941730797290802,0.430223524570465,0.4936786592006683,0.0,0.0
2090,1680003162.431597,2091,2Item7,2023-03-28 17:02:42.431597,964.0,450.0,989.0,450.0,-1.0,-1.0,17439.946999999986,592.9743041992188,589.5125732421875,0.5875617265701293,0.4942093789577484,0.4302986562252044,0.4936683773994445,0.0,0.0
2091,1680003162.4399407,2092,2Item7,2023-03-28 17:02:42.439941,965.0,446.0,989.0,445.0,2.6209869384765625,2.906982421875,17448.28899999999,593.1072998046875,589.5613403320312,0.587435245513916,0.4941449463367462,0.4302011728286743,0.4936664998531341,0.0,0.0
2092,1680003162.4482963,2093,2Item7,2023-03-28 17:02:42.448296,963.0,441.0,965.0,444.0,-1.0,-1.0,17456.646999999997,593.1683959960938,589.5031127929688,0.5873548984527587,0.4941881299018859,0.4301429986953735,0.4936859607696533,0.0,0.0
2093,1680003162.4565897,2094,2Item7,2023-03-28 17:02:42.456590,950.0,424.0,964.0,443.0,-1.0,-1.0,17464.940000000002,593.281005859375,589.5325927734375,0.5874382257461547,0.4941200911998748,0.4302345514297485,0.4936842024326324,0.0,0.0
2094,1680003162.4649055,2095,2Item7,2023-03-28 17:02:42.464906,941.0,514.0,965.0,434.0,2.7543182373046875,2.794769287109375,17473.253000000026,593.3895263671875,589.5632934570312,0.5873648524284362,0.4941451549530029,0.4301158189773559,0.4936689138412475,0.0,0.0
2095,1680003162.4733012,2096,2Item7,2023-03-28 17:02:42.473301,971.0,504.0,973.0,455.0,-1.0,-1.0,17481.651000000013,593.3705444335938,589.4918212890625,0.5872904658317565,0.4941693842411041,0.4300903677940368,0.4936927258968353,0.0,0.0
2096,1680003162.4816177,2097,2Item7,2023-03-28 17:02:42.481618,977.0,502.0,981.0,455.0,-1.0,-1.0,17489.965000000026,593.39501953125,589.5100708007812,0.5873962640762329,0.4941199421882629,0.4301933646202087,0.4937092065811157,0.0,0.0
2097,1680003162.489991,2098,2Item7,2023-03-28 17:02:42.489991,970.0,487.0,-1.0,-1.0,2.6239471435546875,-1.0,17498.341000000015,593.4022827148438,-1.0,0.5872906446456909,0.4941146671772003,-1.0,-1.0,0.0,4.0
2098,1680003162.498284,2099,2Item7,2023-03-28 17:02:42.498284,962.0,467.0,997.0,437.0,-1.0,-1.0,17506.63300000003,593.268798828125,589.4703979492188,0.5872402787208557,0.4941310584545135,0.4300091862678527,0.4936221539974212,0.0,0.0
2099,1680003162.5066571,2100,2Item7,2023-03-28 17:02:42.506657,988.0,426.0,1000.0,437.0,-1.0,-1.0,17515.006999999983,593.193115234375,589.4912719726562,0.5872395038604736,0.4940255284309387,0.4300246834754943,0.4935760200023651,0.0,0.0
2100,1680003162.5148947,2101,2Item7,2023-03-28 17:02:42.514895,1002.0,453.0,1024.0,413.0,2.827499389648437,2.7557373046875,17523.244999999995,593.1627807617188,589.531982421875,0.5869340896606445,0.4937637746334075,0.4298301935195922,0.493397057056427,0.0,0.0
2101,1680003162.5245738,2102,2Item7,2023-03-28 17:02:42.524574,1023.0,405.0,1050.0,367.0,-1.0,-1.0,17532.924,593.0430297851562,589.4735717773438,0.5867137908935546,0.493628442287445,0.4296952486038208,0.4932325184345245,0.0,0.0
2102,1680003162.531559,2103,2Item7,2023-03-28 17:02:42.531559,1053.0,302.0,1075.0,314.0,-1.0,-1.0,17539.908999999985,593.510986328125,589.6691284179688,0.5866239666938781,0.4934592247009277,0.4297282993793487,0.4931191205978393,0.0,0.0
2103,1680003162.5398996,2104,2Item7,2023-03-28 17:02:42.539900,1053.0,301.0,1072.0,317.0,2.521148681640625,2.862396240234375,17548.245999999985,593.6766967773438,589.790283203125,0.5865043401718139,0.4934214055538177,0.4296033978462219,0.4930532574653625,0.0,0.0
2104,1680003162.5483315,2105,2Item7,2023-03-28 17:02:42.548331,1063.0,266.0,1104.0,284.0,-1.0,-1.0,17556.68200000003,593.77685546875,589.7105102539064,0.5864821672439575,0.4934512972831726,0.4295118451118469,0.4931228160858154,0.0,0.0
2105,1680003162.5565662,2106,2Item7,2023-03-28 17:02:42.556566,1069.0,269.0,1066.0,321.0,-1.0,-1.0,17564.917000000016,593.8404541015625,589.7288208007812,0.5867041945457458,0.4934611916542053,0.4296234250068664,0.4931102991104126,0.0,0.0
2106,1680003162.564945,2107,2Item7,2023-03-28 17:02:42.564945,1069.0,290.0,-1.0,-1.0,3.1165771484375,-1.0,17573.294999999984,593.9677734375,-1.0,0.5866374969482421,0.4934727549552917,-1.0,-1.0,0.0,4.0
2107,1680003162.5732625,2108,2Item7,2023-03-28 17:02:42.573262,1082.0,292.0,1092.0,303.0,-1.0,-1.0,17581.612000000023,593.9896850585938,589.6731567382812,0.5865489840507507,0.4934697747230529,0.4294575154781341,0.4931056797504425,0.0,0.0
2108,1680003162.5816686,2109,2Item7,2023-03-28 17:02:42.581669,1114.0,250.0,1094.0,301.0,-1.0,-1.0,17590.017999999982,594.0654296875,589.67138671875,0.5866817831993103,0.4934626519680023,0.4295382499694824,0.4930639564990997,0.0,0.0
2109,1680003162.5899022,2110,2Item7,2023-03-28 17:02:42.589902,1114.0,250.0,1094.0,301.0,3.424179077148437,3.259796142578125,17598.25099999999,594.118408203125,589.6973876953125,0.5866042375564575,0.4934363365173339,0.4294420778751373,0.4930633902549743,0.0,0.0
2110,1680003162.5982122,2111,2Item7,2023-03-28 17:02:42.598212,1099.0,250.0,1088.0,303.0,-1.0,-1.0,17606.563000000024,594.0532836914064,589.6153564453125,0.5865176916122437,0.4934366941452026,0.4294214248657226,0.4930563867092132,0.0,0.0
2111,1680003162.6065838,2112,2Item7,2023-03-28 17:02:42.606584,1085.0,242.0,1088.0,305.0,-1.0,-1.0,17614.93300000002,594.04150390625,589.620361328125,0.5866533517837524,0.493430346250534,0.429481416940689,0.4930847585201263,0.0,0.0
2112,1680003162.614885,2113,2Item7,2023-03-28 17:02:42.614885,1085.0,242.0,1088.0,305.0,3.1096343994140625,2.91632080078125,17623.236000000034,594.0558471679688,589.6619262695312,0.5865586400032043,0.4933893382549285,0.4293533861637115,0.4930407106876373,0.0,0.0
2113,1680003162.6232147,2114,2Item7,2023-03-28 17:02:42.623215,1099.0,241.0,1092.0,316.0,-1.0,-1.0,17631.564000000013,593.9583740234375,589.6060180664064,0.5864777565002441,0.493387758731842,0.4292934536933898,0.4930717349052429,0.0,0.0
2114,1680003162.6315546,2115,2Item7,2023-03-28 17:02:42.631555,1072.0,276.0,1075.0,328.0,-1.0,-1.0,17639.90299999999,593.9274291992188,589.646240234375,0.586524486541748,0.4933029413223266,0.429397165775299,0.4930657446384429,0.0,0.0
2115,1680003162.6399386,2116,2Item7,2023-03-28 17:02:42.639939,1072.0,276.0,1094.0,303.0,3.384033203125,3.2223663330078125,17648.28899999999,593.9240112304688,589.7044067382812,0.5864937901496887,0.4933356344699859,0.4292681813240051,0.4930182099342346,0.0,0.0
2116,1680003162.648218,2117,2Item7,2023-03-28 17:02:42.648218,1079.0,287.0,1090.0,290.0,-1.0,-1.0,17656.56699999998,593.80517578125,589.6636962890625,0.5864007472991943,0.4933429360389709,0.4291956722736358,0.4930595755577087,0.0,0.0
2117,1680003162.6565852,2118,2Item7,2023-03-28 17:02:42.656585,1097.0,279.0,1095.0,303.0,-1.0,-1.0,17664.935999999987,593.7405395507812,589.7178955078125,0.5865293741226196,0.4933325350284576,0.429296851158142,0.4930338561534881,0.0,0.0
2118,1680003162.6648953,2119,2Item7,2023-03-28 17:02:42.664895,1097.0,279.0,1095.0,303.0,3.00677490234375,3.269287109375,17673.242000000027,593.7190551757812,589.7732543945312,0.5864198803901672,0.4933016598224639,0.4291844069957733,0.4930155873298645,0.0,0.0
2119,1680003162.6733985,2120,2Item7,2023-03-28 17:02:42.673398,1084.0,278.0,1093.0,295.0,-1.0,-1.0,17681.745999999985,593.5989990234375,589.7183227539064,0.5863426327705383,0.4933193325996398,0.4291028380393981,0.4930589199066162,0.0,0.0
2120,1680003162.6818557,2121,2Item7,2023-03-28 17:02:42.681856,1087.0,279.0,1076.0,295.0,-1.0,-1.0,17690.206000000006,593.5724487304688,589.743408203125,0.5864698886871337,0.49331796169281,0.4291970133781433,0.4930494129657745,0.0,0.0
2121,1680003162.689895,2122,2Item7,2023-03-28 17:02:42.689895,1087.0,279.0,1076.0,288.0,3.211166381835937,2.70196533203125,17698.244999999995,593.5934448242188,589.7711791992188,0.5863587856292723,0.49331596493721,0.4290884733200073,0.4930427074432373,0.0,0.0
2122,1680003162.698294,2123,2Item7,2023-03-28 17:02:42.698294,1090.0,255.0,1081.0,299.0,-1.0,-1.0,17706.64400000003,593.514892578125,589.6791381835938,0.5862881541252136,0.4933249950408935,0.429039180278778,0.4930759370326995,0.0,0.0
2123,1680003162.7065816,2124,2Item7,2023-03-28 17:02:42.706582,1089.0,245.0,1090.0,310.0,-1.0,-1.0,17714.929999999993,593.5068359375,589.6494140625,0.586418628692627,0.4933331906795501,0.4290971755981445,0.4930452108383178,0.0,0.0
2124,1680003162.7150414,2125,2Item7,2023-03-28 17:02:42.715041,1079.0,241.0,1089.0,310.0,2.460922241210937,2.706893920898437,17723.391000000003,593.5358276367188,589.62109375,0.5862753391265869,0.4932632148265838,0.4290292561054229,0.4930712580680847,0.0,0.0
2125,1680003162.7232356,2126,2Item7,2023-03-28 17:02:42.723236,1085.0,265.0,1089.0,312.0,-1.0,-1.0,17731.58600000001,593.4525146484375,589.4786987304688,0.5862364768981932,0.4933400750160217,0.4290083646774292,0.4930706918239593,0.0,0.0
2126,1680003162.7316532,2127,2Item7,2023-03-28 17:02:42.731653,1068.0,272.0,1094.0,299.0,-1.0,-1.0,17739.99800000002,593.4281616210938,589.4161376953125,0.5863254070281982,0.4932652115821838,0.4290903508663177,0.4931064248085022,0.0,0.0
2127,1680003162.7400067,2128,2Item7,2023-03-28 17:02:42.740007,-1.0,-1.0,-1.0,-1.0,-1.0,-1.0,17748.357000000018,-1.0,-1.0,-1.0,-1.0,-1.0,-1.0,4.0,4.0
2128,1680003162.7483077,2129,2Item7,2023-03-28 17:02:42.748307,1075.0,270.0,1083.0,292.0,-1.0,-1.0,17756.657999999996,593.3516845703125,589.2442016601562,0.5861679315567015,0.4933197796344757,0.4289291203022003,0.4931103587150573,0.0,0.0
2129,1680003162.7565842,2130,2Item7,2023-03-28 17:02:42.756584,1078.0,269.0,1081.0,293.0,-1.0,-1.0,17764.93300000002,593.32421875,589.2108154296875,0.5862694382667542,0.4932617247104644,0.4290502071380615,0.4931221902370452,0.0,0.0
2130,1680003162.7648792,2131,2Item7,2023-03-28 17:02:42.764879,-1.0,-1.0,1084.0,295.0,-1.0,2.778472900390625,17773.22999999998,-1.0,589.206787109375,-1.0,-1.0,0.4289329349994659,0.492994487285614,4.0,0.0
2131,1680003162.773235,2132,2Item7,2023-03-28 17:02:42.773235,1080.0,269.0,1092.0,295.0,-1.0,-1.0,17781.58400000003,593.2356567382812,589.1153564453125,0.5861482620239257,0.4933433234691619,0.4288727939128875,0.4931266903877258,0.0,0.0
2132,1680003162.7815468,2133,2Item7,2023-03-28 17:02:42.781547,1085.0,263.0,1079.0,300.0,-1.0,-1.0,17789.896999999997,593.1989135742188,589.1289672851562,0.5862666964530944,0.4933638274669647,0.4289981722831726,0.4931497275829315,0.0,0.0
2133,1680003162.7899618,2134,2Item7,2023-03-28 17:02:42.789962,1085.0,263.0,1079.0,300.0,3.09979248046875,3.17987060546875,17798.312000000034,593.1914672851562,589.156494140625,0.5861793756484985,0.4933511614799499,0.4288738667964935,0.4931215047836303,0.0,0.0
2134,1680003162.7981987,2135,2Item7,2023-03-28 17:02:42.798199,1093.0,287.0,1077.0,296.0,-1.0,-1.0,17806.54800000001,593.0770874023438,589.0958251953125,0.5860992670059204,0.4933471083641052,0.4288141727447509,0.4931597709655761,0.0,0.0
2135,1680003162.806532,2136,2Item7,2023-03-28 17:02:42.806532,1090.0,280.0,1103.0,269.0,-1.0,-1.0,17814.88300000003,593.0426025390625,589.1414184570312,0.5862104892730712,0.4933782815933227,0.4289146065711975,0.4931912124156951,0.0,0.0
2136,1680003162.81488,2137,2Item7,2023-03-28 17:02:42.814880,1090.0,279.0,1129.0,245.0,3.57891845703125,2.6112518310546875,17823.227000000014,593.042236328125,589.1688842773438,0.5861278772354126,0.4933462142944335,0.4288290143013,0.4931203126907348,0.0,0.0
2137,1680003162.823209,2138,2Item7,2023-03-28 17:02:42.823209,1082.0,268.0,1129.0,245.0,-1.0,-1.0,17831.55900000001,592.951904296875,589.0700073242188,0.5860437750816345,0.4933637082576751,0.4287707209587097,0.4931398928165435,0.0,0.0
2138,1680003162.8315282,2139,2Item7,2023-03-28 17:02:42.831528,1094.0,266.0,1101.0,319.0,-1.0,-1.0,17839.87699999998,592.947998046875,589.0464477539064,0.5861711502075195,0.4933812320232391,0.4288751780986785,0.4931955635547637,0.0,0.0
2139,1680003162.8398786,2140,2Item7,2023-03-28 17:02:42.839879,1096.0,265.0,1091.0,338.0,3.1802978515625,2.8782501220703125,17848.228000000003,592.9911499023438,589.013671875,0.5860919952392578,0.4933552145957946,0.428812950849533,0.4931371510028839,0.0,0.0
2140,1680003162.8482172,2141,2Item7,2023-03-28 17:02:42.848217,1086.0,255.0,1091.0,326.0,-1.0,-1.0,17856.56800000003,592.9415283203125,588.8592529296875,0.5860215425491333,0.4933738410472869,0.4287633597850799,0.4931719005107879,0.0,0.0
2141,1680003162.8565955,2142,2Item7,2023-03-28 17:02:42.856596,1070.0,259.0,1100.0,324.0,-1.0,-1.0,17864.944000000018,592.968994140625,588.7844848632812,0.5861515402793884,0.493375539779663,0.4288910031318664,0.4931819140911102,0.0,0.0
2142,1680003162.8648765,2143,2Item7,2023-03-28 17:02:42.864877,1070.0,259.0,1110.0,312.0,2.3939971923828125,3.19305419921875,17873.227000000014,593.0320434570312,588.7189331054688,0.5860816836357116,0.4933592975139617,0.4288076162338256,0.4931675493717193,0.0,0.0
2143,1680003162.8731973,2144,2Item7,2023-03-28 17:02:42.873197,1083.0,264.0,1106.0,277.0,-1.0,-1.0,17881.544999999984,592.9927978515625,588.5552978515625,0.5860093235969543,0.4933775067329406,0.4287853837013244,0.4932062923908233,0.0,0.0
2144,1680003162.8816843,2145,2Item7,2023-03-28 17:02:42.881684,1086.0,273.0,1121.0,257.0,-1.0,-1.0,17890.032000000007,593.0199584960938,588.4951171875,0.5861531496047973,0.4933744370937347,0.4289079308509826,0.4931720495223999,0.0,0.0
2145,1680003162.8898697,2146,2Item7,2023-03-28 17:02:42.889870,1086.0,273.0,1121.0,257.0,3.016952514648437,2.949691772460937,17898.218999999983,593.0777587890625,588.4595947265625,0.5861087441444397,0.4933808445930481,0.4288371503353118,0.4931522011756897,0.0,0.0
2146,1680003162.8982108,2147,2Item7,2023-03-28 17:02:42.898211,1061.0,259.0,1100.0,304.0,-1.0,-1.0,17906.559999999998,593.0247802734375,588.3248291015625,0.586038589477539,0.4933475852012634,0.4288241863250732,0.4931440949440002,0.0,0.0
2147,1680003162.9065585,2148,2Item7,2023-03-28 17:02:42.906558,1063.0,266.0,1115.0,303.0,-1.0,-1.0,17914.908999999985,593.0386352539064,588.3173828125,0.5861946940422058,0.4933450520038604,0.4289442896842956,0.4931282699108123,0.0,0.0
2148,1680003162.9149363,2149,2Item7,2023-03-28 17:02:42.914937,1063.0,265.0,1115.0,303.0,3.3112030029296875,2.4617919921875,17923.286000000022,593.0783081054688,588.3472900390625,0.5861397981643676,0.493323415517807,0.4289295077323913,0.4930346012115478,0.0,0.0
2149,1680003162.9232109,2150,2Item7,2023-03-28 17:02:42.923211,1089.0,280.0,1101.0,266.0,-1.0,-1.0,17931.55900000001,593.0052490234375,588.2899780273438,0.5860697031021118,0.4932882487773895,0.4288464486598968,0.49309903383255,0.0,0.0
2150,1680003162.9315293,2151,2Item7,2023-03-28 17:02:42.931529,1067.0,274.0,1082.0,268.0,-1.0,-1.0,17939.880000000005,592.9949340820312,588.34228515625,0.5861554741859436,0.4932344853878021,0.4289684891700744,0.4930853247642517,0.0,0.0
2151,1680003162.9400513,2152,2Item7,2023-03-28 17:02:42.940051,1067.0,274.0,1072.0,285.0,2.886016845703125,3.1870880126953125,17948.401000000013,593.000244140625,588.408203125,0.5861620903015136,0.4932641983032226,0.4288972914218902,0.4930499196052551,0.0,0.0
2152,1680003162.9483323,2153,2Item7,2023-03-28 17:02:42.948332,1072.0,280.0,1090.0,314.0,-1.0,-1.0,17956.68300000002,592.902587890625,588.3705444335938,0.5860798358917236,0.4932390451431274,0.4288394153118133,0.4930469989776611,0.0,0.0
2153,1680003162.9565616,2154,2Item7,2023-03-28 17:02:42.956562,1075.0,302.0,1084.0,316.0,-1.0,-1.0,17964.908999999985,592.876708984375,588.421142578125,0.5861566066741943,0.493178516626358,0.4289441704750061,0.4930252134799957,0.0,0.0
2154,1680003162.964918,2155,2Item7,2023-03-28 17:02:42.964918,1075.0,294.0,1084.0,316.0,2.65350341796875,3.159271240234375,17973.266000000003,592.8834838867188,588.4850463867188,0.5861856937408447,0.4932492971420288,0.4289008975028991,0.4930157363414764,0.0,0.0
2155,1680003162.97324,2156,2Item7,2023-03-28 17:02:42.973240,1063.0,280.0,1072.0,288.0,-1.0,-1.0,17981.589000000036,592.7980346679688,588.4378051757812,0.5861232280731201,0.4932402372360229,0.4288671910762786,0.4930479824542999,0.0,0.0
2156,1680003162.9817529,2157,2Item7,2023-03-28 17:02:42.981753,1080.0,269.0,1096.0,286.0,-1.0,-1.0,17990.102000000014,592.806396484375,588.4766235351562,0.5862088799476624,0.4931565225124359,0.4290079772472381,0.4930498301982879,0.0,0.0
2157,1680003162.989881,2158,2Item7,2023-03-28 17:02:42.989881,1076.0,268.0,1082.0,290.0,3.23541259765625,2.85223388671875,17998.23100000003,592.8934936523438,588.5208129882812,0.5862327218055725,0.4932449460029602,0.4289387166500091,0.4930291175842285,0.0,0.0
2158,1680003162.998203,2159,2Item7,2023-03-28 17:02:42.998203,1071.0,276.0,1082.0,300.0,-1.0,-1.0,18006.553000000014,592.9430541992188,588.4559326171875,0.5861222147941589,0.4932207465171814,0.4289155006408691,0.4930523931980133,0.0,0.0
2159,1680003163.0065832,2160,2Item7,2023-03-28 17:02:43.006583,1060.0,281.0,1099.0,290.0,-1.0,-1.0,18014.93,593.1118774414064,588.4796752929688,0.5862103104591369,0.4931515753269195,0.4290898740291595,0.4930109679698944,0.0,0.0
2160,1680003163.0148828,2161,2Item7,2023-03-28 17:02:43.014883,1060.0,281.0,1119.0,283.0,3.430267333984375,3.218231201171875,18023.233000000007,593.36572265625,588.5059204101562,0.5862271785736084,0.4932387471199035,0.4289724230766296,0.4930319786071777,0.0,0.0
2161,1680003163.0232823,2162,2Item7,2023-03-28 17:02:43.023283,1055.0,286.0,1119.0,282.0,-1.0,-1.0,18031.630000000005,593.5451049804688,588.4239501953125,0.5861592292785645,0.4932580888271331,0.4289683401584625,0.4930748641490936,0.0,0.0
2162,1680003163.0315928,2163,2Item7,2023-03-28 17:02:43.031593,1058.0,294.0,1089.0,285.0,-1.0,-1.0,18039.94199999998,593.8213500976562,588.4310302734375,0.5862766504287719,0.4932069182395935,0.4291040897369384,0.4930915236473083,0.0,0.0
2163,1680003163.0398636,2164,2Item7,2023-03-28 17:02:43.039864,1058.0,294.0,1089.0,285.0,3.0316314697265625,3.1555938720703125,18048.21100000001,594.1483764648438,588.4515991210938,0.5862002372741699,0.4932281672954559,0.4290170073509216,0.4930635690689086,0.0,0.0
2164,1680003163.0482123,2165,2Item7,2023-03-28 17:02:43.048213,1070.0,292.0,1089.0,300.0,-1.0,-1.0,18056.56,594.3768920898438,588.3606567382812,0.5861752033233641,0.4933069348335266,0.4290132820606231,0.4931109845638275,0.0,0.0
2165,1680003163.0565162,2166,2Item7,2023-03-28 17:02:43.056516,1068.0,286.0,1081.0,322.0,-1.0,-1.0,18064.867000000027,594.674072265625,588.3511352539064,0.5863748788833618,0.493352472782135,0.4291484057903289,0.4930701255798339,0.0,0.0
2166,1680003163.0648415,2167,2Item7,2023-03-28 17:02:43.064842,1067.0,287.0,1081.0,322.0,3.22222900390625,2.73492431640625,18073.19099999999,595.009033203125,588.333984375,0.586309015750885,0.4933549165725708,0.4290821850299835,0.4930647015571594,0.0,0.0
2167,1680003163.073218,2168,2Item7,2023-03-28 17:02:43.073218,1068.0,286.0,1087.0,318.0,-1.0,-1.0,18081.56699999998,595.2083129882812,588.2138671875,0.5862432718276978,0.4933784008026123,0.4291266798973083,0.49312424659729,0.0,0.0
2168,1680003163.0817375,2169,2Item7,2023-03-28 17:02:43.081738,1080.0,263.0,1088.0,315.0,-1.0,-1.0,18090.08799999999,595.4305419921875,588.1864013671875,0.5864539146423339,0.4933882355690002,0.429265022277832,0.4931097030639648,0.0,0.0
2169,1680003163.0898952,2170,2Item7,2023-03-28 17:02:43.089895,1075.0,274.0,-1.0,-1.0,2.6486053466796875,-1.0,18098.24400000001,595.6092529296875,-1.0,0.586405038833618,0.4933913052082061,-1.0,-1.0,0.0,4.0
2170,1680003163.0982063,2171,2Item7,2023-03-28 17:02:43.098206,1083.0,248.0,1082.0,304.0,-1.0,-1.0,18106.55700000003,595.6347045898438,588.0725708007812,0.5863490104675293,0.4933982491493225,0.4292650818824768,0.4931139945983886,0.0,0.0
2171,1680003163.1065657,2172,2Item7,2023-03-28 17:02:43.106566,1089.0,259.0,1079.0,302.0,-1.0,-1.0,18114.91399999999,595.6485595703125,588.0588989257812,0.5865755081176757,0.493419349193573,0.4294316470623016,0.4931051731109619,0.0,0.0
2172,1680003163.1149182,2173,2Item7,2023-03-28 17:02:43.114918,1082.0,262.0,1080.0,301.0,2.59722900390625,3.386505126953125,18123.267999999985,595.6163940429688,588.0541381835938,0.5864741206169128,0.4933483600616455,0.429378718137741,0.4930700659751892,0.0,0.0
2173,1680003163.1232643,2174,2Item7,2023-03-28 17:02:43.123264,1078.0,254.0,1078.0,292.0,-1.0,-1.0,18131.61499999999,595.4149780273438,587.953857421875,0.5864863991737365,0.4934374094009399,0.42938232421875,0.4931035339832305,0.0,0.0
2174,1680003163.1315649,2175,2Item7,2023-03-28 17:02:43.131565,1063.0,265.0,1110.0,277.0,-1.0,-1.0,18139.91499999997,595.229736328125,587.9520874023438,0.5866111516952514,0.4933677911758422,0.4295109510421752,0.4931005835533142,0.0,0.0
2175,1680003163.1399653,2176,2Item7,2023-03-28 17:02:43.139965,-1.0,-1.0,1108.0,283.0,-1.0,2.602767944335937,18148.31599999999,-1.0,587.96240234375,-1.0,-1.0,0.429445207118988,0.4930538237094879,4.0,0.0
2176,1680003163.148199,2177,2Item7,2023-03-28 17:02:43.148199,1060.0,293.0,1102.0,280.0,-1.0,-1.0,18156.54999999999,594.8567504882812,587.88134765625,0.5865219831466674,0.4933937191963195,0.4294783473014831,0.4931248426437377,0.0,0.0
2177,1680003163.15654,2178,2Item7,2023-03-28 17:02:43.156540,1057.0,286.0,1077.0,287.0,-1.0,-1.0,18164.888000000035,594.6319580078125,587.90478515625,0.5867698192596436,0.4934963583946228,0.4295918345451355,0.4931220710277557,0.0,0.0
2178,1680003163.1649473,2179,2Item7,2023-03-28 17:02:43.164947,-1.0,-1.0,1070.0,288.0,-1.0,2.731063842773437,18173.29700000002,-1.0,587.95947265625,-1.0,-1.0,0.4295211732387542,0.4931110739707946,4.0,0.0
2179,1680003163.1736166,2180,2Item7,2023-03-28 17:02:43.173617,1073.0,282.0,1070.0,282.0,-1.0,-1.0,18181.96600000001,594.2044067382812,587.933349609375,0.586620032787323,0.493457943201065,0.4294971823692321,0.493179053068161,0.0,0.0
2180,1680003163.1817057,2181,2Item7,2023-03-28 17:02:43.181706,1076.0,286.0,1091.0,277.0,-1.0,-1.0,18190.055999999982,593.9737548828125,588.0153198242188,0.5867835879325866,0.4934837520122528,0.4295971691608429,0.493142694234848,0.0,0.0
2181,1680003163.1903348,2182,2Item7,2023-03-28 17:02:43.190335,-1.0,-1.0,1099.0,270.0,-1.0,3.189483642578125,18198.68200000003,-1.0,588.1119995117188,-1.0,-1.0,0.4295299053192138,0.4931820631027221,4.0,0.0
2182,1680003163.1981816,2183,2Item7,2023-03-28 17:02:43.198182,1074.0,276.0,1105.0,276.0,-1.0,-1.0,18206.531000000017,593.5599975585938,588.1065673828125,0.5866553783416748,0.4934784173965454,0.4294937849044799,0.4932318031787872,0.0,0.0
2183,1680003163.2065892,2184,2Item7,2023-03-28 17:02:43.206589,1060.0,282.0,1081.0,284.0,-1.0,-1.0,18214.94,593.3721923828125,588.1981811523438,0.5867785811424255,0.4935024082660675,0.4295883476734161,0.4932098984718322,0.0,0.0
2184,1680003163.2152836,2185,2Item7,2023-03-28 17:02:43.215284,-1.0,-1.0,1081.0,284.0,-1.0,3.3815460205078125,18223.631999999983,-1.0,588.2935180664064,-1.0,-1.0,0.4295021593570709,0.4932189881801605,4.0,0.0
2185,1680003163.223163,2186,2Item7,2023-03-28 17:02:43.223163,1062.0,291.0,1088.0,313.0,-1.0,-1.0,18231.511999999988,593.0363159179688,588.2890625,0.5866620540618896,0.4934760928153991,0.4294454157352447,0.4932590126991272,0.0,0.0
2186,1680003163.2315023,2187,2Item7,2023-03-28 17:02:43.231503,1061.0,297.0,1113.0,300.0,-1.0,-1.0,18239.853000000003,592.90625,588.3812255859375,0.5867645740509033,0.4935212433338165,0.4295443296432495,0.4932440817356109,0.0,0.0
2187,1680003163.239863,2188,2Item7,2023-03-28 17:02:43.239863,-1.0,-1.0,1113.0,299.0,-1.0,3.246551513671875,18248.212,-1.0,588.48291015625,-1.0,-1.0,0.42945197224617,0.4932400584220886,4.0,0.0
2188,1680003163.2481616,2189,2Item7,2023-03-28 17:02:43.248162,1062.0,285.0,1112.0,277.0,-1.0,-1.0,18256.511999999988,592.6973876953125,588.4760131835938,0.5867018699645996,0.4935573935508728,0.4294132590293884,0.4932538866996765,0.0,0.0
2189,1680003163.2565014,2190,2Item7,2023-03-28 17:02:43.256501,1054.0,286.0,1085.0,289.0,-1.0,-1.0,18264.851000000024,592.6825561523438,588.5526123046875,0.5867505073547363,0.4935266971588134,0.4294998049736022,0.4932429194450378,0.0,0.0
2190,1680003163.2648292,2191,2Item7,2023-03-28 17:02:43.264829,1054.0,286.0,1085.0,289.0,3.003082275390625,3.2973785400390625,18273.179000000004,592.7464599609375,588.6275024414064,0.5867248177528381,0.4935342073440551,0.4294307827949523,0.4932269155979156,0.0,0.0
2191,1680003163.273159,2192,2Item7,2023-03-28 17:02:43.273159,1060.0,286.0,1087.0,292.0,-1.0,-1.0,18281.50900000002,592.7430419921875,588.5897216796875,0.5866817235946655,0.4935454428195953,0.4293936491012573,0.4932472705841064,0.0,0.0
2192,1680003163.2816355,2193,2Item7,2023-03-28 17:02:43.281636,1076.0,279.0,1095.0,274.0,-1.0,-1.0,18289.983000000007,592.8373413085938,588.6452026367188,0.5867835283279418,0.4935846030712127,0.4295031428337097,0.4932444989681243,0.0,0.0
2193,1680003163.2898295,2194,2Item7,2023-03-28 17:02:43.289830,1076.0,279.0,1095.0,274.0,3.24884033203125,3.254547119140625,18298.18,592.9617309570312,588.7109375,0.5867565274238586,0.4935544729232788,0.4294442534446716,0.4932099878787994,0.0,0.0
2194,1680003163.2981627,2195,2Item7,2023-03-28 17:02:43.298163,1075.0,304.0,1101.0,290.0,-1.0,-1.0,18306.511999999988,593.0139770507812,588.673095703125,0.5866619944572448,0.4934838712215423,0.4294208288192749,0.4932616353034973,0.0,0.0
2195,1680003163.3065777,2196,2Item7,2023-03-28 17:02:43.306578,1075.0,314.0,1102.0,304.0,-1.0,-1.0,18314.92800000001,593.1552124023438,588.7310791015625,0.5868222713470459,0.4935820698738098,0.4295347332954406,0.4932253360748291,0.0,0.0
2196,1680003163.314826,2197,2Item7,2023-03-28 17:02:43.314826,-1.0,-1.0,1102.0,310.0,-1.0,2.7790069580078125,18323.17499999999,-1.0,588.7994995117188,-1.0,-1.0,0.4294778108596801,0.4932059645652771,4.0,0.0
2197,1680003163.3232365,2198,2Item7,2023-03-28 17:02:43.323236,1070.0,300.0,1101.0,307.0,-1.0,-1.0,18331.58500000002,593.3692016601562,588.7677612304688,0.5866812467575073,0.4934927523136138,0.4294788241386413,0.4932407140731811,0.0,0.0
2198,1680003163.3314953,2199,2Item7,2023-03-28 17:02:43.331495,1072.0,283.0,1096.0,311.0,-1.0,-1.0,18339.84600000002,593.5150756835938,588.8323364257812,0.5868645906448364,0.4935832917690277,0.4296088218688964,0.4932249784469604,0.0,0.0
2199,1680003163.3398206,2200,2Item7,2023-03-28 17:02:43.339821,1072.0,284.0,1094.0,308.0,3.320343017578125,2.915252685546875,18348.17100000003,593.695556640625,588.9140625,0.5868081450462341,0.4935584068298339,0.4295436739921569,0.493198812007904,0.0,0.0
2200,1680003163.348155,2201,2Item7,2023-03-28 17:02:43.348155,1072.0,273.0,1092.0,308.0,-1.0,-1.0,18356.506,593.7737426757812,588.8973388671875,0.5867474675178527,0.493574172258377,0.4295336604118347,0.4931868016719818,0.0,0.0
2201,1680003163.356562,2202,2Item7,2023-03-28 17:02:43.356562,1080.0,262.0,1101.0,305.0,-1.0,-1.0,18364.912000000008,593.904541015625,588.97412109375,0.5869245529174804,0.4935862720012664,0.4296452403068542,0.4932138621807098,0.0,0.0
2202,1680003163.3648388,2203,2Item7,2023-03-28 17:02:43.364839,1080.0,262.0,1111.0,286.0,3.026214599609375,2.7249755859375,18373.17200000002,593.9952392578125,589.0645751953125,0.5868700742721557,0.4935612082481384,0.4295684099197387,0.4931800961494445,0.0,0.0
2203,1680003163.3732004,2204,2Item7,2023-03-28 17:02:43.373200,1079.0,270.0,1080.0,277.0,-1.0,-1.0,18381.55100000004,593.9318237304688,589.0494995117188,0.5867875218391418,0.4935638904571533,0.4295270442962646,0.4931557476520538,0.0,0.0
2204,1680003163.381622,2205,2Item7,2023-03-28 17:02:43.381622,1060.0,291.0,1080.0,277.0,-1.0,-1.0,18389.97000000003,593.890380859375,589.1256713867188,0.5869225859642028,0.4935022890567779,0.4296652674674987,0.4931660592555999,0.0,0.0
2205,1680003163.3898988,2206,2Item7,2023-03-28 17:02:43.389899,1061.0,298.0,1098.0,284.0,2.614501953125,3.2696075439453125,18398.24800000002,593.8775024414064,589.205810546875,0.5869157314300537,0.4935554862022399,0.4296054244041442,0.4931349158287048,0.0,0.0
2206,1680003163.3981562,2207,2Item7,2023-03-28 17:02:43.398156,1056.0,301.0,1099.0,290.0,-1.0,-1.0,18406.505000000005,593.72216796875,589.1793823242188,0.5867983102798461,0.4934659898281097,0.4295900762081146,0.4931643605232238,0.0,0.0
2207,1680003163.407123,2208,2Item7,2023-03-28 17:02:43.407123,1064.0,284.0,1093.0,302.0,-1.0,-1.0,18415.473,593.6029052734375,589.2408447265625,0.5869835019111633,0.4934930503368377,0.4297735393047332,0.4931088387966156,0.0,0.0
2208,1680003163.414817,2209,2Item7,2023-03-28 17:02:43.414817,-1.0,-1.0,1093.0,302.0,-1.0,3.0589141845703125,18423.168000000005,-1.0,589.3007202148438,-1.0,-1.0,0.4296845197677612,0.4931099414825439,4.0,0.0
2209,1680003163.42321,2210,2Item7,2023-03-28 17:02:43.423210,1051.0,289.0,1086.0,323.0,-1.0,-1.0,18431.55900000001,593.3489990234375,589.251708984375,0.5871504545211792,0.4935197830200195,0.4298968911170959,0.493067979812622,0.0,0.0
2210,1680003163.4315834,2211,2Item7,2023-03-28 17:02:43.431583,1003.0,277.0,1025.0,315.0,-1.0,-1.0,18439.93400000001,593.2006225585938,589.288330078125,0.5877498984336853,0.4935204982757568,0.4304361343383789,0.4930607974529266,0.0,0.0
2211,1680003163.4398544,2212,2Item7,2023-03-28 17:02:43.439854,976.0,263.0,1022.0,298.0,2.627716064453125,2.8101959228515625,18448.20299999998,593.1080932617188,589.3284301757812,0.5880024433135986,0.4934884905815124,0.430773913860321,0.4930106103420257,0.0,0.0
2212,1680003163.448213,2213,2Item7,2023-03-28 17:02:43.448213,901.0,258.0,936.0,252.0,-1.0,-1.0,18456.56200000003,592.90087890625,589.2431030273438,0.5881425738334655,0.4934608042240142,0.4310090243816375,0.4929502308368682,0.0,0.0
2213,1680003163.4564834,2214,2Item7,2023-03-28 17:02:43.456483,863.0,240.0,904.0,227.0,-1.0,-1.0,18464.83400000003,592.7578125,589.2177124023438,0.5883159637451171,0.4935460984706878,0.431093156337738,0.4929412305355072,0.0,0.0
2214,1680003163.464842,2215,2Item7,2023-03-28 17:02:43.464842,876.0,268.0,896.0,223.0,2.904403686523437,2.7638092041015625,18473.19099999999,592.6911010742188,589.1951293945312,0.5883470773696899,0.4935529828071594,0.4310513138771057,0.4929607212543487,0.0,0.0
2215,1680003163.4733932,2216,2Item7,2023-03-28 17:02:43.473393,872.0,217.0,904.0,219.0,-1.0,-1.0,18481.743000000017,592.5557250976562,589.0556640625,0.5883137583732605,0.4935714900493621,0.4310675859451293,0.4930071830749511,0.0,0.0
2216,1680003163.4814825,2217,2Item7,2023-03-28 17:02:43.481482,855.0,280.0,880.0,277.0,-1.0,-1.0,18489.831999999995,592.5343017578125,589.000732421875,0.588424265384674,0.4935474395751953,0.431248128414154,0.4929327964782714,0.0,0.0
2217,1680003163.4898496,2218,2Item7,2023-03-28 17:02:43.489850,865.0,290.0,886.0,223.0,2.971176147460937,2.6680908203125,18498.199000000022,592.5928344726562,588.9510498046875,0.5885219573974609,0.4936062693595886,0.4312164187431335,0.4929652512073516,0.0,0.0
2218,1680003163.4981554,2219,2Item7,2023-03-28 17:02:43.498155,876.0,303.0,888.0,253.0,-1.0,-1.0,18506.506,592.5850219726562,588.7947998046875,0.5885093212127686,0.4936498403549194,0.431253433227539,0.4929926991462707,0.0,0.0
2219,1680003163.506477,2220,2Item7,2023-03-28 17:02:43.506477,886.0,239.0,890.0,238.0,-1.0,-1.0,18514.826,592.6754760742188,588.739501953125,0.5886299014091491,0.4936501085758209,0.4313762485980987,0.4929404854774475,0.0,0.0
2220,1680003163.514843,2221,2Item7,2023-03-28 17:02:43.514843,878.0,248.0,900.0,251.0,2.680038452148437,2.895355224609375,18523.194000000018,592.8759155273438,588.716796875,0.5886746048927307,0.4936358034610748,0.4313807785511016,0.4929559528827667,0.0,0.0
2221,1680003163.523145,2222,2Item7,2023-03-28 17:02:43.523145,869.0,235.0,902.0,252.0,-1.0,-1.0,18531.494999999995,593.0262451171875,588.6235961914064,0.5886393785476683,0.4936778247356414,0.4313986897468566,0.4930303990840911,0.0,0.0
2222,1680003163.5314648,2223,2Item7,2023-03-28 17:02:43.531465,877.0,238.0,892.0,254.0,-1.0,-1.0,18539.815,593.268310546875,588.6580200195312,0.5887786149978637,0.4936820864677429,0.4315312504768371,0.4929878115653991,0.0,0.0
2223,1680003163.5398245,2224,2Item7,2023-03-28 17:02:43.539824,877.0,238.0,896.0,242.0,2.606536865234375,2.73333740234375,18548.17499999999,593.5927124023438,588.7494506835938,0.5888024568557739,0.4936843514442443,0.4315132796764373,0.4929847717285156,0.0,0.0
2224,1680003163.548149,2225,2Item7,2023-03-28 17:02:43.548149,884.0,238.0,890.0,244.0,-1.0,-1.0,18556.499000000007,593.833740234375,588.783447265625,0.5887293815612793,0.4937048852443695,0.4314987957477569,0.4930303692817688,0.0,0.0
2225,1680003163.5564806,2226,2Item7,2023-03-28 17:02:43.556481,877.0,232.0,895.0,246.0,-1.0,-1.0,18564.83100000001,594.1434936523438,588.9364013671875,0.5888829827308654,0.4937016069889068,0.4316688477993011,0.4929462671279907,0.0,0.0
2226,1680003163.5648072,2227,2Item7,2023-03-28 17:02:43.564807,-1.0,-1.0,895.0,248.0,-1.0,2.802703857421875,18573.157000000007,-1.0,589.1082763671875,-1.0,-1.0,0.4316211938858032,0.4929785132408142,4.0,0.0
2227,1680003163.5733683,2228,2Item7,2023-03-28 17:02:43.573368,877.0,230.0,890.0,249.0,-1.0,-1.0,18581.717000000004,594.6138305664064,589.1768798828125,0.5888315439224243,0.4937310516834259,0.4316494166851043,0.4930185377597808,0.0,0.0
2228,1680003163.5814626,2229,2Item7,2023-03-28 17:02:43.581463,879.0,237.0,915.0,226.0,-1.0,-1.0,18589.813000000024,594.8626098632812,589.3325805664064,0.5889897346496582,0.4937318563461303,0.4317739009857177,0.4929896891117095,0.0,0.0
2229,1680003163.5898087,2230,2Item7,2023-03-28 17:02:43.589809,874.0,245.0,909.0,236.0,2.984237670898437,2.8629913330078125,18598.158999999985,595.1173095703125,589.500732421875,0.5889851450920105,0.493747740983963,0.4317733347415924,0.4929860234260559,0.0,0.0
2230,1680003163.5981305,2231,2Item7,2023-03-28 17:02:43.598130,878.0,265.0,907.0,240.0,-1.0,-1.0,18606.48100000003,595.2589111328125,589.5515747070312,0.5889517664909362,0.4937497377395629,0.4317874908447265,0.4930146634578704,0.0,0.0
2231,1680003163.60648,2232,2Item7,2023-03-28 17:02:43.606480,905.0,284.0,884.0,266.0,-1.0,-1.0,18614.830000000016,595.4475708007812,589.6981811523438,0.5891435146331787,0.4937599599361419,0.4319958388805389,0.4929326772689819,0.0,0.0
2232,1680003163.61483,2233,2Item7,2023-03-28 17:02:43.614830,898.0,257.0,888.0,251.0,2.933868408203125,2.762847900390625,18623.179000000004,595.622802734375,589.8348999023438,0.5891535878181458,0.4937686622142791,0.4319531619548797,0.4929545819759368,0.0,0.0
2233,1680003163.623223,2234,2Item7,2023-03-28 17:02:43.623223,894.0,253.0,885.0,252.0,-1.0,-1.0,18631.57300000004,595.6488037109375,589.8392944335938,0.589076578617096,0.493692547082901,0.4319860935211181,0.4929786920547485,0.0,0.0
2234,1680003163.6315322,2235,2Item7,2023-03-28 17:02:43.631532,-1.0,-1.0,-1.0,-1.0,-1.0,-1.0,18639.881999999983,-1.0,-1.0,-1.0,-1.0,-1.0,-1.0,4.0,4.0
2235,1680003163.6398387,2236,2Item7,2023-03-28 17:02:43.639839,882.0,237.0,889.0,251.0,3.044921875,2.990707397460937,18648.19,595.7611083984375,589.9522705078125,0.5893823504447937,0.4937731027603149,0.4321747720241546,0.4929353594779968,0.0,0.0
2236,1680003163.6481316,2237,2Item7,2023-03-28 17:02:43.648132,889.0,231.0,899.0,250.0,-1.0,-1.0,18656.48100000003,595.7197265625,589.90673828125,0.5893517136573792,0.4937871396541595,0.4322065711021423,0.4929400980472564,0.0,0.0
2237,1680003163.6565528,2238,2Item7,2023-03-28 17:02:43.656553,890.0,242.0,886.0,254.0,-1.0,-1.0,18664.900000000023,595.7229614257812,589.9369506835938,0.5895675420761108,0.4937931597232818,0.4324204623699188,0.4929021298885345,0.0,0.0
2238,1680003163.664804,2239,2Item7,2023-03-28 17:02:43.664804,889.0,242.0,890.0,241.0,2.9675445556640625,2.7432098388671875,18673.15399999998,595.7494506835938,589.9722290039064,0.5895894765853881,0.4937929213047027,0.4324156641960144,0.4928722381591796,0.0,0.0
2239,1680003163.6735072,2240,2Item7,2023-03-28 17:02:43.673507,879.0,254.0,878.0,244.0,-1.0,-1.0,18681.85499999998,595.6577758789064,589.8851928710938,0.5895425081253051,0.4937055706977844,0.4324483275413513,0.4928781688213348,0.0,0.0
2240,1680003163.6815796,2241,2Item7,2023-03-28 17:02:43.681580,879.0,256.0,878.0,244.0,-1.0,-1.0,18689.93,595.6173095703125,589.8681030273438,0.5898166298866272,0.4937961101531982,0.432646095752716,0.4928385615348815,0.0,0.0
2241,1680003163.690012,2242,2Item7,2023-03-28 17:02:43.690012,877.0,239.0,893.0,235.0,2.517318725585937,3.4587554931640625,18698.362000000023,595.5939331054688,589.8570556640625,0.5898405909538269,0.4937752187252044,0.4326589405536651,0.4928135275840759,0.0,0.0
2242,1680003163.6981514,2243,2Item7,2023-03-28 17:02:43.698151,867.0,211.0,906.0,225.0,-1.0,-1.0,18706.5,595.4585571289064,589.7335815429688,0.5898253321647644,0.4937687516212463,0.4326931834220886,0.4928283393383026,0.0,0.0
2243,1680003163.7064552,2244,2Item7,2023-03-28 17:02:43.706455,865.0,207.0,895.0,232.0,-1.0,-1.0,18714.805,595.3887329101562,589.6915283203125,0.5900396108627319,0.4937895238399505,0.4328831732273101,0.4927841424942016,0.0,0.0
2244,1680003163.714838,2245,2Item7,2023-03-28 17:02:43.714838,869.0,218.0,895.0,233.0,2.7987518310546875,2.83984375,18723.18300000001,595.32080078125,589.6607666015625,0.5900677442550659,0.4937812089920043,0.4328767657279968,0.4927408993244171,0.0,0.0
2245,1680003163.7231708,2246,2Item7,2023-03-28 17:02:43.723171,881.0,249.0,898.0,244.0,-1.0,-1.0,18731.521000000008,595.1552124023438,589.5323486328125,0.590048611164093,0.4937989115715026,0.4329056739807128,0.492817610502243,0.0,0.0
2246,1680003163.7314742,2247,2Item7,2023-03-28 17:02:43.731474,881.0,242.0,882.0,269.0,-1.0,-1.0,18739.824000000022,595.0531005859375,589.4984130859375,0.5902608036994934,0.4938210248947143,0.4330863952636718,0.4927477836608886,0.0,0.0
2247,1680003163.7397833,2248,2Item7,2023-03-28 17:02:43.739783,886.0,249.0,869.0,277.0,2.800643920898437,2.7916717529296875,18748.131,594.9783325195312,589.480224609375,0.5902621150016784,0.4938262701034545,0.4330517053604126,0.4927806258201599,0.0,0.0
2248,1680003163.7481434,2249,2Item7,2023-03-28 17:02:43.748143,883.0,261.0,869.0,277.0,-1.0,-1.0,18756.493000000017,594.8118896484375,589.3663940429688,0.5901756882667542,0.493773877620697,0.4330858588218689,0.4928299486637115,0.0,0.0
2249,1680003163.756534,2250,2Item7,2023-03-28 17:02:43.756534,872.0,268.0,879.0,244.0,-1.0,-1.0,18764.87900000001,594.71630859375,589.3504638671875,0.5904163122177124,0.4938729405403137,0.4332328736782074,0.4927758276462554,0.0,0.0
2250,1680003163.7648532,2251,2Item7,2023-03-28 17:02:43.764853,862.0,264.0,881.0,235.0,2.897567749023437,2.6693572998046875,18773.204000000027,594.6466064453125,589.3638305664064,0.5904332399368286,0.4938862025737762,0.4332185983657836,0.4928029477596283,0.0,0.0
2251,1680003163.7734137,2252,2Item7,2023-03-28 17:02:43.773414,855.0,246.0,889.0,238.0,-1.0,-1.0,18781.761999999988,594.463134765625,589.2932739257812,0.5903865098953247,0.493893563747406,0.4332333505153656,0.4928410649299621,0.0,0.0
2252,1680003163.7815244,2253,2Item7,2023-03-28 17:02:43.781524,869.0,243.0,917.0,226.0,-1.0,-1.0,18789.869999999995,594.33544921875,589.3226318359375,0.5905151963233947,0.4938327074050903,0.4333750009536743,0.4928280711174011,0.0,0.0
2253,1680003163.7897875,2254,2Item7,2023-03-28 17:02:43.789788,869.0,238.0,913.0,243.0,2.580718994140625,2.81866455078125,18798.138000000035,594.2500610351562,589.380615234375,0.5905843377113342,0.4939217865467071,0.4333419799804687,0.4928440153598785,0.0,0.0
2254,1680003163.7981174,2255,2Item7,2023-03-28 17:02:43.798117,875.0,240.0,899.0,209.0,-1.0,-1.0,18806.46600000001,594.092041015625,589.3421020507812,0.5905253887176513,0.4939311146736145,0.4333423376083374,0.4928908348083496,0.0,0.0
2255,1680003163.8064537,2256,2Item7,2023-03-28 17:02:43.806453,879.0,230.0,866.0,229.0,-1.0,-1.0,18814.804000000004,594.0462036132812,589.4027709960938,0.5906911492347717,0.4939625859260559,0.4334853887557983,0.492887794971466,0.0,0.0
2256,1680003163.8147871,2257,2Item7,2023-03-28 17:02:43.814787,881.0,231.0,889.0,261.0,3.149688720703125,2.76202392578125,18823.136999999988,594.0399169921875,589.4865112304688,0.5906836986541748,0.4939781427383422,0.4334395825862884,0.4928989112377166,0.0,0.0
2257,1680003163.8231256,2258,2Item7,2023-03-28 17:02:43.823126,884.0,226.0,885.0,245.0,-1.0,-1.0,18831.47000000003,593.9560546875,589.46875,0.5906253457069397,0.4939955472946167,0.4334346652030944,0.4929354786872863,0.0,0.0
2258,1680003163.831452,2259,2Item7,2023-03-28 17:02:43.831452,907.0,196.0,921.0,216.0,-1.0,-1.0,18839.802000000025,593.9630737304688,589.5437622070312,0.5907565951347351,0.4940110146999359,0.4335649013519287,0.4929300546646118,0.0,0.0
2259,1680003163.8398888,2260,2Item7,2023-03-28 17:02:43.839889,909.0,191.0,878.0,225.0,2.5887603759765625,2.7473602294921875,18848.239,594.0075073242188,589.6307983398438,0.5907289981842041,0.4940083920955658,0.4335000216960907,0.4929277598857879,0.0,0.0
2260,1680003163.848122,2261,2Item7,2023-03-28 17:02:43.848122,910.0,201.0,876.0,230.0,-1.0,-1.0,18856.468999999983,593.9647827148438,589.6139526367188,0.5906936526298522,0.4940743744373321,0.4334991872310638,0.4929878413677215,0.0,0.0
2261,1680003163.8569725,2262,2Item7,2023-03-28 17:02:43.856972,883.0,231.0,873.0,239.0,-1.0,-1.0,18865.321999999986,594.0278930664064,589.685546875,0.5908219218254089,0.4940778315067291,0.4336199164390564,0.4929454624652862,0.0,0.0
2262,1680003163.8647852,2263,2Item7,2023-03-28 17:02:43.864785,882.0,240.0,874.0,236.0,2.7720489501953125,2.84765625,18873.13300000003,594.1395263671875,589.7662353515625,0.5907948613166809,0.4940956532955169,0.4335775077342987,0.4929655194282531,0.0,0.0
2263,1680003163.8733194,2264,2Item7,2023-03-28 17:02:43.873319,891.0,235.0,883.0,253.0,-1.0,-1.0,18881.668000000005,594.1856689453125,589.7381591796875,0.5907180905342102,0.4941147863864898,0.4335524439811706,0.4930109679698944,0.0,0.0
2264,1680003163.8815272,2265,2Item7,2023-03-28 17:02:43.881527,885.0,238.0,907.0,252.0,-1.0,-1.0,18889.87699999997,594.314208984375,589.7940063476562,0.5908406972885131,0.4941159188747406,0.4336674809455871,0.4929759502410888,0.0,0.0
2265,1680003163.8901234,2266,2Item7,2023-03-28 17:02:43.890123,886.0,238.0,891.0,255.0,3.065048217773437,2.752410888671875,18898.473,594.4599609375,589.8577270507812,0.5908079147338867,0.4941305816173553,0.4336177706718444,0.4929966926574707,0.0,0.0
2266,1680003163.8981135,2267,2Item7,2023-03-28 17:02:43.898113,856.0,234.0,904.0,226.0,-1.0,-1.0,18906.46299999999,594.500244140625,589.81689453125,0.5906802415847778,0.4940487742424011,0.4335789084434509,0.4930298328399658,0.0,0.0
2267,1680003163.906451,2268,2Item7,2023-03-28 17:02:43.906451,-1.0,-1.0,-1.0,-1.0,-1.0,-1.0,18914.799,-1.0,-1.0,-1.0,-1.0,-1.0,-1.0,4.0,4.0
2268,1680003163.914787,2269,2Item7,2023-03-28 17:02:43.914787,856.0,234.0,904.0,230.0,2.934326171875,2.7548980712890625,18923.13400000002,594.651123046875,589.8978881835938,0.5907973051071167,0.494148313999176,0.4336388111114502,0.4930213987827301,0.0,0.0
2269,1680003163.923175,2270,2Item7,2023-03-28 17:02:43.923175,877.0,227.0,906.0,251.0,-1.0,-1.0,18931.525000000023,594.6837768554688,589.8505249023438,0.5907099246978759,0.4941569566726684,0.433583915233612,0.4930663704872131,0.0,0.0
2270,1680003163.9315257,2271,2Item7,2023-03-28 17:02:43.931525,875.0,235.0,880.0,256.0,-1.0,-1.0,18939.875,594.7824096679688,589.8964233398438,0.5908322930335999,0.4941689372062683,0.4336951971054077,0.493057757616043,0.0,0.0
2271,1680003163.9398143,2272,2Item7,2023-03-28 17:02:43.939814,880.0,253.0,880.0,256.0,2.7730255126953125,2.8873748779296875,18948.146000000008,594.9069213867188,589.947998046875,0.5907764434814453,0.4941862821578979,0.4336187541484832,0.4930694699287414,0.0,0.0
2272,1680003163.948175,2273,2Item7,2023-03-28 17:02:43.948175,869.0,246.0,872.0,249.0,-1.0,-1.0,18956.526000000013,594.9202270507812,589.9015502929688,0.5906299948692321,0.4941459596157074,0.4335656464099884,0.4931216537952423,0.0,0.0
2273,1680003163.9564564,2274,2Item7,2023-03-28 17:02:43.956456,867.0,203.0,883.0,242.0,-1.0,-1.0,18964.805999999982,594.9833984375,589.9510498046875,0.5907939672470092,0.494236797094345,0.4336673021316528,0.4931472241878509,0.0,0.0
2274,1680003163.9648318,2275,2Item7,2023-03-28 17:02:43.964832,866.0,203.0,884.0,241.0,2.0567779541015625,2.78460693359375,18973.18200000003,595.0664672851562,590.008056640625,0.5907433629035949,0.4942292273044586,0.433592677116394,0.4931130409240722,0.0,0.0
2275,1680003163.9731803,2276,2Item7,2023-03-28 17:02:43.973181,867.0,230.0,894.0,238.0,-1.0,-1.0,18981.52899999998,595.032470703125,589.9656982421875,0.5906147360801696,0.494230568408966,0.4335386157035827,0.4932158887386322,0.0,0.0
2276,1680003163.981444,2277,2Item7,2023-03-28 17:02:43.981444,865.0,244.0,887.0,272.0,-1.0,-1.0,18989.791000000027,595.0510864257812,590.0174560546875,0.5907628536224365,0.494342416524887,0.4336583316326141,0.4931788146495819,0.0,0.0
2277,1680003163.989776,2278,2Item7,2023-03-28 17:02:43.989776,865.0,244.0,887.0,238.0,2.7406005859375,2.6376953125,18998.125,595.0599365234375,590.07763671875,0.5906893610954284,0.4943399727344512,0.4335708022117614,0.493239402770996,0.0,0.0
2278,1680003163.9981112,2279,2Item7,2023-03-28 17:02:43.998111,868.0,249.0,887.0,240.0,-1.0,-1.0,19006.457999999984,594.9375610351562,590.02978515625,0.5906488895416259,0.4943979382514953,0.4335288405418396,0.4933258891105651,0.0,0.0
2279,1680003164.00646,2280,2Item7,2023-03-28 17:02:44.006460,871.0,244.0,886.0,240.0,-1.0,-1.0,19014.810999999987,594.8676147460938,590.0716552734375,0.590766429901123,0.4944303929805755,0.4336327910423278,0.4933242797851562,0.0,0.0
2280,1680003164.0147746,2281,2Item7,2023-03-28 17:02:44.014775,-1.0,-1.0,885.0,253.0,-1.0,2.589599609375,19023.125,-1.0,590.1207275390625,-1.0,-1.0,0.4336030185222625,0.4933075308799743,4.0,0.0
2281,1680003164.0231285,2282,2Item7,2023-03-28 17:02:44.023128,870.0,238.0,887.0,233.0,-1.0,-1.0,19031.478000000003,594.7047119140625,590.0556640625,0.5906063318252563,0.4944427609443664,0.4335218667984008,0.4933927357196807,0.0,0.0
2282,1680003164.031472,2283,2Item7,2023-03-28 17:02:44.031472,870.0,254.0,887.0,232.0,-1.0,-1.0,19039.821,594.6157836914064,590.0806884765625,0.5907371640205383,0.4944806694984436,0.43361097574234,0.4933675527572631,0.0,0.0
2283,1680003164.039767,2284,2Item7,2023-03-28 17:02:44.039767,871.0,247.0,870.0,252.0,2.974822998046875,2.7656707763671875,19048.11599999998,594.5410766601562,590.1123046875,0.5906965732574462,0.4944629073143005,0.4335531294345855,0.493351936340332,0.0,0.0
2284,1680003164.0480928,2285,2Item7,2023-03-28 17:02:44.048093,872.0,250.0,872.0,267.0,-1.0,-1.0,19056.444000000018,594.3631591796875,590.0375366210938,0.5906084775924682,0.4944969117641449,0.4335142374038696,0.4934130311012268,0.0,0.0
2285,1680003164.0564396,2286,2Item7,2023-03-28 17:02:44.056440,874.0,232.0,860.0,269.0,-1.0,-1.0,19064.78899999999,594.2544555664064,590.05615234375,0.5907163619995117,0.4944909214973449,0.4335942864418029,0.4933888912200927,0.0,0.0
2286,1680003164.0649323,2287,2Item7,2023-03-28 17:02:44.064932,877.0,228.0,869.0,264.0,2.975799560546875,2.63555908203125,19073.281000000017,594.19287109375,590.096435546875,0.5906919240951538,0.4944779574871063,0.4335787296295166,0.4933447539806366,0.0,0.0
2287,1680003164.073276,2288,2Item7,2023-03-28 17:02:44.073276,907.0,259.0,863.0,270.0,-1.0,-1.0,19081.62599999999,594.0526733398438,590.037109375,0.5905987024307251,0.4945091307163238,0.4335041940212249,0.4934300780296325,0.0,0.0
2288,1680003164.0814786,2289,2Item7,2023-03-28 17:02:44.081479,889.0,254.0,867.0,264.0,-1.0,-1.0,19089.82699999999,594.0045166015625,590.0851440429688,0.5907074213027954,0.4944915771484375,0.4335879385471344,0.4933913350105285,0.0,0.0
2289,1680003164.089875,2290,2Item7,2023-03-28 17:02:44.089875,880.0,244.0,855.0,289.0,2.4203338623046875,2.87255859375,19098.225000000035,594.0370483398438,590.169677734375,0.5906015634536743,0.4944048225879669,0.4335274696350097,0.4933875203132629,0.0,0.0
2290,1680003164.0980828,2291,2Item7,2023-03-28 17:02:44.098083,863.0,240.0,874.0,241.0,-1.0,-1.0,19106.43300000001,594.0001831054688,590.1701049804688,0.5905336737632751,0.4944537878036499,0.4334848821163177,0.493414282798767,0.0,0.0
2291,1680003164.1064525,2292,2Item7,2023-03-28 17:02:44.106452,866.0,237.0,861.0,276.0,-1.0,-1.0,19114.80100000004,594.0570068359375,590.28076171875,0.5906745195388793,0.4944770336151123,0.4335431456565856,0.4933232367038726,0.0,0.0
2292,1680003164.1149173,2293,2Item7,2023-03-28 17:02:44.114917,866.0,238.0,860.0,266.0,3.262939453125,2.8682098388671875,19123.267999999985,594.1561889648438,590.4129638671875,0.5906192660331726,0.4944594204425811,0.4334923028945922,0.4933640658855438,0.0,0.0
2293,1680003164.1230948,2294,2Item7,2023-03-28 17:02:44.123095,854.0,219.0,869.0,260.0,-1.0,-1.0,19131.44199999998,594.1654663085938,590.4578247070312,0.5905295610427856,0.4944373071193695,0.4334455728530883,0.493362545967102,0.0,0.0
2294,1680003164.131517,2295,2Item7,2023-03-28 17:02:44.131517,849.0,218.0,856.0,278.0,-1.0,-1.0,19139.867000000027,594.2547607421875,590.6053466796875,0.5906496047973632,0.4944308996200561,0.4335229098796844,0.4932829439640045,0.0,0.0
2295,1680003164.1397614,2296,2Item7,2023-03-28 17:02:44.139761,848.0,212.0,859.0,285.0,2.500732421875,2.894012451171875,19148.109999999982,594.36669921875,590.7700805664064,0.5905861258506774,0.4943862557411193,0.433443933725357,0.4932956397533416,0.0,0.0
2296,1680003164.1481128,2297,2Item7,2023-03-28 17:02:44.148113,870.0,241.0,857.0,282.0,-1.0,-1.0,19156.462,594.3728637695312,590.8383178710938,0.5903836488723754,0.4942968189716339,0.4333740472793579,0.493316113948822,0.0,0.0
2297,1680003164.1564567,2298,2Item7,2023-03-28 17:02:44.156457,885.0,244.0,898.0,268.0,-1.0,-1.0,19164.805999999982,594.4349365234375,590.9948120117188,0.5904520153999328,0.4943332374095916,0.4333708882331848,0.4932252764701843,0.0,0.0
2298,1680003164.1648483,2299,2Item7,2023-03-28 17:02:44.164848,898.0,260.0,898.0,262.0,2.8680572509765625,2.906951904296875,19173.19800000004,594.5123901367188,591.1712646484375,0.5902634859085083,0.4942829608917236,0.4331578612327575,0.4932554364204406,0.0,0.0
2299,1680003164.173116,2300,2Item7,2023-03-28 17:02:44.173116,885.0,231.0,946.0,242.0,-1.0,-1.0,19181.46600000001,594.4633178710938,591.243896484375,0.5901623964309692,0.4942440390586853,0.433079719543457,0.4932585954666137,0.0,0.0
2300,1680003164.1814282,2301,2Item7,2023-03-28 17:02:44.181428,897.0,228.0,932.0,249.0,-1.0,-1.0,19189.777,594.4569091796875,591.3986206054688,0.590300977230072,0.4942298233509063,0.433205097913742,0.4932301640510559,0.0,0.0
2301,1680003164.1897595,2302,2Item7,2023-03-28 17:02:44.189759,898.0,228.0,932.0,249.0,2.943359375,2.657577514648437,19198.109,594.4627685546875,591.5575561523438,0.5901675820350647,0.4941467344760894,0.4330947697162628,0.4931686520576477,0.0,0.0
2302,1680003164.1980789,2303,2Item7,2023-03-28 17:02:44.198079,922.0,230.0,928.0,251.0,-1.0,-1.0,19206.429000000004,594.3431396484375,591.6024169921875,0.5901662707328796,0.4941782057285308,0.4330481886863708,0.4931326508522033,0.0,0.0
2303,1680003164.2064147,2304,2Item7,2023-03-28 17:02:44.206415,901.0,252.0,937.0,231.0,-1.0,-1.0,19214.761999999988,594.284912109375,591.7333984375,0.5902357697486877,0.4940706193447113,0.4331461787223815,0.4931670725345611,0.0,0.0
2304,1680003164.2147565,2305,2Item7,2023-03-28 17:02:44.214756,911.0,257.0,933.0,236.0,2.820220947265625,2.935333251953125,19223.10700000001,594.252197265625,591.8381958007812,0.5902323126792907,0.4941220581531524,0.4330564737319946,0.4931116700172424,0.0,0.0
2305,1680003164.2231257,2306,2Item7,2023-03-28 17:02:44.223125,899.0,248.0,931.0,229.0,-1.0,-1.0,19231.475000000035,594.1233520507812,591.815673828125,0.5901665687561035,0.4941136538982391,0.4330521821975708,0.4930889904499054,0.0,0.0
2306,1680003164.2314224,2307,2Item7,2023-03-28 17:02:44.231422,919.0,242.0,912.0,248.0,-1.0,-1.0,19239.772,594.0772705078125,591.861083984375,0.5902436375617981,0.4940036833286285,0.4331316351890564,0.4930659234523773,0.0,0.0
2307,1680003164.2397556,2308,2Item7,2023-03-28 17:02:44.239756,912.0,239.0,910.0,262.0,2.69378662109375,2.8402862548828125,19248.10600000003,594.0814208984375,591.900634765625,0.5902720093727111,0.494073063135147,0.4330657720565795,0.4930579960346221,0.0,0.0
2308,1680003164.248098,2309,2Item7,2023-03-28 17:02:44.248098,929.0,245.0,909.0,260.0,-1.0,-1.0,19256.446,593.9956665039064,591.8394775390625,0.5902153849601744,0.4940685629844665,0.4330913126468658,0.493033230304718,0.0,0.0
2309,1680003164.2568688,2310,2Item7,2023-03-28 17:02:44.256869,926.0,238.0,914.0,258.0,-1.0,-1.0,19265.218999999983,594.01708984375,591.8614501953125,0.5903635621070861,0.4940631389617919,0.4331890940666198,0.4930579662322998,0.0,0.0
2310,1680003164.2649271,2311,2Item7,2023-03-28 17:02:44.264927,927.0,234.0,918.0,240.0,2.8178863525390625,2.95587158203125,19273.277,594.0845336914064,591.9181518554688,0.5902917385101318,0.4939890205860137,0.4331664443016052,0.4929902851581573,0.0,0.0
2311,1680003164.2730718,2312,2Item7,2023-03-28 17:02:44.273072,922.0,235.0,925.0,255.0,-1.0,-1.0,19281.42100000003,594.1135864257812,591.8771362304688,0.5902892351150512,0.4940446615219116,0.4330868124961853,0.4930421710014343,0.0,0.0
2312,1680003164.2814069,2313,2Item7,2023-03-28 17:02:44.281407,947.0,227.0,938.0,270.0,-1.0,-1.0,19289.75800000003,594.263916015625,591.9368286132812,0.5904288291931152,0.4940312504768371,0.4332363009452819,0.4929994642734527,0.0,0.0
2313,1680003164.2897427,2314,2Item7,2023-03-28 17:02:44.289743,935.0,197.0,939.0,272.0,2.4139556884765625,2.9373016357421875,19298.093,594.488525390625,592.013427734375,0.5903414487838745,0.4939814209938049,0.4331640303134918,0.4929790496826171,0.0,0.0
2314,1680003164.2981064,2315,2Item7,2023-03-28 17:02:44.298106,934.0,214.0,930.0,263.0,-1.0,-1.0,19306.456999999995,594.6414184570312,591.9942016601562,0.5902751088142395,0.4939244389533996,0.4331122934818267,0.4930179715156555,0.0,0.0
2315,1680003164.3064156,2316,2Item7,2023-03-28 17:02:44.306416,929.0,231.0,912.0,247.0,-1.0,-1.0,19314.763000000035,594.8814086914064,592.0867309570312,0.5904626846313475,0.4940307438373565,0.433261901140213,0.4929774403572082,0.0,0.0
2316,1680003164.314843,2317,2Item7,2023-03-28 17:02:44.314843,933.0,244.0,904.0,256.0,3.12103271484375,2.80218505859375,19323.19199999998,595.1447143554688,592.2098999023438,0.5903987288475036,0.4940331876277923,0.433171808719635,0.4929859042167663,0.0,0.0
2317,1680003164.3231113,2318,2Item7,2023-03-28 17:02:44.323111,922.0,225.0,900.0,246.0,-1.0,-1.0,19331.462,595.2681884765625,592.2352905273438,0.5903211236000061,0.4940012693405151,0.4331036210060119,0.4930098354816436,0.0,0.0
2318,1680003164.3314178,2319,2Item7,2023-03-28 17:02:44.331418,909.0,231.0,896.0,243.0,-1.0,-1.0,19339.767999999985,595.4189453125,592.3319091796875,0.5904740095138549,0.4940437078475952,0.4332659840583801,0.4929890930652618,0.0,0.0
2319,1680003164.3398235,2320,2Item7,2023-03-28 17:02:44.339823,909.0,230.0,909.0,259.0,2.5970916748046875,2.727157592773437,19348.17200000002,595.5410766601562,592.39306640625,0.5904057025909423,0.4940370321273803,0.4331623315811157,0.4929860234260559,0.0,0.0
2320,1680003164.3480723,2321,2Item7,2023-03-28 17:02:44.348072,908.0,225.0,909.0,259.0,-1.0,-1.0,19356.42200000002,595.5110473632812,592.30029296875,0.5903341174125671,0.4940172135829925,0.4331039786338806,0.4930112361907959,0.0,0.0
2321,1680003164.3570476,2322,2Item7,2023-03-28 17:02:44.357048,908.0,225.0,931.0,249.0,-1.0,-1.0,19365.397,595.5186767578125,592.2467041015625,0.5905011296272277,0.4940503537654876,0.433267742395401,0.4929915070533752,0.0,0.0
2322,1680003164.3648374,2323,2Item7,2023-03-28 17:02:44.364837,914.0,227.0,935.0,246.0,2.765853881835937,2.844207763671875,19373.188000000024,595.4863891601562,592.1612548828125,0.5904470682144165,0.4940301775932312,0.4331642389297485,0.4929592013359069,0.0,0.0
2323,1680003164.3730688,2324,2Item7,2023-03-28 17:02:44.373069,916.0,229.0,922.0,242.0,-1.0,-1.0,19381.41499999997,595.3121337890625,591.934326171875,0.5903893113136292,0.4940122067928314,0.4331203699111938,0.4929847419261932,0.0,0.0
2324,1680003164.3814516,2325,2Item7,2023-03-28 17:02:44.381452,912.0,227.0,912.0,240.0,-1.0,-1.0,19389.80100000004,595.1793823242188,591.767822265625,0.5904830694198608,0.4939576983451843,0.4332702755928039,0.4929324388504028,0.0,0.0
2325,1680003164.3898163,2326,2Item7,2023-03-28 17:02:44.389817,912.0,227.0,923.0,224.0,2.3450927734375,2.6477813720703125,19398.166000000027,595.0625,591.5873413085938,0.5904759168624877,0.4939721226692199,0.4331753849983215,0.4929140210151672,0.0,0.0
2326,1680003164.3980992,2327,2Item7,2023-03-28 17:02:44.398099,928.0,239.0,913.0,213.0,-1.0,-1.0,19406.43200000003,594.8340454101562,591.2888793945312,0.5904086828231812,0.4939543008804321,0.4331378936767578,0.4929422736167907,0.0,0.0
2327,1680003164.4063935,2328,2Item7,2023-03-28 17:02:44.406394,943.0,242.0,935.0,210.0,-1.0,-1.0,19414.74400000001,594.6817016601562,591.0679931640625,0.5905718803405761,0.4939617812633514,0.4332830011844635,0.4928212165832519,0.0,0.0
2328,1680003164.4147227,2329,2Item7,2023-03-28 17:02:44.414723,943.0,242.0,930.0,218.0,3.033355712890625,2.7747802734375,19423.07300000004,594.5924682617188,590.8541259765625,0.5904855728149414,0.4939399063587188,0.4331753253936767,0.4928919970989227,0.0,0.0
2329,1680003164.4230986,2330,2Item7,2023-03-28 17:02:44.423099,944.0,243.0,941.0,244.0,-1.0,-1.0,19431.449000000022,594.42333984375,590.5537719726562,0.5904088020324707,0.4939174354076385,0.4331256747245788,0.4929303228855133,0.0,0.0
2330,1680003164.43141,2331,2Item7,2023-03-28 17:02:44.431410,937.0,256.0,920.0,246.0,-1.0,-1.0,19439.75900000002,594.359619140625,590.3665771484375,0.5904844403266906,0.4938798546791076,0.4332263767719268,0.4929099380970001,0.0,0.0
2331,1680003164.4397326,2332,2Item7,2023-03-28 17:02:44.439733,937.0,256.0,-1.0,-1.0,3.2716217041015625,-1.0,19448.081999999995,594.3524780273438,-1.0,0.5904456377029418,0.493935227394104,-1.0,-1.0,0.0,4.0
2332,1680003164.4481096,2333,2Item7,2023-03-28 17:02:44.448110,927.0,261.0,927.0,252.0,-1.0,-1.0,19456.46000000002,594.26904296875,590.022216796875,0.5903246998786926,0.4938587546348571,0.4330641031265258,0.4929367303848266,0.0,0.0
2333,1680003164.456416,2334,2Item7,2023-03-28 17:02:44.456416,917.0,257.0,927.0,252.0,-1.0,-1.0,19464.75900000002,594.3074951171875,589.9219970703125,0.5904103517532348,0.4938902556896209,0.4331439137458801,0.492931455373764,0.0,0.0
2334,1680003164.4652014,2335,2Item7,2023-03-28 17:02:44.465201,917.0,257.0,941.0,244.0,3.205673217773437,2.792266845703125,19473.552000000025,594.412353515625,589.8547973632812,0.590300142765045,0.4938942193984985,0.4330246448516845,0.4929339289665222,0.0,0.0
2335,1680003164.4730945,2336,2Item7,2023-03-28 17:02:44.473094,916.0,242.0,935.0,240.0,-1.0,-1.0,19481.429000000004,594.4417114257812,589.7073974609375,0.5902462005615234,0.4939410686492919,0.4329464435577392,0.4929673969745636,0.0,0.0
2336,1680003164.4815335,2337,2Item7,2023-03-28 17:02:44.481534,930.0,229.0,916.0,265.0,-1.0,-1.0,19489.881,594.5603637695312,589.6737060546875,0.5902715325355529,0.4938697218894958,0.433021605014801,0.4929651021957397,0.0,0.0
2337,1680003164.489729,2338,2Item7,2023-03-28 17:02:44.489729,930.0,229.0,906.0,284.0,2.926742553710937,2.9131011962890625,19498.079000000027,594.722412109375,589.66943359375,0.5901992917060852,0.4939149618148803,0.432898998260498,0.4929518401622772,0.0,0.0
2338,1680003164.4981,2339,2Item7,2023-03-28 17:02:44.498100,939.0,233.0,905.0,276.0,-1.0,-1.0,19506.449000000022,594.79296875,589.5758056640625,0.5900682806968689,0.4939112067222595,0.4328238666057586,0.4929961264133453,0.0,0.0
2339,1680003164.506395,2340,2Item7,2023-03-28 17:02:44.506395,928.0,243.0,907.0,279.0,-1.0,-1.0,19514.74400000001,594.9351196289064,589.5808715820312,0.5901095867156982,0.4938514232635498,0.4328386187553405,0.4929182827472686,0.0,0.0
2340,1680003164.5147855,2341,2Item7,2023-03-28 17:02:44.514786,926.0,243.0,924.0,281.0,2.2041473388671875,2.823211669921875,19523.136,595.109375,589.6096801757812,0.5900169610977172,0.4938443899154663,0.4327129125595092,0.4929232597351074,0.0,0.0
2341,1680003164.5232315,2342,2Item7,2023-03-28 17:02:44.523232,914.0,245.0,925.0,273.0,-1.0,-1.0,19531.57799999998,595.1903076171875,589.5418701171875,0.5898453593254089,0.4938102066516876,0.4326368570327758,0.4929973483085632,0.0,0.0
2342,1680003164.531398,2343,2Item7,2023-03-28 17:02:44.531398,924.0,208.0,948.0,257.0,-1.0,-1.0,19539.74800000002,595.3386840820312,589.5792846679688,0.5899678468704223,0.4938555657863616,0.4327207803726196,0.492916464805603,0.0,0.0
2343,1680003164.539748,2344,2Item7,2023-03-28 17:02:44.539748,930.0,229.0,958.0,250.0,2.79388427734375,3.1878204345703125,19548.09700000001,595.5149536132812,589.640625,0.5897603034973145,0.493790864944458,0.4325591325759887,0.4929735660552978,0.0,0.0
2344,1680003164.5481362,2345,2Item7,2023-03-28 17:02:44.548136,928.0,234.0,941.0,229.0,-1.0,-1.0,19556.487000000023,595.5660400390625,589.6043090820312,0.5896239876747131,0.4937307834625244,0.4324735701084137,0.4930064678192138,0.0,0.0
2345,1680003164.5563855,2346,2Item7,2023-03-28 17:02:44.556386,940.0,234.0,902.0,245.0,-1.0,-1.0,19564.73100000003,595.6654663085938,589.6552734375,0.5897971391677856,0.4938302636146545,0.4325166344642639,0.492987185716629,0.0,0.0
2346,1680003164.5647123,2347,2Item7,2023-03-28 17:02:44.564712,944.0,242.0,914.0,272.0,2.920639038085937,2.8396453857421875,19573.06,595.7696533203125,589.7227172851562,0.589630901813507,0.4937782287597656,0.4323939085006713,0.4929728209972381,0.0,0.0
2347,1680003164.5730948,2348,2Item7,2023-03-28 17:02:44.573095,948.0,215.0,918.0,258.0,-1.0,-1.0,19581.445000000007,595.7609252929688,589.677978515625,0.5895312428474426,0.4938375353813171,0.4323078095912933,0.4930165112018585,0.0,0.0
2348,1680003164.5814085,2349,2Item7,2023-03-28 17:02:44.581408,923.0,263.0,925.0,256.0,-1.0,-1.0,19589.755000000005,595.7796020507812,589.7235717773438,0.5896028280258178,0.4937666952610015,0.4323784708976745,0.4930199384689331,0.0,0.0
2349,1680003164.589795,2350,2Item7,2023-03-28 17:02:44.589795,925.0,253.0,927.0,253.0,2.7104949951171875,2.7574462890625,19598.14400000003,595.776123046875,589.7809448242188,0.5895239114761353,0.493847370147705,0.4322344660758972,0.4930127561092376,0.0,0.0
2350,1680003164.5980508,2351,2Item7,2023-03-28 17:02:44.598051,928.0,251.0,929.0,264.0,-1.0,-1.0,19606.402,595.6231689453125,589.7399291992188,0.5893915891647338,0.4938518702983856,0.4321377873420715,0.4930648505687713,0.0,0.0
2351,1680003164.606395,2352,2Item7,2023-03-28 17:02:44.606395,931.0,238.0,924.0,239.0,-1.0,-1.0,19614.743000000017,595.5016479492188,589.7877197265625,0.5894757509231567,0.4938052296638488,0.4322161078453064,0.4930664002895355,0.0,0.0
2352,1680003164.6147084,2353,2Item7,2023-03-28 17:02:44.614708,931.0,229.0,915.0,249.0,2.2328033447265625,2.8617401123046875,19623.05900000001,595.3822021484375,589.835693359375,0.589335560798645,0.493827074766159,0.432090938091278,0.4930538535118103,0.0,0.0
2353,1680003164.623066,2354,2Item7,2023-03-28 17:02:44.623066,911.0,233.0,935.0,241.0,-1.0,-1.0,19631.416000000027,595.1359252929688,589.758056640625,0.5892558097839355,0.4938747882843017,0.4320589303970336,0.4930760264396667,0.0,0.0
2354,1680003164.6313834,2355,2Item7,2023-03-28 17:02:44.631383,916.0,242.0,940.0,241.0,-1.0,-1.0,19639.72999999998,594.9453735351562,589.7459106445312,0.5893025398254395,0.4937994480133056,0.4320458173751831,0.4931015074253082,0.0,0.0
2355,1680003164.6397152,2356,2Item7,2023-03-28 17:02:44.639715,919.0,243.0,940.0,241.0,2.664901733398437,2.8265533447265625,19648.06599999999,594.8018798828125,589.7500610351562,0.5892509222030639,0.4938513934612274,0.4319075047969818,0.4930353462696075,0.0,0.0
2356,1680003164.6480465,2357,2Item7,2023-03-28 17:02:44.648046,920.0,271.0,925.0,254.0,-1.0,-1.0,19656.396000000008,594.5999755859375,589.6618041992188,0.5891081094741821,0.4938224852085113,0.4318521916866302,0.493145078420639,0.0,0.0
2357,1680003164.6564727,2358,2Item7,2023-03-28 17:02:44.656473,958.0,200.0,939.0,217.0,-1.0,-1.0,19664.82300000004,594.5214233398438,589.671630859375,0.5892411470413208,0.4938995540142059,0.4319161176681518,0.4931427538394928,0.0,0.0
2358,1680003164.6647203,2359,2Item7,2023-03-28 17:02:44.664720,931.0,241.0,939.0,217.0,2.7096405029296875,2.953521728515625,19673.06800000003,594.5155639648438,589.7066040039064,0.589049220085144,0.4938597977161407,0.4317878186702728,0.4931266605854034,0.0,0.0
2359,1680003164.6731086,2360,2Item7,2023-03-28 17:02:44.673109,935.0,234.0,939.0,267.0,-1.0,-1.0,19681.456999999995,594.45751953125,589.6470336914064,0.5889427661895752,0.493790864944458,0.4317241907119751,0.4931580424308776,0.0,0.0
2360,1680003164.6813793,2361,2Item7,2023-03-28 17:02:44.681379,923.0,248.0,921.0,273.0,-1.0,-1.0,19689.72999999998,594.5191040039064,589.6845703125,0.5891060829162597,0.4939134418964386,0.4317759871482849,0.493187129497528,0.0,0.0
2361,1680003164.6897168,2362,2Item7,2023-03-28 17:02:44.689717,930.0,248.0,934.0,270.0,2.9370269775390625,2.8383331298828125,19698.064000000013,594.6530151367188,589.7449951171875,0.5889894962310791,0.4938819110393524,0.4316661953926086,0.4931146204471588,0.0,0.0
2362,1680003164.698037,2363,2Item7,2023-03-28 17:02:44.698037,903.0,239.0,918.0,219.0,-1.0,-1.0,19706.386999999988,594.7036743164064,589.71142578125,0.5888733863830566,0.4938971698284149,0.4315982162952423,0.4931973218917846,0.0,0.0
2363,1680003164.7063816,2364,2Item7,2023-03-28 17:02:44.706382,895.0,248.0,918.0,250.0,-1.0,-1.0,19714.73100000003,594.8311157226562,589.785400390625,0.5889146327972412,0.4938394725322723,0.4316599369049072,0.4931685328483581,0.0,0.0
2364,1680003164.7147722,2365,2Item7,2023-03-28 17:02:44.714772,915.0,252.0,917.0,237.0,2.6453399658203125,2.8207244873046875,19723.120999999985,594.9620971679688,589.8949584960938,0.5888637900352478,0.4938862025737762,0.4315295815467834,0.4931319057941436,0.0,0.0
2365,1680003164.72304,2366,2Item7,2023-03-28 17:02:44.723040,901.0,244.0,913.0,237.0,-1.0,-1.0,19731.39000000001,594.9666748046875,589.9171752929688,0.5887269377708435,0.4938447475433349,0.4314587116241455,0.4932089447975158,0.0,0.0
2366,1680003164.7313707,2367,2Item7,2023-03-28 17:02:44.731371,907.0,239.0,930.0,258.0,-1.0,-1.0,19739.72000000003,595.0038452148438,590.0283813476562,0.5888445377349854,0.4938341081142425,0.4315400421619415,0.4931562840938568,0.0,0.0
2367,1680003164.7397096,2368,2Item7,2023-03-28 17:02:44.739710,906.0,238.0,913.0,244.0,2.3809356689453125,2.818603515625,19748.06,595.0473022460938,590.1390380859375,0.5887049436569213,0.4938431978225708,0.431421160697937,0.4931365847587585,0.0,0.0
2368,1680003164.7482412,2369,2Item7,2023-03-28 17:02:44.748241,932.0,242.0,932.0,282.0,-1.0,-1.0,19756.59100000001,594.9439086914064,590.1353759765625,0.5886654257774353,0.4938878715038299,0.4313661754131317,0.4931268393993377,0.0,0.0
2369,1680003164.7566595,2370,2Item7,2023-03-28 17:02:44.756660,940.0,206.0,924.0,287.0,-1.0,-1.0,19765.006,594.8796997070312,590.209716796875,0.5887211561203002,0.4938280284404754,0.431445837020874,0.4931453466415405,0.0,0.0
2370,1680003164.7647254,2371,2Item7,2023-03-28 17:02:44.764725,-1.0,-1.0,-1.0,-1.0,-1.0,-1.0,19773.076,-1.0,-1.0,-1.0,-1.0,-1.0,-1.0,4.0,4.0
2371,1680003164.7730987,2372,2Item7,2023-03-28 17:02:44.773099,939.0,208.0,917.0,275.0,-1.0,-1.0,19781.446,594.732421875,590.2520751953125,0.5885772705078125,0.4938437640666961,0.4312615990638732,0.4931380748748779,0.0,0.0
2372,1680003164.782199,2373,2Item7,2023-03-28 17:02:44.782199,937.0,232.0,928.0,268.0,-1.0,-1.0,19790.549,594.6641845703125,590.3028564453125,0.5886942148208618,0.4938268661499023,0.4313063025474548,0.4930588603019714,0.0,0.0
2373,1680003164.7896996,2374,2Item7,2023-03-28 17:02:44.789700,937.0,232.0,928.0,268.0,2.92913818359375,2.8896942138671875,19798.049,594.5965576171875,590.3555297851562,0.58859783411026,0.4937970042228698,0.431210458278656,0.4930720627307891,0.0,0.0
2374,1680003164.798038,2375,2Item7,2023-03-28 17:02:44.798038,932.0,239.0,921.0,283.0,-1.0,-1.0,19806.381999999983,594.45263671875,590.2981567382812,0.5884703993797302,0.4936927556991577,0.4311547577381134,0.4930801689624786,0.0,0.0
2375,1680003164.8063889,2376,2Item7,2023-03-28 17:02:44.806389,949.0,242.0,918.0,251.0,-1.0,-1.0,19814.739,594.4022827148438,590.3259887695312,0.5885993838310241,0.4937545359134674,0.431250512599945,0.4930463433265686,0.0,0.0
2376,1680003164.814778,2377,2Item7,2023-03-28 17:02:44.814778,936.0,217.0,918.0,251.0,3.2117919921875,2.896224975585937,19823.112000000023,594.390625,590.3626708984375,0.5885043740272522,0.4937032163143158,0.4311082661151886,0.4930043816566467,0.0,0.0
2377,1680003164.823288,2378,2Item7,2023-03-28 17:02:44.823288,943.0,192.0,905.0,264.0,-1.0,-1.0,19831.639000000025,594.3134155273438,590.288818359375,0.588422119617462,0.4937169253826141,0.4310348629951477,0.4930215179920196,0.0,0.0
2378,1680003164.831454,2379,2Item7,2023-03-28 17:02:44.831454,954.0,185.0,929.0,246.0,-1.0,-1.0,19839.80300000001,594.3211669921875,590.3028564453125,0.5885147452354431,0.4936695098876953,0.4311502277851104,0.4929812550544738,0.0,0.0
2379,1680003164.839707,2380,2Item7,2023-03-28 17:02:44.839707,951.0,200.0,944.0,231.0,2.81195068359375,2.7781219482421875,19848.054000000004,594.34814453125,590.3299560546875,0.588424265384674,0.4936419129371643,0.4310304224491119,0.4929605424404144,0.0,0.0
2380,1680003164.8481796,2381,2Item7,2023-03-28 17:02:44.848180,927.0,263.0,955.0,257.0,-1.0,-1.0,19856.52899999998,594.2879638671875,590.2516479492188,0.5882641673088073,0.4935722351074218,0.4309571981430053,0.492986649274826,0.0,0.0
2381,1680003164.8563702,2382,2Item7,2023-03-28 17:02:44.856370,932.0,255.0,933.0,270.0,-1.0,-1.0,19864.718999999983,594.3025512695312,590.2648315429688,0.5884322524070739,0.4936188757419586,0.4310502111911773,0.4929536581039428,0.0,0.0
2382,1680003164.8647008,2383,2Item7,2023-03-28 17:02:44.864701,928.0,239.0,-1.0,-1.0,2.613021850585937,-1.0,19873.04999999999,594.3331298828125,-1.0,0.588349938392639,0.4936006665229797,-1.0,-1.0,0.0,4.0
2383,1680003164.8730369,2384,2Item7,2023-03-28 17:02:44.873037,928.0,239.0,929.0,261.0,-1.0,-1.0,19881.386,594.2449951171875,590.2149047851562,0.5882473587989807,0.4935930669307708,0.4308796823024749,0.4929711520671844,0.0,0.0
2384,1680003164.8813646,2385,2Item7,2023-03-28 17:02:44.881365,931.0,224.0,927.0,259.0,-1.0,-1.0,19889.71100000001,594.2202758789064,590.2236328125,0.5883898735046386,0.4936096966266632,0.4309859871864318,0.4929554462432861,0.0,0.0
2385,1680003164.889751,2386,2Item7,2023-03-28 17:02:44.889751,935.0,230.0,928.0,256.0,2.9443817138671875,2.7827911376953125,19898.102000000017,594.1959838867188,590.2410278320312,0.588309109210968,0.4935739040374755,0.4308917522430419,0.4929218888282775,0.0,0.0
2386,1680003164.8980317,2387,2Item7,2023-03-28 17:02:44.898031,948.0,231.0,929.0,252.0,-1.0,-1.0,19906.381,594.03955078125,590.143798828125,0.5882368683815002,0.4935930371284484,0.4308591783046722,0.4929707050323486,0.0,0.0
2387,1680003164.9063582,2388,2Item7,2023-03-28 17:02:44.906358,939.0,236.0,934.0,256.0,-1.0,-1.0,19914.706999999995,593.9494018554688,590.1268920898438,0.5883772373199462,0.4935920238494873,0.4309669733047485,0.4928865432739257,0.0,0.0
2388,1680003164.91471,2389,2Item7,2023-03-28 17:02:44.914710,932.0,239.0,925.0,255.0,2.6182861328125,2.7696685791015625,19923.06,593.8880004882812,590.1275634765625,0.5883010625839233,0.4935164153575897,0.4308932423591613,0.4928968846797943,0.0,0.0
2389,1680003164.9230485,2390,2Item7,2023-03-28 17:02:44.923048,926.0,228.0,923.0,257.0,-1.0,-1.0,19931.397999999983,593.7251586914064,590.0189208984375,0.5882599949836731,0.493571788072586,0.4308613240718841,0.4929510951042175,0.0,0.0
2390,1680003164.9313557,2391,2Item7,2023-03-28 17:02:44.931356,915.0,245.0,923.0,257.0,-1.0,-1.0,19939.70600000001,593.64501953125,589.9971313476562,0.5883467197418212,0.493522971868515,0.4309822022914886,0.4928551316261291,0.0,0.0
2391,1680003164.9397142,2392,2Item7,2023-03-28 17:02:44.939714,921.0,237.0,925.0,268.0,3.15447998046875,2.797698974609375,19948.060999999987,593.598388671875,589.989990234375,0.5883708000183105,0.4935488104820251,0.4309168457984924,0.4928638041019439,0.0,0.0
2392,1680003164.9481616,2393,2Item7,2023-03-28 17:02:44.948162,912.0,236.0,933.0,237.0,-1.0,-1.0,19956.511999999988,593.454345703125,589.886962890625,0.588326871395111,0.4935664236545562,0.4308872818946838,0.4929148256778717,0.0,0.0
2393,1680003164.9564414,2394,2Item7,2023-03-28 17:02:44.956441,923.0,214.0,917.0,281.0,-1.0,-1.0,19964.791000000027,593.3941650390625,589.8851928710938,0.5884791016578674,0.4935545027256012,0.4310303926467895,0.4928722381591796,0.0,0.0
2394,1680003164.9646902,2395,2Item7,2023-03-28 17:02:44.964690,923.0,214.0,903.0,279.0,2.706329345703125,2.901031494140625,19973.03999999997,593.393798828125,589.8974609375,0.5883561372756958,0.4935067594051361,0.4309712648391723,0.4928394854068756,0.0,0.0
2395,1680003164.9732213,2396,2Item7,2023-03-28 17:02:44.973221,923.0,259.0,905.0,270.0,-1.0,-1.0,19981.571999999986,593.3161010742188,589.8161010742188,0.5883623361587524,0.4934780597686767,0.4309621751308441,0.4928776919841766,0.0,0.0
2396,1680003164.9813657,2397,2Item7,2023-03-28 17:02:44.981366,923.0,259.0,910.0,262.0,-1.0,-1.0,19989.715000000026,593.3316040039064,589.8335571289064,0.5885512828826904,0.4935360252857208,0.4311074614524841,0.492851585149765,0.0,0.0
2397,1680003164.989707,2398,2Item7,2023-03-28 17:02:44.989707,924.0,258.0,919.0,261.0,2.724700927734375,2.7378387451171875,19998.05800000001,593.39404296875,589.868896484375,0.5884680747985839,0.4935228824615478,0.4310396611690521,0.4928250610828399,0.0,0.0
2398,1680003164.9980736,2399,2Item7,2023-03-28 17:02:44.998074,941.0,235.0,922.0,257.0,-1.0,-1.0,20006.42300000001,593.368408203125,589.80810546875,0.588474452495575,0.4934747815132141,0.4310472607612609,0.492858201265335,0.0,0.0
2399,1680003165.0070243,2400,2Item7,2023-03-28 17:02:45.007025,933.0,249.0,921.0,258.0,-1.0,-1.0,20015.369999999995,593.4166259765625,589.8289794921875,0.5886448621749877,0.4935651123523712,0.431189090013504,0.492844820022583,0.0,0.0
2400,1680003165.014723,2401,2Item7,2023-03-28 17:02:45.014723,932.0,252.0,925.0,256.0,2.740219116210937,2.911483764648437,20023.07300000004,593.5254516601562,589.8694458007812,0.5886146426200866,0.4935254156589508,0.4311500191688537,0.4928202033042907,0.0,0.0
2401,1680003165.0230155,2402,2Item7,2023-03-28 17:02:45.023015,930.0,237.0,933.0,263.0,-1.0,-1.0,20031.36599999998,593.5108642578125,589.8050537109375,0.5885791182518005,0.4935728013515472,0.4311387538909912,0.4928751289844512,0.0,0.0
2402,1680003165.031343,2403,2Item7,2023-03-28 17:02:45.031343,918.0,255.0,944.0,266.0,-1.0,-1.0,20039.69300000003,593.5499267578125,589.8292846679688,0.5886824131011962,0.4935319721698761,0.4313133060932159,0.4928385317325592,0.0,0.0
2403,1680003165.0397592,2404,2Item7,2023-03-28 17:02:45.039759,918.0,254.0,955.0,228.0,2.762191772460937,2.684066772460937,20048.108000000007,593.613037109375,589.8602294921875,0.5887255072593689,0.49357870221138,0.4312678277492523,0.4928185045719146,0.0,0.0
2404,1680003165.0481238,2405,2Item7,2023-03-28 17:02:45.048124,907.0,257.0,949.0,216.0,-1.0,-1.0,20056.473,593.560791015625,589.7803344726562,0.5886510610580444,0.4935328662395477,0.431263118982315,0.492851436138153,0.0,0.0
2405,1680003165.056423,2406,2Item7,2023-03-28 17:02:45.056423,913.0,262.0,927.0,237.0,-1.0,-1.0,20064.772999999983,593.5596313476562,589.7890625,0.5888348817825317,0.4935442507266998,0.4314240217208862,0.4927882850170135,0.0,0.0
2406,1680003165.0646849,2407,2Item7,2023-03-28 17:02:45.064685,916.0,271.0,924.0,246.0,2.819580078125,2.7322235107421875,20073.033,593.5786743164064,589.8025512695312,0.5887753963470459,0.4935523271560668,0.4313744306564331,0.4927316606044769,0.0,0.0
2407,1680003165.0730193,2408,2Item7,2023-03-28 17:02:45.073019,930.0,267.0,922.0,246.0,-1.0,-1.0,20081.369999999995,593.4912109375,589.7081909179688,0.5888392329216003,0.4935920536518096,0.4313728511333465,0.4927798509597778,0.0,0.0
2408,1680003165.0814152,2409,2Item7,2023-03-28 17:02:45.081415,931.0,235.0,924.0,240.0,-1.0,-1.0,20089.76500000001,593.4811401367188,589.70458984375,0.5889757275581359,0.4935458898544311,0.4315436482429504,0.4927558898925781,0.0,0.0
2409,1680003165.0897768,2410,2Item7,2023-03-28 17:02:45.089777,931.0,235.0,923.0,266.0,2.84814453125,2.811874389648437,20098.125,593.5025024414064,589.7050170898438,0.588952898979187,0.4935323894023895,0.4314828217029571,0.4926961660385131,0.0,0.0
2410,1680003165.0980296,2411,2Item7,2023-03-28 17:02:45.098030,919.0,218.0,925.0,269.0,-1.0,-1.0,20106.37900000001,593.4501953125,589.5977783203125,0.5889220833778381,0.4935141205787658,0.4314685761928558,0.4927517473697662,0.0,0.0
2411,1680003165.1063368,2412,2Item7,2023-03-28 17:02:45.106337,927.0,265.0,929.0,269.0,-1.0,-1.0,20114.685,593.4848022460938,589.572265625,0.589011013507843,0.4934735894203186,0.4316303730010986,0.4927193224430084,0.0,0.0
2412,1680003165.1147294,2413,2Item7,2023-03-28 17:02:45.114729,930.0,273.0,925.0,283.0,2.9320526123046875,2.9476470947265625,20123.080000000016,593.5997314453125,589.5562133789064,0.5890331268310546,0.4935189485549926,0.431559145450592,0.4926992952823638,0.0,0.0
2413,1680003165.1230154,2414,2Item7,2023-03-28 17:02:45.123015,926.0,258.0,923.0,263.0,-1.0,-1.0,20131.364,593.6434936523438,589.4295043945312,0.5889753103256224,0.4935152828693389,0.4315548539161682,0.4927498400211334,0.0,0.0
2414,1680003165.1313348,2415,2Item7,2023-03-28 17:02:45.131335,929.0,253.0,920.0,265.0,-1.0,-1.0,20139.68400000001,593.7926025390625,589.3873901367188,0.589062988758087,0.4935131669044494,0.4316936433315277,0.4927401542663574,0.0,0.0
2415,1680003165.1396663,2416,2Item7,2023-03-28 17:02:45.139666,926.0,252.0,-1.0,-1.0,2.7205047607421875,-1.0,20148.01500000001,594.0020141601562,-1.0,0.589074969291687,0.4935543835163116,-1.0,-1.0,0.0,4.0
2416,1680003165.1480167,2417,2Item7,2023-03-28 17:02:45.148017,921.0,255.0,922.0,267.0,-1.0,-1.0,20156.359999999982,594.1321411132812,589.2471923828125,0.5889772176742553,0.4935376942157745,0.431665301322937,0.4927644431591033,0.0,0.0
2417,1680003165.156593,2418,2Item7,2023-03-28 17:02:45.156593,928.0,240.0,938.0,237.0,-1.0,-1.0,20164.944000000018,594.3496704101562,589.2112426757812,0.5891629457473754,0.4935962557792663,0.4317432343959808,0.4927422106266021,0.0,0.0
2418,1680003165.16466,2419,2Item7,2023-03-28 17:02:45.164660,935.0,239.0,950.0,249.0,2.712142944335937,2.76226806640625,20173.00900000002,594.6243896484375,589.19091796875,0.5890949964523315,0.4935880601406097,0.4317129850387573,0.4927403032779693,0.0,0.0
2419,1680003165.1730082,2420,2Item7,2023-03-28 17:02:45.173008,941.0,233.0,940.0,252.0,-1.0,-1.0,20181.35700000001,594.7955322265625,589.0693359375,0.5890105962753295,0.4936247169971466,0.4316918849945068,0.4927846193313598,0.0,0.0
2420,1680003165.1813338,2421,2Item7,2023-03-28 17:02:45.181334,943.0,229.0,938.0,255.0,-1.0,-1.0,20189.68400000001,595.0315551757812,589.042236328125,0.589179277420044,0.4936552941799163,0.4318052530288696,0.4928237795829772,0.0,0.0
2421,1680003165.189683,2422,2Item7,2023-03-28 17:02:45.189683,941.0,242.0,935.0,256.0,2.752426147460937,2.9397735595703125,20198.02899999998,595.2754516601562,589.03466796875,0.589109718799591,0.4936551451683044,0.4317488670349121,0.4928192198276519,0.0,0.0
2422,1680003165.1980057,2423,2Item7,2023-03-28 17:02:45.198006,920.0,216.0,940.0,255.0,-1.0,-1.0,20206.35600000003,595.3905029296875,588.939453125,0.589049220085144,0.4937015771865844,0.4317531585693359,0.4928846061229705,0.0,0.0
2423,1680003165.2063427,2424,2Item7,2023-03-28 17:02:45.206343,929.0,228.0,932.0,252.0,-1.0,-1.0,20214.69300000003,595.5184326171875,588.9688720703125,0.5892236232757568,0.4937269389629364,0.4318853914737701,0.4928823411464691,0.0,0.0
2424,1680003165.2146697,2425,2Item7,2023-03-28 17:02:45.214669,925.0,224.0,932.0,252.0,2.7465972900390625,2.806640625,20223.017,595.6275024414064,589.0098266601562,0.5891321301460266,0.4936215877532959,0.4318435788154602,0.4928648173809051,0.0,0.0
2425,1680003165.2230394,2426,2Item7,2023-03-28 17:02:45.223039,926.0,232.0,927.0,247.0,-1.0,-1.0,20231.39000000001,595.5669555664064,588.9771118164064,0.5890871286392211,0.4936801791191101,0.4318535327911377,0.492919772863388,0.0,0.0
2426,1680003165.231352,2427,2Item7,2023-03-28 17:02:45.231352,919.0,240.0,902.0,277.0,-1.0,-1.0,20239.70199999999,595.5183715820312,589.05908203125,0.5893270373344421,0.4937753677368164,0.4320028722286224,0.4928962290287017,0.0,0.0
2427,1680003165.23973,2428,2Item7,2023-03-28 17:02:45.239730,924.0,240.0,914.0,271.0,2.7887115478515625,2.8388214111328125,20248.080000000016,595.4473266601562,589.1676025390625,0.5893017649650573,0.4937849938869476,0.4319765269756317,0.4928793907165527,0.0,0.0
2428,1680003165.24815,2429,2Item7,2023-03-28 17:02:45.248150,924.0,226.0,912.0,270.0,-1.0,-1.0,20256.5,595.2288818359375,589.1842041015625,0.5892645716667175,0.4938269853591918,0.4319758415222168,0.4929311573505401,0.0,0.0
2429,1680003165.2563772,2430,2Item7,2023-03-28 17:02:45.256377,919.0,253.0,942.0,248.0,-1.0,-1.0,20264.727000000017,595.036376953125,589.2967529296875,0.589406132698059,0.4937588274478912,0.4321196675300598,0.4928533136844635,0.0,0.0
2430,1680003165.2647128,2431,2Item7,2023-03-28 17:02:45.264713,912.0,233.0,923.0,240.0,2.671905517578125,2.7791900634765625,20273.063000000024,594.8474731445312,589.4244995117188,0.5894449353218078,0.4938582777976989,0.4320733845233917,0.4928921461105346,0.0,0.0
2431,1680003165.2729945,2432,2Item7,2023-03-28 17:02:45.272994,911.0,232.0,930.0,245.0,-1.0,-1.0,20281.343,594.5576171875,589.4426879882812,0.5893681049346923,0.4938050210475921,0.4320672154426574,0.4929497838020324,0.0,0.0
2432,1680003165.281331,2433,2Item7,2023-03-28 17:02:45.281331,929.0,211.0,932.0,252.0,-1.0,-1.0,20289.68200000003,594.34130859375,589.5423583984375,0.5896007418632507,0.4938870966434478,0.4322220683097839,0.4928263425827026,0.0,0.0
2433,1680003165.2897208,2434,2Item7,2023-03-28 17:02:45.289721,937.0,227.0,927.0,266.0,2.85394287109375,2.8728790283203125,20298.070000000007,594.1620483398438,589.6370849609375,0.5895629525184631,0.4939055144786834,0.4321550130844116,0.4929093420505523,0.0,0.0
2434,1680003165.2979982,2435,2Item7,2023-03-28 17:02:45.297998,952.0,235.0,941.0,265.0,-1.0,-1.0,20306.343999999983,593.9111328125,589.6043090820312,0.5895300507545471,0.4939356446266174,0.432133138179779,0.492948979139328,0.0,0.0
2435,1680003165.306316,2436,2Item7,2023-03-28 17:02:45.306316,941.0,250.0,949.0,251.0,-1.0,-1.0,20314.666000000027,593.7595825195312,589.6594848632812,0.5896441936492919,0.4938742220401763,0.4322758615016937,0.4929193556308746,0.0,0.0
2436,1680003165.3146882,2437,2Item7,2023-03-28 17:02:45.314688,935.0,234.0,934.0,267.0,2.6076202392578125,3.016387939453125,20323.03500000004,593.6759033203125,589.7026977539064,0.5896238088607788,0.4939346015453338,0.4321931600570678,0.4929234385490417,0.0,0.0
2437,1680003165.3230057,2438,2Item7,2023-03-28 17:02:45.323006,927.0,231.0,932.0,269.0,-1.0,-1.0,20331.35600000003,593.5257568359375,589.62255859375,0.5895756483078002,0.4939286112785339,0.4321637749671936,0.4929600656032562,0.0,0.0
2438,1680003165.3313284,2439,2Item7,2023-03-28 17:02:45.331328,939.0,203.0,935.0,265.0,-1.0,-1.0,20339.67800000001,593.4924926757812,589.621826171875,0.5896990895271301,0.4939483702182769,0.4322989284992218,0.4929424524307251,0.0,0.0
2439,1680003165.3397408,2440,2Item7,2023-03-28 17:02:45.339741,930.0,236.0,929.0,252.0,2.7094879150390625,2.824310302734375,20348.087,593.5256958007812,589.6171264648438,0.5895936489105223,0.4939375519752502,0.4322098791599273,0.4929451644420623,0.0,0.0
2440,1680003165.348107,2441,2Item7,2023-03-28 17:02:45.348107,928.0,212.0,929.0,252.0,-1.0,-1.0,20356.457999999984,593.5053100585938,589.4992065429688,0.5895394682884216,0.4938731789588928,0.4321691691875457,0.4929811954498291,0.0,0.0
2441,1680003165.3563294,2442,2Item7,2023-03-28 17:02:45.356329,923.0,226.0,914.0,236.0,-1.0,-1.0,20364.679000000004,593.5961303710938,589.4638061523438,0.5897051692008972,0.4939787685871124,0.4323106110095977,0.4929743409156799,0.0,0.0
2442,1680003165.3646712,2443,2Item7,2023-03-28 17:02:45.364671,925.0,220.0,949.0,227.0,2.992706298828125,2.8425445556640625,20373.022,593.7462768554688,589.4325561523438,0.5896371006965637,0.4939605891704559,0.4322213232517242,0.4929524064064025,0.0,0.0
2443,1680003165.37301,2444,2Item7,2023-03-28 17:02:45.373010,946.0,261.0,930.0,254.0,-1.0,-1.0,20381.35600000003,593.7778930664064,589.29443359375,0.5895215272903442,0.4938825964927673,0.4321743845939636,0.4930005967617034,0.0,0.0
2444,1680003165.3813562,2445,2Item7,2023-03-28 17:02:45.381356,926.0,247.0,940.0,249.0,-1.0,-1.0,20389.70600000001,593.8609008789064,589.2431030273438,0.5896835923194885,0.4939750134944915,0.4323033094406127,0.4929656088352203,0.0,0.0
2445,1680003165.3896537,2446,2Item7,2023-03-28 17:02:45.389654,919.0,228.0,931.0,260.0,2.536102294921875,2.8912811279296875,20398.00400000001,593.9674682617188,589.1998901367188,0.5895676612854003,0.4939521253108978,0.4322099387645721,0.4929568171501159,0.0,0.0
2446,1680003165.3979864,2447,2Item7,2023-03-28 17:02:45.397986,925.0,243.0,934.0,260.0,-1.0,-1.0,20406.33600000001,593.953369140625,589.0498046875,0.5894981622695922,0.4938927888870239,0.4321627616882324,0.4930056035518646,0.0,0.0
2447,1680003165.4063132,2448,2Item7,2023-03-28 17:02:45.406313,925.0,215.0,935.0,251.0,-1.0,-1.0,20414.66399999999,593.9693603515625,588.989990234375,0.5896714925765991,0.4939787983894348,0.4322774410247802,0.4929577410221099,0.0,0.0
2448,1680003165.4146502,2449,2Item7,2023-03-28 17:02:45.414650,920.0,248.0,935.0,251.0,2.72601318359375,2.941513061523437,20423.00099999999,593.9986572265625,588.9415893554688,0.589556872844696,0.4939595162868499,0.4322052001953125,0.4929468631744384,0.0,0.0
2449,1680003165.4229877,2450,2Item7,2023-03-28 17:02:45.422988,928.0,234.0,939.0,246.0,-1.0,-1.0,20431.337,593.8665161132812,588.7906494140625,0.5895092487335205,0.4939039647579193,0.4321645498275756,0.4929973781108856,0.0,0.0
2450,1680003165.4313283,2451,2Item7,2023-03-28 17:02:45.431328,923.0,245.0,939.0,248.0,-1.0,-1.0,20439.679000000004,593.7596435546875,588.7361450195312,0.5896823406219482,0.4939861595630645,0.4322845935821533,0.4929606616497039,0.0,0.0
2451,1680003165.439675,2452,2Item7,2023-03-28 17:02:45.439675,928.0,225.0,939.0,248.0,2.6253662109375,2.947616577148437,20448.022999999983,593.6533203125,588.6967163085938,0.5896329879760742,0.493994265794754,0.4322112202644348,0.4929480850696563,0.0,0.0
2452,1680003165.4479914,2453,2Item7,2023-03-28 17:02:45.447991,929.0,232.0,920.0,264.0,-1.0,-1.0,20456.342000000004,593.4085693359375,588.5596313476562,0.5895476341247557,0.493893563747406,0.4321700632572174,0.4930000603199005,0.0,0.0
2453,1680003165.456458,2454,2Item7,2023-03-28 17:02:45.456458,931.0,228.0,926.0,246.0,-1.0,-1.0,20464.80800000001,593.204345703125,588.5230102539064,0.5897210836410522,0.4939892888069152,0.4322855770587921,0.4929479658603668,0.0,0.0
2454,1680003165.466366,2455,2Item7,2023-03-28 17:02:45.466366,940.0,256.0,920.0,261.0,2.7756805419921875,2.9561920166015625,20474.71299999999,593.0355834960938,588.5138549804688,0.5896766185760498,0.4939854443073272,0.4322170615196228,0.4929270148277282,0.0,0.0
2455,1680003165.4731047,2456,2Item7,2023-03-28 17:02:45.473105,940.0,249.0,943.0,250.0,-1.0,-1.0,20481.455000000016,592.7725830078125,588.41357421875,0.58958500623703,0.4938906729221344,0.4321827590465545,0.4929657876491546,0.0,0.0
2456,1680003165.4813285,2457,2Item7,2023-03-28 17:02:45.481328,934.0,253.0,947.0,246.0,-1.0,-1.0,20489.67800000001,592.5811157226562,588.4147338867188,0.5897518992424011,0.4939649105072021,0.4322822391986846,0.492902398109436,0.0,0.0
2457,1680003165.4897308,2458,2Item7,2023-03-28 17:02:45.489731,924.0,247.0,952.0,238.0,2.9088592529296875,2.858383178710937,20498.081999999995,592.4332885742188,588.4397583007812,0.5897047519683837,0.4939660727977752,0.4321999549865722,0.4928866028785705,0.0,0.0
2458,1680003165.498001,2459,2Item7,2023-03-28 17:02:45.498001,926.0,251.0,920.0,252.0,-1.0,-1.0,20506.350000000035,592.20556640625,588.3709106445312,0.5896292924880981,0.4938558042049408,0.4321664571762085,0.4929050505161285,0.0,0.0
2459,1680003165.506386,2460,2Item7,2023-03-28 17:02:45.506386,944.0,269.0,928.0,262.0,-1.0,-1.0,20514.73600000004,592.0596313476562,588.40576171875,0.5897531509399414,0.4939254522323608,0.432271271944046,0.4928553402423858,0.0,0.0
2460,1680003165.51466,2461,2Item7,2023-03-28 17:02:45.514660,939.0,255.0,923.0,264.0,2.861236572265625,2.9018707275390625,20523.01000000001,591.9808959960938,588.4603271484375,0.5897173285484314,0.4939005970954895,0.4321905374526977,0.4928203225135803,0.0,0.0
2461,1680003165.522982,2462,2Item7,2023-03-28 17:02:45.522982,947.0,258.0,930.0,266.0,-1.0,-1.0,20531.331999999995,591.826904296875,588.4177856445312,0.5896214246749877,0.4937952756881713,0.4321622550487518,0.4928382635116577,0.0,0.0
2462,1680003165.531322,2463,2Item7,2023-03-28 17:02:45.531322,931.0,278.0,922.0,260.0,-1.0,-1.0,20539.67200000002,591.7586059570312,588.4722900390625,0.5897210836410522,0.4937689900398254,0.4322632253170013,0.49282106757164,0.0,0.0
2463,1680003165.539647,2464,2Item7,2023-03-28 17:02:45.539647,927.0,267.0,925.0,257.0,2.775665283203125,2.814437866210937,20547.997000000032,591.745361328125,588.549072265625,0.5896884799003601,0.4937908947467804,0.4321713149547576,0.4927745759487152,0.0,0.0
2464,1680003165.5479712,2465,2Item7,2023-03-28 17:02:45.547971,911.0,253.0,925.0,266.0,-1.0,-1.0,20556.320000000007,591.6478881835938,588.5264892578125,0.5896263122558593,0.493731290102005,0.4321522712707519,0.4927136898040771,0.0,0.0
2465,1680003165.5564916,2466,2Item7,2023-03-28 17:02:45.556492,911.0,253.0,927.0,268.0,-1.0,-1.0,20564.842000000004,591.6414184570312,588.594970703125,0.5897284746170043,0.4937116503715515,0.4322289526462554,0.4927606284618377,0.0,0.0
2466,1680003165.5646434,2467,2Item7,2023-03-28 17:02:45.564643,925.0,239.0,933.0,269.0,2.872665405273437,2.8112030029296875,20572.993000000017,591.6864624023438,588.675048828125,0.5897186398506165,0.4937405884265899,0.4321541190147399,0.4927009046077728,0.0,0.0
2467,1680003165.5730138,2468,2Item7,2023-03-28 17:02:45.573014,933.0,264.0,950.0,265.0,-1.0,-1.0,20581.364,591.65625,588.6532592773438,0.5896151065826416,0.4936762452125549,0.432121455669403,0.492736130952835,0.0,0.0
2468,1680003165.5813282,2469,2Item7,2023-03-28 17:02:45.581328,925.0,271.0,940.0,244.0,-1.0,-1.0,20589.67800000001,591.7191162109375,588.723388671875,0.5897294282913208,0.4936685860157012,0.4322203993797302,0.4927157759666442,0.0,0.0
2469,1680003165.5896432,2470,2Item7,2023-03-28 17:02:45.589643,924.0,273.0,948.0,257.0,2.7798614501953125,2.7872772216796875,20597.992000000027,591.8358764648438,588.811767578125,0.5897384881973265,0.4937474727630615,0.4321690499782562,0.4926871061325073,0.0,0.0
2470,1680003165.5979695,2471,2Item7,2023-03-28 17:02:45.597970,910.0,264.0,936.0,241.0,-1.0,-1.0,20606.319000000018,591.8678588867188,588.7924194335938,0.5896520018577575,0.4936971068382263,0.4321334958076477,0.4927341938018798,0.0,0.0
2471,1680003165.6063218,2472,2Item7,2023-03-28 17:02:45.606322,920.0,248.0,936.0,244.0,-1.0,-1.0,20614.67200000002,591.9828491210938,588.8706665039064,0.5898120999336242,0.4937752783298492,0.4322720766067504,0.4927067756652832,0.0,0.0
2472,1680003165.61463,2473,2Item7,2023-03-28 17:02:45.614630,922.0,250.0,935.0,244.0,2.888916015625,2.855560302734375,20622.98100000003,592.143310546875,588.966552734375,0.5897894501686096,0.4937767088413238,0.4322161674499511,0.4926807284355163,0.0,0.0
2473,1680003165.6230545,2474,2Item7,2023-03-28 17:02:45.623054,936.0,285.0,930.0,245.0,-1.0,-1.0,20631.400000000023,592.205810546875,588.9592895507812,0.5897310972213745,0.4937113225460052,0.432185411453247,0.4927302598953247,0.0,0.0
2474,1680003165.6312914,2475,2Item7,2023-03-28 17:02:45.631291,936.0,285.0,931.0,240.0,-1.0,-1.0,20639.641000000003,592.3385009765625,589.0415649414064,0.5898957848548889,0.4938023686408996,0.4323686063289642,0.4926562905311584,0.0,0.0
2475,1680003165.6396327,2476,2Item7,2023-03-28 17:02:45.639633,929.0,285.0,926.0,270.0,2.8439483642578125,2.886932373046875,20647.98100000003,592.4976196289064,589.1246337890625,0.5898777246475219,0.4937972724437713,0.4322704374790191,0.4926725029945373,0.0,0.0
2476,1680003165.647996,2477,2Item7,2023-03-28 17:02:45.647996,910.0,259.0,923.0,269.0,-1.0,-1.0,20656.34500000003,592.5408325195312,589.1030883789064,0.5898419618606567,0.4938104748725891,0.4322412312030792,0.4926915168762207,0.0,0.0
2477,1680003165.6566048,2478,2Item7,2023-03-28 17:02:45.656605,908.0,268.0,925.0,259.0,-1.0,-1.0,20664.955000000016,592.6415405273438,589.168212890625,0.5899432897567749,0.4937427043914794,0.4324205815792083,0.49269899725914,0.0,0.0
2478,1680003165.664679,2479,2Item7,2023-03-28 17:02:45.664679,893.0,260.0,929.0,241.0,2.773910522460937,2.9681549072265625,20673.02899999998,592.7521362304688,589.225830078125,0.5898707509040833,0.4937745332717895,0.4323630928993225,0.492669403553009,0.0,0.0
2479,1680003165.673033,2480,2Item7,2023-03-28 17:02:45.673033,911.0,267.0,933.0,278.0,-1.0,-1.0,20681.381999999983,592.7424926757812,589.1586303710938,0.5898871421813964,0.4938243627548217,0.4323717951774597,0.4927038252353668,0.0,0.0
2480,1680003165.6812894,2481,2Item7,2023-03-28 17:02:45.681289,931.0,235.0,925.0,290.0,-1.0,-1.0,20689.64000000001,592.7893676757812,589.1495361328125,0.5900639295578002,0.4938506782054901,0.4324807822704315,0.4926296472549438,0.0,0.0
2481,1680003165.6897752,2482,2Item7,2023-03-28 17:02:45.689775,943.0,238.0,932.0,271.0,2.81707763671875,2.8354034423828125,20698.12300000002,592.845947265625,589.129638671875,0.5900344252586364,0.4938451051712036,0.4324591159820556,0.4926606714725494,0.0,0.0
2482,1680003165.6979487,2483,2Item7,2023-03-28 17:02:45.697949,946.0,247.0,938.0,257.0,-1.0,-1.0,20706.299,592.7875366210938,588.9837036132812,0.5899374485015869,0.4937850832939147,0.4324524402618408,0.4926994740962982,0.0,0.0
2483,1680003165.706293,2484,2Item7,2023-03-28 17:02:45.706293,935.0,258.0,929.0,260.0,-1.0,-1.0,20714.642,592.786376953125,588.9116821289064,0.5900494456291198,0.4937516450881958,0.4325674474239349,0.4926835298538208,0.0,0.0
2484,1680003165.7146266,2485,2Item7,2023-03-28 17:02:45.714627,935.0,258.0,927.0,261.0,2.934112548828125,3.05731201171875,20722.976000000024,592.8189086914064,588.8408203125,0.5900868773460388,0.4938634634017944,0.4325140714645385,0.4926760494709014,0.0,0.0
2485,1680003165.7235403,2486,2Item7,2023-03-28 17:02:45.723540,928.0,256.0,923.0,253.0,-1.0,-1.0,20731.89000000001,592.7448120117188,588.6598510742188,0.5899852514266967,0.4938122928142547,0.4324966669082641,0.4927276968955993,0.0,0.0
2486,1680003165.7313943,2487,2Item7,2023-03-28 17:02:45.731394,950.0,257.0,935.0,246.0,-1.0,-1.0,20739.739,592.7647094726562,588.6029052734375,0.5901599526405334,0.4938845932483673,0.4326090812683105,0.4927189350128173,0.0,0.0
2487,1680003165.7396176,2488,2Item7,2023-03-28 17:02:45.739618,-1.0,-1.0,928.0,247.0,-1.0,2.799423217773437,20747.968,-1.0,588.5850830078125,-1.0,-1.0,0.4325533509254455,0.492714524269104,4.0,0.0
2488,1680003165.7479496,2489,2Item7,2023-03-28 17:02:45.747950,955.0,266.0,921.0,242.0,-1.0,-1.0,20756.29999999999,592.78955078125,588.4945068359375,0.5900200605392456,0.493845134973526,0.4325366616249084,0.4927523434162139,0.0,0.0
2489,1680003165.7562854,2490,2Item7,2023-03-28 17:02:45.756285,949.0,265.0,908.0,253.0,-1.0,-1.0,20764.63400000002,592.8486328125,588.527099609375,0.5901327729225158,0.4938927590847015,0.4326629936695098,0.4927580654621124,0.0,0.0
2490,1680003165.7646143,2491,2Item7,2023-03-28 17:02:45.764614,-1.0,-1.0,904.0,281.0,-1.0,2.936386108398437,20772.965000000026,-1.0,588.6008911132812,-1.0,-1.0,0.4325790703296661,0.4927464425563812,4.0,0.0
2491,1680003165.772951,2492,2Item7,2023-03-28 17:02:45.772951,945.0,244.0,920.0,274.0,-1.0,-1.0,20781.299,592.9203491210938,588.6000366210938,0.5900826454162597,0.4939481317996978,0.432557463645935,0.4927775859832763,0.0,0.0
2492,1680003165.781277,2493,2Item7,2023-03-28 17:02:45.781277,953.0,246.0,939.0,260.0,-1.0,-1.0,20789.62599999999,592.9835815429688,588.7132568359375,0.5902118682861328,0.493961751461029,0.4326891899108886,0.4927554726600647,0.0,0.0
2493,1680003165.789631,2494,2Item7,2023-03-28 17:02:45.789631,942.0,217.0,-1.0,-1.0,2.806793212890625,-1.0,20797.978999999992,593.072509765625,-1.0,0.5901559591293335,0.4939523339271545,-1.0,-1.0,0.0,4.0
2494,1680003165.7980163,2495,2Item7,2023-03-28 17:02:45.798016,946.0,228.0,920.0,257.0,-1.0,-1.0,20806.36499999999,593.0685424804688,588.8427124023438,0.5901011824607849,0.4939478039741516,0.4325610101222991,0.4927628636360168,0.0,0.0
2495,1680003165.8063116,2496,2Item7,2023-03-28 17:02:45.806312,945.0,233.0,923.0,250.0,-1.0,-1.0,20814.662000000008,593.1358032226562,588.967041015625,0.5901843905448912,0.4938799738883972,0.4327015876770019,0.4927397370338439,0.0,0.0
2496,1680003165.8146112,2497,2Item7,2023-03-28 17:02:45.814611,953.0,240.0,926.0,250.0,2.837982177734375,2.911239624023437,20822.95900000003,593.2499389648438,589.1160278320312,0.5901904702186584,0.4939284324645996,0.4326112568378448,0.4926995933055877,0.0,0.0
2497,1680003165.823019,2498,2Item7,2023-03-28 17:02:45.823019,935.0,244.0,926.0,246.0,-1.0,-1.0,20831.369999999995,593.2647705078125,589.1552124023438,0.5900524854660034,0.493857055902481,0.4325767755508422,0.4927493929862976,0.0,0.0
2498,1680003165.8312888,2499,2Item7,2023-03-28 17:02:45.831289,936.0,228.0,925.0,247.0,-1.0,-1.0,20839.636,593.3665771484375,589.2529907226562,0.5902755856513977,0.4939469397068023,0.4327394962310791,0.4926935136318206,0.0,0.0
2499,1680003165.8397212,2500,2Item7,2023-03-28 17:02:45.839721,949.0,237.0,927.0,237.0,2.9528350830078125,2.99468994140625,20848.070000000007,593.5105590820312,589.3394775390625,0.5902010798454284,0.4939472675323486,0.4326336681842804,0.4927135705947876,0.0,0.0
2500,1680003165.8480148,2501,2Item7,2023-03-28 17:02:45.848015,939.0,160.0,938.0,244.0,-1.0,-1.0,20856.364,593.52880859375,589.2782592773438,0.5901305675506591,0.4939373135566711,0.4325929284095764,0.4927608668804168,0.0,0.0
2501,1680003165.8562942,2502,2Item7,2023-03-28 17:02:45.856294,948.0,232.0,948.0,242.0,-1.0,-1.0,20864.642,593.5961303710938,589.2666625976562,0.5902982354164124,0.4939743280410766,0.4327363073825836,0.4927693009376525,0.0,0.0
2502,1680003165.864611,2503,2Item7,2023-03-28 17:02:45.864611,955.0,240.0,948.0,242.0,2.971221923828125,2.9242706298828125,20872.96100000001,593.6680297851562,589.2352905273438,0.5902346968650817,0.4939658939838409,0.4326652586460113,0.4926604032516479,0.0,0.0
2503,1680003165.8729396,2504,2Item7,2023-03-28 17:02:45.872940,941.0,225.0,947.0,266.0,-1.0,-1.0,20881.28899999999,593.63232421875,589.0711059570312,0.5901834964752197,0.4939979612827301,0.4326406717300415,0.4927861392498016,0.0,0.0
2504,1680003165.8812687,2505,2Item7,2023-03-28 17:02:45.881269,934.0,233.0,934.0,271.0,-1.0,-1.0,20889.61900000001,593.6404418945312,588.9761962890625,0.5903325080871582,0.4940121471881866,0.4327710270881652,0.492769181728363,0.0,0.0
2505,1680003165.889923,2506,2Item7,2023-03-28 17:02:45.889923,928.0,249.0,931.0,270.0,2.7444610595703125,2.8801727294921875,20898.27400000004,593.6602783203125,588.8818359375,0.5902743339538574,0.4939940273761749,0.4327133297920227,0.4927504658699035,0.0,0.0
2506,1680003165.8979576,2507,2Item7,2023-03-28 17:02:45.897958,934.0,243.0,927.0,270.0,-1.0,-1.0,20906.30700000003,593.5567626953125,588.6737060546875,0.5902207493782043,0.4940326213836669,0.4327016770839691,0.492821842432022,0.0,0.0
2507,1680003165.9062717,2508,2Item7,2023-03-28 17:02:45.906271,938.0,254.0,923.0,264.0,-1.0,-1.0,20914.622000000032,593.49755859375,588.5473022460938,0.5903671979904174,0.4940324127674102,0.4328300654888153,0.4927977621555328,0.0,0.0
2508,1680003165.914646,2509,2Item7,2023-03-28 17:02:45.914646,942.0,252.0,926.0,241.0,2.8170166015625,2.8447723388671875,20922.99400000001,593.4522094726562,588.4423828125,0.590327799320221,0.4940344393253326,0.4327666759490966,0.4927925467491149,0.0,0.0
2509,1680003165.9236834,2510,2Item7,2023-03-28 17:02:45.923683,938.0,253.0,938.0,273.0,-1.0,-1.0,20932.031000000017,593.2857666015625,588.258544921875,0.5902743339538574,0.4940612316131591,0.4327577948570251,0.4928521513938903,0.0,0.0
2510,1680003165.9312751,2511,2Item7,2023-03-28 17:02:45.931275,937.0,241.0,945.0,267.0,-1.0,-1.0,20939.625,593.1826171875,588.1898803710938,0.590424358844757,0.4940604269504547,0.4328798949718475,0.4928260743618011,0.0,0.0
2511,1680003165.9396868,2512,2Item7,2023-03-28 17:02:45.939687,935.0,228.0,948.0,276.0,2.815414428710937,3.0189208984375,20948.033,593.1246948242188,588.167724609375,0.5903922915458679,0.4940777420997619,0.4328279495239257,0.4928208291530609,0.0,0.0
2512,1680003165.9480996,2513,2Item7,2023-03-28 17:02:45.948100,943.0,236.0,950.0,274.0,-1.0,-1.0,20956.446999999986,592.987548828125,588.0780639648438,0.5903586745262146,0.4940986335277557,0.4328352212905883,0.4928553402423858,0.0,0.0
2513,1680003165.956383,2514,2Item7,2023-03-28 17:02:45.956383,960.0,204.0,937.0,284.0,-1.0,-1.0,20964.733000000007,592.9505615234375,588.1082153320312,0.5905050635337828,0.4940968751907348,0.4329611659049987,0.4928314983844757,0.0,0.0
2514,1680003165.9646068,2515,2Item7,2023-03-28 17:02:45.964607,968.0,244.0,945.0,283.0,2.904647827148437,2.970001220703125,20972.954000000027,592.9635009765625,588.1790161132812,0.5904659032821655,0.4941084682941436,0.43290376663208,0.4928175806999206,0.0,0.0
2515,1680003165.9729571,2516,2Item7,2023-03-28 17:02:45.972957,956.0,249.0,941.0,283.0,-1.0,-1.0,20981.30800000001,592.902099609375,588.16748046875,0.5904023647308348,0.4940308630466461,0.4329088032245636,0.4928280413150787,0.0,0.0
2516,1680003165.9812922,2517,2Item7,2023-03-28 17:02:45.981292,948.0,260.0,937.0,281.0,-1.0,-1.0,20989.641000000003,592.9283447265625,588.2615356445312,0.5905976295471191,0.4941329360008239,0.4330349862575531,0.4928307235240936,0.0,0.0
2517,1680003165.989612,2518,2Item7,2023-03-28 17:02:45.989612,952.0,193.0,942.0,269.0,2.74200439453125,2.8916778564453125,20997.96000000002,593.0032958984375,588.377197265625,0.5905507802963256,0.4941373467445373,0.4329771101474762,0.4928096532821655,0.0,0.0
2518,1680003165.9979413,2519,2Item7,2023-03-28 17:02:45.997941,952.0,193.0,931.0,254.0,-1.0,-1.0,21006.292000000016,592.9880981445312,588.397216796875,0.590510606765747,0.4941430687904357,0.4329764246940612,0.492839515209198,0.0,0.0
2519,1680003166.0062728,2520,2Item7,2023-03-28 17:02:46.006273,945.0,241.0,932.0,273.0,-1.0,-1.0,21014.622000000032,593.0545043945312,588.5089111328125,0.5905970335006713,0.4940834045410156,0.4330826699733734,0.4928223490715026,0.0,0.0
2520,1680003166.01469,2521,2Item7,2023-03-28 17:02:46.014690,945.0,241.0,931.0,249.0,2.8913726806640625,2.804656982421875,21023.041000000027,593.1524047851562,588.6279907226562,0.5906094908714294,0.4941707551479339,0.4330234229564666,0.492823451757431,0.0,0.0
2521,1680003166.022932,2522,2Item7,2023-03-28 17:02:46.022932,942.0,247.0,932.0,247.0,-1.0,-1.0,21031.281000000017,593.1476440429688,588.6336669921875,0.5905558466911315,0.4941808879375457,0.4330095052719116,0.4928629398345947,0.0,0.0
2522,1680003166.0313826,2523,2Item7,2023-03-28 17:02:46.031383,937.0,253.0,932.0,243.0,-1.0,-1.0,21039.73200000001,593.21533203125,588.7235107421875,0.5906401276588439,0.4941502511501312,0.4331187605857849,0.4928585588932037,0.0,0.0
2523,1680003166.0396106,2524,2Item7,2023-03-28 17:02:46.039611,932.0,259.0,928.0,260.0,2.8032684326171875,2.9333648681640625,21047.96100000001,593.3035278320312,588.8181762695312,0.5906401872634887,0.494219958782196,0.4330646395683288,0.492855966091156,0.0,0.0
2524,1680003166.047958,2525,2Item7,2023-03-28 17:02:46.047958,936.0,254.0,935.0,277.0,-1.0,-1.0,21056.30700000003,593.2891235351562,588.8033447265625,0.590589165687561,0.4942156374454498,0.4330340921878814,0.4928846359252929,0.0,0.0
2525,1680003166.0562668,2526,2Item7,2023-03-28 17:02:46.056267,947.0,234.0,931.0,279.0,-1.0,-1.0,21064.617000000027,593.341552734375,588.8798217773438,0.590734839439392,0.4942423403263092,0.4331415593624115,0.492884337902069,0.0,0.0
2526,1680003166.0645926,2527,2Item7,2023-03-28 17:02:46.064593,937.0,245.0,924.0,286.0,2.81402587890625,2.9260711669921875,21072.94199999998,593.4592895507812,588.9702758789064,0.5906472206115722,0.4942362904548645,0.433062195777893,0.4928840696811676,0.0,0.0
2527,1680003166.073059,2528,2Item7,2023-03-28 17:02:46.073059,936.0,242.0,926.0,270.0,-1.0,-1.0,21081.408999999985,593.5092163085938,588.9596557617188,0.5905549526214598,0.4942208230495452,0.433022528886795,0.4929227232933044,0.0,0.0
2528,1680003166.0812583,2529,2Item7,2023-03-28 17:02:46.081258,936.0,242.0,935.0,274.0,-1.0,-1.0,21089.609,593.65576171875,589.0442504882812,0.5907032489776611,0.494268000125885,0.4331305921077728,0.492927461862564,0.0,0.0
2529,1680003166.0896983,2530,2Item7,2023-03-28 17:02:46.089698,955.0,252.0,939.0,268.0,2.935760498046875,2.9483795166015625,21098.04800000001,593.8519897460938,589.1393432617188,0.5906208157539367,0.494251012802124,0.4330425858497619,0.4929226040840148,0.0,0.0
2530,1680003166.0979512,2531,2Item7,2023-03-28 17:02:46.097951,956.0,255.0,945.0,248.0,-1.0,-1.0,21106.302000000025,593.9609375,589.1316528320312,0.5905393958091735,0.4942380487918853,0.4330019950866699,0.4929562807083129,0.0,0.0
2531,1680003166.1062658,2532,2Item7,2023-03-28 17:02:46.106266,935.0,286.0,939.0,264.0,-1.0,-1.0,21114.614,594.152099609375,589.2155151367188,0.5906451940536499,0.4942149519920349,0.4331261217594146,0.492936372756958,0.0,0.0
2532,1680003166.114667,2533,2Item7,2023-03-28 17:02:46.114667,920.0,279.0,933.0,265.0,2.87646484375,3.03765869140625,21123.017999999985,594.3389892578125,589.3032836914064,0.5905345678329467,0.4942285418510437,0.433036983013153,0.492944449186325,0.0,0.0
2533,1680003166.1229312,2534,2Item7,2023-03-28 17:02:46.122931,920.0,282.0,943.0,265.0,-1.0,-1.0,21131.281000000017,594.4008178710938,589.2767944335938,0.5905399322509765,0.4942607879638671,0.4330150783061981,0.49298095703125,0.0,0.0
2534,1680003166.1312578,2535,2Item7,2023-03-28 17:02:46.131258,926.0,266.0,928.0,264.0,-1.0,-1.0,21139.608000000007,594.517578125,589.3314208984375,0.5906673669815063,0.4942224025726318,0.4331551790237426,0.492964744567871,0.0,0.0
2535,1680003166.1397057,2536,2Item7,2023-03-28 17:02:46.139706,927.0,242.0,927.0,264.0,2.736557006835937,2.9601287841796875,21148.055999999982,594.6233520507812,589.3875122070312,0.5906550884246826,0.4942925870418548,0.4330838024616241,0.4929348528385162,0.0,0.0
2536,1680003166.148347,2537,2Item7,2023-03-28 17:02:46.148347,915.0,222.0,930.0,274.0,-1.0,-1.0,21156.694000000018,594.61572265625,589.3273315429688,0.5905914306640625,0.4942265152931213,0.4331027865409851,0.492980420589447,0.0,0.0
2537,1680003166.1563196,2538,2Item7,2023-03-28 17:02:46.156320,913.0,214.0,934.0,279.0,-1.0,-1.0,21164.669999999984,594.6478271484375,589.3458862304688,0.590791344642639,0.4943024516105651,0.4332456588745117,0.4929609298706054,0.0,0.0
2538,1680003166.1645882,2539,2Item7,2023-03-28 17:02:46.164588,945.0,217.0,938.0,275.0,2.8914337158203125,2.965362548828125,21172.938000000024,594.6541137695312,589.3609619140625,0.5907652378082275,0.4943097829818725,0.4332171082496643,0.4929464161396026,0.0,0.0
2539,1680003166.1731236,2540,2Item7,2023-03-28 17:02:46.173124,960.0,235.0,924.0,270.0,-1.0,-1.0,21181.47200000001,594.5427856445312,589.2659301757812,0.5907507538795471,0.4943309128284454,0.4332256317138671,0.4929746985435485,0.0,0.0
2540,1680003166.1812515,2541,2Item7,2023-03-28 17:02:46.181252,950.0,260.0,923.0,263.0,-1.0,-1.0,21189.602000000017,594.493896484375,589.2598876953125,0.5908897519111633,0.494290292263031,0.4333998560905456,0.4929413497447967,0.0,0.0
2541,1680003166.1895924,2542,2Item7,2023-03-28 17:02:46.189592,955.0,244.0,928.0,255.0,3.0012664794921875,2.9451446533203125,21197.94199999998,594.4650268554688,589.2593994140625,0.590941309928894,0.4943444728851318,0.433363527059555,0.492946833372116,0.0,0.0
2542,1680003166.198054,2543,2Item7,2023-03-28 17:02:46.198054,936.0,234.0,935.0,256.0,-1.0,-1.0,21206.405000000028,594.3433837890625,589.1511840820312,0.5909180045127868,0.4943553805351257,0.4333950877189636,0.4929420948028564,0.0,0.0
2543,1680003166.206253,2544,2Item7,2023-03-28 17:02:46.206253,929.0,229.0,952.0,234.0,-1.0,-1.0,21214.602000000017,594.3316040039064,589.136962890625,0.5911009907722473,0.494344562292099,0.4335661828517913,0.4929126799106597,0.0,0.0
2544,1680003166.2145867,2545,2Item7,2023-03-28 17:02:46.214587,935.0,237.0,938.0,244.0,2.861419677734375,2.847442626953125,21222.935999999987,594.3643798828125,589.1435546875,0.5910992622375488,0.4943459928035736,0.4335355758666992,0.4928849637508392,0.0,0.0
2545,1680003166.222908,2546,2Item7,2023-03-28 17:02:46.222908,935.0,244.0,931.0,258.0,-1.0,-1.0,21231.25900000002,594.3231201171875,589.0532836914064,0.5910557508468627,0.4942544102668762,0.4335731267929077,0.4928633570671081,0.0,0.0
2546,1680003166.2312407,2547,2Item7,2023-03-28 17:02:46.231241,933.0,250.0,930.0,260.0,-1.0,-1.0,21239.58600000001,594.3798828125,589.0636596679688,0.5912752151489257,0.4943526089191436,0.4337182939052581,0.4928796887397766,0.0,0.0
2547,1680003166.2395873,2548,2Item7,2023-03-28 17:02:46.239587,926.0,263.0,929.0,266.0,2.865478515625,2.9192047119140625,21247.938000000024,594.4603881835938,589.098388671875,0.5912503004074096,0.4943156540393829,0.4336805343627929,0.4928392469882965,0.0,0.0
2548,1680003166.247953,2549,2Item7,2023-03-28 17:02:46.247953,914.0,243.0,936.0,267.0,-1.0,-1.0,21256.30300000001,594.4296875,589.0397338867188,0.5911810398101806,0.4942566752433776,0.4337337911128997,0.4928343892097473,0.0,0.0
2549,1680003166.2562466,2550,2Item7,2023-03-28 17:02:46.256247,910.0,242.0,937.0,271.0,-1.0,-1.0,21264.59600000002,594.4703979492188,589.0804443359375,0.5914281010627745,0.4943126142024993,0.4338541030883789,0.4928145408630371,0.0,0.0
2550,1680003166.2645724,2551,2Item7,2023-03-28 17:02:46.264572,919.0,251.0,943.0,258.0,2.8506317138671875,2.872665405273437,21272.92300000001,594.5272216796875,589.140869140625,0.5914035439491272,0.4943113625049591,0.4338257312774658,0.492799162864685,0.0,0.0
2551,1680003166.272917,2552,2Item7,2023-03-28 17:02:46.272917,944.0,284.0,943.0,260.0,-1.0,-1.0,21281.267,594.4699096679688,589.1007080078125,0.5913610458374023,0.4942135214805603,0.4338554143905639,0.4928190410137176,0.0,0.0
2552,1680003166.2812395,2553,2Item7,2023-03-28 17:02:46.281240,944.0,284.0,944.0,251.0,-1.0,-1.0,21289.590000000026,594.455322265625,589.1644287109375,0.5915747880935668,0.4943323731422424,0.4340094029903411,0.4928053021430969,0.0,0.0
2553,1680003166.2895768,2554,2Item7,2023-03-28 17:02:46.289577,-1.0,-1.0,942.0,261.0,-1.0,2.9074859619140625,21297.92499999999,-1.0,589.262451171875,-1.0,-1.0,0.4339940249919891,0.492761343717575,4.0,0.0
2554,1680003166.297903,2555,2Item7,2023-03-28 17:02:46.297903,939.0,241.0,933.0,248.0,-1.0,-1.0,21306.25,594.3550415039064,589.271728515625,0.591545283794403,0.4943049550056457,0.4340162575244903,0.492794781923294,0.0,0.0
2555,1680003166.3062518,2556,2Item7,2023-03-28 17:02:46.306252,923.0,255.0,942.0,243.0,-1.0,-1.0,21314.602000000017,594.2556762695312,589.38134765625,0.5917186141014099,0.4942956268787384,0.434194415807724,0.4927459061145782,0.0,0.0
2556,1680003166.3145678,2557,2Item7,2023-03-28 17:02:46.314568,918.0,250.0,945.0,242.0,2.8148956298828125,2.902587890625,21322.917000000016,594.1832885742188,589.5145263671875,0.5917717218399047,0.4943505525588989,0.4341505467891693,0.4927566051483154,0.0,0.0
2557,1680003166.3230157,2558,2Item7,2023-03-28 17:02:46.323015,916.0,261.0,949.0,245.0,-1.0,-1.0,21331.36599999998,593.978759765625,589.5455932617188,0.5917214155197144,0.4942855834960937,0.434178203344345,0.4928145706653595,0.0,0.0
2558,1680003166.3315687,2559,2Item7,2023-03-28 17:02:46.331569,923.0,260.0,940.0,250.0,-1.0,-1.0,21339.91399999999,593.8214111328125,589.666015625,0.5919456481933593,0.4943881630897522,0.4343584775924682,0.4927967190742492,0.0,0.0
2559,1680003166.3397293,2560,2Item7,2023-03-28 17:02:46.339729,943.0,267.0,937.0,246.0,2.9507293701171875,2.9845123291015625,21348.079000000027,593.6944580078125,589.7840576171875,0.5919711589813232,0.4944038093090057,0.4343281090259552,0.4927839934825897,0.0,0.0
2560,1680003166.348207,2561,2Item7,2023-03-28 17:02:46.348207,926.0,201.0,918.0,260.0,-1.0,-1.0,21356.55800000001,593.4663696289064,589.78857421875,0.5919998884201049,0.494442880153656,0.4343584179878234,0.4928268194198608,0.0,0.0
2561,1680003166.356304,2562,2Item7,2023-03-28 17:02:46.356304,933.0,254.0,919.0,263.0,-1.0,-1.0,21364.65399999998,593.3296508789064,589.8685302734375,0.5921236276626586,0.4943718016147613,0.4345299005508422,0.4928159117698669,0.0,0.0
2562,1680003166.3645988,2563,2Item7,2023-03-28 17:02:46.364599,925.0,261.0,918.0,267.0,2.845367431640625,3.0351104736328125,21372.949000000022,593.2495727539064,589.9457397460938,0.5922040939331054,0.4944701790809631,0.4345256090164184,0.4928062260150909,0.0,0.0
2563,1680003166.3729055,2564,2Item7,2023-03-28 17:02:46.372906,935.0,250.0,947.0,256.0,-1.0,-1.0,21381.255000000005,593.1033325195312,589.9017333984375,0.5922138690948486,0.4945175051689147,0.4345434010028839,0.4928649067878723,0.0,0.0
2564,1680003166.3814125,2565,2Item7,2023-03-28 17:02:46.381413,946.0,221.0,928.0,278.0,-1.0,-1.0,21389.761999999988,593.0711669921875,589.9287109375,0.5923817157745361,0.4945278763771057,0.4347173571586608,0.492847204208374,0.0,0.0
2565,1680003166.389568,2566,2Item7,2023-03-28 17:02:46.389568,952.0,248.0,928.0,271.0,2.9330291748046875,2.9250030517578125,21397.91899999999,593.1336669921875,589.9496459960938,0.5923764705657959,0.4945417046546936,0.4346809387207031,0.492826908826828,0.0,0.0
2566,1680003166.3979003,2567,2Item7,2023-03-28 17:02:46.397900,945.0,249.0,928.0,271.0,-1.0,-1.0,21406.25,593.150146484375,589.8564453125,0.5923627018928527,0.4945566654205322,0.4346976280212402,0.4928796291351318,0.0,0.0
2567,1680003166.406266,2568,2Item7,2023-03-28 17:02:46.406266,927.0,293.0,933.0,270.0,-1.0,-1.0,21414.61599999998,593.27001953125,589.8409423828125,0.5924802422523499,0.4944871366024017,0.4348798990249633,0.492849975824356,0.0,0.0
2568,1680003166.4146378,2569,2Item7,2023-03-28 17:02:46.414638,896.0,289.0,929.0,268.0,2.8555145263671875,2.984481811523437,21422.98800000001,593.4803466796875,589.8309936523438,0.5924271345138549,0.4945493042469024,0.4348547458648681,0.4928416311740875,0.0,0.0
2569,1680003166.4229057,2570,2Item7,2023-03-28 17:02:46.422906,896.0,289.0,933.0,270.0,-1.0,-1.0,21431.25199999997,593.6203002929688,589.7130737304688,0.5924146175384521,0.4945015013217926,0.4348690509796142,0.4928951561450958,0.0,0.0
2570,1680003166.4313304,2571,2Item7,2023-03-28 17:02:46.431330,911.0,268.0,931.0,273.0,-1.0,-1.0,21439.680999999982,593.853271484375,589.6908569335938,0.592577040195465,0.494529515504837,0.435046762228012,0.4928829669952392,0.0,0.0
2571,1680003166.4396386,2572,2Item7,2023-03-28 17:02:46.439639,919.0,260.0,933.0,261.0,2.9036407470703125,2.873275756835937,21447.984,594.1356201171875,589.6849365234375,0.5926176905632019,0.4946107864379882,0.4350106120109558,0.4928534626960754,0.0,0.0
2572,1680003166.4479003,2573,2Item7,2023-03-28 17:02:46.447900,922.0,257.0,934.0,258.0,-1.0,-1.0,21456.25099999999,594.3164672851562,589.580810546875,0.5925312638282775,0.4945798218250274,0.4350248277187347,0.4929194152355194,0.0,0.0
2573,1680003166.4562387,2574,2Item7,2023-03-28 17:02:46.456239,941.0,269.0,948.0,248.0,-1.0,-1.0,21464.58799999999,594.5503540039064,589.5711669921875,0.5927515029907225,0.4946427643299102,0.4351947307586669,0.4928739964962005,0.0,0.0
2574,1680003166.4646244,2575,2Item7,2023-03-28 17:02:46.464624,932.0,257.0,949.0,255.0,2.82794189453125,2.912445068359375,21472.973999999987,594.7969360351562,589.57568359375,0.5927263498306274,0.4946576356887817,0.4351688623428344,0.4928558468818664,0.0,0.0
2575,1680003166.47295,2576,2Item7,2023-03-28 17:02:46.472950,929.0,234.0,946.0,260.0,-1.0,-1.0,21481.29999999999,594.8994140625,589.4771118164064,0.5926927924156189,0.4946608543395996,0.4351868033409118,0.4928905963897705,0.0,0.0
2576,1680003166.481292,2577,2Item7,2023-03-28 17:02:46.481292,918.0,241.0,919.0,284.0,-1.0,-1.0,21489.641000000003,595.021484375,589.471435546875,0.5928937792778015,0.4946670234203338,0.4353616833686828,0.4928435981273651,0.0,0.0
2577,1680003166.489681,2578,2Item7,2023-03-28 17:02:46.489681,909.0,246.0,923.0,269.0,2.8350830078125,2.9605712890625,21498.032000000007,595.1163940429688,589.4801025390625,0.592866539955139,0.4946577548980712,0.4353448152542114,0.4928178191184997,0.0,0.0
2578,1680003166.4979455,2579,2Item7,2023-03-28 17:02:46.497946,912.0,250.0,923.0,276.0,-1.0,-1.0,21506.294999999984,595.0615844726562,589.3867797851562,0.5928047895431519,0.4945553541183471,0.4353535175323486,0.4927988648414611,0.0,0.0
2579,1680003166.5062304,2580,2Item7,2023-03-28 17:02:46.506230,916.0,253.0,926.0,274.0,-1.0,-1.0,21514.579000000027,595.0219116210938,589.3865356445312,0.5930543541908264,0.4946358501911163,0.4355407953262329,0.4928177595138549,0.0,0.0
2580,1680003166.5145454,2581,2Item7,2023-03-28 17:02:46.514545,915.0,221.0,929.0,277.0,2.7206573486328125,2.9083709716796875,21522.896000000008,594.9700927734375,589.4006958007812,0.5930292606353759,0.4946317970752716,0.4355046153068542,0.4927745163440704,0.0,0.0
2581,1680003166.5229363,2582,2Item7,2023-03-28 17:02:46.522936,919.0,211.0,924.0,281.0,-1.0,-1.0,21531.282000000007,594.7785034179688,589.312255859375,0.5930196642875671,0.494634211063385,0.4355244040489196,0.4928105473518371,0.0,0.0
2582,1680003166.53135,2583,2Item7,2023-03-28 17:02:46.531350,914.0,231.0,934.0,258.0,-1.0,-1.0,21539.700000000008,594.6243286132812,589.3153076171875,0.5931742191314697,0.4946049749851226,0.4356919527053833,0.492795705795288,0.0,0.0
2583,1680003166.5395486,2584,2Item7,2023-03-28 17:02:46.539549,908.0,272.0,-1.0,-1.0,2.9098663330078125,-1.0,21547.892999999985,594.4715576171875,-1.0,0.5932026505470275,0.494666576385498,-1.0,-1.0,0.0,4.0
2584,1680003166.5478911,2585,2Item7,2023-03-28 17:02:46.547891,908.0,271.0,938.0,270.0,-1.0,-1.0,21556.23999999999,594.2095336914064,589.2531127929688,0.5931794643402098,0.4946916103363037,0.4356883466243743,0.4928536415100097,0.0,0.0
2585,1680003166.5562108,2586,2Item7,2023-03-28 17:02:46.556211,915.0,242.0,943.0,268.0,-1.0,-1.0,21564.560999999987,594.0123291015625,589.2633056640625,0.5933842658996582,0.4947498142719268,0.4358500242233276,0.4928476214408874,0.0,0.0
2586,1680003166.5645742,2587,2Item7,2023-03-28 17:02:46.564574,915.0,246.0,939.0,265.0,2.76947021484375,2.9407196044921875,21572.924,593.8682250976562,589.2886352539064,0.5933019518852233,0.4947201311588287,0.4358076751232147,0.4928373098373413,0.0,0.0
2587,1680003166.5729756,2588,2Item7,2023-03-28 17:02:46.572976,914.0,276.0,937.0,256.0,-1.0,-1.0,21581.326,593.6509399414064,589.2130737304688,0.5933166742324829,0.4947260022163391,0.4358281791210174,0.4929244518280029,0.0,0.0
2588,1680003166.5812428,2589,2Item7,2023-03-28 17:02:46.581243,916.0,266.0,950.0,245.0,-1.0,-1.0,21589.593,593.5396728515625,589.2300415039064,0.593518853187561,0.4948495626449585,0.4359776973724365,0.4929106533527374,0.0,0.0
2589,1680003166.5895972,2590,2Item7,2023-03-28 17:02:46.589597,919.0,262.0,954.0,247.0,2.989364624023437,2.9773101806640625,21597.946,593.48291015625,589.2613525390625,0.5935032367706298,0.4948692917823791,0.4359352588653564,0.4929394423961639,0.0,0.0
2590,1680003166.5979342,2591,2Item7,2023-03-28 17:02:46.597934,933.0,257.0,950.0,253.0,-1.0,-1.0,21606.283999999985,593.3246459960938,589.1903076171875,0.5934783220291137,0.4949294328689575,0.4359368085861206,0.493006944656372,0.0,0.0
2591,1680003166.609002,2592,2Item7,2023-03-28 17:02:46.609002,924.0,261.0,937.0,264.0,-1.0,-1.0,21617.351000000024,593.2488403320312,589.2127075195312,0.5935661196708679,0.4948793053627014,0.4360955655574798,0.4930042624473571,0.0,0.0
2592,1680003166.61461,2593,2Item7,2023-03-28 17:02:46.614610,921.0,267.0,936.0,268.0,2.843536376953125,2.88775634765625,21622.96000000002,593.2359008789064,589.2410888671875,0.5935252904891967,0.4949299991130828,0.4360104799270629,0.4929695725440979,0.0,0.0
2593,1680003166.6229775,2594,2Item7,2023-03-28 17:02:46.622977,920.0,271.0,942.0,273.0,-1.0,-1.0,21631.32300000004,593.1583251953125,589.1740112304688,0.5935550928115844,0.4949600100517272,0.436064600944519,0.493045300245285,0.0,0.0
2594,1680003166.6312218,2595,2Item7,2023-03-28 17:02:46.631222,919.0,275.0,932.0,280.0,-1.0,-1.0,21639.571999999986,593.2066650390625,589.1990966796875,0.5936686396598815,0.4949545562267303,0.4361671805381774,0.4929845929145813,0.0,0.0
2595,1680003166.6395588,2596,2Item7,2023-03-28 17:02:46.639559,919.0,264.0,937.0,261.0,2.8334503173828125,2.8597412109375,21647.908999999985,593.3079833984375,589.2449340820312,0.5936833024024963,0.4950006902217865,0.4361733794212341,0.493005096912384,0.0,0.0
2596,1680003166.6480207,2597,2Item7,2023-03-28 17:02:46.648021,913.0,262.0,934.0,242.0,-1.0,-1.0,21656.36900000001,593.3404541015625,589.1906127929688,0.5936326384544371,0.4949440956115722,0.4361792802810668,0.4930579662322998,0.0,0.0
2597,1680003166.656268,2598,2Item7,2023-03-28 17:02:46.656268,918.0,256.0,936.0,243.0,-1.0,-1.0,21664.61900000001,593.4627075195312,589.2340087890625,0.593793511390686,0.4950449466705322,0.4363240301609039,0.4930207133293151,0.0,0.0
2598,1680003166.664542,2599,2Item7,2023-03-28 17:02:46.664542,-1.0,-1.0,934.0,246.0,-1.0,2.9128570556640625,21672.892,-1.0,589.2978515625,-1.0,-1.0,0.4362843632698059,0.4930128157138824,4.0,0.0
2599,1680003166.6728804,2600,2Item7,2023-03-28 17:02:46.672880,915.0,241.0,933.0,249.0,-1.0,-1.0,21681.228999999992,593.6414794921875,589.26806640625,0.5937303304672241,0.4950614869594574,0.4362582862377166,0.4930438995361328,0.0,0.0
2600,1680003166.6812012,2601,2Item7,2023-03-28 17:02:46.681201,915.0,233.0,935.0,284.0,-1.0,-1.0,21689.552000000025,593.7655029296875,589.3397827148438,0.5938131809234619,0.4950303435325622,0.4364445805549621,0.492969274520874,0.0,0.0
2601,1680003166.689552,2602,2Item7,2023-03-28 17:02:46.689552,-1.0,-1.0,927.0,282.0,-1.0,2.9227294921875,21697.901000000013,-1.0,589.423828125,-1.0,-1.0,0.4363542199134826,0.4930213689804077,4.0,0.0
2602,1680003166.6978726,2603,2Item7,2023-03-28 17:02:46.697873,921.0,247.0,933.0,277.0,-1.0,-1.0,21706.223,593.9732666015625,589.4102172851562,0.5937821865081787,0.4951242208480835,0.4363552331924438,0.4930604100227356,0.0,0.0
2603,1680003166.7062063,2604,2Item7,2023-03-28 17:02:46.706206,918.0,264.0,925.0,287.0,-1.0,-1.0,21714.55700000003,594.1691284179688,589.4940795898438,0.5939422845840454,0.495179682970047,0.4364764094352722,0.4930188357830047,0.0,0.0
2604,1680003166.714538,2605,2Item7,2023-03-28 17:02:46.714538,919.0,264.0,-1.0,-1.0,2.9624786376953125,-1.0,21722.886999999988,594.3975219726562,-1.0,0.5938687324523925,0.4951803982257843,-1.0,-1.0,0.0,4.0
2605,1680003166.7228868,2606,2Item7,2023-03-28 17:02:46.722887,917.0,252.0,925.0,287.0,-1.0,-1.0,21731.237000000023,594.5458984375,589.5648193359375,0.5938094854354858,0.4951953291893005,0.4364396929740905,0.4931243062019348,0.0,0.0
2606,1680003166.731212,2607,2Item7,2023-03-28 17:02:46.731212,929.0,234.0,930.0,281.0,-1.0,-1.0,21739.55300000001,594.7706909179688,589.6510009765625,0.5939439535140991,0.4952444732189178,0.4365172982215881,0.4931041598320007,0.0,0.0
2607,1680003166.740116,2608,2Item7,2023-03-28 17:02:46.740116,933.0,239.0,930.0,279.0,2.889739990234375,2.9563140869140625,21748.46600000001,594.9763793945312,589.7362060546875,0.593874454498291,0.4952451884746551,0.436480164527893,0.4931243658065795,0.0,0.0
2608,1680003166.7479477,2609,2Item7,2023-03-28 17:02:46.747948,941.0,243.0,933.0,290.0,-1.0,-1.0,21756.29700000002,595.05126953125,589.7277221679688,0.5938122272491455,0.4952692687511444,0.4364590644836425,0.4931362569332122,0.0,0.0
2609,1680003166.7562687,2610,2Item7,2023-03-28 17:02:46.756269,948.0,252.0,940.0,275.0,-1.0,-1.0,21764.61900000001,595.1531982421875,589.8148803710938,0.5939037203788757,0.4952147901058197,0.4365543127059936,0.4931926429271698,0.0,0.0
2610,1680003166.7646067,2611,2Item7,2023-03-28 17:02:46.764607,923.0,278.0,940.0,256.0,2.8625946044921875,2.8585357666015625,21772.956999999995,595.2549438476562,589.9154052734375,0.593881607055664,0.4952714145183563,0.4364874064922332,0.4931639730930328,0.0,0.0
2611,1680003166.7729237,2612,2Item7,2023-03-28 17:02:46.772923,910.0,278.0,935.0,248.0,-1.0,-1.0,21781.272,595.2275390625,589.9119873046875,0.5938053131103515,0.4952625632286071,0.4364572763442993,0.4931492209434509,0.0,0.0
2612,1680003166.78123,2613,2Item7,2023-03-28 17:02:46.781230,925.0,249.0,945.0,266.0,-1.0,-1.0,21789.580000000016,595.2521362304688,590.0035400390625,0.5939681529998779,0.4953023195266723,0.4365667700767517,0.4931516945362091,0.0,0.0
2613,1680003166.7895472,2614,2Item7,2023-03-28 17:02:46.789547,925.0,249.0,-1.0,-1.0,2.7617645263671875,-1.0,21797.896000000008,595.2899780273438,-1.0,0.5938974022865295,0.4952582120895385,-1.0,-1.0,0.0,4.0
2614,1680003166.7978594,2615,2Item7,2023-03-28 17:02:46.797859,924.0,243.0,935.0,258.0,-1.0,-1.0,21806.20900000003,595.1986694335938,590.0919799804688,0.5938131809234619,0.4952621459960937,0.4364524781703949,0.4931871592998504,0.0,0.0
2615,1680003166.8062017,2616,2Item7,2023-03-28 17:02:46.806201,911.0,258.0,935.0,239.0,-1.0,-1.0,21814.552000000025,595.1724243164064,590.1830444335938,0.5939454436302185,0.4951810836791992,0.4365735948085784,0.4931612908840179,0.0,0.0
2616,1680003166.8145287,2617,2Item7,2023-03-28 17:02:46.814529,-1.0,-1.0,943.0,260.0,-1.0,2.9532623291015625,21822.87900000001,-1.0,590.2802734375,-1.0,-1.0,0.4365407824516296,0.4930754899978637,4.0,0.0
2617,1680003166.8231275,2618,2Item7,2023-03-28 17:02:46.823128,909.0,201.0,948.0,260.0,-1.0,-1.0,21831.473999999987,595.0765991210938,590.2755126953125,0.5938696861267089,0.4952668845653533,0.4364940822124481,0.4931472837924957,0.0,0.0
2618,1680003166.8324003,2619,2Item7,2023-03-28 17:02:46.832400,909.0,201.0,940.0,273.0,-1.0,-1.0,21840.695000000007,595.0167846679688,590.3563842773438,0.5939934849739074,0.4951658844947814,0.4366241097450256,0.4931046962738037,0.0,0.0
2619,1680003166.839558,2620,2Item7,2023-03-28 17:02:46.839558,915.0,231.0,939.0,260.0,2.781234741210937,2.8743133544921875,21847.90299999999,595.0016479492188,590.4509887695312,0.5939065217971801,0.4951482415199279,0.4365654289722442,0.4930766820907592,0.0,0.0
2620,1680003166.848075,2621,2Item7,2023-03-28 17:02:46.848075,917.0,255.0,931.0,259.0,-1.0,-1.0,21856.42499999999,594.9163208007812,590.4307250976562,0.5938872694969177,0.4951530992984771,0.4365265965461731,0.4930526912212371,0.0,0.0
2621,1680003166.8563168,2622,2Item7,2023-03-28 17:02:46.856317,905.0,248.0,915.0,259.0,-1.0,-1.0,21864.667000000016,594.9312133789064,590.4951782226562,0.5942299365997314,0.4952512383460998,0.4368087947368621,0.4930664896965026,0.0,0.0
2622,1680003166.8645322,2623,2Item7,2023-03-28 17:02:46.864532,911.0,260.0,909.0,262.0,2.939056396484375,2.9208984375,21872.881,594.980224609375,590.5604858398438,0.5942611694335938,0.4952050447463989,0.4368247687816619,0.4930055141448974,0.0,0.0
2623,1680003166.8729982,2624,2Item7,2023-03-28 17:02:46.872998,917.0,235.0,910.0,260.0,-1.0,-1.0,21881.34700000001,594.9561157226562,590.5120239257812,0.594179630279541,0.4952181279659271,0.43681001663208,0.4930249452590942,0.0,0.0
2624,1680003166.8813736,2625,2Item7,2023-03-28 17:02:46.881374,903.0,259.0,900.0,270.0,-1.0,-1.0,21889.723,594.9891357421875,590.5386962890625,0.5943205952644348,0.4951980412006378,0.436946153640747,0.4929593801498413,0.0,0.0
2625,1680003166.8897018,2626,2Item7,2023-03-28 17:02:46.889702,-1.0,-1.0,916.0,249.0,-1.0,2.894515991210937,21898.052000000025,-1.0,590.5532836914064,-1.0,-1.0,0.4369095265865325,0.4929292500019073,4.0,0.0
2626,1680003166.8978553,2627,2Item7,2023-03-28 17:02:46.897855,890.0,258.0,918.0,249.0,-1.0,-1.0,21906.204000000027,595.0009155273438,590.4551391601562,0.5942675471305847,0.4951576590538024,0.4369159638881683,0.4929398000240325,0.0,0.0
2627,1680003166.9062295,2628,2Item7,2023-03-28 17:02:46.906230,890.0,236.0,918.0,244.0,-1.0,-1.0,21914.57799999998,595.012939453125,590.447021484375,0.5944273471832275,0.495130181312561,0.4370796084403991,0.4928629994392395,0.0,0.0
2628,1680003166.9145274,2629,2Item7,2023-03-28 17:02:46.914527,890.0,236.0,914.0,253.0,2.9284210205078125,2.94830322265625,21922.878000000022,595.0493774414064,590.443115234375,0.5944073796272277,0.4951025545597076,0.437029093503952,0.4928139746189117,0.0,0.0
2629,1680003166.9228604,2630,2Item7,2023-03-28 17:02:46.922860,882.0,248.0,908.0,254.0,-1.0,-1.0,21931.206999999995,595.0015869140625,590.3353271484375,0.5943345427513121,0.4950008988380432,0.4370243549346923,0.4928265213966369,0.0,0.0
2630,1680003166.9312444,2631,2Item7,2023-03-28 17:02:46.931244,878.0,250.0,913.0,260.0,-1.0,-1.0,21939.59500000003,595.0353393554688,590.3216552734375,0.5944830179214478,0.4950210154056549,0.4371862411499023,0.4927364587783813,0.0,0.0
2631,1680003166.9397943,2632,2Item7,2023-03-28 17:02:46.939794,878.0,250.0,904.0,258.0,2.82586669921875,2.993408203125,21948.14400000003,595.0687866210938,590.3175048828125,0.5945175290107727,0.4950257837772369,0.4371324181556701,0.4927130043506622,0.0,0.0
2632,1680003166.947857,2633,2Item7,2023-03-28 17:02:46.947857,889.0,242.0,915.0,264.0,-1.0,-1.0,21956.20600000001,594.9951782226562,590.2022094726562,0.5943862795829772,0.4949390888214111,0.4371359348297119,0.4927217960357666,0.0,0.0
2633,1680003166.9561849,2634,2Item7,2023-03-28 17:02:46.956185,878.0,238.0,935.0,254.0,-1.0,-1.0,21964.53500000004,594.9784545898438,590.1727905273438,0.5945600271224974,0.4949490427970886,0.4372700154781341,0.4926793575286865,0.0,0.0
2634,1680003166.964516,2635,2Item7,2023-03-28 17:02:46.964516,882.0,255.0,912.0,255.0,2.888702392578125,2.89605712890625,21972.864,594.9937744140625,590.1631469726562,0.5945920348167419,0.4949753880500793,0.4372322857379913,0.49262136220932,0.0,0.0
2635,1680003166.9728482,2636,2Item7,2023-03-28 17:02:46.972848,891.0,252.0,906.0,245.0,-1.0,-1.0,21981.199000000022,594.8995361328125,590.0616455078125,0.5945493578910827,0.4949612021446228,0.4372227489948272,0.492647111415863,0.0,0.0
2636,1680003166.9812143,2637,2Item7,2023-03-28 17:02:46.981215,908.0,245.0,906.0,246.0,-1.0,-1.0,21989.564000000013,594.88623046875,590.068359375,0.5946748256683348,0.4949120283126831,0.437356024980545,0.4926123619079589,0.0,0.0
2637,1680003166.989524,2638,2Item7,2023-03-28 17:02:46.989524,900.0,229.0,904.0,247.0,2.787109375,2.903167724609375,21997.874000000007,594.89453125,590.0946044921875,0.5946635603904724,0.4949475824832916,0.4372989237308502,0.4925791919231414,0.0,0.0
2638,1680003166.9978504,2639,2Item7,2023-03-28 17:02:46.997850,888.0,228.0,899.0,249.0,-1.0,-1.0,22006.201,594.8153686523438,590.0233154296875,0.5945993661880493,0.4949191510677337,0.4372750222682952,0.4926210045814514,0.0,0.0
2639,1680003167.0061884,2640,2Item7,2023-03-28 17:02:47.006188,887.0,239.0,902.0,253.0,-1.0,-1.0,22014.537000000008,594.8185424804688,590.0491333007812,0.5947449803352356,0.4948866963386535,0.4374212026596069,0.49257293343544,0.0,0.0
2640,1680003167.0145054,2641,2Item7,2023-03-28 17:02:47.014505,884.0,231.0,903.0,237.0,2.7637176513671875,2.9483795166015625,22022.85600000003,594.8706665039064,590.08837890625,0.5946942567825317,0.4948871433734893,0.4373578429222106,0.4925720691680908,0.0,0.0
2641,1680003167.0230336,2642,2Item7,2023-03-28 17:02:47.023034,885.0,222.0,908.0,259.0,-1.0,-1.0,22031.37699999997,594.8233032226562,590.0224609375,0.594663381576538,0.4948984682559967,0.4373281598091125,0.4926039576530456,0.0,0.0
2642,1680003167.031412,2643,2Item7,2023-03-28 17:02:47.031412,888.0,222.0,923.0,250.0,-1.0,-1.0,22039.76000000001,594.8723754882812,590.0488891601562,0.5948454737663269,0.4949759542942047,0.4374825358390808,0.4925225675106048,0.0,0.0
2643,1680003167.039941,2644,2Item7,2023-03-28 17:02:47.039941,890.0,217.0,925.0,260.0,2.772674560546875,2.9646148681640625,22048.291000000027,594.9887084960938,590.0919799804688,0.5948194861412048,0.4949712753295898,0.4374074935913085,0.4925821721553802,0.0,0.0
2644,1680003167.0478563,2645,2Item7,2023-03-28 17:02:47.047856,894.0,227.0,930.0,253.0,-1.0,-1.0,22056.201,594.9992065429688,590.0344848632812,0.5947664380073547,0.494975596666336,0.4373805522918701,0.4925898909568786,0.0,0.0
2645,1680003167.056311,2646,2Item7,2023-03-28 17:02:47.056311,904.0,225.0,918.0,262.0,-1.0,-1.0,22064.661000000026,595.0792236328125,590.0584716796875,0.594917893409729,0.4949935376644134,0.4375343322753906,0.4925873279571533,0.0,0.0
2646,1680003167.064531,2647,2Item7,2023-03-28 17:02:47.064531,899.0,214.0,921.0,245.0,2.725738525390625,2.92999267578125,22072.87900000001,595.1903076171875,590.0792846679688,0.5948325991630554,0.4949239790439605,0.4374505877494812,0.4925750195980072,0.0,0.0
2647,1680003167.07286,2648,2Item7,2023-03-28 17:02:47.072860,900.0,217.0,924.0,266.0,-1.0,-1.0,22081.20900000003,595.1915283203125,589.979248046875,0.5947554111480712,0.4949212968349456,0.4374406635761261,0.4926041960716247,0.0,0.0
2648,1680003167.0811868,2649,2Item7,2023-03-28 17:02:47.081187,901.0,243.0,923.0,263.0,-1.0,-1.0,22089.538,595.2637329101562,589.95263671875,0.5949789881706237,0.4950251877307891,0.4375717043876647,0.492599070072174,0.0,0.0
2649,1680003167.0895195,2650,2Item7,2023-03-28 17:02:47.089520,907.0,252.0,919.0,268.0,2.9532012939453125,3.009918212890625,22097.86900000001,595.339599609375,589.92578125,0.5949226021766661,0.4950107038021087,0.4375053644180297,0.4925599992275238,0.0,0.0
2650,1680003167.0978432,2651,2Item7,2023-03-28 17:02:47.097843,894.0,252.0,910.0,267.0,-1.0,-1.0,22106.185,595.29296875,589.7860717773438,0.5947990417480468,0.4949744045734405,0.4375014305114746,0.4926376342773437,0.0,0.0
2651,1680003167.1061983,2652,2Item7,2023-03-28 17:02:47.106198,-1.0,-1.0,-1.0,-1.0,-1.0,-1.0,22114.54600000003,-1.0,-1.0,-1.0,-1.0,-1.0,-1.0,4.0,4.0
2652,1680003167.1145575,2653,2Item7,2023-03-28 17:02:47.114558,890.0,247.0,897.0,266.0,2.83056640625,3.023468017578125,22122.907000000007,595.32080078125,589.7657470703125,0.5949800014495848,0.4950436949729919,0.4375549256801605,0.4926060438156127,0.0,0.0
2653,1680003167.122959,2654,2Item7,2023-03-28 17:02:47.122959,905.0,245.0,898.0,272.0,-1.0,-1.0,22131.30900000001,595.2235717773438,589.614990234375,0.5949294567108154,0.4950629770755767,0.4375523924827575,0.4926546812057495,0.0,0.0
2654,1680003167.1311998,2655,2Item7,2023-03-28 17:02:47.131200,898.0,256.0,906.0,270.0,-1.0,-1.0,22139.549,595.1832885742188,589.5532836914064,0.5950791835784912,0.4950648248195648,0.4376793801784515,0.4926010966300964,0.0,0.0
2655,1680003167.1395068,2656,2Item7,2023-03-28 17:02:47.139507,899.0,252.0,913.0,246.0,2.8803863525390625,2.910400390625,22147.85700000001,595.1370849609375,589.5139770507812,0.5950466990470886,0.4950504899024963,0.4376244843006134,0.492590457201004,0.0,0.0
2656,1680003167.1478329,2657,2Item7,2023-03-28 17:02:47.147833,889.0,252.0,902.0,246.0,-1.0,-1.0,22156.18300000001,594.9801635742188,589.3721313476562,0.5949839353561401,0.49503093957901,0.4376196861267089,0.4926126301288604,0.0,0.0
2657,1680003167.1561646,2658,2Item7,2023-03-28 17:02:47.156165,888.0,245.0,902.0,246.0,-1.0,-1.0,22164.514000000025,594.8846435546875,589.3251342773438,0.5951467156410217,0.495039165019989,0.4377538859844207,0.4925468862056732,0.0,0.0
2658,1680003167.164524,2659,2Item7,2023-03-28 17:02:47.164524,896.0,172.0,908.0,271.0,2.4917449951171875,2.979949951171875,22172.875,594.8192749023438,589.3139038085938,0.5951042771339417,0.4949879348278045,0.4377002120018005,0.4925386905670166,0.0,0.0
2659,1680003167.172902,2660,2Item7,2023-03-28 17:02:47.172902,903.0,183.0,922.0,282.0,-1.0,-1.0,22181.249000000007,594.6632080078125,589.2223510742188,0.5950489044189453,0.4949224293231964,0.4376851618289947,0.4925427436828613,0.0,0.0
2660,1680003167.181158,2661,2Item7,2023-03-28 17:02:47.181158,887.0,206.0,930.0,271.0,-1.0,-1.0,22189.50900000002,594.585693359375,589.2426147460938,0.5951855182647705,0.4949293136596679,0.43782839179039,0.4924831092357635,0.0,0.0
2661,1680003167.1895187,2662,2Item7,2023-03-28 17:02:47.189519,898.0,199.0,932.0,266.0,2.74853515625,2.9377899169921875,22197.86599999998,594.55859375,589.296875,0.5952368378639221,0.4949859976768493,0.437763512134552,0.4924798309803009,0.0,0.0
2662,1680003167.1978333,2663,2Item7,2023-03-28 17:02:47.197833,898.0,199.0,918.0,277.0,-1.0,-1.0,22206.180999999982,594.4466552734375,589.2594604492188,0.5951980352401733,0.4949575066566467,0.4377614259719848,0.4924954771995544,0.0,0.0
2663,1680003167.206159,2664,2Item7,2023-03-28 17:02:47.206159,913.0,192.0,920.0,277.0,-1.0,-1.0,22214.50900000002,594.427001953125,589.3233032226562,0.595295250415802,0.494944542646408,0.4379065036773681,0.4924730658531189,0.0,0.0
2664,1680003167.2144983,2665,2Item7,2023-03-28 17:02:47.214498,915.0,241.0,924.0,276.0,2.892242431640625,3.0130157470703125,22222.84700000001,594.4492797851562,589.4072875976562,0.5952835083007812,0.4949727058410644,0.4378426969051361,0.492472618818283,0.0,0.0
2665,1680003167.2229652,2666,2Item7,2023-03-28 17:02:47.222965,900.0,240.0,917.0,281.0,-1.0,-1.0,22231.31599999999,594.3889770507812,589.3877563476562,0.5952717065811157,0.4949913620948791,0.4378246366977691,0.4925064146518707,0.0,0.0
2666,1680003167.2311575,2667,2Item7,2023-03-28 17:02:47.231158,887.0,246.0,917.0,261.0,-1.0,-1.0,22239.505000000005,594.4230346679688,589.447509765625,0.5954407453536987,0.4950561225414276,0.4379761219024658,0.4924754202365875,0.0,0.0
2667,1680003167.2394972,2668,2Item7,2023-03-28 17:02:47.239497,887.0,246.0,915.0,264.0,2.7937164306640625,2.9664764404296875,22247.84600000002,594.503173828125,589.514892578125,0.5954033136367797,0.4950484335422515,0.4379231333732605,0.4924825131893158,0.0,0.0
2668,1680003167.2478285,2669,2Item7,2023-03-28 17:02:47.247828,894.0,237.0,913.0,267.0,-1.0,-1.0,22256.179000000004,594.496337890625,589.4686889648438,0.5953482389450073,0.4950537979602813,0.4379077553749084,0.4925144016742706,0.0,0.0
2669,1680003167.2561576,2670,2Item7,2023-03-28 17:02:47.256158,894.0,230.0,912.0,271.0,-1.0,-1.0,22264.50800000003,594.5685424804688,589.49560546875,0.5955058932304382,0.4950877428054809,0.4380563795566558,0.4924894869327545,0.0,0.0
2670,1680003167.2644956,2671,2Item7,2023-03-28 17:02:47.264496,903.0,237.0,910.0,258.0,2.8890533447265625,2.95538330078125,22272.84600000002,594.6663818359375,589.521728515625,0.5954769253730773,0.4950691759586334,0.4379834532737731,0.492484837770462,0.0,0.0
2671,1680003167.2729368,2672,2Item7,2023-03-28 17:02:47.272937,912.0,257.0,915.0,259.0,-1.0,-1.0,22281.286000000026,594.6652221679688,589.4318237304688,0.5953929424285888,0.4950135946273803,0.4379709362983703,0.4925298988819122,0.0,0.0
2672,1680003167.28118,2673,2Item7,2023-03-28 17:02:47.281180,911.0,264.0,913.0,261.0,-1.0,-1.0,22289.527,594.7340698242188,589.4202270507812,0.5955565571784973,0.4950987100601196,0.4381107091903686,0.4924958646297454,0.0,0.0
2673,1680003167.2896771,2674,2Item7,2023-03-28 17:02:47.289677,908.0,258.0,913.0,243.0,2.76080322265625,2.8873748779296875,22298.02799999999,594.8214721679688,589.4163818359375,0.5955191850662231,0.4950723350048065,0.4380324482917785,0.4924682676792144,0.0,0.0
2674,1680003167.2978208,2675,2Item7,2023-03-28 17:02:47.297821,897.0,250.0,902.0,246.0,-1.0,-1.0,22306.16899999999,594.7866821289064,589.3026123046875,0.5954349637031555,0.4950027167797088,0.4380263090133667,0.4925109148025512,0.0,0.0
2675,1680003167.3061464,2676,2Item7,2023-03-28 17:02:47.306146,898.0,241.0,902.0,246.0,-1.0,-1.0,22314.497000000032,594.798828125,589.2727661132812,0.595589280128479,0.4950922429561615,0.4381414651870727,0.4924241602420806,0.0,0.0
2676,1680003167.3145175,2677,2Item7,2023-03-28 17:02:47.314518,889.0,263.0,904.0,263.0,2.843978881835937,2.953125,22322.867000000027,594.8316650390625,589.2578735351562,0.5955415368080139,0.4950394034385681,0.4380727410316467,0.492429494857788,0.0,0.0
2677,1680003167.3230484,2678,2Item7,2023-03-28 17:02:47.323048,891.0,259.0,906.0,272.0,-1.0,-1.0,22331.396000000008,594.7393188476562,589.145751953125,0.5954562425613403,0.4950005412101745,0.4380631446838378,0.4924921095371246,0.0,0.0
2678,1680003167.3311746,2679,2Item7,2023-03-28 17:02:47.331175,891.0,257.0,911.0,293.0,-1.0,-1.0,22339.525000000023,594.6981201171875,589.12890625,0.595613956451416,0.4950727522373199,0.4381751418113708,0.4924089312553405,0.0,0.0
2679,1680003167.3395274,2680,2Item7,2023-03-28 17:02:47.339527,899.0,250.0,911.0,296.0,2.9290771484375,2.930908203125,22347.875,594.6751708984375,589.1431884765625,0.5955695509910583,0.4950593411922454,0.4381004571914672,0.4924310743808746,0.0,0.0
2680,1680003167.347849,2681,2Item7,2023-03-28 17:02:47.347849,892.0,252.0,906.0,277.0,-1.0,-1.0,22356.199000000022,594.539794921875,589.060302734375,0.5954641103744506,0.4949930310249328,0.4380649328231811,0.492494136095047,0.0,0.0
2681,1680003167.356159,2682,2Item7,2023-03-28 17:02:47.356159,897.0,250.0,900.0,267.0,-1.0,-1.0,22364.506,594.4678955078125,589.0778198242188,0.5955992937088012,0.4950771033763885,0.4381581246852874,0.4924692809581756,0.0,0.0
2682,1680003167.364523,2683,2Item7,2023-03-28 17:02:47.364523,-1.0,-1.0,895.0,270.0,-1.0,2.9168853759765625,22372.872000000032,-1.0,589.1222534179688,-1.0,-1.0,0.4380481541156768,0.4924820065498352,4.0,0.0
2683,1680003167.3728623,2684,2Item7,2023-03-28 17:02:47.372862,899.0,274.0,898.0,275.0,-1.0,-1.0,22381.21299999999,594.3145141601562,589.0777587890625,0.5954051613807678,0.495024025440216,0.4379916191101074,0.4925344586372375,0.0,0.0
2684,1680003167.3811972,2685,2Item7,2023-03-28 17:02:47.381197,888.0,279.0,906.0,273.0,-1.0,-1.0,22389.54600000003,594.241943359375,589.1342163085938,0.5954947471618652,0.4950275421142578,0.4380657076835632,0.4925244152545929,0.0,0.0
2685,1680003167.389573,2686,2Item7,2023-03-28 17:02:47.389573,888.0,263.0,906.0,265.0,2.6833953857421875,2.876220703125,22397.924,594.2055053710938,589.2155151367188,0.5954570174217224,0.4951246082782745,0.437945544719696,0.4925350248813629,0.0,0.0
2686,1680003167.3978453,2687,2Item7,2023-03-28 17:02:47.397845,883.0,222.0,906.0,265.0,-1.0,-1.0,22406.195000000007,594.07568359375,589.199951171875,0.5953143239021301,0.4951168000698089,0.4378589987754821,0.4926014840602874,0.0,0.0
2687,1680003167.406196,2688,2Item7,2023-03-28 17:02:47.406196,884.0,222.0,903.0,261.0,-1.0,-1.0,22414.54600000003,594.0233154296875,589.2788696289064,0.5953982472419738,0.495151937007904,0.437922716140747,0.4926247298717498,0.0,0.0
2688,1680003167.4145155,2689,2Item7,2023-03-28 17:02:47.414515,886.0,216.0,907.0,254.0,2.6062469482421875,2.87652587890625,22422.86499999999,594.004638671875,589.3706665039064,0.5952951312065125,0.4951151311397552,0.4377823770046234,0.4926209449768066,0.0,0.0
2689,1680003167.422948,2690,2Item7,2023-03-28 17:02:47.422948,898.0,254.0,915.0,255.0,-1.0,-1.0,22431.29700000002,593.901611328125,589.352294921875,0.5951541662216187,0.4950384795665741,0.43769171833992,0.4926677942276001,0.0,0.0
2690,1680003167.431156,2691,2Item7,2023-03-28 17:02:47.431156,900.0,237.0,915.0,255.0,-1.0,-1.0,22439.506,593.8751220703125,589.4120483398438,0.5952242016792297,0.4951071143150329,0.4377423524856567,0.4926454126834869,0.0,0.0
2691,1680003167.4394784,2692,2Item7,2023-03-28 17:02:47.439478,895.0,250.0,914.0,254.0,2.7113494873046875,2.8548736572265625,22447.825000000008,593.8952026367188,589.4777221679688,0.59506356716156,0.4950481951236724,0.437614232301712,0.4926312863826751,0.0,0.0
2692,1680003167.4478197,2693,2Item7,2023-03-28 17:02:47.447820,895.0,242.0,908.0,253.0,-1.0,-1.0,22456.169999999984,593.8218383789064,589.431640625,0.5950271487236022,0.4950742423534393,0.4375401735305786,0.4926751255989074,0.0,0.0
2693,1680003167.456143,2694,2Item7,2023-03-28 17:02:47.456143,896.0,246.0,898.0,275.0,-1.0,-1.0,22464.493000000017,593.8317260742188,589.46630859375,0.5950927734375,0.4950628876686096,0.4375776946544647,0.4926080405712127,0.0,0.0
2694,1680003167.4645083,2695,2Item7,2023-03-28 17:02:47.464508,909.0,223.0,898.0,275.0,3.1607208251953125,2.9053955078125,22472.858000000007,593.8761596679688,589.5075073242188,0.5949836373329161,0.4950240552425384,0.4374374449253082,0.4926269948482513,0.0,0.0
2695,1680003167.4728055,2696,2Item7,2023-03-28 17:02:47.472806,916.0,221.0,910.0,283.0,-1.0,-1.0,22481.156000000017,593.8462524414064,589.439453125,0.5948706865310668,0.4949972927570343,0.4373573958873748,0.4926468133926391,0.0,0.0
2696,1680003167.4811356,2697,2Item7,2023-03-28 17:02:47.481136,903.0,247.0,907.0,287.0,-1.0,-1.0,22489.484999999982,593.908935546875,589.4637451171875,0.5949016213417053,0.4949334561824798,0.4374529123306274,0.4926155805587768,0.0,0.0
2697,1680003167.489502,2698,2Item7,2023-03-28 17:02:47.489502,903.0,253.0,907.0,274.0,2.865951538085937,2.897933959960937,22497.853000000003,594.0253295898438,589.4976196289064,0.5948677659034729,0.4949674308300018,0.4373473227024078,0.492585688829422,0.0,0.0
2698,1680003167.49782,2699,2Item7,2023-03-28 17:02:47.497820,894.0,262.0,900.0,267.0,-1.0,-1.0,22506.16899999999,594.0541381835938,589.4247436523438,0.5947147011756897,0.4948992431163787,0.4372839927673339,0.4926311373710632,0.0,0.0
2699,1680003167.5065806,2700,2Item7,2023-03-28 17:02:47.506581,873.0,230.0,904.0,263.0,-1.0,-1.0,22514.929000000004,594.1654052734375,589.441650390625,0.5947680473327636,0.494853675365448,0.4373720288276672,0.4925841987133026,0.0,0.0
2700,1680003167.5144691,2701,2Item7,2023-03-28 17:02:47.514469,-1.0,-1.0,906.0,269.0,-1.0,2.917572021484375,22522.81800000003,-1.0,589.4778442382812,-1.0,-1.0,0.4372802078723907,0.4925341308116912,4.0,0.0
2701,1680003167.522812,2702,2Item7,2023-03-28 17:02:47.522812,893.0,242.0,906.0,276.0,-1.0,-1.0,22531.158999999985,594.3201293945312,589.41162109375,0.5946667790412902,0.4949138164520263,0.4372552335262298,0.4925335645675659,0.0,0.0
2702,1680003167.531361,2703,2Item7,2023-03-28 17:02:47.531361,900.0,263.0,908.0,276.0,-1.0,-1.0,22539.712,594.4308471679688,589.4421997070312,0.5947105884552002,0.4948166906833648,0.4372994303703308,0.4925554990768432,0.0,0.0
2703,1680003167.5394716,2704,2Item7,2023-03-28 17:02:47.539472,905.0,245.0,897.0,270.0,2.76776123046875,2.9785614013671875,22547.821999999986,594.5765991210938,589.5032958984375,0.5946764349937439,0.4948576390743255,0.4372095465660095,0.4925047159194946,0.0,0.0
2704,1680003167.5478437,2705,2Item7,2023-03-28 17:02:47.547844,900.0,242.0,905.0,279.0,-1.0,-1.0,22556.194000000018,594.6263427734375,589.4785766601562,0.5945751070976257,0.4948631823062896,0.4371507465839386,0.4925488829612731,0.0,0.0
2705,1680003167.5561616,2706,2Item7,2023-03-28 17:02:47.556162,892.0,245.0,921.0,260.0,-1.0,-1.0,22564.511999999988,594.7608032226562,589.5565795898438,0.5945963859558105,0.4947310388088226,0.4372340738773345,0.4925134181976318,0.0,0.0
2706,1680003167.5653036,2707,2Item7,2023-03-28 17:02:47.565304,890.0,241.0,920.0,260.0,3.14556884765625,2.849716186523437,22573.652,594.925048828125,589.6602783203125,0.594572603702545,0.4948032796382904,0.4371522068977356,0.4924710094928741,0.0,0.0
2707,1680003167.5728104,2708,2Item7,2023-03-28 17:02:47.572810,897.0,252.0,919.0,262.0,-1.0,-1.0,22581.16000000004,595.0093994140625,589.654296875,0.5944707989692688,0.4947825670242309,0.4370664954185485,0.4924987852573394,0.0,0.0
2708,1680003167.5811274,2709,2Item7,2023-03-28 17:02:47.581127,904.0,232.0,916.0,258.0,-1.0,-1.0,22589.476000000024,595.1965942382812,589.7374877929688,0.5945674777030944,0.4947588443756103,0.4371513128280639,0.492430567741394,0.0,0.0
2709,1680003167.589458,2710,2Item7,2023-03-28 17:02:47.589458,904.0,232.0,912.0,273.0,2.9085845947265625,2.91973876953125,22597.80800000001,595.4505004882812,589.828369140625,0.594465434551239,0.4947156012058258,0.4370529651641845,0.4924035966396331,0.0,0.0
2710,1680003167.5978143,2711,2Item7,2023-03-28 17:02:47.597814,898.0,250.0,902.0,297.0,-1.0,-1.0,22606.16499999997,595.6216430664064,589.813232421875,0.5943093299865722,0.4946097135543823,0.4369764029979705,0.4923667907714843,0.0,0.0
2711,1680003167.6061292,2712,2Item7,2023-03-28 17:02:47.606129,896.0,246.0,895.0,290.0,-1.0,-1.0,22614.475000000035,595.8693237304688,589.8849487304688,0.594444751739502,0.494669884443283,0.4370700120925903,0.4923703372478485,0.0,0.0
2712,1680003167.6144855,2713,2Item7,2023-03-28 17:02:47.614486,889.0,239.0,900.0,282.0,2.7682037353515625,2.849822998046875,22622.83500000002,596.1578979492188,589.9653930664064,0.5943135619163513,0.4946036040782928,0.4369601905345916,0.4923340082168579,0.0,0.0
2713,1680003167.6230488,2714,2Item7,2023-03-28 17:02:47.623049,889.0,238.0,899.0,268.0,-1.0,-1.0,22631.397999999983,596.345947265625,589.931884765625,0.5941813588142395,0.4945811927318573,0.4369025826454162,0.4922830164432525,0.0,0.0
2714,1680003167.631134,2715,2Item7,2023-03-28 17:02:47.631134,895.0,254.0,909.0,272.0,-1.0,-1.0,22639.483000000007,596.5955810546875,589.972900390625,0.594312012195587,0.4946224391460418,0.4369683265686035,0.4923320114612579,0.0,0.0
2715,1680003167.6394548,2716,2Item7,2023-03-28 17:02:47.639455,914.0,223.0,899.0,278.0,2.7353668212890625,2.914337158203125,22647.805,596.8307495117188,590.0128173828125,0.5941890478134155,0.4945882260799408,0.4368519186973571,0.4923105239868164,0.0,0.0
2716,1680003167.6477947,2717,2Item7,2023-03-28 17:02:47.647795,908.0,215.0,894.0,277.0,-1.0,-1.0,22656.14400000003,596.8701782226562,589.9384155273438,0.5940622091293335,0.4945927560329437,0.4367740154266357,0.4923626184463501,0.0,0.0
2717,1680003167.6561272,2718,2Item7,2023-03-28 17:02:47.656127,883.0,238.0,887.0,276.0,-1.0,-1.0,22664.478000000003,596.904541015625,589.94482421875,0.5941128730773925,0.4945034980773925,0.4368258714675903,0.4922778606414794,0.0,0.0
2718,1680003167.6644547,2719,2Item7,2023-03-28 17:02:47.664455,880.0,239.0,890.0,266.0,2.8551177978515625,2.906982421875,22672.804000000004,596.9024047851562,589.9623413085938,0.5940086245536804,0.4944975078105926,0.4367137551307678,0.4923227131366729,0.0,0.0
2719,1680003167.6727953,2720,2Item7,2023-03-28 17:02:47.672795,889.0,241.0,894.0,267.0,-1.0,-1.0,22681.14400000003,596.7212524414064,589.8756713867188,0.5939489603042603,0.4945695400238037,0.4366129636764526,0.4923526644706726,0.0,0.0
2720,1680003167.681136,2721,2Item7,2023-03-28 17:02:47.681136,894.0,237.0,898.0,264.0,-1.0,-1.0,22689.48600000004,596.5450439453125,589.8950805664064,0.5940672159194946,0.4945572912693023,0.4367429018020629,0.492302119731903,0.0,0.0
2721,1680003167.689458,2722,2Item7,2023-03-28 17:02:47.689458,901.0,242.0,899.0,261.0,2.867462158203125,2.806503295898437,22697.805999999982,596.3680419921875,589.92578125,0.5939722657203674,0.4945428371429443,0.4365963339805603,0.4923378825187683,0.0,0.0
2722,1680003167.6977882,2723,2Item7,2023-03-28 17:02:47.697788,887.0,244.0,903.0,262.0,-1.0,-1.0,22706.139000000025,596.06103515625,589.86083984375,0.5937895774841307,0.4944476783275604,0.4365102648735046,0.4923771619796752,0.0,0.0
2723,1680003167.706158,2724,2Item7,2023-03-28 17:02:47.706158,894.0,243.0,899.0,257.0,-1.0,-1.0,22714.506999999983,595.7993774414064,589.8950805664064,0.5939889550209045,0.4945617616176605,0.4365702271461486,0.4923835098743438,0.0,0.0
2724,1680003167.714775,2725,2Item7,2023-03-28 17:02:47.714775,-1.0,-1.0,904.0,253.0,-1.0,2.798187255859375,22723.124000000007,-1.0,589.9374389648438,-1.0,-1.0,0.4364586174488067,0.4923674166202545,4.0,0.0
2725,1680003167.7229817,2726,2Item7,2023-03-28 17:02:47.722982,893.0,211.0,901.0,249.0,-1.0,-1.0,22731.33100000001,595.333251953125,589.8845825195312,0.5938000679016113,0.49455326795578,0.4363901317119598,0.4924239218235015,0.0,0.0
2726,1680003167.7311263,2727,2Item7,2023-03-28 17:02:47.731127,885.0,223.0,903.0,245.0,-1.0,-1.0,22739.475000000035,595.0975341796875,589.930419921875,0.5938606262207031,0.4945389628410339,0.4364682734012603,0.4924199879169464,0.0,0.0
2727,1680003167.7394533,2728,2Item7,2023-03-28 17:02:47.739453,885.0,223.0,903.0,242.0,2.9239044189453125,2.861968994140625,22747.804000000004,594.9133911132812,589.9833374023438,0.5937538146972656,0.4945326149463653,0.4363448917865753,0.4924075901508331,0.0,0.0
2728,1680003167.7478323,2729,2Item7,2023-03-28 17:02:47.747833,878.0,246.0,898.0,246.0,-1.0,-1.0,22756.18300000001,594.7120971679688,589.933837890625,0.5936790108680725,0.4945194721221923,0.4362610280513763,0.492484450340271,0.0,0.0
2729,1680003167.756129,2730,2Item7,2023-03-28 17:02:47.756129,873.0,256.0,889.0,261.0,-1.0,-1.0,22764.476000000024,594.6686401367188,589.9682006835938,0.5937889814376831,0.4945749342441558,0.4363541007041931,0.4924855530261993,0.0,0.0
2730,1680003167.7644491,2731,2Item7,2023-03-28 17:02:47.764449,873.0,256.0,890.0,277.0,3.169540405273437,2.8230438232421875,22772.79999999999,594.723388671875,589.9979248046875,0.5937594771385192,0.4946273267269134,0.4362357258796691,0.4924660921096801,0.0,0.0
2731,1680003167.7728145,2732,2Item7,2023-03-28 17:02:47.772815,896.0,264.0,894.0,272.0,-1.0,-1.0,22781.16499999997,594.7352905273438,589.9056396484375,0.5935963988304138,0.4945835769176483,0.4361708462238311,0.4925571382045745,0.0,0.0
2732,1680003167.781111,2733,2Item7,2023-03-28 17:02:47.781111,900.0,256.0,898.0,278.0,-1.0,-1.0,22789.46100000001,594.8399658203125,589.89599609375,0.5936533212661743,0.4945908486843109,0.4362629652023315,0.4925297200679779,0.0,0.0
2733,1680003167.7894547,2734,2Item7,2023-03-28 17:02:47.789455,902.0,261.0,897.0,274.0,2.8413543701171875,2.861419677734375,22797.804000000004,595.013916015625,589.8887939453125,0.5936720967292785,0.4946635067462921,0.4361599683761596,0.4925264716148376,0.0,0.0
2734,1680003167.7977977,2735,2Item7,2023-03-28 17:02:47.797798,891.0,253.0,895.0,281.0,-1.0,-1.0,22806.147999999983,595.0897827148438,589.7734375,0.5935297608375549,0.4945913553237915,0.4361383318901062,0.492557406425476,0.0,0.0
2735,1680003167.8061094,2736,2Item7,2023-03-28 17:02:47.806109,896.0,253.0,891.0,280.0,-1.0,-1.0,22814.46000000002,595.2310180664064,589.7531127929688,0.593668520450592,0.4946803450584411,0.4362198114395141,0.4925539195537567,0.0,0.0
2736,1680003167.8144994,2737,2Item7,2023-03-28 17:02:47.814499,890.0,246.0,898.0,285.0,2.88043212890625,2.8297882080078125,22822.848999999987,595.3762817382812,589.748046875,0.5936057567596436,0.4946825206279754,0.4361454844474792,0.4925200045108795,0.0,0.0
2737,1680003167.822796,2738,2Item7,2023-03-28 17:02:47.822796,899.0,234.0,900.0,285.0,-1.0,-1.0,22831.146000000008,595.4246215820312,589.6358032226562,0.5934831500053405,0.4946537315845489,0.4360777139663696,0.4925772249698638,0.0,0.0
2738,1680003167.8311934,2739,2Item7,2023-03-28 17:02:47.831193,900.0,229.0,928.0,263.0,-1.0,-1.0,22839.543000000005,595.5418701171875,589.6206665039064,0.5935772061347961,0.4945929944515228,0.4361803531646728,0.4925160706043243,0.0,0.0
2739,1680003167.8394363,2740,2Item7,2023-03-28 17:02:47.839437,900.0,229.0,926.0,227.0,3.211456298828125,2.73486328125,22847.783999999985,595.6333618164064,589.6238403320312,0.5935523509979248,0.4946188032627105,0.4360911846160888,0.4924823641777038,0.0,0.0
2740,1680003167.847793,2741,2Item7,2023-03-28 17:02:47.847793,882.0,245.0,933.0,231.0,-1.0,-1.0,22856.14400000003,595.5953369140625,589.5302734375,0.5933924913406372,0.494490772485733,0.4360345602035522,0.4925001263618469,0.0,0.0
2741,1680003167.856107,2742,2Item7,2023-03-28 17:02:47.856107,893.0,253.0,903.0,255.0,-1.0,-1.0,22864.456999999995,595.6004638671875,589.5386352539064,0.5935950875282286,0.49457848072052,0.4361368417739868,0.4924376904964447,0.0,0.0
2742,1680003167.8644338,2743,2Item7,2023-03-28 17:02:47.864434,895.0,245.0,900.0,264.0,2.6652374267578125,2.793563842773437,22872.783999999985,595.6121826171875,589.5709228515625,0.5935083627700805,0.4945241808891296,0.4360277950763702,0.4924043416976928,0.0,0.0
2743,1680003167.872779,2744,2Item7,2023-03-28 17:02:47.872779,896.0,225.0,897.0,260.0,-1.0,-1.0,22881.12699999997,595.5237426757812,589.5044555664064,0.5934090018272399,0.4945012629032135,0.4359636306762695,0.4924358129501342,0.0,0.0
2744,1680003167.8811066,2745,2Item7,2023-03-28 17:02:47.881107,881.0,216.0,901.0,256.0,-1.0,-1.0,22889.455000000016,595.479248046875,589.5322875976562,0.5934734344482421,0.4943926930427551,0.4360688030719757,0.4923363029956817,0.0,0.0
2745,1680003167.8894432,2746,2Item7,2023-03-28 17:02:47.889443,878.0,255.0,905.0,263.0,2.8032989501953125,2.750030517578125,22897.79399999999,595.450439453125,589.5743408203125,0.5934451222419738,0.4944597780704498,0.4359417855739593,0.4923552572727203,0.0,0.0
2746,1680003167.8977785,2747,2Item7,2023-03-28 17:02:47.897778,878.0,264.0,899.0,260.0,-1.0,-1.0,22906.125,595.322265625,589.5106811523438,0.5933164358139038,0.4944455623626709,0.4358620643615722,0.4924080371856689,0.0,0.0
2747,1680003167.9060986,2748,2Item7,2023-03-28 17:02:47.906099,895.0,236.0,904.0,280.0,-1.0,-1.0,22914.449000000022,595.276611328125,589.5337524414064,0.5934301614761353,0.4944502711296081,0.435957133769989,0.4923798143863678,0.0,0.0
2748,1680003167.9145474,2749,2Item7,2023-03-28 17:02:47.914547,908.0,212.0,892.0,283.0,2.7320098876953125,2.82843017578125,22922.896000000008,595.266357421875,589.5595703125,0.5933291316032409,0.4944452047348022,0.4358320832252502,0.4923778176307678,0.0,0.0
2749,1680003167.9236965,2750,2Item7,2023-03-28 17:02:47.923697,908.0,212.0,895.0,275.0,-1.0,-1.0,22932.043000000005,595.1664428710938,589.4705200195312,0.5931702852249146,0.4943461716175079,0.435790866613388,0.4923436045646667,0.0,0.0
2750,1680003167.931105,2751,2Item7,2023-03-28 17:02:47.931105,898.0,258.0,903.0,263.0,-1.0,-1.0,22939.455000000016,595.1615600585938,589.4595336914064,0.5932844281196594,0.4943660199642181,0.4358414113521575,0.4924154877662658,0.0,0.0
2751,1680003167.939471,2752,2Item7,2023-03-28 17:02:47.939471,905.0,277.0,903.0,263.0,2.91094970703125,2.7554473876953125,22947.820000000007,595.1795654296875,589.4521484375,0.5932399034500122,0.4944254457950592,0.4357334077358245,0.4923882484436035,0.0,0.0
2752,1680003167.9478312,2753,2Item7,2023-03-28 17:02:47.947831,901.0,222.0,906.0,269.0,-1.0,-1.0,22956.180999999982,595.0670166015625,589.336669921875,0.5930942893028259,0.4944159984588623,0.435677945613861,0.4924415647983551,0.0,0.0
2753,1680003167.9561634,2754,2Item7,2023-03-28 17:02:47.956163,917.0,157.0,910.0,273.0,-1.0,-1.0,22964.513000000035,595.0183715820312,589.3065795898438,0.5932219624519348,0.4944570958614349,0.4357573986053466,0.4924365580081939,0.0,0.0
2754,1680003167.9644794,2755,2Item7,2023-03-28 17:02:47.964479,917.0,157.0,910.0,273.0,2.778427124023437,2.97186279296875,22972.82699999999,595.0111083984375,589.291015625,0.5931397676467896,0.4944183528423309,0.4356473386287689,0.4924022555351257,0.0,0.0
2755,1680003167.972759,2756,2Item7,2023-03-28 17:02:47.972759,928.0,218.0,894.0,276.0,-1.0,-1.0,22981.109,594.903076171875,589.1807250976562,0.593014121055603,0.4944386780261993,0.4355748891830444,0.4924795031547546,0.0,0.0
2756,1680003167.9812782,2757,2Item7,2023-03-28 17:02:47.981278,906.0,256.0,905.0,236.0,-1.0,-1.0,22989.628000000022,594.87109375,589.1702880859375,0.5931193828582763,0.4944433867931366,0.4356589913368225,0.4924514889717102,0.0,0.0
2757,1680003167.9894354,2758,2Item7,2023-03-28 17:02:47.989435,909.0,253.0,903.0,247.0,2.884017944335937,2.820709228515625,22997.786000000026,594.8731689453125,589.1876220703125,0.5930299758911132,0.4944142997264862,0.4355484545230865,0.4924196004867553,0.0,0.0
2758,1680003167.997769,2759,2Item7,2023-03-28 17:02:47.997769,896.0,253.0,908.0,249.0,-1.0,-1.0,23006.118000000017,594.764892578125,589.1090698242188,0.5929142832756042,0.4944326281547546,0.4354854822158813,0.4924755692481994,0.0,0.0
2759,1680003168.0061078,2760,2Item7,2023-03-28 17:02:48.006108,911.0,242.0,892.0,274.0,-1.0,-1.0,23014.45199999999,594.7151489257812,589.1307983398438,0.5930213928222656,0.4944237768650054,0.4355569183826446,0.492409348487854,0.0,0.0
2760,1680003168.014495,2761,2Item7,2023-03-28 17:02:48.014495,-1.0,-1.0,-1.0,-1.0,-1.0,-1.0,23022.84500000003,-1.0,-1.0,-1.0,-1.0,-1.0,-1.0,4.0,4.0
2761,1680003168.0228906,2762,2Item7,2023-03-28 17:02:48.022891,916.0,237.0,892.0,274.0,-1.0,-1.0,23031.23800000001,594.6312866210938,589.1173095703125,0.5928065180778503,0.4944041669368743,0.435379683971405,0.4924498498439788,0.0,0.0
2762,1680003168.0311062,2763,2Item7,2023-03-28 17:02:48.031106,918.0,236.0,906.0,245.0,-1.0,-1.0,23039.45600000001,594.5621337890625,589.1683959960938,0.5929245352745056,0.4944244921207428,0.4354606568813324,0.4923950433731079,0.0,0.0
2763,1680003168.0394266,2764,2Item7,2023-03-28 17:02:48.039427,916.0,233.0,906.0,250.0,2.845611572265625,2.835662841796875,23047.775000000023,594.521728515625,589.2467651367188,0.5928509831428527,0.4944081306457519,0.4353587329387664,0.4924395382404327,0.0,0.0
2764,1680003168.047762,2765,2Item7,2023-03-28 17:02:48.047762,906.0,229.0,903.0,251.0,-1.0,-1.0,23056.109999999982,594.3991088867188,589.2265014648438,0.5927205681800842,0.4944289922714233,0.4352696537971496,0.4924865067005157,0.0,0.0
2765,1680003168.0560887,2766,2Item7,2023-03-28 17:02:48.056089,891.0,226.0,896.0,256.0,-1.0,-1.0,23064.439000000013,594.3527221679688,589.2948608398438,0.5928080677986145,0.4944416582584381,0.4353453516960144,0.4924722611904144,0.0,0.0
2766,1680003168.0644474,2767,2Item7,2023-03-28 17:02:48.064447,891.0,226.0,903.0,246.0,2.62945556640625,2.775634765625,23072.79600000003,594.3289794921875,589.368408203125,0.5927298665046691,0.49444180727005,0.435243010520935,0.4924815893173217,0.0,0.0
2767,1680003168.0727549,2768,2Item7,2023-03-28 17:02:48.072755,865.0,211.0,917.0,264.0,-1.0,-1.0,23081.10499999998,594.2135009765625,589.3271484375,0.5926121473312377,0.4944512248039245,0.4351659715175628,0.4925240576267242,0.0,0.0
2768,1680003168.081108,2769,2Item7,2023-03-28 17:02:48.081108,860.0,215.0,910.0,263.0,-1.0,-1.0,23089.45900000003,594.1776733398438,589.3663940429688,0.5927033424377441,0.4944772124290466,0.4352479875087738,0.4925215244293212,0.0,0.0
2769,1680003168.0894446,2770,2Item7,2023-03-28 17:02:48.089445,885.0,235.0,901.0,272.0,2.8008575439453125,2.832733154296875,23097.79399999999,594.1793823242188,589.4112548828125,0.5926207304000854,0.4944677650928497,0.4351246953010559,0.4925304949283599,0.0,0.0
2770,1680003168.0977578,2771,2Item7,2023-03-28 17:02:48.097758,898.0,256.0,890.0,256.0,-1.0,-1.0,23106.108000000007,594.0966796875,589.3482666015625,0.5925158262252807,0.4944901466369628,0.4350540339946746,0.4925779700279235,0.0,0.0
2771,1680003168.1062407,2772,2Item7,2023-03-28 17:02:48.106241,908.0,245.0,923.0,243.0,-1.0,-1.0,23114.590000000026,594.0962524414064,589.3726806640625,0.5926021337509155,0.4944998323917388,0.4351265728473663,0.4925483167171478,0.0,0.0
2772,1680003168.1159878,2773,2Item7,2023-03-28 17:02:48.115988,914.0,246.0,888.0,232.0,2.8058319091796875,2.777557373046875,23124.33799999999,594.1427001953125,589.4058837890625,0.5925142168998718,0.4944837689399719,0.4350102245807647,0.4925494194030761,0.0,0.0
2773,1680003168.1227756,2774,2Item7,2023-03-28 17:02:48.122776,909.0,242.0,874.0,222.0,-1.0,-1.0,23131.120999999985,594.1024780273438,589.3308715820312,0.5924031138420105,0.4945077896118164,0.4349308311939239,0.4926018416881561,0.0,0.0
2774,1680003168.1310768,2775,2Item7,2023-03-28 17:02:48.131077,909.0,239.0,883.0,239.0,-1.0,-1.0,23139.42600000004,594.1487426757812,589.3419799804688,0.5924883484840393,0.4945284724235534,0.4350079894065856,0.4926062524318695,0.0,0.0
2775,1680003168.139441,2776,2Item7,2023-03-28 17:02:48.139441,906.0,220.0,882.0,264.0,2.716339111328125,2.9127960205078125,23147.792000000016,594.2345581054688,589.3659057617188,0.5923850536346436,0.4945078492164611,0.4348777532577514,0.4926168620586395,0.0,0.0
2776,1680003168.147758,2777,2Item7,2023-03-28 17:02:48.147758,903.0,226.0,892.0,257.0,-1.0,-1.0,23156.10499999998,594.2236938476562,589.2885131835938,0.592269778251648,0.4945270419120788,0.4348001778125762,0.4926619231700897,0.0,0.0
2777,1680003168.1560843,2778,2Item7,2023-03-28 17:02:48.156084,888.0,253.0,902.0,254.0,-1.0,-1.0,23164.435,594.290283203125,589.3064575195312,0.5923433303833007,0.494543969631195,0.4349044561386108,0.4926538169384002,0.0,0.0
2778,1680003168.1644058,2779,2Item7,2023-03-28 17:02:48.164406,891.0,272.0,904.0,243.0,2.8008575439453125,2.772323608398437,23172.756,594.388671875,589.3407592773438,0.5922600030899047,0.4945324957370758,0.4347908496856689,0.4926514327526092,0.0,0.0
2779,1680003168.1727586,2780,2Item7,2023-03-28 17:02:48.172759,878.0,266.0,899.0,238.0,-1.0,-1.0,23181.109,594.3829956054688,589.2720947265625,0.5920876264572144,0.4944881796836853,0.4347029030323028,0.4927164316177368,0.0,0.0
2780,1680003168.181101,2781,2Item7,2023-03-28 17:02:48.181101,897.0,236.0,897.0,233.0,-1.0,-1.0,23189.45199999999,594.4432373046875,589.2929077148438,0.5922250747680664,0.4945710003376007,0.4347754418849945,0.4927058517932891,0.0,0.0
2781,1680003168.1894288,2782,2Item7,2023-03-28 17:02:48.189429,911.0,254.0,900.0,245.0,2.998870849609375,2.786239624023437,23197.77799999999,594.5338745117188,589.3181762695312,0.5921427011489868,0.4945598244667053,0.4346771836280822,0.4926963746547699,0.0,0.0
2782,1680003168.1977842,2783,2Item7,2023-03-28 17:02:48.197784,933.0,262.0,922.0,264.0,-1.0,-1.0,23206.13400000002,594.517333984375,589.2413940429688,0.5920097827911377,0.4945487678050994,0.43463134765625,0.4927343428134918,0.0,0.0
2783,1680003168.206139,2784,2Item7,2023-03-28 17:02:48.206139,898.0,259.0,922.0,264.0,-1.0,-1.0,23214.478999999992,594.5626831054688,589.2533569335938,0.5920578837394714,0.4945107400417327,0.4346523582935333,0.4927298128604888,0.0,0.0
2784,1680003168.2144809,2785,2Item7,2023-03-28 17:02:48.214481,-1.0,-1.0,885.0,293.0,-1.0,2.888763427734375,23222.830000000016,-1.0,589.2828979492188,-1.0,-1.0,0.4345506727695465,0.4926782250404357,4.0,0.0
2785,1680003168.222804,2786,2Item7,2023-03-28 17:02:48.222804,891.0,253.0,885.0,293.0,-1.0,-1.0,23231.15399999998,594.5957641601562,589.2088623046875,0.5919030904769897,0.4945238232612609,0.4344578087329864,0.4927695393562316,0.0,0.0
2786,1680003168.2311385,2787,2Item7,2023-03-28 17:02:48.231138,893.0,247.0,916.0,286.0,-1.0,-1.0,23239.48800000001,594.6204833984375,589.2262573242188,0.5919879674911499,0.4945595562458038,0.4345560073852539,0.4927367269992828,0.0,0.0
2787,1680003168.2394156,2788,2Item7,2023-03-28 17:02:48.239416,893.0,247.0,914.0,284.0,2.735946655273437,2.8878631591796875,23247.764000000025,594.6771850585938,589.2698364257812,0.5918892621994019,0.4945190548896789,0.4344444572925567,0.492693156003952,0.0,0.0
2788,1680003168.247962,2789,2Item7,2023-03-28 17:02:48.247962,886.0,250.0,914.0,258.0,-1.0,-1.0,23256.31200000003,594.6286010742188,589.2078857421875,0.5917139649391174,0.4944030046463012,0.4343635737895965,0.4927265048027038,0.0,0.0
2789,1680003168.256071,2790,2Item7,2023-03-28 17:02:48.256071,889.0,231.0,905.0,233.0,-1.0,-1.0,23264.42100000003,594.6372680664064,589.2334594726562,0.59185391664505,0.4944886863231658,0.4344331622123718,0.4926922023296356,0.0,0.0
2790,1680003168.2644005,2791,2Item7,2023-03-28 17:02:48.264400,895.0,273.0,921.0,233.0,2.774017333984375,2.85101318359375,23272.75,594.6674194335938,589.2647705078125,0.591681957244873,0.4944328665733337,0.4342475533485412,0.4926612377166748,0.0,0.0
2791,1680003168.2727692,2792,2Item7,2023-03-28 17:02:48.272769,920.0,235.0,938.0,271.0,-1.0,-1.0,23281.117000000027,594.5745849609375,589.201904296875,0.5915490984916687,0.494406372308731,0.4341598749160766,0.4926902651786804,0.0,0.0
2792,1680003168.281067,2793,2Item7,2023-03-28 17:02:48.281067,931.0,245.0,932.0,269.0,-1.0,-1.0,23289.418000000005,594.5180053710938,589.2410888671875,0.5916566848754882,0.4943821132183075,0.434258759021759,0.4926462471485137,0.0,0.0
2793,1680003168.2894228,2794,2Item7,2023-03-28 17:02:48.289423,925.0,251.0,925.0,273.0,2.8444366455078125,2.894760131835937,23297.772999999983,594.4878540039064,589.3202514648438,0.5915887951850891,0.4943543672561645,0.4341703653335571,0.4926034212112426,0.0,0.0
2794,1680003168.2978382,2795,2Item7,2023-03-28 17:02:48.297838,917.0,227.0,917.0,252.0,-1.0,-1.0,23306.185999999987,594.3250732421875,589.280517578125,0.5914536118507385,0.4942746758460998,0.4341184794902801,0.4926528930664062,0.0,0.0
2795,1680003168.3061712,2796,2Item7,2023-03-28 17:02:48.306171,916.0,231.0,921.0,287.0,-1.0,-1.0,23314.521000000008,594.2063598632812,589.3173217773438,0.5916203260421752,0.4943574965000152,0.4342211186885833,0.492592453956604,0.0,0.0
2796,1680003168.3147297,2797,2Item7,2023-03-28 17:02:48.314730,916.0,231.0,928.0,281.0,2.9110870361328125,2.8595123291015625,23323.079000000027,594.114501953125,589.3653564453125,0.591554045677185,0.4943217039108276,0.4341152608394622,0.4925983846187591,0.0,0.0
2797,1680003168.3227477,2798,2Item7,2023-03-28 17:02:48.322747,921.0,245.0,927.0,271.0,-1.0,-1.0,23331.098,593.9076538085938,589.2991943359375,0.591444969177246,0.4942451119422912,0.434057742357254,0.4926292598247528,0.0,0.0
2798,1680003168.3311863,2799,2Item7,2023-03-28 17:02:48.331186,917.0,258.0,927.0,257.0,-1.0,-1.0,23339.53500000004,593.7499389648438,589.3057861328125,0.5915861725807189,0.4943025410175323,0.4341768622398376,0.4925795197486877,0.0,0.0
2799,1680003168.3394132,2800,2Item7,2023-03-28 17:02:48.339413,917.0,249.0,925.0,252.0,2.73785400390625,2.80010986328125,23347.761,593.6276245117188,589.3135986328125,0.591531991958618,0.4942855238914489,0.4340861141681671,0.492564171552658,0.0,0.0
2800,1680003168.3477993,2801,2Item7,2023-03-28 17:02:48.347799,925.0,246.0,925.0,252.0,-1.0,-1.0,23356.150000000023,593.3973999023438,589.2132568359375,0.5914399027824401,0.494201123714447,0.4340409636497497,0.492592841386795,0.0,0.0
2801,1680003168.3561263,2802,2Item7,2023-03-28 17:02:48.356127,925.0,246.0,925.0,252.0,-1.0,-1.0,23364.476000000024,593.2386474609375,589.2003784179688,0.5915261507034301,0.4941939711570739,0.4341498017311096,0.4925503134727478,0.0,0.0
2802,1680003168.36442,2803,2Item7,2023-03-28 17:02:48.364420,925.0,239.0,918.0,251.0,2.819244384765625,2.794952392578125,23372.77000000001,593.1365966796875,589.192138671875,0.5915421247482299,0.4942516386508941,0.4340666830539703,0.4925339818000793,0.0,0.0
2803,1680003168.372791,2804,2Item7,2023-03-28 17:02:48.372791,923.0,224.0,926.0,245.0,-1.0,-1.0,23381.139000000025,592.9588623046875,589.076904296875,0.5914883613586425,0.4942509531974792,0.4340381622314453,0.4925733804702758,0.0,0.0
2804,1680003168.3810637,2805,2Item7,2023-03-28 17:02:48.381064,922.0,221.0,926.0,245.0,-1.0,-1.0,23389.41399999999,592.8639526367188,589.0386962890625,0.5915908217430114,0.4942491948604583,0.4341501891613006,0.4925408065319061,0.0,0.0
2805,1680003168.389414,2806,2Item7,2023-03-28 17:02:48.389414,922.0,221.0,918.0,252.0,2.771209716796875,2.835723876953125,23397.764000000025,592.8330688476562,589.0275268554688,0.5915533900260925,0.4942474067211151,0.4340721368789672,0.4925306141376495,0.0,0.0
2806,1680003168.397728,2807,2Item7,2023-03-28 17:02:48.397728,914.0,228.0,916.0,250.0,-1.0,-1.0,23406.074000000022,592.7278442382812,588.9262084960938,0.591463565826416,0.4941758215427398,0.4340495467185974,0.492561787366867,0.0,0.0
2807,1680003168.4060583,2808,2Item7,2023-03-28 17:02:48.406059,909.0,231.0,924.0,252.0,-1.0,-1.0,23414.408999999985,592.7301635742188,588.921630859375,0.5916140079498291,0.4942524135112762,0.4341650903224945,0.4925433695316314,0.0,0.0
2808,1680003168.4147272,2809,2Item7,2023-03-28 17:02:48.414727,939.0,241.0,916.0,262.0,2.972076416015625,2.7902374267578125,23423.07699999999,592.786865234375,588.9410400390625,0.5915771722793579,0.4942372739315033,0.434097945690155,0.4925184249877929,0.0,0.0
2809,1680003168.422964,2810,2Item7,2023-03-28 17:02:48.422964,937.0,242.0,921.0,264.0,-1.0,-1.0,23431.30900000001,592.7777709960938,588.8699340820312,0.5914833545684814,0.4941951632499694,0.4340672194957733,0.4925722181797027,0.0,0.0
2810,1680003168.4314992,2811,2Item7,2023-03-28 17:02:48.431499,903.0,240.0,922.0,267.0,-1.0,-1.0,23439.850000000035,592.85888671875,588.9042358398438,0.59156334400177,0.4941719472408294,0.4341804385185241,0.4925286471843719,0.0,0.0
2811,1680003168.4393978,2812,2Item7,2023-03-28 17:02:48.439398,-1.0,-1.0,928.0,270.0,-1.0,2.873641967773437,23447.745999999985,-1.0,588.9590454101562,-1.0,-1.0,0.4341040253639221,0.4925350546836853,4.0,0.0
2812,1680003168.4477262,2813,2Item7,2023-03-28 17:02:48.447726,908.0,247.0,921.0,267.0,-1.0,-1.0,23456.07699999999,592.98779296875,588.9183349609375,0.5914881825447083,0.4942000806331634,0.4340681731700897,0.4925963282585144,0.0,0.0
2813,1680003168.4560945,2814,2Item7,2023-03-28 17:02:48.456094,909.0,249.0,929.0,264.0,-1.0,-1.0,23464.444000000018,593.1254272460938,588.9740600585938,0.591570496559143,0.4942168593406677,0.4341843426227569,0.4925181567668914,0.0,0.0
2814,1680003168.4643972,2815,2Item7,2023-03-28 17:02:48.464397,-1.0,-1.0,934.0,259.0,-1.0,2.81463623046875,23472.747000000032,-1.0,589.044921875,-1.0,-1.0,0.4340946078300476,0.4925778806209564,4.0,0.0
2815,1680003168.4727554,2816,2Item7,2023-03-28 17:02:48.472755,918.0,266.0,932.0,256.0,-1.0,-1.0,23481.10499999998,593.3378295898438,589.0127563476562,0.5914761424064636,0.4942219853401184,0.4340531826019287,0.4926340579986572,0.0,0.0
2816,1680003168.481071,2817,2Item7,2023-03-28 17:02:48.481071,920.0,262.0,925.0,257.0,-1.0,-1.0,23489.419999999984,593.5169677734375,589.0703125,0.5916118621826171,0.4943119287490844,0.4341768622398376,0.4926218390464782,0.0,0.0
2817,1680003168.4893954,2818,2Item7,2023-03-28 17:02:48.489395,916.0,248.0,926.0,267.0,2.6655426025390625,2.903411865234375,23497.745999999985,593.7005004882812,589.1336059570312,0.5915605425834655,0.4942815601825714,0.4340932965278625,0.4925815463066101,0.0,0.0
2818,1680003168.4977477,2819,2Item7,2023-03-28 17:02:48.497748,916.0,250.0,925.0,260.0,-1.0,-1.0,23506.09700000001,593.7902221679688,589.0864868164064,0.5914497375488281,0.4942294359207153,0.4340430200099945,0.4926439821720123,0.0,0.0
2819,1680003168.5060723,2820,2Item7,2023-03-28 17:02:48.506072,915.0,251.0,926.0,257.0,-1.0,-1.0,23514.41899999999,593.9381103515625,589.123046875,0.5915406942367553,0.4942084550857543,0.4341621398925781,0.4925751686096191,0.0,0.0
2820,1680003168.5144143,2821,2Item7,2023-03-28 17:02:48.514414,915.0,251.0,925.0,248.0,2.97772216796875,2.803375244140625,23522.764000000025,594.08544921875,589.1646728515625,0.5915353894233703,0.4942452907562255,0.4340628981590271,0.4925339221954345,0.0,0.0
2821,1680003168.5227263,2822,2Item7,2023-03-28 17:02:48.522727,917.0,272.0,919.0,249.0,-1.0,-1.0,23531.076,594.1143188476562,589.0865478515625,0.5913982987403869,0.4941620528697967,0.4340179562568664,0.4925692975521087,0.0,0.0
2822,1680003168.5310886,2823,2Item7,2023-03-28 17:02:48.531089,928.0,295.0,913.0,251.0,-1.0,-1.0,23539.439000000013,594.2080078125,589.0855102539064,0.5915566086769104,0.4941772818565368,0.4341072440147399,0.4924791157245636,0.0,0.0
2823,1680003168.5393867,2824,2Item7,2023-03-28 17:02:48.539387,932.0,292.0,917.0,248.0,2.958236694335937,2.830902099609375,23547.73600000004,594.30419921875,589.0913696289064,0.5914839506149292,0.4941621720790863,0.434015929698944,0.4924665987491607,0.0,0.0
2824,1680003168.547725,2825,2Item7,2023-03-28 17:02:48.547725,906.0,233.0,910.0,238.0,-1.0,-1.0,23556.074000000022,594.2975463867188,588.9852294921875,0.5913957953453064,0.4941402077674865,0.4339717328548431,0.4924935400485992,0.0,0.0
2825,1680003168.556084,2826,2Item7,2023-03-28 17:02:48.556084,913.0,231.0,923.0,246.0,-1.0,-1.0,23564.43400000001,594.3328857421875,588.9629516601562,0.5915111899375916,0.4941236972808837,0.4340619444847106,0.4924670159816741,0.0,0.0
2826,1680003168.5643854,2827,2Item7,2023-03-28 17:02:48.564385,913.0,231.0,921.0,257.0,2.957916259765625,2.833358764648437,23572.734999999982,594.3681030273438,588.9534301757812,0.5914260745048522,0.4940876066684722,0.433958351612091,0.4924370944499969,0.0,0.0
2827,1680003168.5727744,2828,2Item7,2023-03-28 17:02:48.572774,919.0,226.0,922.0,255.0,-1.0,-1.0,23581.125,594.2725830078125,588.8378295898438,0.5913267731666564,0.4940980672836303,0.4339141249656677,0.4924467802047729,0.0,0.0
2828,1680003168.581048,2829,2Item7,2023-03-28 17:02:48.581048,927.0,206.0,922.0,264.0,-1.0,-1.0,23589.397,594.2549438476562,588.822021484375,0.5914468169212341,0.4941020607948303,0.4339928328990936,0.4924231171607971,0.0,0.0
2829,1680003168.5894296,2830,2Item7,2023-03-28 17:02:48.589430,926.0,207.0,-1.0,-1.0,3.4719390869140625,-1.0,23597.77899999998,594.2334594726562,-1.0,0.5913511514663696,0.4940723478794097,-1.0,-1.0,0.0,4.0
2830,1680003168.5977151,2831,2Item7,2023-03-28 17:02:48.597715,949.0,233.0,928.0,277.0,-1.0,-1.0,23606.065,594.1127319335938,588.7440185546875,0.5912477970123291,0.4940719902515411,0.4338479936122894,0.4925234615802764,0.0,0.0
2831,1680003168.6060412,2832,2Item7,2023-03-28 17:02:48.606041,930.0,254.0,938.0,267.0,-1.0,-1.0,23614.389000000025,594.0689697265625,588.77001953125,0.5913230180740356,0.4940119683742523,0.4339191317558288,0.4925150871276855,0.0,0.0
2832,1680003168.61438,2833,2Item7,2023-03-28 17:02:48.614380,925.0,250.0,941.0,271.0,2.7490692138671875,2.897369384765625,23622.73100000003,594.0706176757812,588.8102416992188,0.5912964344024658,0.4940887093544006,0.4338382482528686,0.4924958348274231,0.0,0.0
2833,1680003168.6227143,2834,2Item7,2023-03-28 17:02:48.622715,921.0,232.0,937.0,257.0,-1.0,-1.0,23631.064000000013,593.9627075195312,588.7677001953125,0.5912303328514099,0.4941074550151825,0.4337790012359619,0.492559790611267,0.0,0.0
2834,1680003168.6310534,2835,2Item7,2023-03-28 17:02:48.631053,932.0,220.0,932.0,262.0,-1.0,-1.0,23639.400000000023,593.9352416992188,588.8336791992188,0.5913395881652832,0.4941096901893615,0.4338579475879669,0.4925427436828613,0.0,0.0
2835,1680003168.6394043,2836,2Item7,2023-03-28 17:02:48.639404,934.0,217.0,930.0,265.0,2.8245391845703125,2.890106201171875,23647.755000000005,593.9442749023438,588.9137573242188,0.5912576913833618,0.4940830469131469,0.4337603151798248,0.4925413429737091,0.0,0.0
2836,1680003168.647798,2837,2Item7,2023-03-28 17:02:48.647798,924.0,231.0,928.0,263.0,-1.0,-1.0,23656.147,593.8641357421875,588.9030151367188,0.5911895632743835,0.4940921068191528,0.4337094724178314,0.4925997555255889,0.0,0.0
2837,1680003168.656091,2838,2Item7,2023-03-28 17:02:48.656091,925.0,228.0,924.0,257.0,-1.0,-1.0,23664.44099999999,593.8773193359375,588.9930419921875,0.5913015007972717,0.4940980076789856,0.4338072538375854,0.4925779998302459,0.0,0.0
2838,1680003168.6649442,2839,2Item7,2023-03-28 17:02:48.664944,929.0,207.0,920.0,253.0,2.745819091796875,2.8798065185546875,23673.293000000005,593.9273681640625,589.09912109375,0.5912278294563293,0.4940695166587829,0.4337084889411926,0.4925606548786163,0.0,0.0
2839,1680003168.6727445,2840,2Item7,2023-03-28 17:02:48.672745,929.0,207.0,915.0,249.0,-1.0,-1.0,23681.093999999983,593.8883056640625,589.1065673828125,0.5911681652069091,0.4940870702266693,0.4336774349212646,0.4926103055477142,0.0,0.0
2840,1680003168.681072,2841,2Item7,2023-03-28 17:02:48.681072,931.0,203.0,925.0,272.0,-1.0,-1.0,23689.42300000001,593.9456787109375,589.2034301757812,0.5912820100784301,0.4940822422504425,0.4338075518608093,0.49252250790596,0.0,0.0
2841,1680003168.6893814,2842,2Item7,2023-03-28 17:02:48.689381,921.0,207.0,926.0,242.0,2.768295288085937,2.8110809326171875,23697.728999999992,594.0419921875,589.2948608398438,0.5912229418754577,0.4940671622753143,0.4337241351604461,0.4925539493560791,0.0,0.0
2842,1680003168.6977668,2843,2Item7,2023-03-28 17:02:48.697767,939.0,227.0,932.0,228.0,-1.0,-1.0,23706.11599999998,594.0426025390625,589.2749633789064,0.5911714434623718,0.4940814673900604,0.4336936473846435,0.4926017820835113,0.0,0.0
2843,1680003168.7060697,2844,2Item7,2023-03-28 17:02:48.706070,939.0,227.0,932.0,228.0,-1.0,-1.0,23714.41899999999,594.1151123046875,589.3431396484375,0.5913081169128418,0.4940947294235229,0.4338286519050598,0.4925719797611236,0.0,0.0
2844,1680003168.7143688,2845,2Item7,2023-03-28 17:02:48.714369,943.0,217.0,922.0,273.0,2.8521881103515625,2.978179931640625,23722.71299999999,594.227783203125,589.4010620117188,0.5912492275238037,0.4940817654132843,0.4337620139122009,0.4925487339496612,0.0,0.0
2845,1680003168.7227063,2846,2Item7,2023-03-28 17:02:48.722706,937.0,222.0,918.0,286.0,-1.0,-1.0,23731.05700000003,594.2393798828125,589.3367309570312,0.5912013053894043,0.4941142797470092,0.433728814125061,0.4925896525382995,0.0,0.0
2846,1680003168.731038,2847,2Item7,2023-03-28 17:02:48.731038,923.0,233.0,920.0,263.0,-1.0,-1.0,23739.386,594.313232421875,589.3508911132812,0.5913306474685668,0.4941233992576599,0.4338570237159729,0.4925515353679657,0.0,0.0
2847,1680003168.739357,2848,2Item7,2023-03-28 17:02:48.739357,923.0,233.0,922.0,261.0,2.804061889648437,2.86346435546875,23747.706999999995,594.4136352539064,589.3643798828125,0.5912764072418212,0.4941006898880004,0.4337885677814483,0.4925424754619598,0.0,0.0
2848,1680003168.747697,2849,2Item7,2023-03-28 17:02:48.747697,923.0,227.0,929.0,273.0,-1.0,-1.0,23756.04800000001,594.4049072265625,589.2611694335938,0.5912255048751831,0.4941391944885253,0.4337477087974548,0.4926040768623352,0.0,0.0
2849,1680003168.756034,2850,2Item7,2023-03-28 17:02:48.756034,927.0,250.0,926.0,252.0,-1.0,-1.0,23764.381,594.4654541015625,589.2398071289064,0.591348886489868,0.4941415190696716,0.4338645935058593,0.4925734996795654,0.0,0.0
2850,1680003168.7644155,2851,2Item7,2023-03-28 17:02:48.764416,915.0,270.0,932.0,251.0,2.7061767578125,2.8550262451171875,23772.764000000025,594.5556640625,589.2244262695312,0.5912710428237915,0.4941400289535522,0.4338007867336273,0.4925794601440429,0.0,0.0
2851,1680003168.7727032,2852,2Item7,2023-03-28 17:02:48.772703,915.0,270.0,931.0,250.0,-1.0,-1.0,23781.049,594.5377807617188,589.1004638671875,0.5912084579467773,0.4941557943820953,0.4337659776210784,0.492618978023529,0.0,0.0
2852,1680003168.7810228,2853,2Item7,2023-03-28 17:02:48.781023,917.0,232.0,927.0,254.0,-1.0,-1.0,23789.37300000002,594.5853271484375,589.0731201171875,0.591269850730896,0.4940554201602935,0.4338752925395965,0.4925974905490875,0.0,0.0
2853,1680003168.789421,2854,2Item7,2023-03-28 17:02:48.789421,916.0,223.0,921.0,263.0,2.6670684814453125,2.8607635498046875,23797.77000000001,594.6590576171875,589.061279296875,0.5912500619888305,0.4941443502902984,0.4337885081768035,0.4925971329212188,0.0,0.0
2854,1680003168.797752,2855,2Item7,2023-03-28 17:02:48.797752,928.0,231.0,919.0,257.0,-1.0,-1.0,23806.102000000017,594.62939453125,588.95361328125,0.5911791920661926,0.4941460490226745,0.4337353408336639,0.4926316142082214,0.0,0.0
2855,1680003168.8060708,2856,2Item7,2023-03-28 17:02:48.806071,927.0,239.0,927.0,255.0,-1.0,-1.0,23814.42100000003,594.6676635742188,588.9503173828125,0.5912985801696777,0.4941643476486206,0.4338453412055969,0.4926310777664184,0.0,0.0
2856,1680003168.8143578,2857,2Item7,2023-03-28 17:02:48.814358,917.0,262.0,922.0,246.0,2.744003295898437,2.7959136962890625,23822.70600000001,594.7420654296875,588.9664306640625,0.5912022590637207,0.4941376745700836,0.4337392747402191,0.4926109313964843,0.0,0.0
2857,1680003168.8227098,2858,2Item7,2023-03-28 17:02:48.822710,925.0,251.0,922.0,248.0,-1.0,-1.0,23831.06,594.7234497070312,588.8900756835938,0.5911260843276978,0.4941508173942565,0.4336814880371093,0.4926667511463165,0.0,0.0
2858,1680003168.8310237,2859,2Item7,2023-03-28 17:02:48.831023,925.0,237.0,915.0,251.0,-1.0,-1.0,23839.370999999985,594.781005859375,588.9122314453125,0.5912364721298217,0.4941600263118743,0.4337839484214782,0.492663562297821,0.0,0.0
2859,1680003168.839362,2860,2Item7,2023-03-28 17:02:48.839362,927.0,237.0,915.0,258.0,2.7891998291015625,2.8516998291015625,23847.712,594.8775634765625,588.9517822265625,0.5911417603492736,0.4941273033618927,0.4336892962455749,0.4926302433013916,0.0,0.0
2860,1680003168.8476949,2861,2Item7,2023-03-28 17:02:48.847695,925.0,235.0,916.0,262.0,-1.0,-1.0,23856.042000000016,594.8744506835938,588.8873291015625,0.5910607576370239,0.4941567778587341,0.4336363077163696,0.4927046000957489,0.0,0.0
2861,1680003168.8560307,2862,2Item7,2023-03-28 17:02:48.856031,931.0,231.0,927.0,255.0,-1.0,-1.0,23864.378000000022,594.9403076171875,588.9121704101562,0.5911751985549926,0.4941597878932952,0.4337338209152221,0.4926858842372894,0.0,0.0
2862,1680003168.8644438,2863,2Item7,2023-03-28 17:02:48.864444,928.0,223.0,931.0,248.0,2.860260009765625,2.79132080078125,23872.79399999999,595.0277709960938,588.9486694335938,0.5910576581954956,0.4940534830093383,0.4336490631103515,0.4926556944847106,0.0,0.0
2863,1680003168.8727136,2864,2Item7,2023-03-28 17:02:48.872714,924.0,217.0,931.0,238.0,-1.0,-1.0,23881.06200000003,595.0009765625,588.8789672851562,0.5910162329673767,0.4941701591014862,0.4336171448230743,0.4927358627319335,0.0,0.0
2864,1680003168.8810732,2865,2Item7,2023-03-28 17:02:48.881073,924.0,213.0,938.0,225.0,-1.0,-1.0,23889.42300000001,595.0347290039064,588.8951416015625,0.5910910964012146,0.4940650463104248,0.4337113499641418,0.4926989674568176,0.0,0.0
2865,1680003168.8906538,2866,2Item7,2023-03-28 17:02:48.890654,918.0,215.0,937.0,220.0,2.698837280273437,2.762802124023437,23899.0,595.08984375,588.9226684570312,0.5910635590553283,0.4940806627273559,0.4336370527744293,0.4926864802837371,0.0,0.0
2866,1680003168.8978438,2867,2Item7,2023-03-28 17:02:48.897844,916.0,213.0,944.0,232.0,-1.0,-1.0,23906.19199999998,595.03466796875,588.8433227539064,0.5910322070121765,0.4941785335540771,0.4336108565330505,0.4927321076393127,0.0,0.0
2867,1680003168.906178,2868,2Item7,2023-03-28 17:02:48.906178,920.0,217.0,927.0,246.0,-1.0,-1.0,23914.52899999998,595.0409545898438,588.8556518554688,0.5911688208580017,0.4941819608211517,0.433716595172882,0.4926958382129669,0.0,0.0
2868,1680003168.9145885,2869,2Item7,2023-03-28 17:02:48.914588,922.0,213.0,923.0,253.0,2.9755401611328125,2.793792724609375,23922.938000000024,595.0764770507812,588.8817138671875,0.5911223292350769,0.4941641390323638,0.4336519539356231,0.4926628172397613,0.0,0.0
2869,1680003168.9227097,2870,2Item7,2023-03-28 17:02:48.922709,928.0,221.0,923.0,249.0,-1.0,-1.0,23931.05900000001,595.0064697265625,588.8186645507812,0.5910729169845581,0.49417245388031,0.4336378276348114,0.4927013516426086,0.0,0.0
2870,1680003168.9310205,2871,2Item7,2023-03-28 17:02:48.931020,923.0,229.0,926.0,250.0,-1.0,-1.0,23939.369999999995,595.0148315429688,588.8601684570312,0.5912305116653442,0.494172990322113,0.433759868144989,0.492672324180603,0.0,0.0
2871,1680003168.9394596,2872,2Item7,2023-03-28 17:02:48.939460,923.0,229.0,930.0,252.0,2.785751342773437,2.8922576904296875,23947.81,595.0751342773438,588.9296264648438,0.5911666750907897,0.4941326975822448,0.4337028264999389,0.4926169216632843,0.0,0.0
2872,1680003168.947678,2873,2Item7,2023-03-28 17:02:48.947678,902.0,232.0,924.0,254.0,-1.0,-1.0,23956.02899999998,595.036865234375,588.9061889648438,0.5911385416984558,0.4941529035568237,0.433675616979599,0.4926653206348419,0.0,0.0
2873,1680003168.9560125,2874,2Item7,2023-03-28 17:02:48.956012,907.0,230.0,914.0,260.0,-1.0,-1.0,23964.36100000004,595.0794677734375,588.9826049804688,0.5912922024726867,0.4941359758377075,0.4338166117668151,0.4926209449768066,0.0,0.0
2874,1680003168.9643476,2875,2Item7,2023-03-28 17:02:48.964348,901.0,234.0,914.0,262.0,2.761962890625,2.8577423095703125,23972.69800000004,595.1741333007812,589.0791015625,0.5912234783172607,0.4940874278545379,0.4337553083896637,0.4925895035266876,0.0,0.0
2875,1680003168.9727163,2876,2Item7,2023-03-28 17:02:48.972716,940.0,236.0,914.0,256.0,-1.0,-1.0,23981.06599999999,595.1691284179688,589.0753173828125,0.5911920666694641,0.4941087067127227,0.4337324798107147,0.4926170110702514,0.0,0.0
2876,1680003168.981026,2877,2Item7,2023-03-28 17:02:48.981026,921.0,245.0,923.0,249.0,-1.0,-1.0,23989.369999999995,595.2275390625,589.1627197265625,0.5912680029869078,0.4940032958984375,0.4338774681091308,0.4925767481327056,0.0,0.0
2877,1680003168.9894416,2878,2Item7,2023-03-28 17:02:48.989442,924.0,228.0,934.0,242.0,3.17242431640625,2.8130035400390625,23997.792000000016,595.3292236328125,589.2575073242188,0.5912916660308837,0.494064062833786,0.4338613450527191,0.492514818906784,0.0,0.0
2878,1680003168.9976895,2879,2Item7,2023-03-28 17:02:48.997689,897.0,228.0,933.0,242.0,-1.0,-1.0,24006.033999999985,595.3202514648438,589.2388916015625,0.5912376642227172,0.4940817654132843,0.4338158369064331,0.492574542760849,0.0,0.0
2879,1680003169.006075,2880,2Item7,2023-03-28 17:02:49.006075,918.0,206.0,933.0,243.0,-1.0,-1.0,24014.424,595.3667602539064,589.2977294921875,0.5914027690887451,0.4940636754035949,0.4339379072189331,0.4924679100513458,0.0,0.0
2880,1680003169.014361,2881,2Item7,2023-03-28 17:02:49.014361,915.0,210.0,922.0,253.0,2.715194702148437,2.8845672607421875,24022.71100000001,595.4469604492188,589.3468627929688,0.5913640260696411,0.494036853313446,0.4339020252227783,0.4924882650375366,0.0,0.0
2881,1680003169.0226882,2882,2Item7,2023-03-28 17:02:49.022688,920.0,215.0,931.0,254.0,-1.0,-1.0,24031.037000000008,595.4076538085938,589.2777099609375,0.5913253426551818,0.4940556585788726,0.4339007437229156,0.4925372004508972,0.0,0.0
2882,1680003169.031012,2883,2Item7,2023-03-28 17:02:49.031012,912.0,221.0,937.0,252.0,-1.0,-1.0,24039.362000000023,595.416748046875,589.2870483398438,0.5914881229400634,0.4940309822559356,0.4340523183345794,0.4924876987934112,0.0,0.0
2883,1680003169.0393367,2884,2Item7,2023-03-28 17:02:49.039337,949.0,199.0,930.0,251.0,2.77862548828125,2.811370849609375,24047.68400000001,595.4693603515625,589.3016967773438,0.5914546847343444,0.4940274357795715,0.4340044260025024,0.4924573302268981,0.0,0.0
2884,1680003169.0477066,2885,2Item7,2023-03-28 17:02:49.047707,958.0,198.0,931.0,250.0,-1.0,-1.0,24056.055999999982,595.4124755859375,589.2070922851562,0.5914317369461058,0.4940399825572967,0.4340225458145141,0.4925071001052856,0.0,0.0
2885,1680003169.0560164,2886,2Item7,2023-03-28 17:02:49.056016,951.0,205.0,927.0,250.0,-1.0,-1.0,24064.364,595.4219360351562,589.2078857421875,0.591618537902832,0.4940450489521026,0.4341987967491149,0.4924306571483612,0.0,0.0
2886,1680003169.06434,2887,2Item7,2023-03-28 17:02:49.064340,935.0,219.0,946.0,254.0,2.776840209960937,2.8845672607421875,24072.689000000013,595.470947265625,589.21923828125,0.5916054844856262,0.4940378665924072,0.4341607689857482,0.4924456179141998,0.0,0.0
2887,1680003169.0726702,2888,2Item7,2023-03-28 17:02:49.072670,956.0,237.0,936.0,247.0,-1.0,-1.0,24081.021000000008,595.4273071289064,589.1339721679688,0.5915684700012207,0.4940577149391174,0.4341742396354675,0.4925043582916259,0.0,0.0
2888,1680003169.081009,2889,2Item7,2023-03-28 17:02:49.081009,934.0,240.0,926.0,254.0,-1.0,-1.0,24089.35700000001,595.43896484375,589.14892578125,0.5917289853096008,0.4939946234226226,0.4343372881412506,0.4924592673778533,0.0,0.0
2889,1680003169.0893564,2890,2Item7,2023-03-28 17:02:49.089356,931.0,253.0,-1.0,-1.0,2.8137969970703125,-1.0,24097.706999999995,595.4845581054688,-1.0,0.5917248725891113,0.4940017759799957,-1.0,-1.0,0.0,4.0
2890,1680003169.0977492,2891,2Item7,2023-03-28 17:02:49.097749,912.0,237.0,920.0,242.0,-1.0,-1.0,24106.098,595.4281616210938,589.114013671875,0.5917419791221618,0.4941152036190033,0.4343461990356445,0.4925054311752319,0.0,0.0
2891,1680003169.1063447,2892,2Item7,2023-03-28 17:02:49.106345,924.0,231.0,917.0,247.0,-1.0,-1.0,24114.688000000024,595.4343872070312,589.1507568359375,0.5919417142868042,0.4941294193267822,0.4345243275165557,0.4924854338169097,0.0,0.0
2892,1680003169.1144967,2893,2Item7,2023-03-28 17:02:49.114497,924.0,219.0,910.0,256.0,2.794189453125,2.955810546875,24122.84700000001,595.4774780273438,589.2130737304688,0.5919277667999266,0.4941503703594207,0.4344927370548248,0.4924854338169097,0.0,0.0
2893,1680003169.1236806,2894,2Item7,2023-03-28 17:02:49.123681,924.0,233.0,933.0,255.0,-1.0,-1.0,24132.02799999999,595.4213256835938,589.1748046875,0.5919214487075805,0.4941565096378326,0.4345121681690216,0.4925217032432556,0.0,0.0
2894,1680003169.1310158,2895,2Item7,2023-03-28 17:02:49.131016,919.0,233.0,943.0,259.0,-1.0,-1.0,24139.36599999998,595.424560546875,589.2235107421875,0.5921369791030883,0.4942180514335632,0.4346828758716583,0.4925085604190826,0.0,0.0
2895,1680003169.1393602,2896,2Item7,2023-03-28 17:02:49.139360,920.0,233.0,932.0,253.0,2.773712158203125,2.8393707275390625,24147.71000000002,595.4624633789064,589.2777709960938,0.5921152830123901,0.4942058622837066,0.4346441924571991,0.492466777563095,0.0,0.0
2896,1680003169.1477726,2897,2Item7,2023-03-28 17:02:49.147773,917.0,238.0,937.0,226.0,-1.0,-1.0,24156.120999999985,595.3919067382812,589.2222900390625,0.5920436382293701,0.4941671192646026,0.4346756041049957,0.4925408661365509,0.0,0.0
2897,1680003169.1564753,2898,2Item7,2023-03-28 17:02:49.156475,900.0,242.0,923.0,239.0,-1.0,-1.0,24164.826,595.3765258789064,589.2435913085938,0.5922076702117919,0.4941998124122619,0.4348610341548919,0.4924608767032623,0.0,0.0
2898,1680003169.1644392,2899,2Item7,2023-03-28 17:02:49.164439,894.0,235.0,915.0,243.0,2.9441375732421875,2.8885040283203125,24172.78899999999,595.3717651367188,589.2689819335938,0.5922523140907286,0.4942302703857421,0.4348220229148864,0.4924927055835723,0.0,0.0
2899,1680003169.172652,2900,2Item7,2023-03-28 17:02:49.172652,914.0,257.0,929.0,259.0,-1.0,-1.0,24181.003000000022,595.2679443359375,589.1777954101562,0.5922244191169738,0.4943035840988159,0.4348308742046356,0.492579698562622,0.0,0.0
2900,1680003169.1809976,2901,2Item7,2023-03-28 17:02:49.180998,913.0,217.0,919.0,267.0,-1.0,-1.0,24189.34700000001,595.2341918945312,589.1673583984375,0.5923614501953125,0.494259774684906,0.4349859356880188,0.4925408959388732,0.0,0.0
2901,1680003169.1893325,2902,2Item7,2023-03-28 17:02:49.189332,913.0,217.0,927.0,273.0,2.976776123046875,2.8697662353515625,24197.680999999982,595.220703125,589.160888671875,0.5924097299575805,0.4943238496780395,0.4349839091300964,0.4925067722797393,0.0,0.0
2902,1680003169.1976771,2903,2Item7,2023-03-28 17:02:49.197677,907.0,215.0,949.0,236.0,-1.0,-1.0,24206.026000000013,595.109619140625,589.04541015625,0.5923736691474915,0.4943633377552032,0.4349640607833862,0.4925861060619354,0.0,0.0
2903,1680003169.2061665,2904,2Item7,2023-03-28 17:02:49.206166,915.0,213.0,946.0,231.0,-1.0,-1.0,24214.51500000001,595.0697021484375,589.0177612304688,0.592536985874176,0.4943442344665527,0.4351063072681427,0.4925214350223541,0.0,0.0
2904,1680003169.214331,2905,2Item7,2023-03-28 17:02:49.214331,913.0,218.0,946.0,225.0,2.7186431884765625,2.812850952148437,24222.680999999982,595.107421875,589.0033569335938,0.5925222635269165,0.494340181350708,0.4350803792476654,0.4924928843975067,0.0,0.0
2905,1680003169.2227013,2906,2Item7,2023-03-28 17:02:49.222701,931.0,230.0,933.0,212.0,-1.0,-1.0,24231.05100000004,595.081787109375,588.889892578125,0.5924658179283142,0.4943368434906005,0.4350771903991699,0.4925567507743835,0.0,0.0
2906,1680003169.2310038,2907,2Item7,2023-03-28 17:02:49.231004,900.0,226.0,941.0,219.0,-1.0,-1.0,24239.353999999992,595.15478515625,588.8749389648438,0.5926531553268432,0.4943372309207916,0.4352187514305114,0.4925009608268737,0.0,0.0
2907,1680003169.2393446,2908,2Item7,2023-03-28 17:02:49.239345,-1.0,-1.0,941.0,218.0,-1.0,2.827362060546875,24247.695000000007,-1.0,588.8931884765625,-1.0,-1.0,0.4351733326911926,0.4924975037574768,4.0,0.0
2908,1680003169.2476482,2909,2Item7,2023-03-28 17:02:49.247648,900.0,226.0,943.0,225.0,-1.0,-1.0,24255.997000000032,595.2723999023438,588.824462890625,0.5925170183181762,0.4942549765110015,0.4351722598075866,0.4925287067890167,0.0,0.0
2909,1680003169.2560072,2910,2Item7,2023-03-28 17:02:49.256007,908.0,247.0,932.0,216.0,-1.0,-1.0,24264.358000000007,595.3880615234375,588.8605346679688,0.5926671624183654,0.4942697584629058,0.4352973699569702,0.4925044476985931,0.0,0.0
2910,1680003169.2643423,2911,2Item7,2023-03-28 17:02:49.264342,915.0,252.0,928.0,226.0,2.959625244140625,2.849517822265625,24272.69199999998,595.5601196289064,588.9225463867188,0.5926855206489563,0.4943278431892395,0.4352193772792816,0.4924889504909515,0.0,0.0
2911,1680003169.2726655,2912,2Item7,2023-03-28 17:02:49.272666,897.0,231.0,928.0,292.0,-1.0,-1.0,24281.01500000001,595.6433715820312,588.8938598632812,0.5925931930541992,0.4943296015262603,0.4351924061775207,0.4925297498703002,0.0,0.0
2912,1680003169.2809997,2913,2Item7,2023-03-28 17:02:49.281000,901.0,273.0,935.0,277.0,-1.0,-1.0,24289.350000000035,595.8007202148438,588.9676513671875,0.5927249193191528,0.494286835193634,0.4353163242340087,0.4925003051757812,0.0,0.0
2913,1680003169.2893734,2914,2Item7,2023-03-28 17:02:49.289373,896.0,239.0,938.0,272.0,2.7497711181640625,2.8717041015625,24297.72000000003,596.018798828125,589.059814453125,0.5927183628082275,0.4943292737007141,0.4352356493473053,0.4924812018871307,0.0,0.0
2914,1680003169.2986915,2915,2Item7,2023-03-28 17:02:49.298692,895.0,199.0,920.0,243.0,-1.0,-1.0,24307.042000000016,596.120849609375,589.0523681640625,0.5926129817962646,0.4943629801273345,0.4352010190486908,0.4925492405891418,0.0,0.0
2915,1680003169.3060434,2916,2Item7,2023-03-28 17:02:49.306043,911.0,177.0,911.0,245.0,-1.0,-1.0,24314.392999999985,596.2689208984375,589.13818359375,0.592791736125946,0.4943795502185821,0.4353203177452087,0.4925224184989929,0.0,0.0
2916,1680003169.3143413,2917,2Item7,2023-03-28 17:02:49.314341,908.0,178.0,902.0,258.0,2.6865386962890625,2.89666748046875,24322.689000000013,596.4191284179688,589.2227172851562,0.5926778316497802,0.4943822026252746,0.4352186918258667,0.4925484061241149,0.0,0.0
2917,1680003169.3226583,2918,2Item7,2023-03-28 17:02:49.322659,919.0,230.0,904.0,257.0,-1.0,-1.0,24331.00900000002,596.4141235351562,589.18896484375,0.5924991369247437,0.4943176507949829,0.4351486563682556,0.4926043152809143,0.0,0.0
2918,1680003169.330998,2919,2Item7,2023-03-28 17:02:49.330998,925.0,229.0,923.0,237.0,-1.0,-1.0,24339.34700000001,596.4287109375,589.2249145507812,0.59267520904541,0.4943933188915252,0.4352400004863739,0.4926137030124664,0.0,0.0
2919,1680003169.339364,2920,2Item7,2023-03-28 17:02:49.339364,925.0,229.0,933.0,213.0,3.01727294921875,2.85272216796875,24347.71400000004,596.4382934570312,589.2567138671875,0.5925656557083129,0.4943735897541046,0.4351271986961364,0.4926051199436187,0.0,0.0
2920,1680003169.3476586,2921,2Item7,2023-03-28 17:02:49.347659,922.0,232.0,924.0,251.0,-1.0,-1.0,24356.00800000003,596.3007202148438,589.171142578125,0.5924142003059387,0.4942921698093414,0.4350513219833374,0.4926719963550567,0.0,0.0
2921,1680003169.3560002,2922,2Item7,2023-03-28 17:02:49.356000,918.0,219.0,924.0,251.0,-1.0,-1.0,24364.350000000035,596.1942749023438,589.1655883789064,0.5925726294517517,0.4943826496601104,0.4351127445697784,0.4926622807979583,0.0,0.0
2922,1680003169.3644526,2923,2Item7,2023-03-28 17:02:49.364453,918.0,219.0,938.0,248.0,2.34454345703125,2.8767547607421875,24372.80300000001,596.054443359375,589.1596069335938,0.5924112200737,0.4943178594112396,0.4349956512451171,0.492614597082138,0.0,0.0
2923,1680003169.3726602,2924,2Item7,2023-03-28 17:02:49.372660,926.0,223.0,932.0,238.0,-1.0,-1.0,24381.00900000002,595.7583618164064,589.0440063476562,0.5923380255699157,0.4943518042564392,0.4349172413349151,0.4927076995372772,0.0,0.0
2924,1680003169.3819964,2925,2Item7,2023-03-28 17:02:49.381996,928.0,222.0,914.0,252.0,-1.0,-1.0,24390.34600000002,595.4826049804688,589.015380859375,0.5924708247184753,0.4943417012691497,0.4349894523620605,0.4926634132862091,0.0,0.0
2925,1680003169.3893454,2926,2Item7,2023-03-28 17:02:49.389345,928.0,222.0,925.0,248.0,2.9994659423828125,2.86376953125,24397.69300000003,595.2302856445312,589.005126953125,0.5923818945884703,0.4943123757839202,0.4348713755607605,0.4926334023475647,0.0,0.0
2926,1680003169.3983483,2927,2Item7,2023-03-28 17:02:49.398348,929.0,224.0,922.0,250.0,-1.0,-1.0,24406.696999999986,594.8671264648438,588.8945922851562,0.592275559902191,0.4943295717239379,0.4347794353961944,0.4926495254039764,0.0,0.0
2927,1680003169.4060147,2928,2Item7,2023-03-28 17:02:49.406015,916.0,250.0,920.0,248.0,-1.0,-1.0,24414.36499999999,594.5648803710938,588.8884887695312,0.5923640131950378,0.494277149438858,0.4349115192890167,0.4926560819149017,0.0,0.0
2928,1680003169.4143236,2929,2Item7,2023-03-28 17:02:49.414324,912.0,251.0,947.0,221.0,2.700180053710937,2.829132080078125,24422.67300000001,594.3141479492188,588.9036254882812,0.5923405885696411,0.4942978620529174,0.4348152875900268,0.4926319122314453,0.0,0.0
2929,1680003169.4226649,2930,2Item7,2023-03-28 17:02:49.422665,914.0,242.0,945.0,213.0,-1.0,-1.0,24431.016000000003,593.9799194335938,588.824462890625,0.5922551751136779,0.4943045973777771,0.4347496628761291,0.4927016198635101,0.0,0.0
2930,1680003169.4310646,2931,2Item7,2023-03-28 17:02:49.431065,926.0,227.0,935.0,227.0,-1.0,-1.0,24439.41399999999,593.7447509765625,588.8436279296875,0.592311143875122,0.4942550957202911,0.4348413050174713,0.4926443696022033,0.0,0.0
2931,1680003169.4393508,2932,2Item7,2023-03-28 17:02:49.439351,928.0,216.0,924.0,252.0,2.68853759765625,2.918792724609375,24447.700000000008,593.599853515625,588.8778076171875,0.5922951698303222,0.4943132102489471,0.4347540438175201,0.4926453828811645,0.0,0.0
2932,1680003169.447655,2933,2Item7,2023-03-28 17:02:49.447655,920.0,223.0,924.0,258.0,-1.0,-1.0,24456.005000000005,593.3973388671875,588.8101196289064,0.5921788215637207,0.4942224621772766,0.4347046315670013,0.4926864802837371,0.0,0.0
2933,1680003169.455995,2934,2Item7,2023-03-28 17:02:49.455995,911.0,255.0,914.0,265.0,-1.0,-1.0,24464.34500000003,593.3385009765625,588.835205078125,0.5923159122467041,0.4943248331546783,0.4347957074642181,0.4926477074623107,0.0,0.0
2934,1680003169.464342,2935,2Item7,2023-03-28 17:02:49.464342,911.0,255.0,925.0,244.0,3.3553009033203125,2.8403472900390625,24472.69199999998,593.4058837890625,588.8746337890625,0.5922436714172363,0.4943166375160217,0.4347028136253356,0.4926498234272003,0.0,0.0
2935,1680003169.472648,2936,2Item7,2023-03-28 17:02:49.472648,909.0,236.0,930.0,245.0,-1.0,-1.0,24480.99800000002,593.421142578125,588.8099365234375,0.5921375751495361,0.4942939281463623,0.4346421957015991,0.4926879107952117,0.0,0.0
2936,1680003169.4809768,2937,2Item7,2023-03-28 17:02:49.480977,926.0,208.0,930.0,238.0,-1.0,-1.0,24489.325000000008,593.53955078125,588.830810546875,0.59223473072052,0.4943203330039978,0.4346864521503448,0.4926710724830627,0.0,0.0
2937,1680003169.4897046,2938,2Item7,2023-03-28 17:02:49.489705,925.0,213.0,925.0,242.0,2.839630126953125,2.95196533203125,24498.055,593.7315063476562,588.8659057617188,0.5921546220779418,0.4942856431007385,0.4345760345458984,0.4926417171955108,0.0,0.0
2938,1680003169.4978027,2939,2Item7,2023-03-28 17:02:49.497803,931.0,224.0,917.0,234.0,-1.0,-1.0,24506.152,593.8396606445312,588.8003540039064,0.5920286178588867,0.4942723214626312,0.4345053434371948,0.4926922917366027,0.0,0.0
2939,1680003169.5059907,2940,2Item7,2023-03-28 17:02:49.505991,930.0,221.0,922.0,252.0,-1.0,-1.0,24514.34100000001,594.0236206054688,588.8359375,0.5921331644058228,0.494299978017807,0.4345936179161071,0.4926695823669433,0.0,0.0
2940,1680003169.514339,2941,2Item7,2023-03-28 17:02:49.514339,931.0,212.0,925.0,229.0,3.050750732421875,2.88104248046875,24522.689000000013,594.2299194335938,588.8889770507812,0.592016577720642,0.4942643046379089,0.4344642758369445,0.4926475882530212,0.0,0.0
2941,1680003169.522658,2942,2Item7,2023-03-28 17:02:49.522658,932.0,218.0,937.0,233.0,-1.0,-1.0,24531.00800000003,594.2994384765625,588.84521484375,0.591901421546936,0.494232952594757,0.4343833029270172,0.4927094876766204,0.0,0.0
2942,1680003169.530979,2943,2Item7,2023-03-28 17:02:49.530979,935.0,229.0,925.0,242.0,-1.0,-1.0,24539.329000000027,594.3941650390625,588.9000854492188,0.591920256614685,0.4941944181919097,0.4344555139541626,0.4926919341087341,0.0,0.0
2943,1680003169.5393767,2944,2Item7,2023-03-28 17:02:49.539377,941.0,233.0,930.0,236.0,2.87957763671875,2.83917236328125,24547.726000000024,594.4886474609375,588.9698486328125,0.5918860435485839,0.49424609541893,0.43433278799057,0.4926696419715881,0.0,0.0
2944,1680003169.5476727,2945,2Item7,2023-03-28 17:02:49.547673,935.0,231.0,936.0,238.0,-1.0,-1.0,24556.022999999983,594.4462890625,588.9421997070312,0.591723084449768,0.4941736161708831,0.4343047142028808,0.492728441953659,0.0,0.0
2945,1680003169.556099,2946,2Item7,2023-03-28 17:02:49.556099,932.0,231.0,933.0,243.0,-1.0,-1.0,24564.449000000022,594.4238891601562,589.003662109375,0.591861605644226,0.4942681193351745,0.4343078732490539,0.4926658868789672,0.0,0.0
2946,1680003169.5644808,2947,2Item7,2023-03-28 17:02:49.564481,923.0,224.0,933.0,255.0,2.6795196533203125,2.9065093994140625,24572.830000000016,594.4163208007812,589.0745239257812,0.5917845368385314,0.4942618608474731,0.4342139363288879,0.4927272200584411,0.0,0.0
2947,1680003169.57273,2948,2Item7,2023-03-28 17:02:49.572730,890.0,210.0,922.0,266.0,-1.0,-1.0,24581.08100000001,594.2911376953125,589.055419921875,0.5916524529457092,0.4942327141761779,0.4341334998607635,0.4927861094474792,0.0,0.0
2948,1680003169.5812278,2949,2Item7,2023-03-28 17:02:49.581228,875.0,229.0,913.0,271.0,-1.0,-1.0,24589.576,594.216064453125,589.1373901367188,0.5917789340019226,0.4942980706691741,0.4342138767242431,0.4927606582641601,0.0,0.0
2949,1680003169.5893035,2950,2Item7,2023-03-28 17:02:49.589303,872.0,231.0,896.0,283.0,2.6822662353515625,2.950103759765625,24597.65399999998,594.1818237304688,589.2337646484375,0.5917023420333862,0.4942874610424041,0.4341097176074981,0.4927548766136169,0.0,0.0
2950,1680003169.597676,2951,2Item7,2023-03-28 17:02:49.597676,907.0,252.0,896.0,283.0,-1.0,-1.0,24606.025000000023,594.0391235351562,589.2169799804688,0.5915308594703674,0.4942148327827453,0.4340472519397735,0.4928215444087982,0.0,0.0
2951,1680003169.6061556,2952,2Item7,2023-03-28 17:02:49.606156,916.0,237.0,906.0,238.0,-1.0,-1.0,24614.50400000001,593.9583740234375,589.2841796875,0.5916566848754882,0.4942667484283447,0.4341299831867218,0.4928095042705535,0.0,0.0
2952,1680003169.614396,2953,2Item7,2023-03-28 17:02:49.614396,-1.0,-1.0,-1.0,-1.0,-1.0,-1.0,24622.747000000032,-1.0,-1.0,-1.0,-1.0,-1.0,-1.0,4.0,4.0
2953,1680003169.6226392,2954,2Item7,2023-03-28 17:02:49.622639,911.0,225.0,919.0,271.0,-1.0,-1.0,24630.989,593.8570556640625,589.293212890625,0.5915384888648986,0.4942887425422668,0.4339931607246398,0.49284228682518,0.0,0.0
2954,1680003169.6309688,2955,2Item7,2023-03-28 17:02:49.630969,907.0,238.0,943.0,251.0,-1.0,-1.0,24639.319000000018,593.7821655273438,589.3591918945312,0.591667890548706,0.4942831099033355,0.4340832829475402,0.4928135275840759,0.0,0.0
2955,1680003169.639288,2956,2Item7,2023-03-28 17:02:49.639288,910.0,247.0,951.0,231.0,2.7127838134765625,2.822738647460937,24647.636999999988,593.7494506835938,589.4290771484375,0.5916052460670471,0.4942306280136108,0.4339768290519714,0.492772102355957,0.0,0.0
2956,1680003169.647625,2957,2Item7,2023-03-28 17:02:49.647625,909.0,239.0,910.0,231.0,-1.0,-1.0,24655.973999999987,593.6163330078125,589.399658203125,0.5915123224258422,0.4942099452018737,0.4339426159858703,0.4927350878715515,0.0,0.0
2957,1680003169.655967,2958,2Item7,2023-03-28 17:02:49.655967,921.0,232.0,914.0,242.0,-1.0,-1.0,24664.31699999998,593.5535888671875,589.464599609375,0.5916196107864379,0.4942310154438018,0.4340247511863708,0.4927543997764587,0.0,0.0
2958,1680003169.6643157,2959,2Item7,2023-03-28 17:02:49.664316,923.0,225.0,920.0,242.0,2.4653472900390625,2.840301513671875,24672.661000000026,593.5319213867188,589.5562133789064,0.5915557742118835,0.4941363632678985,0.4339345395565033,0.4927266836166381,0.0,0.0
2959,1680003169.6726213,2960,2Item7,2023-03-28 17:02:49.672621,933.0,221.0,928.0,249.0,-1.0,-1.0,24680.97200000001,593.4085083007812,589.5372924804688,0.5914784669876098,0.4941767454147338,0.4338890612125396,0.4927595555782318,0.0,0.0
2960,1680003169.680948,2961,2Item7,2023-03-28 17:02:49.680948,913.0,218.0,925.0,242.0,-1.0,-1.0,24689.29700000002,593.3673095703125,589.6038208007812,0.591539978981018,0.4941092729568481,0.4339579045772552,0.4927009046077728,0.0,0.0
2961,1680003169.68929,2962,2Item7,2023-03-28 17:02:49.689290,912.0,227.0,925.0,248.0,2.747421264648437,2.899276733398437,24697.64000000001,593.3548583984375,589.6956176757812,0.5915191769599915,0.4941304326057434,0.4338796436786651,0.4927027523517608,0.0,0.0
2962,1680003169.6976223,2963,2Item7,2023-03-28 17:02:49.697623,911.0,254.0,923.0,241.0,-1.0,-1.0,24705.97100000002,593.271484375,589.6834106445312,0.591410756111145,0.494106501340866,0.433875948190689,0.4927379786968231,0.0,0.0
2963,1680003169.7059536,2964,2Item7,2023-03-28 17:02:49.705954,928.0,208.0,927.0,259.0,-1.0,-1.0,24714.302000000025,593.2903442382812,589.7589111328125,0.5915315747261047,0.4941296577453613,0.433910071849823,0.4926711916923522,0.0,0.0
2964,1680003169.714286,2965,2Item7,2023-03-28 17:02:49.714286,921.0,207.0,924.0,240.0,2.583740234375,2.8604736328125,24722.636,593.3629760742188,589.8596801757812,0.5914034843444824,0.4940011203289032,0.4338248670101165,0.4927013516426086,0.0,0.0
2965,1680003169.7226226,2966,2Item7,2023-03-28 17:02:49.722623,918.0,206.0,921.0,244.0,-1.0,-1.0,24730.97200000001,593.357177734375,589.8544311523438,0.5913580656051635,0.4940734207630157,0.4338071048259735,0.4927277565002441,0.0,0.0
2966,1680003169.7309408,2967,2Item7,2023-03-28 17:02:49.730941,898.0,232.0,918.0,240.0,-1.0,-1.0,24739.291000000027,593.43359375,589.9506225585938,0.5914980173110961,0.4940961301326751,0.4338829517364502,0.4927126765251159,0.0,0.0
2967,1680003169.7392871,2968,2Item7,2023-03-28 17:02:49.739287,909.0,241.0,921.0,248.0,3.007049560546875,2.8900299072265625,24747.636,593.5593872070312,590.0747680664064,0.591438889503479,0.4940678179264068,0.4337960183620452,0.4927054941654205,0.0,0.0
2968,1680003169.7476215,2969,2Item7,2023-03-28 17:02:49.747622,910.0,223.0,925.0,258.0,-1.0,-1.0,24755.968999999983,593.5878295898438,590.1153564453125,0.5913759469985961,0.4940890669822692,0.4338058829307556,0.4927357137203216,0.0,0.0
2969,1680003169.7559469,2970,2Item7,2023-03-28 17:02:49.755947,955.0,229.0,936.0,258.0,-1.0,-1.0,24764.29700000002,593.6832275390625,590.265380859375,0.5914990305900573,0.4940588176250457,0.4338873028755188,0.4926628172397613,0.0,0.0
2970,1680003169.7642877,2971,2Item7,2023-03-28 17:02:49.764287,928.0,184.0,932.0,248.0,2.6587371826171875,2.924957275390625,24772.636,593.8141479492188,590.4569091796875,0.5914722681045532,0.4940695166587829,0.4338257312774658,0.4927057027816772,0.0,0.0
2971,1680003169.772658,2972,2Item7,2023-03-28 17:02:49.772658,932.0,183.0,934.0,238.0,-1.0,-1.0,24781.00800000003,593.827880859375,590.5606079101562,0.5914286375045776,0.4940606355667114,0.4338684976100921,0.4926827251911163,0.0,0.0
2972,1680003169.7809498,2973,2Item7,2023-03-28 17:02:49.780950,911.0,215.0,930.0,233.0,-1.0,-1.0,24789.29999999999,593.9013061523438,590.7562866210938,0.5915860533714294,0.4940829575061798,0.433951050043106,0.492689162492752,0.0,0.0
2973,1680003169.7893574,2974,2Item7,2023-03-28 17:02:49.789357,920.0,221.0,935.0,230.0,2.8714141845703125,2.8800811767578125,24797.706999999995,593.9957885742188,590.9796142578125,0.5915541648864746,0.494069755077362,0.433902770280838,0.4926612973213195,0.0,0.0
2974,1680003169.7976463,2975,2Item7,2023-03-28 17:02:49.797646,925.0,257.0,922.0,245.0,-1.0,-1.0,24805.997000000032,593.967041015625,591.114990234375,0.5915492177009583,0.4940637648105621,0.4338825047016143,0.4926694333553314,0.0,0.0
2975,1680003169.8060222,2976,2Item7,2023-03-28 17:02:49.806022,934.0,248.0,920.0,247.0,-1.0,-1.0,24814.372000000032,593.99658203125,591.3486938476562,0.5917152762413024,0.4940996468067169,0.4340998828411102,0.4926057457923889,0.0,0.0
2976,1680003169.8142695,2977,2Item7,2023-03-28 17:02:49.814270,937.0,254.0,901.0,276.0,2.8281402587890625,3.05877685546875,24822.619999999995,594.056884765625,591.585693359375,0.5917019248008728,0.4940807223320007,0.4340189695358276,0.4926297068595886,0.0,0.0
2977,1680003169.8226347,2978,2Item7,2023-03-28 17:02:49.822635,936.0,216.0,908.0,278.0,-1.0,-1.0,24830.984999999982,594.01171875,591.7050170898438,0.591684579849243,0.4941102266311645,0.4340163469314575,0.4926632940769195,0.0,0.0
2978,1680003169.8309357,2979,2Item7,2023-03-28 17:02:49.830935,916.0,240.0,927.0,247.0,-1.0,-1.0,24839.283999999985,594.0401000976562,591.891845703125,0.5918609499931335,0.4941267967224121,0.434206485748291,0.4926483631134033,0.0,0.0
2979,1680003169.8392687,2980,2Item7,2023-03-28 17:02:49.839269,909.0,228.0,923.0,250.0,2.686004638671875,2.98699951171875,24847.61900000001,594.1062622070312,592.0620727539064,0.5918694138526917,0.4941007792949676,0.4341798424720764,0.4926032423973083,0.0,0.0
2980,1680003169.8476431,2981,2Item7,2023-03-28 17:02:49.847643,901.0,210.0,916.0,252.0,-1.0,-1.0,24855.993000000017,594.076904296875,592.10009765625,0.5918588638305664,0.4941242337226867,0.4341710805892944,0.4926492869853973,0.0,0.0
2981,1680003169.8559432,2982,2Item7,2023-03-28 17:02:49.855943,911.0,196.0,921.0,257.0,-1.0,-1.0,24864.293000000005,594.1228637695312,592.1614990234375,0.5920408368110656,0.4941280484199523,0.4343828558921814,0.4925856292247772,0.0,0.0
2982,1680003169.8642704,2983,2Item7,2023-03-28 17:02:49.864270,920.0,214.0,910.0,253.0,2.8845672607421875,3.024276733398437,24872.61900000001,594.2108764648438,592.1712646484375,0.5920423865318298,0.4940842390060424,0.4343386888504028,0.4925416707992553,0.0,0.0
2983,1680003169.8726058,2984,2Item7,2023-03-28 17:02:49.872606,927.0,243.0,927.0,257.0,-1.0,-1.0,24880.954000000027,594.2045288085938,592.02978515625,0.5920302867889404,0.4940961599349975,0.4343478977680206,0.492544412612915,0.0,0.0
2984,1680003169.880931,2985,2Item7,2023-03-28 17:02:49.880931,921.0,249.0,932.0,254.0,-1.0,-1.0,24889.281000000017,594.266845703125,591.9346313476562,0.5922217369079589,0.4940631091594696,0.434563934803009,0.4924263358116149,0.0,0.0
2985,1680003169.8894174,2986,2Item7,2023-03-28 17:02:49.889417,920.0,241.0,932.0,254.0,2.4569244384765625,2.9385223388671875,24897.767,594.363037109375,591.80126953125,0.5921301841735839,0.4939715862274169,0.4345511496067047,0.4924174845218658,0.0,0.0
2986,1680003169.897772,2987,2Item7,2023-03-28 17:02:49.897772,909.0,241.0,913.0,247.0,-1.0,-1.0,24906.122000000032,594.356201171875,591.5313110351562,0.592147409915924,0.4939315617084503,0.4345532655715942,0.492428570985794,0.0,0.0
2987,1680003169.9059336,2988,2Item7,2023-03-28 17:02:49.905934,911.0,256.0,917.0,243.0,-1.0,-1.0,24914.283999999985,594.410888671875,591.33740234375,0.5923885107040405,0.49400594830513,0.4347989857196807,0.492355853319168,0.0,0.0
2988,1680003169.9142709,2989,2Item7,2023-03-28 17:02:49.914271,912.0,253.0,917.0,239.0,2.8486328125,2.941390991210937,24922.618000000017,594.4927368164064,591.1463623046875,0.5923857688903807,0.4939638376235961,0.4347402453422546,0.4923290312290191,0.0,0.0
2989,1680003169.9226043,2990,2Item7,2023-03-28 17:02:49.922604,901.0,244.0,909.0,246.0,-1.0,-1.0,24930.955000000016,594.461669921875,590.8505249023438,0.5923567414283752,0.4939795434474945,0.4347188472747802,0.4923341572284698,0.0,0.0
2990,1680003169.9309428,2991,2Item7,2023-03-28 17:02:49.930943,916.0,222.0,909.0,246.0,-1.0,-1.0,24939.292000000016,594.4885864257812,590.6517944335938,0.5925322175025939,0.4939744472503662,0.4349366426467895,0.4923241436481475,0.0,0.0
2991,1680003169.9392676,2992,2Item7,2023-03-28 17:02:49.939268,913.0,220.0,920.0,250.0,3.017791748046875,2.955551147460937,24947.618000000017,594.54248046875,590.4653930664064,0.592503547668457,0.4939782917499542,0.434885948896408,0.4923248291015625,0.0,0.0
2992,1680003169.9475932,2993,2Item7,2023-03-28 17:02:49.947593,937.0,218.0,937.0,248.0,-1.0,-1.0,24955.944000000018,594.484619140625,590.2073364257812,0.5924451351165771,0.4939826428890228,0.434899628162384,0.4923553168773651,0.0,0.0
2993,1680003169.9559343,2994,2Item7,2023-03-28 17:02:49.955935,931.0,222.0,915.0,253.0,-1.0,-1.0,24964.283999999985,594.472900390625,590.0582275390625,0.5926054120063781,0.4940157532691955,0.4350272715091705,0.4923205077648162,0.0,0.0
2994,1680003169.964265,2995,2Item7,2023-03-28 17:02:49.964265,-1.0,-1.0,917.0,256.0,-1.0,2.918060302734375,24972.61599999998,-1.0,589.9349365234375,-1.0,-1.0,0.4349887669086456,0.4923082590103149,4.0,0.0
2995,1680003169.972609,2996,2Item7,2023-03-28 17:02:49.972609,915.0,224.0,914.0,260.0,-1.0,-1.0,24980.95900000003,594.40576171875,589.7254638671875,0.5925101041793823,0.4940337836742401,0.4350150227546691,0.4923535287380218,0.0,0.0
2996,1680003169.9810517,2997,2Item7,2023-03-28 17:02:49.981052,916.0,223.0,916.0,261.0,-1.0,-1.0,24989.402,594.3661499023438,589.6242065429688,0.592626929283142,0.4940288960933685,0.4350906610488891,0.4923814237117767,0.0,0.0
2997,1680003169.9893663,2998,2Item7,2023-03-28 17:02:49.989366,911.0,225.0,919.0,259.0,2.767807006835937,2.908660888671875,24997.71600000001,594.3623046875,589.5576171875,0.5925344824790953,0.493989884853363,0.4350253939628601,0.4923835694789886,0.0,0.0
2998,1680003169.9976015,2999,2Item7,2023-03-28 17:02:49.997602,911.0,237.0,928.0,253.0,-1.0,-1.0,25005.950000000008,594.24609375,589.39794921875,0.5924641489982605,0.4939469397068023,0.4350307881832122,0.4923651218414306,0.0,0.0
2999,1680003170.0059352,3000,2Item7,2023-03-28 17:02:50.005935,913.0,234.0,923.0,257.0,-1.0,-1.0,25014.286000000026,594.1913452148438,589.3510131835938,0.5926341414451599,0.4940426051616668,0.4350902140140533,0.4924172461032867,0.0,0.0
