Unnamed: 0,UnixTime,Row,QuestionKey,Timestamp,SampleNumber,Timestamp RAW,Timestamp CAL,System Timestamp CAL,VSenseBatt RAW,VSenseBatt CAL,GSR RAW,GSR Resistance CAL,GSR Conductance CAL,Packet reception rate RAW
0,1680003145.0289032,1,2Item7,2023-03-28 17:02:25.028903,95771.0,7541276.0,748210.9375,1680003517175.7195,2521.0,3671.610256410256,1187.0,55.25981873111784,18.096331529167344,87.0
1,1680003145.0359747,2,2Item7,2023-03-28 17:02:25.035975,48142.0,13819932.0,376109.375,1680003145074.157,2507.0,3651.220512820513,20046.0,65.7417351904682,15.211037510689078,87.0
2,1680003145.0437872,3,2Item7,2023-03-28 17:02:25.043787,48143.0,13820188.0,376117.1875,1680003145081.9695,2518.0,3667.2410256410258,20045.0,65.76380728554642,15.20593227910301,87.0
3,1680003145.0515995,4,2Item7,2023-03-28 17:02:25.051600,48144.0,13820444.0,376125.0,1680003145089.782,2527.0,3680.348717948717,20045.0,65.76380728554642,15.20593227910301,87.0
4,1680003145.0594122,5,2Item7,2023-03-28 17:02:25.059412,48145.0,13820700.0,376132.8125,1680003145097.5945,2526.0,3678.892307692307,20047.0,65.71967790639155,15.216142742275144,87.0
5,1680003145.0672247,6,2Item7,2023-03-28 17:02:25.067225,48146.0,13820956.0,376140.625,1680003145105.407,2510.0,3655.589743589743,20049.0,65.67560771165131,15.22635320544728,87.0
6,1680003145.0750372,7,2Item7,2023-03-28 17:02:25.075037,48147.0,13821212.0,376148.4375,1680003145113.2195,2515.0,3662.8717948717945,20048.0,65.69763541841354,15.221247973861216,87.0
7,1680003145.0828495,8,2Item7,2023-03-28 17:02:25.082850,48148.0,13821468.0,376156.25,1680003145121.032,2522.0,3673.0666666666657,20048.0,65.69763541841354,15.221247973861216,87.0
8,1680003145.0906622,9,2Item7,2023-03-28 17:02:25.090662,48149.0,13821724.0,376164.0625,1680003145128.8445,2530.0,3684.717948717948,20049.0,65.67560771165131,15.22635320544728,87.0
9,1680003145.0984747,10,2Item7,2023-03-28 17:02:25.098475,48150.0,13821980.0,376171.875,1680003145136.657,2510.0,3655.589743589743,20051.0,65.63159658234211,15.236563668619414,87.0
10,1680003145.1062872,11,2Item7,2023-03-28 17:02:25.106287,48151.0,13822236.0,376179.6875,1680003145144.4695,2513.0,3659.958974358974,20050.0,65.65359477124184,15.231458437033346,87.0
11,1680003145.1140995,12,2Item7,2023-03-28 17:02:25.114100,48152.0,13822492.0,376187.5,1680003145152.282,2522.0,3673.0666666666657,20051.0,65.63159658234211,15.236563668619414,87.0
12,1680003145.1219122,13,2Item7,2023-03-28 17:02:25.121912,48153.0,13822748.0,376195.3125,1680003145160.0945,2523.0,3674.5230769230766,20051.0,65.63159658234211,15.236563668619414,87.0
13,1680003145.1297247,14,2Item7,2023-03-28 17:02:25.129725,48154.0,13823004.0,376203.125,1680003145167.907,2513.0,3659.958974358974,20053.0,65.5876443997991,15.24677413179155,87.0
14,1680003145.1375372,15,2Item7,2023-03-28 17:02:25.137537,48155.0,13823260.0,376210.9375,1680003145175.7195,2521.0,3671.610256410256,20052.0,65.60961313012896,15.241668900205484,87.0
15,1680003145.1453495,16,2Item7,2023-03-28 17:02:25.145350,48156.0,13823516.0,376218.75,1680003145183.532,2519.0,3668.6974358974353,20053.0,65.5876443997991,15.24677413179155,87.0
16,1680003145.1531622,17,2Item7,2023-03-28 17:02:25.153162,48157.0,13823772.0,376226.5625,1680003145191.3445,2497.0,3636.65641025641,20054.0,65.56569037656905,15.251879363377617,87.0
17,1680003145.1609747,18,2Item7,2023-03-28 17:02:25.160975,48158.0,13824028.0,376234.375,1680003145199.157,2507.0,3651.220512820513,20055.0,65.5437510456751,15.256984594963686,87.0
18,1680003145.1687872,19,2Item7,2023-03-28 17:02:25.168787,48159.0,13824284.0,376242.1875,1680003145206.9695,2518.0,3667.2410256410258,20054.0,65.56569037656905,15.251879363377617,87.0
19,1680003145.1765995,20,2Item7,2023-03-28 17:02:25.176600,48160.0,13824540.0,376250.0,1680003145214.782,2525.0,3677.4358974358975,20054.0,65.56569037656905,15.251879363377617,87.0
20,1680003145.1844122,21,2Item7,2023-03-28 17:02:25.184412,48161.0,13824796.0,376257.8125,1680003145222.5945,2528.0,3681.805128205128,20054.0,65.56569037656905,15.251879363377617,87.0
21,1680003145.1922247,22,2Item7,2023-03-28 17:02:25.192225,48162.0,13825052.0,376265.625,1680003145230.407,2510.0,3655.589743589743,20057.0,65.49991640193947,15.267195058135824,87.0
22,1680003145.2000372,23,2Item7,2023-03-28 17:02:25.200037,48163.0,13825308.0,376273.4375,1680003145238.2195,2518.0,3667.2410256410258,20055.0,65.5437510456751,15.256984594963686,87.0
23,1680003145.2078495,24,2Item7,2023-03-28 17:02:25.207850,48164.0,13825564.0,376281.25,1680003145246.032,2500.0,3641.0256410256407,20058.0,65.47802105966908,15.27230028972189,87.0
24,1680003145.2156622,25,2Item7,2023-03-28 17:02:25.215662,48165.0,13825820.0,376289.0625,1680003145253.8445,2527.0,3680.348717948717,20057.0,65.49991640193947,15.267195058135824,87.0
25,1680003145.2234747,26,2Item7,2023-03-28 17:02:25.223475,48166.0,13826076.0,376296.875,1680003145261.657,2512.0,3658.502564102564,20058.0,65.47802105966908,15.27230028972189,87.0
26,1680003145.2312872,27,2Item7,2023-03-28 17:02:25.231287,48167.0,13826332.0,376304.6875,1680003145269.4695,2523.0,3674.5230769230766,20057.0,65.49991640193947,15.267195058135824,87.0
27,1680003145.2390995,28,2Item7,2023-03-28 17:02:25.239100,48168.0,13826588.0,376312.5,1680003145277.282,2527.0,3680.348717948717,20057.0,65.49991640193947,15.267195058135824,87.0
28,1680003145.2469122,29,2Item7,2023-03-28 17:02:25.246912,48169.0,13826844.0,376320.3125,1680003145285.0945,2519.0,3668.6974358974353,20058.0,65.47802105966908,15.27230028972189,87.0
29,1680003145.2547247,30,2Item7,2023-03-28 17:02:25.254725,48170.0,13827100.0,376328.125,1680003145292.907,2504.0,3646.8512820512815,20060.0,65.43427426089862,15.282510752894028,87.0
30,1680003145.2625372,31,2Item7,2023-03-28 17:02:25.262537,48171.0,13827356.0,376335.9375,1680003145300.7195,2517.0,3665.7846153846153,20059.0,65.4561403508772,15.277405521307958,87.0
31,1680003145.2703495,32,2Item7,2023-03-28 17:02:25.270350,48172.0,13827612.0,376343.75,1680003145308.532,2526.0,3678.892307692307,20059.0,65.4561403508772,15.277405521307958,87.0
32,1680003145.2781622,33,2Item7,2023-03-28 17:02:25.278162,48173.0,13827868.0,376351.5625,1680003145316.3445,2524.0,3675.979487179487,20059.0,65.4561403508772,15.277405521307958,87.0
33,1680003145.2859747,34,2Item7,2023-03-28 17:02:25.285975,48174.0,13828124.0,376359.375,1680003145324.157,2510.0,3655.589743589743,20061.0,65.41242277508766,15.287615984480096,87.0
34,1680003145.2937872,35,2Item7,2023-03-28 17:02:25.293787,48175.0,13828380.0,376367.1875,1680003145331.9695,2516.0,3664.328205128205,20060.0,65.43427426089862,15.282510752894028,87.0
35,1680003145.3015995,36,2Item7,2023-03-28 17:02:25.301600,48176.0,13828636.0,376375.0,1680003145339.782,2526.0,3678.892307692307,20059.0,65.4561403508772,15.277405521307958,87.0
36,1680003145.3094122,37,2Item7,2023-03-28 17:02:25.309412,48177.0,13828892.0,376382.8125,1680003145347.5945,2526.0,3678.892307692307,20060.0,65.43427426089862,15.282510752894028,87.0
37,1680003145.3172247,38,2Item7,2023-03-28 17:02:25.317225,48178.0,13829148.0,376390.625,1680003145355.407,2512.0,3658.502564102564,20062.0,65.39058587881823,15.292721216066164,87.0
38,1680003145.3250372,39,2Item7,2023-03-28 17:02:25.325037,48179.0,13829404.0,376398.4375,1680003145363.2195,2526.0,3678.892307692307,20060.0,65.43427426089862,15.282510752894028,87.0
39,1680003145.3328495,40,2Item7,2023-03-28 17:02:25.332850,48180.0,13829660.0,376406.25,1680003145371.032,2525.0,3677.4358974358975,20060.0,65.43427426089862,15.282510752894028,87.0
40,1680003145.3340902,41,2Item7,2023-03-28 17:02:25.334090,95771.0,7541276.0,748210.9375,1680003517175.7195,2521.0,3671.610256410256,1187.0,55.25981873111784,18.096331529167344,87.0
41,1680003145.3406622,42,2Item7,2023-03-28 17:02:25.340662,48181.0,13829916.0,376414.0625,1680003145378.8445,2498.0,3638.11282051282,20061.0,65.41242277508766,15.287615984480096,87.0
42,1680003145.3484747,43,2Item7,2023-03-28 17:02:25.348475,48182.0,13830172.0,376421.875,1680003145386.657,2509.0,3654.1333333333328,20062.0,65.39058587881823,15.292721216066164,87.0
43,1680003145.3562872,44,2Item7,2023-03-28 17:02:25.356287,48183.0,13830428.0,376429.6875,1680003145394.4695,2513.0,3659.958974358974,20062.0,65.39058587881823,15.292721216066164,87.0
44,1680003145.3640995,45,2Item7,2023-03-28 17:02:25.364100,48184.0,13830684.0,376437.5,1680003145402.282,2523.0,3674.5230769230766,20061.0,65.41242277508766,15.287615984480096,87.0
45,1680003145.3719122,46,2Item7,2023-03-28 17:02:25.371912,48185.0,13830940.0,376445.3125,1680003145410.0945,2526.0,3678.892307692307,20061.0,65.41242277508766,15.287615984480096,87.0
46,1680003145.3797247,47,2Item7,2023-03-28 17:02:25.379725,48186.0,13831196.0,376453.125,1680003145417.907,2511.0,3657.0461538461536,20062.0,65.39058587881823,15.292721216066164,87.0
47,1680003145.3875372,48,2Item7,2023-03-28 17:02:25.387537,48187.0,13831452.0,376460.9375,1680003145425.7195,2525.0,3677.4358974358975,20061.0,65.41242277508766,15.287615984480096,87.0
48,1680003145.3953495,49,2Item7,2023-03-28 17:02:25.395350,48188.0,13831708.0,376468.75,1680003145433.532,2521.0,3671.610256410256,20061.0,65.41242277508766,15.287615984480096,87.0
49,1680003145.4031622,50,2Item7,2023-03-28 17:02:25.403162,48189.0,13831964.0,376476.5625,1680003145441.3445,2522.0,3673.0666666666657,20061.0,65.41242277508766,15.287615984480096,87.0
50,1680003145.4109747,51,2Item7,2023-03-28 17:02:25.410975,48190.0,13832220.0,376484.375,1680003145449.157,2514.0,3661.415384615385,20062.0,65.39058587881823,15.292721216066164,87.0
51,1680003145.4187872,52,2Item7,2023-03-28 17:02:25.418787,48191.0,13832476.0,376492.1875,1680003145456.9695,2524.0,3675.979487179487,20062.0,65.39058587881823,15.292721216066164,87.0
52,1680003145.4265995,53,2Item7,2023-03-28 17:02:25.426600,48192.0,13832732.0,376500.0,1680003145464.782,2500.0,3641.0256410256407,20063.0,65.36876355748373,15.297826447652232,87.0
53,1680003145.4344122,54,2Item7,2023-03-28 17:02:25.434412,48193.0,13832988.0,376507.8125,1680003145472.5945,2525.0,3677.4358974358975,20061.0,65.41242277508766,15.287615984480096,87.0
54,1680003145.4422247,55,2Item7,2023-03-28 17:02:25.442225,48194.0,13833244.0,376515.625,1680003145480.407,2508.0,3652.6769230769214,20063.0,65.36876355748373,15.297826447652232,87.0
55,1680003145.4500372,56,2Item7,2023-03-28 17:02:25.450037,48195.0,13833500.0,376523.4375,1680003145488.2195,2528.0,3681.805128205128,20062.0,65.39058587881823,15.292721216066164,87.0
56,1680003145.4578495,57,2Item7,2023-03-28 17:02:25.457850,48196.0,13833756.0,376531.25,1680003145496.032,2526.0,3678.892307692307,20062.0,65.39058587881823,15.292721216066164,87.0
57,1680003145.4656622,58,2Item7,2023-03-28 17:02:25.465662,48197.0,13834012.0,376539.0625,1680003145503.8445,2524.0,3675.979487179487,20062.0,65.39058587881823,15.292721216066164,87.0
58,1680003145.4734747,59,2Item7,2023-03-28 17:02:25.473475,48198.0,13834268.0,376546.875,1680003145511.657,2511.0,3657.0461538461536,20064.0,65.34695579649707,15.302931679238302,87.0
59,1680003145.4812872,60,2Item7,2023-03-28 17:02:25.481287,48199.0,13834524.0,376554.6875,1680003145519.4695,2517.0,3665.7846153846153,20062.0,65.39058587881823,15.292721216066164,87.0
60,1680003145.4890995,61,2Item7,2023-03-28 17:02:25.489100,48200.0,13834780.0,376562.5,1680003145527.282,2518.0,3667.2410256410258,20062.0,65.39058587881823,15.292721216066164,87.0
61,1680003145.4969122,62,2Item7,2023-03-28 17:02:25.496912,48201.0,13835036.0,376570.3125,1680003145535.0945,2526.0,3678.892307692307,20062.0,65.39058587881823,15.292721216066164,87.0
62,1680003145.5047247,63,2Item7,2023-03-28 17:02:25.504725,48202.0,13835292.0,376578.125,1680003145542.907,2509.0,3654.1333333333328,20064.0,65.34695579649707,15.302931679238302,87.0
63,1680003145.5125372,64,2Item7,2023-03-28 17:02:25.512537,48203.0,13835548.0,376585.9375,1680003145550.7195,2518.0,3667.2410256410258,20062.0,65.39058587881823,15.292721216066164,87.0
64,1680003145.5203495,65,2Item7,2023-03-28 17:02:25.520350,48204.0,13835804.0,376593.75,1680003145558.532,2521.0,3671.610256410256,20062.0,65.39058587881823,15.292721216066164,87.0
65,1680003145.5281622,66,2Item7,2023-03-28 17:02:25.528162,48205.0,13836060.0,376601.5625,1680003145566.3445,2521.0,3671.610256410256,20062.0,65.39058587881823,15.292721216066164,87.0
66,1680003145.5359747,67,2Item7,2023-03-28 17:02:25.535975,48206.0,13836316.0,376609.375,1680003145574.157,2505.0,3648.307692307692,20064.0,65.34695579649707,15.302931679238302,87.0
67,1680003145.5437872,68,2Item7,2023-03-28 17:02:25.543787,48207.0,13836572.0,376617.1875,1680003145581.9695,2514.0,3661.415384615385,20062.0,65.39058587881823,15.292721216066164,87.0
68,1680003145.5515995,69,2Item7,2023-03-28 17:02:25.551600,48208.0,13836828.0,376625.0,1680003145589.782,2524.0,3675.979487179487,20062.0,65.39058587881823,15.292721216066164,87.0
69,1680003145.5594122,70,2Item7,2023-03-28 17:02:25.559412,48209.0,13837084.0,376632.8125,1680003145597.5945,2520.0,3670.1538461538457,20062.0,65.39058587881823,15.292721216066164,87.0
70,1680003145.5672247,71,2Item7,2023-03-28 17:02:25.567225,48210.0,13837340.0,376640.625,1680003145605.407,2501.0,3642.48205128205,20064.0,65.34695579649707,15.302931679238302,87.0
71,1680003145.5750372,72,2Item7,2023-03-28 17:02:25.575037,48211.0,13837596.0,376648.4375,1680003145613.2195,2519.0,3668.6974358974353,20062.0,65.39058587881823,15.292721216066164,87.0
72,1680003145.5828495,73,2Item7,2023-03-28 17:02:25.582850,48212.0,13837852.0,376656.25,1680003145621.032,2524.0,3675.979487179487,20062.0,65.39058587881823,15.292721216066164,87.0
73,1680003145.5906622,74,2Item7,2023-03-28 17:02:25.590662,48213.0,13838108.0,376664.0625,1680003145628.8445,2530.0,3684.717948717948,20062.0,65.39058587881823,15.292721216066164,87.0
74,1680003145.5984747,75,2Item7,2023-03-28 17:02:25.598475,48214.0,13838364.0,376671.875,1680003145636.657,2510.0,3655.589743589743,20063.0,65.36876355748373,15.297826447652232,87.0
75,1680003145.6062872,76,2Item7,2023-03-28 17:02:25.606287,48215.0,13838620.0,376679.6875,1680003145644.4695,2528.0,3681.805128205128,20063.0,65.36876355748373,15.297826447652232,87.0
76,1680003145.6140995,77,2Item7,2023-03-28 17:02:25.614100,48216.0,13838876.0,376687.5,1680003145652.282,2524.0,3675.979487179487,20062.0,65.39058587881823,15.292721216066164,87.0
77,1680003145.6219122,78,2Item7,2023-03-28 17:02:25.621912,48217.0,13839132.0,376695.3125,1680003145660.0945,2530.0,3684.717948717948,20062.0,65.39058587881823,15.292721216066164,87.0
78,1680003145.6297247,79,2Item7,2023-03-28 17:02:25.629725,48218.0,13839388.0,376703.125,1680003145667.907,2513.0,3659.958974358974,20063.0,65.36876355748373,15.297826447652232,87.0
79,1680003145.6375372,80,2Item7,2023-03-28 17:02:25.637537,48219.0,13839644.0,376710.9375,1680003145675.7195,2515.0,3662.8717948717945,20062.0,65.39058587881823,15.292721216066164,87.0
80,1680003145.6453495,81,2Item7,2023-03-28 17:02:25.645350,48220.0,13839900.0,376718.75,1680003145683.532,2524.0,3675.979487179487,20061.0,65.41242277508766,15.287615984480096,87.0
81,1680003145.6531622,82,2Item7,2023-03-28 17:02:25.653162,48221.0,13840156.0,376726.5625,1680003145691.3445,2522.0,3673.0666666666657,20061.0,65.41242277508766,15.287615984480096,87.0
82,1680003145.6609747,83,2Item7,2023-03-28 17:02:25.660975,48222.0,13840412.0,376734.375,1680003145699.157,2511.0,3657.0461538461536,20062.0,65.39058587881823,15.292721216066164,87.0
83,1680003145.6687872,84,2Item7,2023-03-28 17:02:25.668787,48223.0,13840668.0,376742.1875,1680003145706.9695,2517.0,3665.7846153846153,20061.0,65.41242277508766,15.287615984480096,87.0
84,1680003145.6765995,85,2Item7,2023-03-28 17:02:25.676600,48224.0,13840924.0,376750.0,1680003145714.782,2524.0,3675.979487179487,20060.0,65.43427426089862,15.282510752894028,87.0
85,1680003145.6844122,86,2Item7,2023-03-28 17:02:25.684412,48225.0,13841180.0,376757.8125,1680003145722.5945,2524.0,3675.979487179487,20061.0,65.41242277508766,15.287615984480096,87.0
86,1680003145.6922247,87,2Item7,2023-03-28 17:02:25.692225,48226.0,13841436.0,376765.625,1680003145730.407,2506.0,3649.7641025641024,20062.0,65.39058587881823,15.292721216066164,87.0
87,1680003145.7000372,88,2Item7,2023-03-28 17:02:25.700037,48227.0,13841692.0,376773.4375,1680003145738.2195,2517.0,3665.7846153846153,20060.0,65.43427426089862,15.282510752894028,87.0
88,1680003145.7078495,89,2Item7,2023-03-28 17:02:25.707850,48228.0,13841948.0,376781.25,1680003145746.032,2531.0,3686.174358974359,20061.0,65.41242277508766,15.287615984480096,87.0
89,1680003145.7156622,90,2Item7,2023-03-28 17:02:25.715662,48229.0,13842204.0,376789.0625,1680003145753.8445,2522.0,3673.0666666666657,20060.0,65.43427426089862,15.282510752894028,87.0
90,1680003145.7234747,91,2Item7,2023-03-28 17:02:25.723475,48230.0,13842460.0,376796.875,1680003145761.657,2508.0,3652.6769230769214,20062.0,65.39058587881823,15.292721216066164,87.0
91,1680003145.7312872,92,2Item7,2023-03-28 17:02:25.731287,48231.0,13842716.0,376804.6875,1680003145769.4695,2518.0,3667.2410256410258,20059.0,65.4561403508772,15.277405521307958,87.0
92,1680003145.7390995,93,2Item7,2023-03-28 17:02:25.739100,48232.0,13842972.0,376812.5,1680003145777.282,2500.0,3641.0256410256407,20062.0,65.39058587881823,15.292721216066164,87.0
93,1680003145.7469122,94,2Item7,2023-03-28 17:02:25.746912,48233.0,13843228.0,376820.3125,1680003145785.0945,2519.0,3668.6974358974353,20060.0,65.43427426089862,15.282510752894028,87.0
94,1680003145.7547247,95,2Item7,2023-03-28 17:02:25.754725,48234.0,13843484.0,376828.125,1680003145792.907,2510.0,3655.589743589743,20060.0,65.43427426089862,15.282510752894028,87.0
95,1680003145.7625372,96,2Item7,2023-03-28 17:02:25.762537,48235.0,13843740.0,376835.9375,1680003145800.7195,2515.0,3662.8717948717945,20059.0,65.4561403508772,15.277405521307958,87.0
96,1680003145.7703495,97,2Item7,2023-03-28 17:02:25.770350,48236.0,13843996.0,376843.75,1680003145808.532,2525.0,3677.4358974358975,20059.0,65.4561403508772,15.277405521307958,87.0
97,1680003145.7781622,98,2Item7,2023-03-28 17:02:25.778162,48237.0,13844252.0,376851.5625,1680003145816.3445,2522.0,3673.0666666666657,20059.0,65.4561403508772,15.277405521307958,87.0
98,1680003145.7859747,99,2Item7,2023-03-28 17:02:25.785975,48238.0,13844508.0,376859.375,1680003145824.157,2510.0,3655.589743589743,20060.0,65.43427426089862,15.282510752894028,87.0
99,1680003145.7937872,100,2Item7,2023-03-28 17:02:25.793787,48239.0,13844764.0,376867.1875,1680003145831.9695,2520.0,3670.1538461538457,20058.0,65.47802105966908,15.27230028972189,87.0
100,1680003145.8015995,101,2Item7,2023-03-28 17:02:25.801600,48240.0,13845020.0,376875.0,1680003145839.782,2499.0,3639.569230769231,20060.0,65.43427426089862,15.282510752894028,87.0
101,1680003145.8094122,102,2Item7,2023-03-28 17:02:25.809412,48241.0,13845276.0,376882.8125,1680003145847.5945,2526.0,3678.892307692307,20058.0,65.47802105966908,15.27230028972189,87.0
102,1680003145.8172247,103,2Item7,2023-03-28 17:02:25.817225,48242.0,13845532.0,376890.625,1680003145855.407,2516.0,3664.328205128205,20059.0,65.4561403508772,15.277405521307958,87.0
103,1680003145.8250372,104,2Item7,2023-03-28 17:02:25.825037,48243.0,13845788.0,376898.4375,1680003145863.2195,2518.0,3667.2410256410258,20057.0,65.49991640193947,15.267195058135824,87.0
104,1680003145.8328495,105,2Item7,2023-03-28 17:02:25.832850,48244.0,13846044.0,376906.25,1680003145871.032,2531.0,3686.174358974359,20057.0,65.49991640193947,15.267195058135824,87.0
105,1680003145.8406622,106,2Item7,2023-03-28 17:02:25.840662,48245.0,13846300.0,376914.0625,1680003145878.8445,2523.0,3674.5230769230766,20057.0,65.49991640193947,15.267195058135824,87.0
106,1680003145.8484747,107,2Item7,2023-03-28 17:02:25.848475,48246.0,13846556.0,376921.875,1680003145886.657,2508.0,3652.6769230769214,20058.0,65.47802105966908,15.27230028972189,87.0
107,1680003145.8562872,108,2Item7,2023-03-28 17:02:25.856287,48247.0,13846812.0,376929.6875,1680003145894.4695,2515.0,3662.8717948717945,20056.0,65.52182639237331,15.262089826549754,87.0
108,1680003145.8640995,109,2Item7,2023-03-28 17:02:25.864100,48248.0,13847068.0,376937.5,1680003145902.282,2526.0,3678.892307692307,20056.0,65.52182639237331,15.262089826549754,87.0
109,1680003145.8719122,110,2Item7,2023-03-28 17:02:25.871912,48249.0,13847324.0,376945.3125,1680003145910.0945,2525.0,3677.4358974358975,20056.0,65.52182639237331,15.262089826549754,87.0
110,1680003145.8797247,111,2Item7,2023-03-28 17:02:25.879725,48250.0,13847580.0,376953.125,1680003145917.907,2511.0,3657.0461538461536,20057.0,65.49991640193947,15.267195058135824,87.0
111,1680003145.8875372,112,2Item7,2023-03-28 17:02:25.887537,48251.0,13847836.0,376960.9375,1680003145925.7195,2515.0,3662.8717948717945,20056.0,65.52182639237331,15.262089826549754,87.0
112,1680003145.8953495,113,2Item7,2023-03-28 17:02:25.895350,48252.0,13848092.0,376968.75,1680003145933.532,2524.0,3675.979487179487,20055.0,65.5437510456751,15.256984594963686,87.0
113,1680003145.9031622,114,2Item7,2023-03-28 17:02:25.903162,48253.0,13848348.0,376976.5625,1680003145941.3445,2524.0,3675.979487179487,20055.0,65.5437510456751,15.256984594963686,87.0
114,1680003145.9109747,115,2Item7,2023-03-28 17:02:25.910975,48254.0,13848604.0,376984.375,1680003145949.157,2509.0,3654.1333333333328,20056.0,65.52182639237331,15.262089826549754,87.0
115,1680003145.9187872,116,2Item7,2023-03-28 17:02:25.918787,48255.0,13848860.0,376992.1875,1680003145956.9695,2519.0,3668.6974358974353,20055.0,65.5437510456751,15.256984594963686,87.0
116,1680003145.9265995,117,2Item7,2023-03-28 17:02:25.926600,48256.0,13849116.0,377000.0,1680003145964.782,2525.0,3677.4358974358975,20053.0,65.5876443997991,15.24677413179155,87.0
117,1680003145.9344122,118,2Item7,2023-03-28 17:02:25.934412,48257.0,13849372.0,377007.8125,1680003145972.5945,2522.0,3673.0666666666657,20053.0,65.5876443997991,15.24677413179155,87.0
118,1680003145.9422247,119,2Item7,2023-03-28 17:02:25.942225,48258.0,13849628.0,377015.625,1680003145980.407,2507.0,3651.220512820513,20055.0,65.5437510456751,15.256984594963686,87.0
119,1680003145.9500372,120,2Item7,2023-03-28 17:02:25.950037,48259.0,13849884.0,377023.4375,1680003145988.2195,2524.0,3675.979487179487,20053.0,65.5876443997991,15.24677413179155,87.0
120,1680003145.9578495,121,2Item7,2023-03-28 17:02:25.957850,48260.0,13850140.0,377031.25,1680003145996.032,2521.0,3671.610256410256,20053.0,65.5876443997991,15.24677413179155,87.0
121,1680003145.9656622,122,2Item7,2023-03-28 17:02:25.965662,48261.0,13850396.0,377039.0625,1680003146003.8445,2500.0,3641.0256410256407,20055.0,65.5437510456751,15.256984594963686,87.0
122,1680003145.9734747,123,2Item7,2023-03-28 17:02:25.973475,48262.0,13850652.0,377046.875,1680003146011.657,2507.0,3651.220512820513,20054.0,65.56569037656905,15.251879363377617,87.0
123,1680003145.9812872,124,2Item7,2023-03-28 17:02:25.981287,48263.0,13850908.0,377054.6875,1680003146019.4695,2517.0,3665.7846153846153,20052.0,65.60961313012896,15.241668900205484,87.0
124,1680003145.9890995,125,2Item7,2023-03-28 17:02:25.989100,48264.0,13851164.0,377062.5,1680003146027.282,2522.0,3673.0666666666657,20052.0,65.60961313012896,15.241668900205484,87.0
125,1680003145.9969122,126,2Item7,2023-03-28 17:02:25.996912,48265.0,13851420.0,377070.3125,1680003146035.0945,2521.0,3671.610256410256,20051.0,65.63159658234211,15.236563668619414,87.0
126,1680003146.0047247,127,2Item7,2023-03-28 17:02:26.004725,48266.0,13851676.0,377078.125,1680003146042.907,2504.0,3646.8512820512815,20053.0,65.5876443997991,15.24677413179155,87.0
127,1680003146.0125372,128,2Item7,2023-03-28 17:02:26.012537,48267.0,13851932.0,377085.9375,1680003146050.7195,2514.0,3661.415384615385,20052.0,65.60961313012896,15.241668900205484,87.0
128,1680003146.0203495,129,2Item7,2023-03-28 17:02:26.020350,48268.0,13852188.0,377093.75,1680003146058.532,2522.0,3673.0666666666657,20050.0,65.65359477124184,15.231458437033346,87.0
129,1680003146.0281622,130,2Item7,2023-03-28 17:02:26.028162,48269.0,13852444.0,377101.5625,1680003146066.3445,2525.0,3677.4358974358975,20050.0,65.65359477124184,15.231458437033346,87.0
130,1680003146.0359747,131,2Item7,2023-03-28 17:02:26.035975,48270.0,13852700.0,377109.375,1680003146074.157,2515.0,3662.8717948717945,20051.0,65.63159658234211,15.236563668619414,87.0
131,1680003146.0437872,132,2Item7,2023-03-28 17:02:26.043787,48271.0,13852956.0,377117.1875,1680003146081.9695,2510.0,3655.589743589743,20050.0,65.65359477124184,15.231458437033346,87.0
132,1680003146.0515995,133,2Item7,2023-03-28 17:02:26.051600,48272.0,13853212.0,377125.0,1680003146089.782,2522.0,3673.0666666666657,20049.0,65.67560771165131,15.22635320544728,87.0
133,1680003146.0594122,134,2Item7,2023-03-28 17:02:26.059412,48273.0,13853468.0,377132.8125,1680003146097.5945,2524.0,3675.979487179487,20049.0,65.67560771165131,15.22635320544728,87.0
134,1680003146.0672247,135,2Item7,2023-03-28 17:02:26.067225,48274.0,13853724.0,377140.625,1680003146105.407,2512.0,3658.502564102564,20050.0,65.65359477124184,15.231458437033346,87.0
135,1680003146.0750372,136,2Item7,2023-03-28 17:02:26.075037,48275.0,13853980.0,377148.4375,1680003146113.2195,2516.0,3664.328205128205,20049.0,65.67560771165131,15.22635320544728,87.0
136,1680003146.0828495,137,2Item7,2023-03-28 17:02:26.082850,48276.0,13854236.0,377156.25,1680003146121.032,2526.0,3678.892307692307,20049.0,65.67560771165131,15.22635320544728,87.0
137,1680003146.0906622,138,2Item7,2023-03-28 17:02:26.090662,48277.0,13854492.0,377164.0625,1680003146128.8445,2522.0,3673.0666666666657,20049.0,65.67560771165131,15.22635320544728,87.0
138,1680003146.0984747,139,2Item7,2023-03-28 17:02:26.098475,48278.0,13854748.0,377171.875,1680003146136.657,2511.0,3657.0461538461536,20050.0,65.65359477124184,15.231458437033346,87.0
139,1680003146.1062872,140,2Item7,2023-03-28 17:02:26.106287,48279.0,13855004.0,377179.6875,1680003146144.4695,2509.0,3654.1333333333328,20048.0,65.69763541841354,15.221247973861216,87.0
140,1680003146.1140995,141,2Item7,2023-03-28 17:02:26.114100,48280.0,13855260.0,377187.5,1680003146152.282,2520.0,3670.1538461538457,20047.0,65.71967790639155,15.216142742275144,87.0
141,1680003146.1219122,142,2Item7,2023-03-28 17:02:26.121912,48281.0,13855516.0,377195.3125,1680003146160.0945,2525.0,3677.4358974358975,20046.0,65.7417351904682,15.211037510689078,87.0
142,1680003146.1297247,143,2Item7,2023-03-28 17:02:26.129725,48282.0,13855772.0,377203.125,1680003146167.907,2502.0,3643.9384615384606,20048.0,65.69763541841354,15.221247973861216,87.0
143,1680003146.1375372,144,2Item7,2023-03-28 17:02:26.137537,48283.0,13856028.0,377210.9375,1680003146175.7195,2518.0,3667.2410256410258,20047.0,65.71967790639155,15.216142742275144,87.0
144,1680003146.1453495,145,2Item7,2023-03-28 17:02:26.145350,48284.0,13856284.0,377218.75,1680003146183.532,2519.0,3668.6974358974353,20046.0,65.7417351904682,15.211037510689078,87.0
145,1680003146.1531622,146,2Item7,2023-03-28 17:02:26.153162,48285.0,13856540.0,377226.5625,1680003146191.3445,2521.0,3671.610256410256,20046.0,65.7417351904682,15.211037510689078,87.0
146,1680003146.1609747,147,2Item7,2023-03-28 17:02:26.160975,48286.0,13856796.0,377234.375,1680003146199.157,2509.0,3654.1333333333328,20047.0,65.71967790639155,15.216142742275144,87.0
147,1680003146.1687872,148,2Item7,2023-03-28 17:02:26.168787,48287.0,13857052.0,377242.1875,1680003146206.9695,2509.0,3654.1333333333328,20047.0,65.71967790639155,15.216142742275144,87.0
148,1680003146.1765995,149,2Item7,2023-03-28 17:02:26.176600,48288.0,13857308.0,377250.0,1680003146214.782,2518.0,3667.2410256410258,20045.0,65.76380728554642,15.20593227910301,87.0
149,1680003146.1844122,150,2Item7,2023-03-28 17:02:26.184412,48289.0,13857564.0,377257.8125,1680003146222.5945,2517.0,3665.7846153846153,20046.0,65.7417351904682,15.211037510689078,87.0
150,1680003146.1922247,151,2Item7,2023-03-28 17:02:26.192225,48290.0,13857820.0,377265.625,1680003146230.407,2510.0,3655.589743589743,20046.0,65.7417351904682,15.211037510689078,87.0
151,1680003146.2000372,152,2Item7,2023-03-28 17:02:26.200037,48291.0,13858076.0,377273.4375,1680003146238.2195,2508.0,3652.6769230769214,20046.0,65.7417351904682,15.211037510689078,87.0
152,1680003146.2078495,153,2Item7,2023-03-28 17:02:26.207850,48292.0,13858332.0,377281.25,1680003146246.032,2523.0,3674.5230769230766,20045.0,65.76380728554642,15.20593227910301,87.0
153,1680003146.2156622,154,2Item7,2023-03-28 17:02:26.215662,48293.0,13858588.0,377289.0625,1680003146253.8445,2526.0,3678.892307692307,20043.0,65.80799596841929,15.195721815930874,87.0
154,1680003146.2234747,155,2Item7,2023-03-28 17:02:26.223475,48294.0,13858844.0,377296.875,1680003146261.657,2507.0,3651.220512820513,20044.0,65.78589420654913,15.20082704751694,87.0
155,1680003146.2312872,156,2Item7,2023-03-28 17:02:26.231287,48295.0,13859100.0,377304.6875,1680003146269.4695,2513.0,3659.958974358974,20043.0,65.80799596841929,15.195721815930874,87.0
156,1680003146.2390995,157,2Item7,2023-03-28 17:02:26.239100,48296.0,13859356.0,377312.5,1680003146277.282,2520.0,3670.1538461538457,20042.0,65.83011258611998,15.190616584344808,87.0
157,1680003146.2469122,158,2Item7,2023-03-28 17:02:26.246912,48297.0,13859612.0,377320.3125,1680003146285.0945,2522.0,3673.0666666666657,20042.0,65.83011258611998,15.190616584344808,87.0
158,1680003146.2547247,159,2Item7,2023-03-28 17:02:26.254725,48298.0,13859868.0,377328.125,1680003146292.907,2512.0,3658.502564102564,20043.0,65.80799596841929,15.195721815930874,87.0
159,1680003146.2625372,160,2Item7,2023-03-28 17:02:26.262537,48299.0,13860124.0,377335.9375,1680003146300.7195,2519.0,3668.6974358974353,20041.0,65.8522440746344,15.185511352758738,87.0
160,1680003146.2703495,161,2Item7,2023-03-28 17:02:26.270350,48300.0,13860380.0,377343.75,1680003146308.532,2519.0,3668.6974358974353,20041.0,65.8522440746344,15.185511352758738,87.0
161,1680003146.2781622,162,2Item7,2023-03-28 17:02:26.278162,48301.0,13860636.0,377351.5625,1680003146316.3445,2520.0,3670.1538461538457,20040.0,65.87439044896587,15.180406121172672,87.0
162,1680003146.2859747,163,2Item7,2023-03-28 17:02:26.285975,48302.0,13860892.0,377359.375,1680003146324.157,2509.0,3654.1333333333328,20042.0,65.83011258611998,15.190616584344808,87.0
163,1680003146.2937872,164,2Item7,2023-03-28 17:02:26.293787,48303.0,13861148.0,377367.1875,1680003146331.9695,2515.0,3662.8717948717945,20040.0,65.87439044896587,15.180406121172672,87.0
164,1680003146.3015995,165,2Item7,2023-03-28 17:02:26.301600,48304.0,13861404.0,377375.0,1680003146339.782,2516.0,3664.328205128205,20039.0,65.89655172413794,15.175300889586604,87.0
165,1680003146.3094122,166,2Item7,2023-03-28 17:02:26.309412,48305.0,13861660.0,377382.8125,1680003146347.5945,2520.0,3670.1538461538457,20039.0,65.89655172413794,15.175300889586604,87.0
166,1680003146.3172247,167,2Item7,2023-03-28 17:02:26.317225,48306.0,13861916.0,377390.625,1680003146355.407,2510.0,3655.589743589743,20041.0,65.8522440746344,15.185511352758738,87.0
167,1680003146.3250372,168,2Item7,2023-03-28 17:02:26.325037,48307.0,13862172.0,377398.4375,1680003146363.2195,2532.0,3687.6307692307687,20040.0,65.87439044896587,15.180406121172672,87.0
168,1680003146.3328495,169,2Item7,2023-03-28 17:02:26.332850,48308.0,13862428.0,377406.25,1680003146371.032,2522.0,3673.0666666666657,20038.0,65.91872791519435,15.170195658000535,87.0
169,1680003146.3406622,170,2Item7,2023-03-28 17:02:26.340662,48309.0,13862684.0,377414.0625,1680003146378.8445,2523.0,3674.5230769230766,20038.0,65.91872791519435,15.170195658000535,87.0
170,1680003146.3484747,171,2Item7,2023-03-28 17:02:26.348475,48310.0,13862940.0,377421.875,1680003146386.657,2511.0,3657.0461538461536,20040.0,65.87439044896587,15.180406121172672,87.0
171,1680003146.3562872,172,2Item7,2023-03-28 17:02:26.356287,48311.0,13863196.0,377429.6875,1680003146394.4695,2519.0,3668.6974358974353,20037.0,65.94091903719914,15.165090426414466,87.0
172,1680003146.3640995,173,2Item7,2023-03-28 17:02:26.364100,48312.0,13863452.0,377437.5,1680003146402.282,2510.0,3655.589743589743,20039.0,65.89655172413794,15.175300889586604,87.0
173,1680003146.3719122,174,2Item7,2023-03-28 17:02:26.371912,48313.0,13863708.0,377445.3125,1680003146410.0945,2523.0,3674.5230769230766,20037.0,65.94091903719914,15.165090426414466,87.0
174,1680003146.3797247,175,2Item7,2023-03-28 17:02:26.379725,48314.0,13863964.0,377453.125,1680003146417.907,2502.0,3643.9384615384606,20037.0,65.94091903719914,15.165090426414466,87.0
175,1680003146.3875372,176,2Item7,2023-03-28 17:02:26.387537,48315.0,13864220.0,377460.9375,1680003146425.7195,2514.0,3661.415384615385,20037.0,65.94091903719914,15.165090426414466,87.0
176,1680003146.3953495,177,2Item7,2023-03-28 17:02:26.395350,48316.0,13864476.0,377468.75,1680003146433.532,2503.0,3645.394871794872,20038.0,65.91872791519435,15.170195658000535,87.0
177,1680003146.4031622,178,2Item7,2023-03-28 17:02:26.403162,48317.0,13864732.0,377476.5625,1680003146441.3445,2528.0,3681.805128205128,20035.0,65.98534613441133,15.15487996324233,87.0
178,1680003146.4109747,179,2Item7,2023-03-28 17:02:26.410975,48318.0,13864988.0,377484.375,1680003146449.157,2512.0,3658.502564102564,20037.0,65.94091903719914,15.165090426414466,87.0
179,1680003146.4187872,180,2Item7,2023-03-28 17:02:26.418787,48319.0,13865244.0,377492.1875,1680003146456.9695,2519.0,3668.6974358974353,20035.0,65.98534613441133,15.15487996324233,87.0
180,1680003146.4265995,181,2Item7,2023-03-28 17:02:26.426600,48320.0,13865500.0,377500.0,1680003146464.782,2518.0,3667.2410256410258,20035.0,65.98534613441133,15.15487996324233,87.0
181,1680003146.4344122,182,2Item7,2023-03-28 17:02:26.434412,48321.0,13865756.0,377507.8125,1680003146472.5945,2520.0,3670.1538461538457,20035.0,65.98534613441133,15.15487996324233,87.0
182,1680003146.4422247,183,2Item7,2023-03-28 17:02:26.442225,48322.0,13866012.0,377515.625,1680003146480.407,2514.0,3661.415384615385,20035.0,65.98534613441133,15.15487996324233,87.0
183,1680003146.4500372,184,2Item7,2023-03-28 17:02:26.450037,48323.0,13866268.0,377523.4375,1680003146488.2195,2518.0,3667.2410256410258,20034.0,66.00758213984837,15.149774731656263,87.0
184,1680003146.4578495,185,2Item7,2023-03-28 17:02:26.457850,48324.0,13866524.0,377531.25,1680003146496.032,2524.0,3675.979487179487,20033.0,66.02983313669307,15.144669500070195,87.0
185,1680003146.4656622,186,2Item7,2023-03-28 17:02:26.465662,48325.0,13866780.0,377539.0625,1680003146503.8445,2524.0,3675.979487179487,20033.0,66.02983313669307,15.144669500070195,87.0
186,1680003146.4734747,187,2Item7,2023-03-28 17:02:26.473475,48326.0,13867036.0,377546.875,1680003146511.657,2515.0,3662.8717948717945,20034.0,66.00758213984837,15.149774731656263,87.0
187,1680003146.4812872,188,2Item7,2023-03-28 17:02:26.481287,48327.0,13867292.0,377554.6875,1680003146519.4695,2526.0,3678.892307692307,20034.0,66.00758213984837,15.149774731656263,87.0
188,1680003146.4890995,189,2Item7,2023-03-28 17:02:26.489100,48328.0,13867548.0,377562.5,1680003146527.282,2531.0,3686.174358974359,20033.0,66.02983313669307,15.144669500070195,87.0
189,1680003146.4969122,190,2Item7,2023-03-28 17:02:26.496912,48329.0,13867804.0,377570.3125,1680003146535.0945,2524.0,3675.979487179487,20032.0,66.0520991401113,15.139564268484126,87.0
190,1680003146.5047247,191,2Item7,2023-03-28 17:02:26.504725,48330.0,13868060.0,377578.125,1680003146542.907,2510.0,3655.589743589743,20033.0,66.02983313669307,15.144669500070195,87.0
191,1680003146.5125372,192,2Item7,2023-03-28 17:02:26.512537,48331.0,13868316.0,377585.9375,1680003146550.7195,2519.0,3668.6974358974353,20031.0,66.07438016528926,15.134459036898065,87.0
192,1680003146.5203495,193,2Item7,2023-03-28 17:02:26.520350,48332.0,13868572.0,377593.75,1680003146558.532,2523.0,3674.5230769230766,20030.0,66.09667622743379,15.129353805311991,87.0
193,1680003146.5281622,194,2Item7,2023-03-28 17:02:26.528162,48333.0,13868828.0,377601.5625,1680003146566.3445,2498.0,3638.11282051282,20033.0,66.02983313669307,15.144669500070195,87.0
194,1680003146.5359747,195,2Item7,2023-03-28 17:02:26.535975,48334.0,13869084.0,377609.375,1680003146574.157,2507.0,3651.220512820513,20032.0,66.0520991401113,15.139564268484126,87.0
195,1680003146.5437872,196,2Item7,2023-03-28 17:02:26.543787,48335.0,13869340.0,377617.1875,1680003146581.9695,2521.0,3671.610256410256,20031.0,66.07438016528926,15.134459036898065,87.0
196,1680003146.5515995,197,2Item7,2023-03-28 17:02:26.551600,48336.0,13869596.0,377625.0,1680003146589.782,2526.0,3678.892307692307,20030.0,66.09667622743379,15.129353805311991,87.0
197,1680003146.5594122,198,2Item7,2023-03-28 17:02:26.559412,48337.0,13869852.0,377632.8125,1680003146597.5945,2528.0,3681.805128205128,20029.0,66.11898734177215,15.124248573725923,87.0
198,1680003146.5672247,199,2Item7,2023-03-28 17:02:26.567225,48338.0,13870108.0,377640.625,1680003146605.407,2512.0,3658.502564102564,20030.0,66.09667622743379,15.129353805311991,87.0
199,1680003146.5750372,200,2Item7,2023-03-28 17:02:26.575037,48339.0,13870364.0,377648.4375,1680003146613.2195,2524.0,3675.979487179487,20029.0,66.11898734177215,15.124248573725923,87.0
200,1680003146.5828495,201,2Item7,2023-03-28 17:02:26.582850,48340.0,13870620.0,377656.25,1680003146621.032,2507.0,3651.220512820513,20030.0,66.09667622743379,15.129353805311991,87.0
201,1680003146.5906622,202,2Item7,2023-03-28 17:02:26.590662,48341.0,13870876.0,377664.0625,1680003146628.8445,2528.0,3681.805128205128,20028.0,66.14131352355226,15.119143342139855,87.0
202,1680003146.5984747,203,2Item7,2023-03-28 17:02:26.598475,48342.0,13871132.0,377671.875,1680003146636.657,2511.0,3657.0461538461536,20029.0,66.11898734177215,15.124248573725923,87.0
203,1680003146.6062872,204,2Item7,2023-03-28 17:02:26.606287,48343.0,13871388.0,377679.6875,1680003146644.4695,2519.0,3668.6974358974353,20028.0,66.14131352355226,15.119143342139855,87.0
204,1680003146.6140995,205,2Item7,2023-03-28 17:02:26.614100,48344.0,13871644.0,377687.5,1680003146652.282,2521.0,3671.610256410256,20028.0,66.14131352355226,15.119143342139855,87.0
205,1680003146.6219122,206,2Item7,2023-03-28 17:02:26.621912,48345.0,13871900.0,377695.3125,1680003146660.0945,2524.0,3675.979487179487,20028.0,66.14131352355226,15.119143342139855,87.0
206,1680003146.6297247,207,2Item7,2023-03-28 17:02:26.629725,48346.0,13872156.0,377703.125,1680003146667.907,2513.0,3659.958974358974,20028.0,66.14131352355226,15.119143342139855,87.0
207,1680003146.6375372,208,2Item7,2023-03-28 17:02:26.637537,48347.0,13872412.0,377710.9375,1680003146675.7195,2522.0,3673.0666666666657,20027.0,66.16365478804256,15.114038110553787,87.0
208,1680003146.6453495,209,2Item7,2023-03-28 17:02:26.645350,48348.0,13872668.0,377718.75,1680003146683.532,2519.0,3668.6974358974353,20026.0,66.1860111505322,15.10893287896772,87.0
209,1680003146.6531622,210,2Item7,2023-03-28 17:02:26.653162,48349.0,13872924.0,377726.5625,1680003146691.3445,2521.0,3671.610256410256,20026.0,66.1860111505322,15.10893287896772,87.0
210,1680003146.6609747,211,2Item7,2023-03-28 17:02:26.660975,48350.0,13873180.0,377734.375,1680003146699.157,2507.0,3651.220512820513,20028.0,66.14131352355226,15.119143342139855,87.0
211,1680003146.6687872,212,2Item7,2023-03-28 17:02:26.668787,48351.0,13873436.0,377742.1875,1680003146706.9695,2502.0,3643.9384615384606,20027.0,66.16365478804256,15.114038110553787,87.0
212,1680003146.6765995,213,2Item7,2023-03-28 17:02:26.676600,48352.0,13873692.0,377750.0,1680003146714.782,2523.0,3674.5230769230766,20026.0,66.1860111505322,15.10893287896772,87.0
213,1680003146.6844122,214,2Item7,2023-03-28 17:02:26.684412,48353.0,13873948.0,377757.8125,1680003146722.5945,2523.0,3674.5230769230766,20026.0,66.1860111505322,15.10893287896772,87.0
214,1680003146.6922247,215,2Item7,2023-03-28 17:02:26.692225,48354.0,13874204.0,377765.625,1680003146730.407,2505.0,3648.307692307692,20026.0,66.1860111505322,15.10893287896772,87.0
215,1680003146.7000372,216,2Item7,2023-03-28 17:02:26.700037,48355.0,13874460.0,377773.4375,1680003146738.2195,2522.0,3673.0666666666657,20026.0,66.1860111505322,15.10893287896772,87.0
216,1680003146.7078495,217,2Item7,2023-03-28 17:02:26.707850,48356.0,13874716.0,377781.25,1680003146746.032,2524.0,3675.979487179487,20026.0,66.1860111505322,15.10893287896772,87.0
217,1680003146.7156622,218,2Item7,2023-03-28 17:02:26.715662,48357.0,13874972.0,377789.0625,1680003146753.8445,2526.0,3678.892307692307,20025.0,66.20838262633092,15.103827647381651,87.0
218,1680003146.7234747,219,2Item7,2023-03-28 17:02:26.723475,48358.0,13875228.0,377796.875,1680003146761.657,2510.0,3655.589743589743,20026.0,66.1860111505322,15.10893287896772,87.0
219,1680003146.7312872,220,2Item7,2023-03-28 17:02:26.731287,48359.0,13875484.0,377804.6875,1680003146769.4695,2522.0,3673.0666666666657,20025.0,66.20838262633092,15.103827647381651,87.0
220,1680003146.7390995,221,2Item7,2023-03-28 17:02:26.739100,48360.0,13875740.0,377812.5,1680003146777.282,2532.0,3687.6307692307687,20024.0,66.23076923076924,15.098722415795583,87.0
221,1680003146.7469122,222,2Item7,2023-03-28 17:02:26.746912,48361.0,13875996.0,377820.3125,1680003146785.0945,2526.0,3678.892307692307,20025.0,66.20838262633092,15.103827647381651,87.0
222,1680003146.7547247,223,2Item7,2023-03-28 17:02:26.754725,48362.0,13876252.0,377828.125,1680003146792.907,2506.0,3649.7641025641024,20025.0,66.20838262633092,15.103827647381651,87.0
223,1680003146.7625372,224,2Item7,2023-03-28 17:02:26.762537,48363.0,13876508.0,377835.9375,1680003146800.7195,2517.0,3665.7846153846153,20024.0,66.23076923076924,15.098722415795583,87.0
224,1680003146.7703495,225,2Item7,2023-03-28 17:02:26.770350,48364.0,13876764.0,377843.75,1680003146808.532,2524.0,3675.979487179487,20024.0,66.23076923076924,15.098722415795583,87.0
225,1680003146.7781622,226,2Item7,2023-03-28 17:02:26.778162,48365.0,13877020.0,377851.5625,1680003146816.3445,2524.0,3675.979487179487,20024.0,66.23076923076924,15.098722415795583,87.0
226,1680003146.7859747,227,2Item7,2023-03-28 17:02:26.785975,48366.0,13877276.0,377859.375,1680003146824.157,2508.0,3652.6769230769214,20026.0,66.1860111505322,15.10893287896772,87.0
227,1680003146.7937872,228,2Item7,2023-03-28 17:02:26.793787,48367.0,13877532.0,377867.1875,1680003146831.9695,2524.0,3675.979487179487,20025.0,66.20838262633092,15.103827647381651,87.0
228,1680003146.8015995,229,2Item7,2023-03-28 17:02:26.801600,48368.0,13877788.0,377875.0,1680003146839.782,2508.0,3652.6769230769214,20026.0,66.1860111505322,15.10893287896772,87.0
229,1680003146.8094122,230,2Item7,2023-03-28 17:02:26.809412,48369.0,13878044.0,377882.8125,1680003146847.5945,2524.0,3675.979487179487,20024.0,66.23076923076924,15.098722415795583,87.0
230,1680003146.8172247,231,2Item7,2023-03-28 17:02:26.817225,48370.0,13878300.0,377890.625,1680003146855.407,2502.0,3643.9384615384606,20025.0,66.20838262633092,15.103827647381651,87.0
231,1680003146.8250372,232,2Item7,2023-03-28 17:02:26.825037,48371.0,13878556.0,377898.4375,1680003146863.2195,2527.0,3680.348717948717,20024.0,66.23076923076924,15.098722415795583,87.0
232,1680003146.8328495,233,2Item7,2023-03-28 17:02:26.832850,48372.0,13878812.0,377906.25,1680003146871.032,2513.0,3659.958974358974,20025.0,66.20838262633092,15.103827647381651,87.0
233,1680003146.8406622,234,2Item7,2023-03-28 17:02:26.840662,48373.0,13879068.0,377914.0625,1680003146878.8445,2516.0,3664.328205128205,20022.0,66.27558788699037,15.088511952623447,87.0
234,1680003146.8484747,235,2Item7,2023-03-28 17:02:26.848475,48374.0,13879324.0,377921.875,1680003146886.657,2505.0,3648.307692307692,20024.0,66.23076923076924,15.098722415795583,87.0
235,1680003146.8562872,236,2Item7,2023-03-28 17:02:26.856287,48375.0,13879580.0,377929.6875,1680003146894.4695,2529.0,3683.2615384615374,20024.0,66.23076923076924,15.098722415795583,87.0
236,1680003146.8640995,237,2Item7,2023-03-28 17:02:26.864100,48376.0,13879836.0,377937.5,1680003146902.282,2521.0,3671.610256410256,20022.0,66.27558788699037,15.088511952623447,87.0
237,1680003146.8719122,238,2Item7,2023-03-28 17:02:26.871912,48377.0,13880092.0,377945.3125,1680003146910.0945,2520.0,3670.1538461538457,20023.0,66.2531709791984,15.093617184209512,87.0
238,1680003146.8797247,239,2Item7,2023-03-28 17:02:26.879725,48378.0,13880348.0,377953.125,1680003146917.907,2516.0,3664.328205128205,20024.0,66.23076923076924,15.098722415795583,87.0
239,1680003146.8875372,240,2Item7,2023-03-28 17:02:26.887537,48379.0,13880604.0,377960.9375,1680003146925.7195,2516.0,3664.328205128205,20023.0,66.2531709791984,15.093617184209512,87.0
240,1680003146.8953495,241,2Item7,2023-03-28 17:02:26.895350,48380.0,13880860.0,377968.75,1680003146933.532,2526.0,3678.892307692307,20022.0,66.27558788699037,15.088511952623447,87.0
241,1680003146.9031622,242,2Item7,2023-03-28 17:02:26.903162,48381.0,13881116.0,377976.5625,1680003146941.3445,2529.0,3683.2615384615374,20021.0,66.298019969538,15.08340672103738,87.0
242,1680003146.9109747,243,2Item7,2023-03-28 17:02:26.910975,48382.0,13881372.0,377984.375,1680003146949.157,2507.0,3651.220512820513,20024.0,66.23076923076924,15.098722415795583,87.0
243,1680003146.9187872,244,2Item7,2023-03-28 17:02:26.918787,48383.0,13881628.0,377992.1875,1680003146956.9695,2519.0,3668.6974358974353,20023.0,66.2531709791984,15.093617184209512,87.0
244,1680003146.9265995,245,2Item7,2023-03-28 17:02:26.926600,48384.0,13881884.0,378000.0,1680003146964.782,2517.0,3665.7846153846153,20022.0,66.27558788699037,15.088511952623447,87.0
245,1680003146.9344122,246,2Item7,2023-03-28 17:02:26.934412,48385.0,13882140.0,378007.8125,1680003146972.5945,2521.0,3671.610256410256,20021.0,66.298019969538,15.08340672103738,87.0
246,1680003146.9422247,247,2Item7,2023-03-28 17:02:26.942225,48386.0,13882396.0,378015.625,1680003146980.407,2509.0,3654.1333333333328,20023.0,66.2531709791984,15.093617184209512,87.0
247,1680003146.9500372,248,2Item7,2023-03-28 17:02:26.950037,48387.0,13882652.0,378023.4375,1680003146988.2195,2523.0,3674.5230769230766,20022.0,66.27558788699037,15.088511952623447,87.0
248,1680003146.9578495,249,2Item7,2023-03-28 17:02:26.957850,48388.0,13882908.0,378031.25,1680003146996.032,2521.0,3671.610256410256,20022.0,66.27558788699037,15.088511952623447,87.0
249,1680003146.9656622,250,2Item7,2023-03-28 17:02:26.965662,48389.0,13883164.0,378039.0625,1680003147003.8445,2524.0,3675.979487179487,20021.0,66.298019969538,15.08340672103738,87.0
250,1680003146.9734747,251,2Item7,2023-03-28 17:02:26.973475,48390.0,13883420.0,378046.875,1680003147011.657,2508.0,3652.6769230769214,20022.0,66.27558788699037,15.088511952623447,87.0
251,1680003146.9812872,252,2Item7,2023-03-28 17:02:26.981287,48391.0,13883676.0,378054.6875,1680003147019.4695,2522.0,3673.0666666666657,20022.0,66.27558788699037,15.088511952623447,87.0
252,1680003146.9890995,253,2Item7,2023-03-28 17:02:26.989100,48392.0,13883932.0,378062.5,1680003147027.282,2523.0,3674.5230769230766,20021.0,66.298019969538,15.08340672103738,87.0
253,1680003146.9969122,254,2Item7,2023-03-28 17:02:26.996912,48393.0,13884188.0,378070.3125,1680003147035.0945,2528.0,3681.805128205128,20021.0,66.298019969538,15.08340672103738,87.0
254,1680003147.0047247,255,2Item7,2023-03-28 17:02:27.004725,48394.0,13884444.0,378078.125,1680003147042.907,2507.0,3651.220512820513,20022.0,66.27558788699037,15.088511952623447,87.0
255,1680003147.0125372,256,2Item7,2023-03-28 17:02:27.012537,48395.0,13884700.0,378085.9375,1680003147050.7195,2517.0,3665.7846153846153,20021.0,66.298019969538,15.08340672103738,87.0
256,1680003147.0203495,257,2Item7,2023-03-28 17:02:27.020350,48396.0,13884956.0,378093.75,1680003147058.532,2524.0,3675.979487179487,20021.0,66.298019969538,15.08340672103738,87.0
257,1680003147.0281622,258,2Item7,2023-03-28 17:02:27.028162,48397.0,13885212.0,378101.5625,1680003147066.3445,2521.0,3671.610256410256,20020.0,66.32046724225495,15.078301489451317,87.0
258,1680003147.0359747,259,2Item7,2023-03-28 17:02:27.035975,48398.0,13885468.0,378109.375,1680003147074.157,2507.0,3651.220512820513,20021.0,66.298019969538,15.08340672103738,87.0
259,1680003147.0437872,260,2Item7,2023-03-28 17:02:27.043787,48399.0,13885724.0,378117.1875,1680003147081.9695,2515.0,3662.8717948717945,20020.0,66.32046724225495,15.078301489451317,87.0
260,1680003147.0515995,261,2Item7,2023-03-28 17:02:27.051600,48400.0,13885980.0,378125.0,1680003147089.782,2519.0,3668.6974358974353,20020.0,66.32046724225495,15.078301489451317,87.0
261,1680003147.0594122,262,2Item7,2023-03-28 17:02:27.059412,48401.0,13886236.0,378132.8125,1680003147097.5945,2522.0,3673.0666666666657,20020.0,66.32046724225495,15.078301489451317,87.0
262,1680003147.0672247,263,2Item7,2023-03-28 17:02:27.067225,48402.0,13886492.0,378140.625,1680003147105.407,2512.0,3658.502564102564,20021.0,66.298019969538,15.08340672103738,87.0
263,1680003147.0750372,264,2Item7,2023-03-28 17:02:27.075037,48403.0,13886748.0,378148.4375,1680003147113.2195,2512.0,3658.502564102564,20019.0,66.34292972057578,15.073196257865249,87.0
264,1680003147.0828495,265,2Item7,2023-03-28 17:02:27.082850,48404.0,13887004.0,378156.25,1680003147121.032,2522.0,3673.0666666666657,20020.0,66.32046724225495,15.078301489451317,87.0
265,1680003147.0906622,266,2Item7,2023-03-28 17:02:27.090662,48405.0,13887260.0,378164.0625,1680003147128.8445,2520.0,3670.1538461538457,20019.0,66.34292972057578,15.073196257865249,87.0
266,1680003147.0984747,267,2Item7,2023-03-28 17:02:27.098475,48406.0,13887516.0,378171.875,1680003147136.657,2508.0,3652.6769230769214,20021.0,66.298019969538,15.08340672103738,87.0
267,1680003147.1062872,268,2Item7,2023-03-28 17:02:27.106287,48407.0,13887772.0,378179.6875,1680003147144.4695,2522.0,3673.0666666666657,20021.0,66.298019969538,15.08340672103738,87.0
268,1680003147.1140995,269,2Item7,2023-03-28 17:02:27.114100,48408.0,13888028.0,378187.5,1680003147152.282,2524.0,3675.979487179487,20019.0,66.34292972057578,15.073196257865249,87.0
269,1680003147.1219122,270,2Item7,2023-03-28 17:02:27.121912,48409.0,13888284.0,378195.3125,1680003147160.0945,2525.0,3677.4358974358975,20019.0,66.34292972057578,15.073196257865249,87.0
270,1680003147.1297247,271,2Item7,2023-03-28 17:02:27.129725,48410.0,13888540.0,378203.125,1680003147167.907,2513.0,3659.958974358974,20021.0,66.298019969538,15.08340672103738,87.0
271,1680003147.1375372,272,2Item7,2023-03-28 17:02:27.137537,48411.0,13888796.0,378210.9375,1680003147175.7195,2521.0,3671.610256410256,20021.0,66.298019969538,15.08340672103738,87.0
272,1680003147.1453495,273,2Item7,2023-03-28 17:02:27.145350,48412.0,13889052.0,378218.75,1680003147183.532,2525.0,3677.4358974358975,20019.0,66.34292972057578,15.073196257865249,87.0
273,1680003147.1531622,274,2Item7,2023-03-28 17:02:27.153162,48413.0,13889308.0,378226.5625,1680003147191.3445,2529.0,3683.2615384615374,20018.0,66.36540741995596,15.06809102627918,87.0
274,1680003147.1609747,275,2Item7,2023-03-28 17:02:27.160975,48414.0,13889564.0,378234.375,1680003147199.157,2510.0,3655.589743589743,20021.0,66.298019969538,15.08340672103738,87.0
275,1680003147.1687872,276,2Item7,2023-03-28 17:02:27.168787,48415.0,13889820.0,378242.1875,1680003147206.9695,2516.0,3664.328205128205,20019.0,66.34292972057578,15.073196257865249,87.0
276,1680003147.1765995,277,2Item7,2023-03-28 17:02:27.176600,48416.0,13890076.0,378250.0,1680003147214.782,2529.0,3683.2615384615374,20019.0,66.34292972057578,15.073196257865249,87.0
277,1680003147.1844122,278,2Item7,2023-03-28 17:02:27.184412,48417.0,13890332.0,378257.8125,1680003147222.5945,2510.0,3655.589743589743,20020.0,66.32046724225495,15.078301489451317,87.0
278,1680003147.1922247,279,2Item7,2023-03-28 17:02:27.192225,48418.0,13890588.0,378265.625,1680003147230.407,2510.0,3655.589743589743,20020.0,66.32046724225495,15.078301489451317,87.0
279,1680003147.2000372,280,2Item7,2023-03-28 17:02:27.200037,48419.0,13890844.0,378273.4375,1680003147238.2195,2517.0,3665.7846153846153,20019.0,66.34292972057578,15.073196257865249,87.0
280,1680003147.2078495,281,2Item7,2023-03-28 17:02:27.207850,48420.0,13891100.0,378281.25,1680003147246.032,2524.0,3675.979487179487,20019.0,66.34292972057578,15.073196257865249,87.0
281,1680003147.2156622,282,2Item7,2023-03-28 17:02:27.215662,48421.0,13891356.0,378289.0625,1680003147253.8445,2524.0,3675.979487179487,20019.0,66.34292972057578,15.073196257865249,87.0
282,1680003147.2234747,283,2Item7,2023-03-28 17:02:27.223475,48422.0,13891612.0,378296.875,1680003147261.657,2514.0,3661.415384615385,20020.0,66.32046724225495,15.078301489451317,87.0
283,1680003147.2312872,284,2Item7,2023-03-28 17:02:27.231287,48423.0,13891868.0,378304.6875,1680003147269.4695,2515.0,3662.8717948717945,20020.0,66.32046724225495,15.078301489451317,87.0
284,1680003147.2390995,285,2Item7,2023-03-28 17:02:27.239100,48424.0,13892124.0,378312.5,1680003147277.282,2517.0,3665.7846153846153,20018.0,66.36540741995596,15.06809102627918,87.0
285,1680003147.2469122,286,2Item7,2023-03-28 17:02:27.246912,48425.0,13892380.0,378320.3125,1680003147285.0945,2523.0,3674.5230769230766,20019.0,66.34292972057578,15.073196257865249,87.0
286,1680003147.2547247,287,2Item7,2023-03-28 17:02:27.254725,48426.0,13892636.0,378328.125,1680003147292.907,2509.0,3654.1333333333328,20020.0,66.32046724225495,15.078301489451317,87.0
287,1680003147.2625372,288,2Item7,2023-03-28 17:02:27.262537,48427.0,13892892.0,378335.9375,1680003147300.7195,2524.0,3675.979487179487,20020.0,66.32046724225495,15.078301489451317,87.0
288,1680003147.2703495,289,2Item7,2023-03-28 17:02:27.270350,48428.0,13893148.0,378343.75,1680003147308.532,2516.0,3664.328205128205,20019.0,66.34292972057578,15.073196257865249,87.0
289,1680003147.2781622,290,2Item7,2023-03-28 17:02:27.278162,48429.0,13893404.0,378351.5625,1680003147316.3445,2524.0,3675.979487179487,20019.0,66.34292972057578,15.073196257865249,87.0
290,1680003147.2859747,291,2Item7,2023-03-28 17:02:27.285975,48430.0,13893660.0,378359.375,1680003147324.157,2509.0,3654.1333333333328,20020.0,66.32046724225495,15.078301489451317,87.0
291,1680003147.2937872,292,2Item7,2023-03-28 17:02:27.293787,48431.0,13893916.0,378367.1875,1680003147331.9695,2512.0,3658.502564102564,20019.0,66.34292972057578,15.073196257865249,87.0
292,1680003147.3015995,293,2Item7,2023-03-28 17:02:27.301600,48432.0,13894172.0,378375.0,1680003147339.782,2515.0,3662.8717948717945,20018.0,66.36540741995596,15.06809102627918,87.0
293,1680003147.3094122,294,2Item7,2023-03-28 17:02:27.309412,48433.0,13894428.0,378382.8125,1680003147347.5945,2497.0,3636.65641025641,20020.0,66.32046724225495,15.078301489451317,87.0
294,1680003147.3172247,295,2Item7,2023-03-28 17:02:27.317225,48434.0,13894684.0,378390.625,1680003147355.407,2513.0,3659.958974358974,20019.0,66.34292972057578,15.073196257865249,87.0
295,1680003147.3250372,296,2Item7,2023-03-28 17:02:27.325037,48435.0,13894940.0,378398.4375,1680003147363.2195,2513.0,3659.958974358974,20018.0,66.36540741995596,15.06809102627918,87.0
296,1680003147.3328495,297,2Item7,2023-03-28 17:02:27.332850,48436.0,13895196.0,378406.25,1680003147371.032,2524.0,3675.979487179487,20018.0,66.36540741995596,15.06809102627918,87.0
297,1680003147.3406622,298,2Item7,2023-03-28 17:02:27.340662,48437.0,13895452.0,378414.0625,1680003147378.8445,2519.0,3668.6974358974353,20018.0,66.36540741995596,15.06809102627918,87.0
298,1680003147.3484747,299,2Item7,2023-03-28 17:02:27.348475,48438.0,13895708.0,378421.875,1680003147386.657,2507.0,3651.220512820513,20020.0,66.32046724225495,15.078301489451317,87.0
299,1680003147.3562872,300,2Item7,2023-03-28 17:02:27.356287,48439.0,13895964.0,378429.6875,1680003147394.4695,2511.0,3657.0461538461536,20018.0,66.36540741995596,15.06809102627918,87.0
300,1680003147.3640995,301,2Item7,2023-03-28 17:02:27.364100,48440.0,13896220.0,378437.5,1680003147402.282,2523.0,3674.5230769230766,20018.0,66.36540741995596,15.06809102627918,87.0
301,1680003147.3719122,302,2Item7,2023-03-28 17:02:27.371912,48441.0,13896476.0,378445.3125,1680003147410.0945,2521.0,3671.610256410256,20018.0,66.36540741995596,15.06809102627918,87.0
302,1680003147.3797247,303,2Item7,2023-03-28 17:02:27.379725,48442.0,13896732.0,378453.125,1680003147417.907,2514.0,3661.415384615385,20019.0,66.34292972057578,15.073196257865249,87.0
303,1680003147.3875372,304,2Item7,2023-03-28 17:02:27.387537,48443.0,13896988.0,378460.9375,1680003147425.7195,2514.0,3661.415384615385,20019.0,66.34292972057578,15.073196257865249,87.0
304,1680003147.3953495,305,2Item7,2023-03-28 17:02:27.395350,48444.0,13897244.0,378468.75,1680003147433.532,2520.0,3670.1538461538457,20017.0,66.38790035587189,15.062985794693112,87.0
305,1680003147.4031622,306,2Item7,2023-03-28 17:02:27.403162,48445.0,13897500.0,378476.5625,1680003147441.3445,2525.0,3677.4358974358975,20017.0,66.38790035587189,15.062985794693112,87.0
306,1680003147.4109747,307,2Item7,2023-03-28 17:02:27.410975,48446.0,13897756.0,378484.375,1680003147449.157,2509.0,3654.1333333333328,20019.0,66.34292972057578,15.073196257865249,87.0
307,1680003147.4187872,308,2Item7,2023-03-28 17:02:27.418787,48447.0,13898012.0,378492.1875,1680003147456.9695,2524.0,3675.979487179487,20018.0,66.36540741995596,15.06809102627918,87.0
308,1680003147.4265995,309,2Item7,2023-03-28 17:02:27.426600,48448.0,13898268.0,378500.0,1680003147464.782,2521.0,3671.610256410256,20018.0,66.36540741995596,15.06809102627918,87.0
309,1680003147.4344122,310,2Item7,2023-03-28 17:02:27.434412,48449.0,13898524.0,378507.8125,1680003147472.5945,2521.0,3671.610256410256,20017.0,66.38790035587189,15.062985794693112,87.0
310,1680003147.4422247,311,2Item7,2023-03-28 17:02:27.442225,48450.0,13898780.0,378515.625,1680003147480.407,2515.0,3662.8717948717945,20018.0,66.36540741995596,15.06809102627918,87.0
311,1680003147.4500372,312,2Item7,2023-03-28 17:02:27.450037,48451.0,13899036.0,378523.4375,1680003147488.2195,2513.0,3659.958974358974,20016.0,66.410408543821,15.05788056310704,87.0
312,1680003147.4578495,313,2Item7,2023-03-28 17:02:27.457850,48452.0,13899292.0,378531.25,1680003147496.032,2520.0,3670.1538461538457,20016.0,66.410408543821,15.05788056310704,87.0
313,1680003147.4656622,314,2Item7,2023-03-28 17:02:27.465662,48453.0,13899548.0,378539.0625,1680003147503.8445,2523.0,3674.5230769230766,20016.0,66.410408543821,15.05788056310704,87.0
314,1680003147.4734747,315,2Item7,2023-03-28 17:02:27.473475,48454.0,13899804.0,378546.875,1680003147511.657,2515.0,3662.8717948717945,20018.0,66.36540741995596,15.06809102627918,87.0
315,1680003147.4812872,316,2Item7,2023-03-28 17:02:27.481287,48455.0,13900060.0,378554.6875,1680003147519.4695,2515.0,3662.8717948717945,20017.0,66.38790035587189,15.062985794693112,87.0
316,1680003147.4890995,317,2Item7,2023-03-28 17:02:27.489100,48456.0,13900316.0,378562.5,1680003147527.282,2526.0,3678.892307692307,20017.0,66.38790035587189,15.062985794693112,87.0
317,1680003147.4969122,318,2Item7,2023-03-28 17:02:27.496912,48457.0,13900572.0,378570.3125,1680003147535.0945,2520.0,3670.1538461538457,20017.0,66.38790035587189,15.062985794693112,87.0
318,1680003147.5047247,319,2Item7,2023-03-28 17:02:27.504725,48458.0,13900828.0,378578.125,1680003147542.907,2513.0,3659.958974358974,20018.0,66.36540741995596,15.06809102627918,87.0
319,1680003147.5125372,320,2Item7,2023-03-28 17:02:27.512537,48459.0,13901084.0,378585.9375,1680003147550.7195,2516.0,3664.328205128205,20017.0,66.38790035587189,15.062985794693112,87.0
320,1680003147.5203495,321,2Item7,2023-03-28 17:02:27.520350,48460.0,13901340.0,378593.75,1680003147558.532,2526.0,3678.892307692307,20016.0,66.410408543821,15.05788056310704,87.0
321,1680003147.5281622,322,2Item7,2023-03-28 17:02:27.528162,48461.0,13901596.0,378601.5625,1680003147566.3445,2524.0,3675.979487179487,20016.0,66.410408543821,15.05788056310704,87.0
322,1680003147.5359747,323,2Item7,2023-03-28 17:02:27.535975,48462.0,13901852.0,378609.375,1680003147574.157,2509.0,3654.1333333333328,20017.0,66.38790035587189,15.062985794693112,87.0
323,1680003147.5437872,324,2Item7,2023-03-28 17:02:27.543787,48463.0,13902108.0,378617.1875,1680003147581.9695,2511.0,3657.0461538461536,20016.0,66.410408543821,15.05788056310704,87.0
324,1680003147.5515995,325,2Item7,2023-03-28 17:02:27.551600,48464.0,13902364.0,378625.0,1680003147589.782,2518.0,3667.2410256410258,20015.0,66.4329319993217,15.052775331520976,87.0
325,1680003147.5594122,326,2Item7,2023-03-28 17:02:27.559412,48465.0,13902620.0,378632.8125,1680003147597.5945,2524.0,3675.979487179487,20015.0,66.4329319993217,15.052775331520976,87.0
326,1680003147.5672247,327,2Item7,2023-03-28 17:02:27.567225,48466.0,13902876.0,378640.625,1680003147605.407,2512.0,3658.502564102564,20017.0,66.38790035587189,15.062985794693112,87.0
327,1680003147.5750372,328,2Item7,2023-03-28 17:02:27.575037,48467.0,13903132.0,378648.4375,1680003147613.2195,2506.0,3649.7641025641024,20017.0,66.38790035587189,15.062985794693112,87.0
328,1680003147.5828495,329,2Item7,2023-03-28 17:02:27.582850,48468.0,13903388.0,378656.25,1680003147621.032,2520.0,3670.1538461538457,20016.0,66.410408543821,15.05788056310704,87.0
329,1680003147.5906622,330,2Item7,2023-03-28 17:02:27.590662,48469.0,13903644.0,378664.0625,1680003147628.8445,2529.0,3683.2615384615374,20015.0,66.4329319993217,15.052775331520976,87.0
330,1680003147.5984747,331,2Item7,2023-03-28 17:02:27.598475,48470.0,13903900.0,378671.875,1680003147636.657,2511.0,3657.0461538461536,20017.0,66.38790035587189,15.062985794693112,87.0
331,1680003147.6062872,332,2Item7,2023-03-28 17:02:27.606287,48471.0,13904156.0,378679.6875,1680003147644.4695,2511.0,3657.0461538461536,20017.0,66.38790035587189,15.062985794693112,87.0
332,1680003147.6140995,333,2Item7,2023-03-28 17:02:27.614100,48472.0,13904412.0,378687.5,1680003147652.282,2523.0,3674.5230769230766,20015.0,66.4329319993217,15.052775331520976,87.0
333,1680003147.6219122,334,2Item7,2023-03-28 17:02:27.621912,48473.0,13904668.0,378695.3125,1680003147660.0945,2523.0,3674.5230769230766,20016.0,66.410408543821,15.05788056310704,87.0
334,1680003147.6297247,335,2Item7,2023-03-28 17:02:27.629725,48474.0,13904924.0,378703.125,1680003147667.907,2512.0,3658.502564102564,20017.0,66.38790035587189,15.062985794693112,87.0
335,1680003147.6375372,336,2Item7,2023-03-28 17:02:27.637537,48475.0,13905180.0,378710.9375,1680003147675.7195,2513.0,3659.958974358974,20015.0,66.4329319993217,15.052775331520976,87.0
336,1680003147.6453495,337,2Item7,2023-03-28 17:02:27.645350,48476.0,13905436.0,378718.75,1680003147683.532,2527.0,3680.348717948717,20014.0,66.45547073791349,15.047670099934908,87.0
337,1680003147.6531622,338,2Item7,2023-03-28 17:02:27.653162,48477.0,13905692.0,378726.5625,1680003147691.3445,2528.0,3681.805128205128,20015.0,66.4329319993217,15.052775331520976,87.0
338,1680003147.6609747,339,2Item7,2023-03-28 17:02:27.660975,48478.0,13905948.0,378734.375,1680003147699.157,2510.0,3655.589743589743,20016.0,66.410408543821,15.05788056310704,87.0
339,1680003147.6687872,340,2Item7,2023-03-28 17:02:27.668787,48479.0,13906204.0,378742.1875,1680003147706.9695,2517.0,3665.7846153846153,20015.0,66.4329319993217,15.052775331520976,87.0
340,1680003147.6765995,341,2Item7,2023-03-28 17:02:27.676600,48480.0,13906460.0,378750.0,1680003147714.782,2522.0,3673.0666666666657,20015.0,66.4329319993217,15.052775331520976,87.0
341,1680003147.6844122,342,2Item7,2023-03-28 17:02:27.684412,48481.0,13906716.0,378757.8125,1680003147722.5945,2524.0,3675.979487179487,20015.0,66.4329319993217,15.052775331520976,87.0
342,1680003147.6922247,343,2Item7,2023-03-28 17:02:27.692225,48482.0,13906972.0,378765.625,1680003147730.407,2512.0,3658.502564102564,20016.0,66.410408543821,15.05788056310704,87.0
343,1680003147.7000372,344,2Item7,2023-03-28 17:02:27.700037,48483.0,13907228.0,378773.4375,1680003147738.2195,2524.0,3675.979487179487,20015.0,66.4329319993217,15.052775331520976,87.0
344,1680003147.7078495,345,2Item7,2023-03-28 17:02:27.707850,48484.0,13907484.0,378781.25,1680003147746.032,2512.0,3658.502564102564,20016.0,66.410408543821,15.05788056310704,87.0
345,1680003147.7156622,346,2Item7,2023-03-28 17:02:27.715662,48485.0,13907740.0,378789.0625,1680003147753.8445,2513.0,3659.958974358974,20014.0,66.45547073791349,15.047670099934908,87.0
346,1680003147.7234747,347,2Item7,2023-03-28 17:02:27.723475,48486.0,13907996.0,378796.875,1680003147761.657,2513.0,3659.958974358974,20015.0,66.4329319993217,15.052775331520976,87.0
347,1680003147.7312872,348,2Item7,2023-03-28 17:02:27.731287,48487.0,13908252.0,378804.6875,1680003147769.4695,2518.0,3667.2410256410258,20015.0,66.4329319993217,15.052775331520976,87.0
348,1680003147.7390995,349,2Item7,2023-03-28 17:02:27.739100,48488.0,13908508.0,378812.5,1680003147777.282,2523.0,3674.5230769230766,20014.0,66.45547073791349,15.047670099934908,87.0
349,1680003147.7469122,350,2Item7,2023-03-28 17:02:27.746912,48489.0,13908764.0,378820.3125,1680003147785.0945,2500.0,3641.0256410256407,20016.0,66.410408543821,15.05788056310704,87.0
350,1680003147.7547247,351,2Item7,2023-03-28 17:02:27.754725,48490.0,13909020.0,378828.125,1680003147792.907,2508.0,3652.6769230769214,20015.0,66.4329319993217,15.052775331520976,87.0
351,1680003147.7625372,352,2Item7,2023-03-28 17:02:27.762537,48491.0,13909276.0,378835.9375,1680003147800.7195,2517.0,3665.7846153846153,20014.0,66.45547073791349,15.047670099934908,87.0
352,1680003147.7703495,353,2Item7,2023-03-28 17:02:27.770350,48492.0,13909532.0,378843.75,1680003147808.532,2527.0,3680.348717948717,20014.0,66.45547073791349,15.047670099934908,87.0
353,1680003147.7781622,354,2Item7,2023-03-28 17:02:27.778162,48493.0,13909788.0,378851.5625,1680003147816.3445,2499.0,3639.569230769231,20016.0,66.410408543821,15.05788056310704,87.0
354,1680003147.7859747,355,2Item7,2023-03-28 17:02:27.785975,48494.0,13910044.0,378859.375,1680003147824.157,2511.0,3657.0461538461536,20015.0,66.4329319993217,15.052775331520976,87.0
355,1680003147.7937872,356,2Item7,2023-03-28 17:02:27.793787,48495.0,13910300.0,378867.1875,1680003147831.9695,2521.0,3671.610256410256,20014.0,66.45547073791349,15.047670099934908,87.0
356,1680003147.8015995,357,2Item7,2023-03-28 17:02:27.801600,48496.0,13910556.0,378875.0,1680003147839.782,2514.0,3661.415384615385,20015.0,66.4329319993217,15.052775331520976,87.0
357,1680003147.8094122,358,2Item7,2023-03-28 17:02:27.809412,48497.0,13910812.0,378882.8125,1680003147847.5945,2525.0,3677.4358974358975,20013.0,66.47802477515697,15.04256486834884,87.0
358,1680003147.8172247,359,2Item7,2023-03-28 17:02:27.817225,48498.0,13911068.0,378890.625,1680003147855.407,2510.0,3655.589743589743,20014.0,66.45547073791349,15.047670099934908,87.0
359,1680003147.8250372,360,2Item7,2023-03-28 17:02:27.825037,48499.0,13911324.0,378898.4375,1680003147863.2195,2522.0,3673.0666666666657,20013.0,66.47802477515697,15.04256486834884,87.0
360,1680003147.8328495,361,2Item7,2023-03-28 17:02:27.832850,48500.0,13911580.0,378906.25,1680003147871.032,2512.0,3658.502564102564,20012.0,66.50059412663386,15.037459636762772,87.0
361,1680003147.8406622,362,2Item7,2023-03-28 17:02:27.840662,48501.0,13911836.0,378914.0625,1680003147878.8445,2524.0,3675.979487179487,20012.0,66.50059412663386,15.037459636762772,87.0
362,1680003147.8484747,363,2Item7,2023-03-28 17:02:27.848475,48502.0,13912092.0,378921.875,1680003147886.657,2510.0,3655.589743589743,20013.0,66.47802477515697,15.04256486834884,87.0
363,1680003147.8562872,364,2Item7,2023-03-28 17:02:27.856287,48503.0,13912348.0,378929.6875,1680003147894.4695,2524.0,3675.979487179487,20013.0,66.47802477515697,15.04256486834884,87.0
364,1680003147.8640995,365,2Item7,2023-03-28 17:02:27.864100,48504.0,13912604.0,378937.5,1680003147902.282,2521.0,3671.610256410256,20011.0,66.52317880794702,15.032354405176704,87.0
365,1680003147.8719122,366,2Item7,2023-03-28 17:02:27.871912,48505.0,13912860.0,378945.3125,1680003147910.0945,2521.0,3671.610256410256,20011.0,66.52317880794702,15.032354405176704,87.0
366,1680003147.8797247,367,2Item7,2023-03-28 17:02:27.879725,48506.0,13913116.0,378953.125,1680003147917.907,2508.0,3652.6769230769214,20013.0,66.47802477515697,15.04256486834884,87.0
367,1680003147.8875372,368,2Item7,2023-03-28 17:02:27.887537,48507.0,13913372.0,378960.9375,1680003147925.7195,2529.0,3683.2615384615374,20012.0,66.50059412663386,15.037459636762772,87.0
368,1680003147.8953495,369,2Item7,2023-03-28 17:02:27.895350,48508.0,13913628.0,378968.75,1680003147933.532,2511.0,3657.0461538461536,20013.0,66.47802477515697,15.04256486834884,87.0
369,1680003147.9031622,370,2Item7,2023-03-28 17:02:27.903162,48509.0,13913884.0,378976.5625,1680003147941.3445,2524.0,3675.979487179487,20011.0,66.52317880794702,15.032354405176704,87.0
370,1680003147.9109747,371,2Item7,2023-03-28 17:02:27.910975,48510.0,13914140.0,378984.375,1680003147949.157,2508.0,3652.6769230769214,20012.0,66.50059412663386,15.037459636762772,87.0
371,1680003147.9187872,372,2Item7,2023-03-28 17:02:27.918787,48511.0,13914396.0,378992.1875,1680003147956.9695,2530.0,3684.717948717948,20011.0,66.52317880794702,15.032354405176704,87.0
372,1680003147.9265995,373,2Item7,2023-03-28 17:02:27.926600,48512.0,13914652.0,379000.0,1680003147964.782,2521.0,3671.610256410256,20010.0,66.54577883472058,15.027249173590636,87.0
373,1680003147.9344122,374,2Item7,2023-03-28 17:02:27.934412,48513.0,13914908.0,379007.8125,1680003147972.5945,2522.0,3673.0666666666657,20011.0,66.52317880794702,15.032354405176704,87.0
374,1680003147.9422247,375,2Item7,2023-03-28 17:02:27.942225,48514.0,13915164.0,379015.625,1680003147980.407,2512.0,3658.502564102564,20012.0,66.50059412663386,15.037459636762772,87.0
375,1680003147.9500372,376,2Item7,2023-03-28 17:02:27.950037,48515.0,13915420.0,379023.4375,1680003147988.2195,2516.0,3664.328205128205,20010.0,66.54577883472058,15.027249173590636,87.0
376,1680003147.9578495,377,2Item7,2023-03-28 17:02:27.957850,48516.0,13915676.0,379031.25,1680003147996.032,2521.0,3671.610256410256,20011.0,66.52317880794702,15.032354405176704,87.0
377,1680003147.9656622,378,2Item7,2023-03-28 17:02:27.965662,48517.0,13915932.0,379039.0625,1680003148003.8445,2523.0,3674.5230769230766,20010.0,66.54577883472058,15.027249173590636,87.0
378,1680003147.9734747,379,2Item7,2023-03-28 17:02:27.973475,48518.0,13916188.0,379046.875,1680003148011.657,2511.0,3657.0461538461536,20011.0,66.52317880794702,15.032354405176704,87.0
379,1680003147.9812872,380,2Item7,2023-03-28 17:02:27.981287,48519.0,13916444.0,379054.6875,1680003148019.4695,2511.0,3657.0461538461536,20010.0,66.54577883472058,15.027249173590636,87.0
380,1680003147.9890995,381,2Item7,2023-03-28 17:02:27.989100,48520.0,13916700.0,379062.5,1680003148027.282,2514.0,3661.415384615385,20009.0,66.56839422259984,15.022143942004568,87.0
381,1680003147.9969122,382,2Item7,2023-03-28 17:02:27.996912,48521.0,13916956.0,379070.3125,1680003148035.0945,2521.0,3671.610256410256,20010.0,66.54577883472058,15.027249173590636,87.0
382,1680003148.0047247,383,2Item7,2023-03-28 17:02:28.004725,48522.0,13917212.0,379078.125,1680003148042.907,2512.0,3658.502564102564,20011.0,66.52317880794702,15.032354405176704,87.0
383,1680003148.0125372,384,2Item7,2023-03-28 17:02:28.012537,48523.0,13917468.0,379085.9375,1680003148050.7195,2512.0,3658.502564102564,20009.0,66.56839422259984,15.022143942004568,87.0
384,1680003148.0203495,385,2Item7,2023-03-28 17:02:28.020350,48524.0,13917724.0,379093.75,1680003148058.532,2510.0,3655.589743589743,20009.0,66.56839422259984,15.022143942004568,87.0
385,1680003148.0281622,386,2Item7,2023-03-28 17:02:28.028162,48525.0,13917980.0,379101.5625,1680003148066.3445,2494.0,3632.2871794871785,20011.0,66.52317880794702,15.032354405176704,87.0
386,1680003148.0359747,387,2Item7,2023-03-28 17:02:28.035975,48526.0,13918236.0,379109.375,1680003148074.157,2512.0,3658.502564102564,20010.0,66.54577883472058,15.027249173590636,87.0
387,1680003148.0437872,388,2Item7,2023-03-28 17:02:28.043787,48527.0,13918492.0,379117.1875,1680003148081.9695,2511.0,3657.0461538461536,20008.0,66.5910249872514,15.017038710418502,87.0
388,1680003148.0515995,389,2Item7,2023-03-28 17:02:28.051600,48528.0,13918748.0,379125.0,1680003148089.782,2531.0,3686.174358974359,20009.0,66.56839422259984,15.022143942004568,87.0
389,1680003148.0594122,390,2Item7,2023-03-28 17:02:28.059412,48529.0,13919004.0,379132.8125,1680003148097.5945,2498.0,3638.11282051282,20008.0,66.5910249872514,15.017038710418502,87.0
390,1680003148.0672247,391,2Item7,2023-03-28 17:02:28.067225,48530.0,13919260.0,379140.625,1680003148105.407,2512.0,3658.502564102564,20009.0,66.56839422259984,15.022143942004568,87.0
391,1680003148.0750372,392,2Item7,2023-03-28 17:02:28.075037,48531.0,13919516.0,379148.4375,1680003148113.2195,2514.0,3661.415384615385,20008.0,66.5910249872514,15.017038710418502,87.0
392,1680003148.0828495,393,2Item7,2023-03-28 17:02:28.082850,48532.0,13919772.0,379156.25,1680003148121.032,2526.0,3678.892307692307,20008.0,66.5910249872514,15.017038710418502,87.0
393,1680003148.0906622,394,2Item7,2023-03-28 17:02:28.090662,48533.0,13920028.0,379164.0625,1680003148128.8445,2520.0,3670.1538461538457,20008.0,66.5910249872514,15.017038710418502,87.0
394,1680003148.0984747,395,2Item7,2023-03-28 17:02:28.098475,48534.0,13920284.0,379171.875,1680003148136.657,2511.0,3657.0461538461536,20009.0,66.56839422259984,15.022143942004568,87.0
395,1680003148.1062872,396,2Item7,2023-03-28 17:02:28.106287,48535.0,13920540.0,379179.6875,1680003148144.4695,2525.0,3677.4358974358975,20008.0,66.5910249872514,15.017038710418502,87.0
396,1680003148.1140995,397,2Item7,2023-03-28 17:02:28.114100,48536.0,13920796.0,379187.5,1680003148152.282,2524.0,3675.979487179487,20007.0,66.61367114436321,15.011933478832429,87.0
397,1680003148.1219122,398,2Item7,2023-03-28 17:02:28.121912,48537.0,13921052.0,379195.3125,1680003148160.0945,2522.0,3673.0666666666657,20008.0,66.5910249872514,15.017038710418502,87.0
398,1680003148.1297247,399,2Item7,2023-03-28 17:02:28.129725,48538.0,13921308.0,379203.125,1680003148167.907,2511.0,3657.0461538461536,20009.0,66.56839422259984,15.022143942004568,87.0
399,1680003148.1375372,400,2Item7,2023-03-28 17:02:28.137537,48539.0,13921564.0,379210.9375,1680003148175.7195,2526.0,3678.892307692307,20008.0,66.5910249872514,15.017038710418502,87.0
400,1680003148.1453495,401,2Item7,2023-03-28 17:02:28.145350,48540.0,13921820.0,379218.75,1680003148183.532,2516.0,3664.328205128205,20007.0,66.61367114436321,15.011933478832429,87.0
401,1680003148.1531622,402,2Item7,2023-03-28 17:02:28.153162,48541.0,13922076.0,379226.5625,1680003148191.3445,2524.0,3675.979487179487,20006.0,66.6363327096445,15.006828247246364,87.0
402,1680003148.1609747,403,2Item7,2023-03-28 17:02:28.160975,48542.0,13922332.0,379234.375,1680003148199.157,2505.0,3648.307692307692,20007.0,66.61367114436321,15.011933478832429,87.0
403,1680003148.1687872,404,2Item7,2023-03-28 17:02:28.168787,48543.0,13922588.0,379242.1875,1680003148206.9695,2525.0,3677.4358974358975,20008.0,66.5910249872514,15.017038710418502,87.0
404,1680003148.1765995,405,2Item7,2023-03-28 17:02:28.176600,48544.0,13922844.0,379250.0,1680003148214.782,2505.0,3648.307692307692,20008.0,66.5910249872514,15.017038710418502,87.0
405,1680003148.1844122,406,2Item7,2023-03-28 17:02:28.184412,48545.0,13923100.0,379257.8125,1680003148222.5945,2522.0,3673.0666666666657,20006.0,66.6363327096445,15.006828247246364,87.0
406,1680003148.1922247,407,2Item7,2023-03-28 17:02:28.192225,48546.0,13923356.0,379265.625,1680003148230.407,2509.0,3654.1333333333328,20007.0,66.61367114436321,15.011933478832429,87.0
407,1680003148.2000372,408,2Item7,2023-03-28 17:02:28.200037,48547.0,13923612.0,379273.4375,1680003148238.2195,2519.0,3668.6974358974353,20006.0,66.6363327096445,15.006828247246364,87.0
408,1680003148.2078495,409,2Item7,2023-03-28 17:02:28.207850,48548.0,13923868.0,379281.25,1680003148246.032,2519.0,3668.6974358974353,20006.0,66.6363327096445,15.006828247246364,87.0
409,1680003148.2156622,410,2Item7,2023-03-28 17:02:28.215662,48549.0,13924124.0,379289.0625,1680003148253.8445,2503.0,3645.394871794872,20007.0,66.61367114436321,15.011933478832429,87.0
410,1680003148.2234747,411,2Item7,2023-03-28 17:02:28.223475,48550.0,13924380.0,379296.875,1680003148261.657,2515.0,3662.8717948717945,20007.0,66.61367114436321,15.011933478832429,87.0
411,1680003148.2312872,412,2Item7,2023-03-28 17:02:28.231287,48551.0,13924636.0,379304.6875,1680003148269.4695,2515.0,3662.8717948717945,20006.0,66.6363327096445,15.006828247246364,87.0
412,1680003148.2390995,413,2Item7,2023-03-28 17:02:28.239100,48552.0,13924892.0,379312.5,1680003148277.282,2505.0,3648.307692307692,20004.0,66.68170212765958,14.99661778407423,87.0
413,1680003148.2469122,414,2Item7,2023-03-28 17:02:28.246912,48553.0,13925148.0,379320.3125,1680003148285.0945,2524.0,3675.979487179487,20005.0,66.65900969882594,15.001723015660296,87.0
414,1680003148.2547247,415,2Item7,2023-03-28 17:02:28.254725,48554.0,13925404.0,379328.125,1680003148292.907,2510.0,3655.589743589743,20006.0,66.6363327096445,15.006828247246364,87.0
415,1680003148.2625372,416,2Item7,2023-03-28 17:02:28.262537,48555.0,13925660.0,379335.9375,1680003148300.7195,2511.0,3657.0461538461536,20005.0,66.65900969882594,15.001723015660296,87.0
416,1680003148.2703495,417,2Item7,2023-03-28 17:02:28.270350,48556.0,13925916.0,379343.75,1680003148308.532,2521.0,3671.610256410256,20004.0,66.68170212765958,14.99661778407423,87.0
417,1680003148.2781622,418,2Item7,2023-03-28 17:02:28.278162,48557.0,13926172.0,379351.5625,1680003148316.3445,2525.0,3677.4358974358975,20004.0,66.68170212765958,14.99661778407423,87.0
418,1680003148.2859747,419,2Item7,2023-03-28 17:02:28.285975,48558.0,13926428.0,379359.375,1680003148324.157,2508.0,3652.6769230769214,20005.0,66.65900969882594,15.001723015660296,87.0
419,1680003148.2937872,420,2Item7,2023-03-28 17:02:28.293787,48559.0,13926684.0,379367.1875,1680003148331.9695,2507.0,3651.220512820513,20003.0,66.70441001191895,14.991512552488162,87.0
420,1680003148.3015995,421,2Item7,2023-03-28 17:02:28.301600,48560.0,13926940.0,379375.0,1680003148339.782,2518.0,3667.2410256410258,20004.0,66.68170212765958,14.99661778407423,87.0
421,1680003148.3094122,422,2Item7,2023-03-28 17:02:28.309412,48561.0,13927196.0,379382.8125,1680003148347.5945,2523.0,3674.5230769230766,20004.0,66.68170212765958,14.99661778407423,87.0
422,1680003148.3172247,423,2Item7,2023-03-28 17:02:28.317225,48562.0,13927452.0,379390.625,1680003148355.407,2510.0,3655.589743589743,20005.0,66.65900969882594,15.001723015660296,87.0
423,1680003148.3250372,424,2Item7,2023-03-28 17:02:28.325037,48563.0,13927708.0,379398.4375,1680003148363.2195,2511.0,3657.0461538461536,20004.0,66.68170212765958,14.99661778407423,87.0
424,1680003148.3328495,425,2Item7,2023-03-28 17:02:28.332850,48564.0,13927964.0,379406.25,1680003148371.032,2517.0,3665.7846153846153,20003.0,66.70441001191895,14.991512552488162,87.0
425,1680003148.3406622,426,2Item7,2023-03-28 17:02:28.340662,48565.0,13928220.0,379414.0625,1680003148378.8445,2516.0,3664.328205128205,20003.0,66.70441001191895,14.991512552488162,87.0
426,1680003148.3484747,427,2Item7,2023-03-28 17:02:28.348475,48566.0,13928476.0,379421.875,1680003148386.657,2510.0,3655.589743589743,20004.0,66.68170212765958,14.99661778407423,87.0
427,1680003148.3562872,428,2Item7,2023-03-28 17:02:28.356287,48567.0,13928732.0,379429.6875,1680003148394.4695,2513.0,3659.958974358974,20004.0,66.68170212765958,14.99661778407423,87.0
428,1680003148.3640995,429,2Item7,2023-03-28 17:02:28.364100,48568.0,13928988.0,379437.5,1680003148402.282,2521.0,3671.610256410256,20002.0,66.72713336739908,14.986407320902096,87.0
429,1680003148.3719122,430,2Item7,2023-03-28 17:02:28.371912,48569.0,13929244.0,379445.3125,1680003148410.0945,2520.0,3670.1538461538457,20002.0,66.72713336739908,14.986407320902096,87.0
430,1680003148.3797247,431,2Item7,2023-03-28 17:02:28.379725,48570.0,13929500.0,379453.125,1680003148417.907,2511.0,3657.0461538461536,20004.0,66.68170212765958,14.99661778407423,87.0
431,1680003148.3875372,432,2Item7,2023-03-28 17:02:28.387537,48571.0,13929756.0,379460.9375,1680003148425.7195,2515.0,3662.8717948717945,20002.0,66.72713336739908,14.986407320902096,87.0
432,1680003148.3953495,433,2Item7,2023-03-28 17:02:28.395350,48572.0,13930012.0,379468.75,1680003148433.532,2524.0,3675.979487179487,20002.0,66.72713336739908,14.986407320902096,87.0
433,1680003148.4031622,434,2Item7,2023-03-28 17:02:28.403162,48573.0,13930268.0,379476.5625,1680003148441.3445,2527.0,3680.348717948717,20002.0,66.72713336739908,14.986407320902096,87.0
434,1680003148.4109747,435,2Item7,2023-03-28 17:02:28.410975,48574.0,13930524.0,379484.375,1680003148449.157,2512.0,3658.502564102564,20003.0,66.70441001191895,14.991512552488162,87.0
435,1680003148.4187872,436,2Item7,2023-03-28 17:02:28.418787,48575.0,13930780.0,379492.1875,1680003148456.9695,2519.0,3668.6974358974353,20002.0,66.72713336739908,14.986407320902096,87.0
436,1680003148.4265995,437,2Item7,2023-03-28 17:02:28.426600,48576.0,13931036.0,379500.0,1680003148464.782,2514.0,3661.415384615385,20001.0,66.74987220991652,14.981302089316026,87.0
437,1680003148.4344122,438,2Item7,2023-03-28 17:02:28.434412,48577.0,13931292.0,379507.8125,1680003148472.5945,2527.0,3680.348717948717,20002.0,66.72713336739908,14.986407320902096,87.0
438,1680003148.4422247,439,2Item7,2023-03-28 17:02:28.442225,48578.0,13931548.0,379515.625,1680003148480.407,2510.0,3655.589743589743,20003.0,66.70441001191895,14.991512552488162,87.0
439,1680003148.4500372,440,2Item7,2023-03-28 17:02:28.450037,48579.0,13931804.0,379523.4375,1680003148488.2195,2527.0,3680.348717948717,20002.0,66.72713336739908,14.986407320902096,87.0
440,1680003148.4578495,441,2Item7,2023-03-28 17:02:28.457850,48580.0,13932060.0,379531.25,1680003148496.032,2510.0,3655.589743589743,20002.0,66.72713336739908,14.986407320902096,87.0
441,1680003148.4656622,442,2Item7,2023-03-28 17:02:28.465662,48581.0,13932316.0,379539.0625,1680003148503.8445,2526.0,3678.892307692307,20001.0,66.74987220991652,14.981302089316026,87.0
442,1680003148.4734747,443,2Item7,2023-03-28 17:02:28.473475,48582.0,13932572.0,379546.875,1680003148511.657,2505.0,3648.307692307692,20002.0,66.72713336739908,14.986407320902096,87.0
443,1680003148.4812872,444,2Item7,2023-03-28 17:02:28.481287,48583.0,13932828.0,379554.6875,1680003148519.4695,2509.0,3654.1333333333328,20001.0,66.74987220991652,14.981302089316026,87.0
444,1680003148.4890995,445,2Item7,2023-03-28 17:02:28.489100,48584.0,13933084.0,379562.5,1680003148527.282,2517.0,3665.7846153846153,20001.0,66.74987220991652,14.981302089316026,87.0
445,1680003148.4969122,446,2Item7,2023-03-28 17:02:28.496912,48585.0,13933340.0,379570.3125,1680003148535.0945,2519.0,3668.6974358974353,20000.0,66.77262655530937,14.976196857729956,87.0
446,1680003148.5047247,447,2Item7,2023-03-28 17:02:28.504725,48586.0,13933596.0,379578.125,1680003148542.907,2507.0,3651.220512820513,20003.0,66.70441001191895,14.991512552488162,87.0
447,1680003148.5125372,448,2Item7,2023-03-28 17:02:28.512537,48587.0,13933852.0,379585.9375,1680003148550.7195,2516.0,3664.328205128205,20000.0,66.77262655530937,14.976196857729956,87.0
448,1680003148.5203495,449,2Item7,2023-03-28 17:02:28.520350,48588.0,13934108.0,379593.75,1680003148558.532,2514.0,3661.415384615385,20000.0,66.77262655530937,14.976196857729956,87.0
449,1680003148.5281622,450,2Item7,2023-03-28 17:02:28.528162,48589.0,13934364.0,379601.5625,1680003148566.3445,2525.0,3677.4358974358975,20001.0,66.74987220991652,14.981302089316026,87.0
450,1680003148.5359747,451,2Item7,2023-03-28 17:02:28.535975,48590.0,13934620.0,379609.375,1680003148574.157,2509.0,3654.1333333333328,20001.0,66.74987220991652,14.981302089316026,87.0
451,1680003148.5437872,452,2Item7,2023-03-28 17:02:28.543787,48591.0,13934876.0,379617.1875,1680003148581.9695,2517.0,3665.7846153846153,20001.0,66.74987220991652,14.981302089316026,87.0
452,1680003148.5515995,453,2Item7,2023-03-28 17:02:28.551600,48592.0,13935132.0,379625.0,1680003148589.782,2524.0,3675.979487179487,20000.0,66.77262655530937,14.976196857729956,87.0
453,1680003148.5594122,454,2Item7,2023-03-28 17:02:28.559412,48593.0,13935388.0,379632.8125,1680003148597.5945,2521.0,3671.610256410256,20000.0,66.77262655530937,14.976196857729956,87.0
454,1680003148.5672247,455,2Item7,2023-03-28 17:02:28.567225,48594.0,13935644.0,379640.625,1680003148605.407,2512.0,3658.502564102564,20000.0,66.77262655530937,14.976196857729956,87.0
455,1680003148.5750372,456,2Item7,2023-03-28 17:02:28.575037,48595.0,13935900.0,379648.4375,1680003148613.2195,2520.0,3670.1538461538457,20000.0,66.77262655530937,14.976196857729956,87.0
456,1680003148.5828495,457,2Item7,2023-03-28 17:02:28.582850,48596.0,13936156.0,379656.25,1680003148621.032,2511.0,3657.0461538461536,20002.0,66.72713336739908,14.986407320902096,87.0
457,1680003148.5906622,458,2Item7,2023-03-28 17:02:28.590662,48597.0,13936412.0,379664.0625,1680003148628.8445,2527.0,3680.348717948717,19999.0,66.79539641943734,14.97109162614389,87.0
458,1680003148.5984747,459,2Item7,2023-03-28 17:02:28.598475,48598.0,13936668.0,379671.875,1680003148636.657,2509.0,3654.1333333333328,20000.0,66.77262655530937,14.976196857729956,87.0
459,1680003148.6062872,460,2Item7,2023-03-28 17:02:28.606287,48599.0,13936924.0,379679.6875,1680003148644.4695,2516.0,3664.328205128205,19998.0,66.81818181818184,14.965986394557817,87.0
460,1680003148.6140995,461,2Item7,2023-03-28 17:02:28.614100,48600.0,13937180.0,379687.5,1680003148652.282,2517.0,3665.7846153846153,19999.0,66.79539641943734,14.97109162614389,87.0
461,1680003148.6219122,462,2Item7,2023-03-28 17:02:28.621912,48601.0,13937436.0,379695.3125,1680003148660.0945,2526.0,3678.892307692307,19999.0,66.79539641943734,14.97109162614389,87.0
462,1680003148.6297247,463,2Item7,2023-03-28 17:02:28.629725,48602.0,13937692.0,379703.125,1680003148667.907,2509.0,3654.1333333333328,20000.0,66.77262655530937,14.976196857729956,87.0
463,1680003148.6375372,464,2Item7,2023-03-28 17:02:28.637537,48603.0,13937948.0,379710.9375,1680003148675.7195,2518.0,3667.2410256410258,19998.0,66.81818181818184,14.965986394557817,87.0
464,1680003148.6453495,465,2Item7,2023-03-28 17:02:28.645350,48604.0,13938204.0,379718.75,1680003148683.532,2521.0,3671.610256410256,19998.0,66.81818181818184,14.965986394557817,87.0
465,1680003148.6531622,466,2Item7,2023-03-28 17:02:28.653162,48605.0,13938460.0,379726.5625,1680003148691.3445,2525.0,3677.4358974358975,19998.0,66.81818181818184,14.965986394557817,87.0
466,1680003148.6609747,467,2Item7,2023-03-28 17:02:28.660975,48606.0,13938716.0,379734.375,1680003148699.157,2509.0,3654.1333333333328,19999.0,66.79539641943734,14.97109162614389,87.0
467,1680003148.6687872,468,2Item7,2023-03-28 17:02:28.668787,48607.0,13938972.0,379742.1875,1680003148706.9695,2519.0,3668.6974358974353,19998.0,66.81818181818184,14.965986394557817,87.0
468,1680003148.6765995,469,2Item7,2023-03-28 17:02:28.676600,48608.0,13939228.0,379750.0,1680003148714.782,2527.0,3680.348717948717,19997.0,66.84098276744584,14.960881162971752,87.0
469,1680003148.6844122,470,2Item7,2023-03-28 17:02:28.684412,48609.0,13939484.0,379757.8125,1680003148722.5945,2525.0,3677.4358974358975,19997.0,66.84098276744584,14.960881162971752,87.0
470,1680003148.6922247,471,2Item7,2023-03-28 17:02:28.692225,48610.0,13939740.0,379765.625,1680003148730.407,2509.0,3654.1333333333328,19999.0,66.79539641943734,14.97109162614389,87.0
471,1680003148.7000372,472,2Item7,2023-03-28 17:02:28.700037,48611.0,13939996.0,379773.4375,1680003148738.2195,2521.0,3671.610256410256,19998.0,66.81818181818184,14.965986394557817,87.0
472,1680003148.7078495,473,2Item7,2023-03-28 17:02:28.707850,48612.0,13940252.0,379781.25,1680003148746.032,2523.0,3674.5230769230766,19997.0,66.84098276744584,14.960881162971752,87.0
473,1680003148.7156622,474,2Item7,2023-03-28 17:02:28.715662,48613.0,13940508.0,379789.0625,1680003148753.8445,2527.0,3680.348717948717,19996.0,66.86379928315412,14.955775931385686,87.0
474,1680003148.7234747,475,2Item7,2023-03-28 17:02:28.723475,48614.0,13940764.0,379796.875,1680003148761.657,2508.0,3652.6769230769214,19997.0,66.84098276744584,14.960881162971752,87.0
475,1680003148.7312872,476,2Item7,2023-03-28 17:02:28.731287,48615.0,13941020.0,379804.6875,1680003148769.4695,2522.0,3673.0666666666657,19997.0,66.84098276744584,14.960881162971752,87.0
476,1680003148.7390995,477,2Item7,2023-03-28 17:02:28.739100,48616.0,13941276.0,379812.5,1680003148777.282,2522.0,3673.0666666666657,19996.0,66.86379928315412,14.955775931385686,87.0
477,1680003148.7469122,478,2Item7,2023-03-28 17:02:28.746912,48617.0,13941532.0,379820.3125,1680003148785.0945,2521.0,3671.610256410256,19996.0,66.86379928315412,14.955775931385686,87.0
478,1680003148.7547247,479,2Item7,2023-03-28 17:02:28.754725,48618.0,13941788.0,379828.125,1680003148792.907,2511.0,3657.0461538461536,19997.0,66.84098276744584,14.960881162971752,87.0
479,1680003148.7625372,480,2Item7,2023-03-28 17:02:28.762537,48619.0,13942044.0,379835.9375,1680003148800.7195,2525.0,3677.4358974358975,19997.0,66.84098276744584,14.960881162971752,87.0
480,1680003148.7703495,481,2Item7,2023-03-28 17:02:28.770350,48620.0,13942300.0,379843.75,1680003148808.532,2506.0,3649.7641025641024,19998.0,66.81818181818184,14.965986394557817,87.0
481,1680003148.7781622,482,2Item7,2023-03-28 17:02:28.778162,48621.0,13942556.0,379851.5625,1680003148816.3445,2524.0,3675.979487179487,19996.0,66.86379928315412,14.955775931385686,87.0
482,1680003148.7859747,483,2Item7,2023-03-28 17:02:28.785975,48622.0,13942812.0,379859.375,1680003148824.157,2507.0,3651.220512820513,19997.0,66.84098276744584,14.960881162971752,87.0
483,1680003148.7937872,484,2Item7,2023-03-28 17:02:28.793787,48623.0,13943068.0,379867.1875,1680003148831.9695,2525.0,3677.4358974358975,19996.0,66.86379928315412,14.955775931385686,87.0
484,1680003148.8015995,485,2Item7,2023-03-28 17:02:28.801600,48624.0,13943324.0,379875.0,1680003148839.782,2522.0,3673.0666666666657,19996.0,66.86379928315412,14.955775931385686,87.0
485,1680003148.8094122,486,2Item7,2023-03-28 17:02:28.809412,48625.0,13943580.0,379882.8125,1680003148847.5945,2492.0,3629.374358974359,19995.0,66.88663138125321,14.950670699799618,87.0
486,1680003148.8172247,487,2Item7,2023-03-28 17:02:28.817225,48626.0,13943836.0,379890.625,1680003148855.407,2509.0,3654.1333333333328,19996.0,66.86379928315412,14.955775931385686,87.0
487,1680003148.8250372,488,2Item7,2023-03-28 17:02:28.825037,48627.0,13944092.0,379898.4375,1680003148863.2195,2528.0,3681.805128205128,19996.0,66.86379928315412,14.955775931385686,87.0
488,1680003148.8328495,489,2Item7,2023-03-28 17:02:28.832850,48628.0,13944348.0,379906.25,1680003148871.032,2517.0,3665.7846153846153,19995.0,66.88663138125321,14.950670699799618,87.0
489,1680003148.8406622,490,2Item7,2023-03-28 17:02:28.840662,48629.0,13944604.0,379914.0625,1680003148878.8445,2526.0,3678.892307692307,19995.0,66.88663138125321,14.950670699799618,87.0
490,1680003148.8484747,491,2Item7,2023-03-28 17:02:28.848475,48630.0,13944860.0,379921.875,1680003148886.657,2513.0,3659.958974358974,19996.0,66.86379928315412,14.955775931385686,87.0
491,1680003148.8562872,492,2Item7,2023-03-28 17:02:28.856287,48631.0,13945116.0,379929.6875,1680003148894.4695,2516.0,3664.328205128205,19995.0,66.88663138125321,14.950670699799618,87.0
492,1680003148.8640995,493,2Item7,2023-03-28 17:02:28.864100,48632.0,13945372.0,379937.5,1680003148902.282,2517.0,3665.7846153846153,19994.0,66.90947907771135,14.945565468213552,87.0
493,1680003148.8719122,494,2Item7,2023-03-28 17:02:28.871912,48633.0,13945628.0,379945.3125,1680003148910.0945,2523.0,3674.5230769230766,19994.0,66.90947907771135,14.945565468213552,87.0
494,1680003148.8797247,495,2Item7,2023-03-28 17:02:28.879725,48634.0,13945884.0,379953.125,1680003148917.907,2514.0,3661.415384615385,19995.0,66.88663138125321,14.950670699799618,87.0
495,1680003148.8875372,496,2Item7,2023-03-28 17:02:28.887537,48635.0,13946140.0,379960.9375,1680003148925.7195,2513.0,3659.958974358974,19994.0,66.90947907771135,14.945565468213552,87.0
496,1680003148.8953495,497,2Item7,2023-03-28 17:02:28.895350,48636.0,13946396.0,379968.75,1680003148933.532,2519.0,3668.6974358974353,19994.0,66.90947907771135,14.945565468213552,87.0
497,1680003148.9031622,498,2Item7,2023-03-28 17:02:28.903162,48637.0,13946652.0,379976.5625,1680003148941.3445,2522.0,3673.0666666666657,19994.0,66.90947907771135,14.945565468213552,87.0
498,1680003148.9109747,499,2Item7,2023-03-28 17:02:28.910975,48638.0,13946908.0,379984.375,1680003148949.157,2509.0,3654.1333333333328,19995.0,66.88663138125321,14.950670699799618,87.0
499,1680003148.9187872,500,2Item7,2023-03-28 17:02:28.918787,48639.0,13947164.0,379992.1875,1680003148956.9695,2526.0,3678.892307692307,19995.0,66.88663138125321,14.950670699799618,87.0
500,1680003148.9265995,501,2Item7,2023-03-28 17:02:28.926600,48640.0,13947420.0,380000.0,1680003148964.782,2515.0,3662.8717948717945,19996.0,66.86379928315412,14.955775931385686,87.0
501,1680003148.9344122,502,2Item7,2023-03-28 17:02:28.934412,48641.0,13947676.0,380007.8125,1680003148972.5945,2520.0,3670.1538461538457,19995.0,66.88663138125321,14.950670699799618,87.0
502,1680003148.9422247,503,2Item7,2023-03-28 17:02:28.942225,48642.0,13947932.0,380015.625,1680003148980.407,2508.0,3652.6769230769214,19995.0,66.88663138125321,14.950670699799618,87.0
503,1680003148.9500372,504,2Item7,2023-03-28 17:02:28.950037,48643.0,13948188.0,380023.4375,1680003148988.2195,2521.0,3671.610256410256,19995.0,66.88663138125321,14.950670699799618,87.0
504,1680003148.9578495,505,2Item7,2023-03-28 17:02:28.957850,48644.0,13948444.0,380031.25,1680003148996.032,2519.0,3668.6974358974353,19994.0,66.90947907771135,14.945565468213552,87.0
505,1680003148.9656622,506,2Item7,2023-03-28 17:02:28.965662,48645.0,13948700.0,380039.0625,1680003149003.8445,2517.0,3665.7846153846153,19994.0,66.90947907771135,14.945565468213552,87.0
506,1680003148.9734747,507,2Item7,2023-03-28 17:02:28.973475,48646.0,13948956.0,380046.875,1680003149011.657,2513.0,3659.958974358974,19995.0,66.88663138125321,14.950670699799618,87.0
507,1680003148.9812872,508,2Item7,2023-03-28 17:02:28.981287,48647.0,13949212.0,380054.6875,1680003149019.4695,2527.0,3680.348717948717,19994.0,66.90947907771135,14.945565468213552,87.0
508,1680003148.9890995,509,2Item7,2023-03-28 17:02:28.989100,48648.0,13949468.0,380062.5,1680003149027.282,2517.0,3665.7846153846153,19996.0,66.86379928315412,14.955775931385686,87.0
509,1680003148.9969122,510,2Item7,2023-03-28 17:02:28.996912,48649.0,13949724.0,380070.3125,1680003149035.0945,2523.0,3674.5230769230766,19994.0,66.90947907771135,14.945565468213552,87.0
510,1680003149.0047247,511,2Item7,2023-03-28 17:02:29.004725,48650.0,13949980.0,380078.125,1680003149042.907,2510.0,3655.589743589743,19995.0,66.88663138125321,14.950670699799618,87.0
511,1680003149.0125372,512,2Item7,2023-03-28 17:02:29.012537,48651.0,13950236.0,380085.9375,1680003149050.7195,2511.0,3657.0461538461536,19996.0,66.86379928315412,14.955775931385686,87.0
512,1680003149.0203495,513,2Item7,2023-03-28 17:02:29.020350,48652.0,13950492.0,380093.75,1680003149058.532,2515.0,3662.8717948717945,19994.0,66.90947907771135,14.945565468213552,87.0
513,1680003149.0281622,514,2Item7,2023-03-28 17:02:29.028162,48653.0,13950748.0,380101.5625,1680003149066.3445,2521.0,3671.610256410256,19994.0,66.90947907771135,14.945565468213552,87.0
514,1680003149.0359747,515,2Item7,2023-03-28 17:02:29.035975,48654.0,13951004.0,380109.375,1680003149074.157,2518.0,3667.2410256410258,19995.0,66.88663138125321,14.950670699799618,87.0
515,1680003149.0437872,516,2Item7,2023-03-28 17:02:29.043787,48655.0,13951260.0,380117.1875,1680003149081.9695,2509.0,3654.1333333333328,19995.0,66.88663138125321,14.950670699799618,87.0
516,1680003149.0515995,517,2Item7,2023-03-28 17:02:29.051600,48656.0,13951516.0,380125.0,1680003149089.782,2524.0,3675.979487179487,19994.0,66.90947907771135,14.945565468213552,87.0
517,1680003149.0594122,518,2Item7,2023-03-28 17:02:29.059412,48657.0,13951772.0,380132.8125,1680003149097.5945,2522.0,3673.0666666666657,19995.0,66.88663138125321,14.950670699799618,87.0
518,1680003149.0672247,519,2Item7,2023-03-28 17:02:29.067225,48658.0,13952028.0,380140.625,1680003149105.407,2514.0,3661.415384615385,19996.0,66.86379928315412,14.955775931385686,87.0
519,1680003149.0750372,520,2Item7,2023-03-28 17:02:29.075037,48659.0,13952284.0,380148.4375,1680003149113.2195,2519.0,3668.6974358974353,19995.0,66.88663138125321,14.950670699799618,87.0
520,1680003149.0828495,521,2Item7,2023-03-28 17:02:29.082850,48660.0,13952540.0,380156.25,1680003149121.032,2527.0,3680.348717948717,19995.0,66.88663138125321,14.950670699799618,87.0
521,1680003149.0906622,522,2Item7,2023-03-28 17:02:29.090662,48661.0,13952796.0,380164.0625,1680003149128.8445,2497.0,3636.65641025641,19996.0,66.86379928315412,14.955775931385686,87.0
522,1680003149.0984747,523,2Item7,2023-03-28 17:02:29.098475,48662.0,13953052.0,380171.875,1680003149136.657,2515.0,3662.8717948717945,19997.0,66.84098276744584,14.960881162971752,87.0
523,1680003149.1062872,524,2Item7,2023-03-28 17:02:29.106287,48663.0,13953308.0,380179.6875,1680003149144.4695,2529.0,3683.2615384615374,19996.0,66.86379928315412,14.955775931385686,87.0
524,1680003149.1140995,525,2Item7,2023-03-28 17:02:29.114100,48664.0,13953564.0,380187.5,1680003149152.282,2508.0,3652.6769230769214,19998.0,66.81818181818184,14.965986394557817,87.0
525,1680003149.1219122,526,2Item7,2023-03-28 17:02:29.121912,48665.0,13953820.0,380195.3125,1680003149160.0945,2528.0,3681.805128205128,19996.0,66.86379928315412,14.955775931385686,87.0
526,1680003149.1297247,527,2Item7,2023-03-28 17:02:29.129725,48666.0,13954076.0,380203.125,1680003149167.907,2510.0,3655.589743589743,19998.0,66.81818181818184,14.965986394557817,87.0
527,1680003149.1375372,528,2Item7,2023-03-28 17:02:29.137537,48667.0,13954332.0,380210.9375,1680003149175.7195,2520.0,3670.1538461538457,19997.0,66.84098276744584,14.960881162971752,87.0
528,1680003149.1453495,529,2Item7,2023-03-28 17:02:29.145350,48668.0,13954588.0,380218.75,1680003149183.532,2519.0,3668.6974358974353,19996.0,66.86379928315412,14.955775931385686,87.0
529,1680003149.1531622,530,2Item7,2023-03-28 17:02:29.153162,48669.0,13954844.0,380226.5625,1680003149191.3445,2521.0,3671.610256410256,19996.0,66.86379928315412,14.955775931385686,87.0
530,1680003149.1609747,531,2Item7,2023-03-28 17:02:29.160975,48670.0,13955100.0,380234.375,1680003149199.157,2510.0,3655.589743589743,19998.0,66.81818181818184,14.965986394557817,87.0
531,1680003149.1687872,532,2Item7,2023-03-28 17:02:29.168787,48671.0,13955356.0,380242.1875,1680003149206.9695,2519.0,3668.6974358974353,19996.0,66.86379928315412,14.955775931385686,87.0
532,1680003149.1765995,533,2Item7,2023-03-28 17:02:29.176600,48672.0,13955612.0,380250.0,1680003149214.782,2522.0,3673.0666666666657,19997.0,66.84098276744584,14.960881162971752,87.0
533,1680003149.1844122,534,2Item7,2023-03-28 17:02:29.184412,48673.0,13955868.0,380257.8125,1680003149222.5945,2526.0,3678.892307692307,19997.0,66.84098276744584,14.960881162971752,87.0
534,1680003149.1922247,535,2Item7,2023-03-28 17:02:29.192225,48674.0,13956124.0,380265.625,1680003149230.407,2517.0,3665.7846153846153,19999.0,66.79539641943734,14.97109162614389,87.0
535,1680003149.2000372,536,2Item7,2023-03-28 17:02:29.200037,48675.0,13956380.0,380273.4375,1680003149238.2195,2518.0,3667.2410256410258,19998.0,66.81818181818184,14.965986394557817,87.0
536,1680003149.2078495,537,2Item7,2023-03-28 17:02:29.207850,48676.0,13956636.0,380281.25,1680003149246.032,2515.0,3662.8717948717945,19999.0,66.79539641943734,14.97109162614389,87.0
537,1680003149.2156622,538,2Item7,2023-03-28 17:02:29.215662,48677.0,13956892.0,380289.0625,1680003149253.8445,2524.0,3675.979487179487,19999.0,66.79539641943734,14.97109162614389,87.0
538,1680003149.2234747,539,2Item7,2023-03-28 17:02:29.223475,48678.0,13957148.0,380296.875,1680003149261.657,2513.0,3659.958974358974,20000.0,66.77262655530937,14.976196857729956,87.0
539,1680003149.2312872,540,2Item7,2023-03-28 17:02:29.231287,48679.0,13957404.0,380304.6875,1680003149269.4695,2525.0,3677.4358974358975,20000.0,66.77262655530937,14.976196857729956,87.0
540,1680003149.2390995,541,2Item7,2023-03-28 17:02:29.239100,48680.0,13957660.0,380312.5,1680003149277.282,2507.0,3651.220512820513,20003.0,66.70441001191895,14.991512552488162,87.0
541,1680003149.2469122,542,2Item7,2023-03-28 17:02:29.246912,48681.0,13957916.0,380320.3125,1680003149285.0945,2523.0,3674.5230769230766,20000.0,66.77262655530937,14.976196857729956,87.0
542,1680003149.2547247,543,2Item7,2023-03-28 17:02:29.254725,48682.0,13958172.0,380328.125,1680003149292.907,2510.0,3655.589743589743,20002.0,66.72713336739908,14.986407320902096,87.0
543,1680003149.2625372,544,2Item7,2023-03-28 17:02:29.262537,48683.0,13958428.0,380335.9375,1680003149300.7195,2518.0,3667.2410256410258,20002.0,66.72713336739908,14.986407320902096,87.0
544,1680003149.2703495,545,2Item7,2023-03-28 17:02:29.270350,48684.0,13958684.0,380343.75,1680003149308.532,2523.0,3674.5230769230766,20002.0,66.72713336739908,14.986407320902096,87.0
545,1680003149.2781622,546,2Item7,2023-03-28 17:02:29.278162,48685.0,13958940.0,380351.5625,1680003149316.3445,2526.0,3678.892307692307,20003.0,66.70441001191895,14.991512552488162,87.0
546,1680003149.2859747,547,2Item7,2023-03-28 17:02:29.285975,48686.0,13959196.0,380359.375,1680003149324.157,2507.0,3651.220512820513,20004.0,66.68170212765958,14.99661778407423,87.0
547,1680003149.2937872,548,2Item7,2023-03-28 17:02:29.293787,48687.0,13959452.0,380367.1875,1680003149331.9695,2518.0,3667.2410256410258,20002.0,66.72713336739908,14.986407320902096,87.0
548,1680003149.3015995,549,2Item7,2023-03-28 17:02:29.301600,48688.0,13959708.0,380375.0,1680003149339.782,2516.0,3664.328205128205,20004.0,66.68170212765958,14.99661778407423,87.0
549,1680003149.3094122,550,2Item7,2023-03-28 17:02:29.309412,48689.0,13959964.0,380382.8125,1680003149347.5945,2523.0,3674.5230769230766,20004.0,66.68170212765958,14.99661778407423,87.0
550,1680003149.3172247,551,2Item7,2023-03-28 17:02:29.317225,48690.0,13960220.0,380390.625,1680003149355.407,2507.0,3651.220512820513,20006.0,66.6363327096445,15.006828247246364,87.0
551,1680003149.3250372,552,2Item7,2023-03-28 17:02:29.325037,48691.0,13960476.0,380398.4375,1680003149363.2195,2516.0,3664.328205128205,20005.0,66.65900969882594,15.001723015660296,87.0
552,1680003149.3328495,553,2Item7,2023-03-28 17:02:29.332850,48692.0,13960732.0,380406.25,1680003149371.032,2513.0,3659.958974358974,20005.0,66.65900969882594,15.001723015660296,87.0
553,1680003149.3406622,554,2Item7,2023-03-28 17:02:29.340662,48693.0,13960988.0,380414.0625,1680003149378.8445,2522.0,3673.0666666666657,20006.0,66.6363327096445,15.006828247246364,87.0
554,1680003149.3484747,555,2Item7,2023-03-28 17:02:29.348475,48694.0,13961244.0,380421.875,1680003149386.657,2510.0,3655.589743589743,20008.0,66.5910249872514,15.017038710418502,87.0
555,1680003149.3562872,556,2Item7,2023-03-28 17:02:29.356287,48695.0,13961500.0,380429.6875,1680003149394.4695,2510.0,3655.589743589743,20009.0,66.56839422259984,15.022143942004568,87.0
556,1680003149.3640995,557,2Item7,2023-03-28 17:02:29.364100,48696.0,13961756.0,380437.5,1680003149402.282,2510.0,3655.589743589743,20010.0,66.54577883472058,15.027249173590636,87.0
557,1680003149.3719122,558,2Item7,2023-03-28 17:02:29.371912,48697.0,13962012.0,380445.3125,1680003149410.0945,2522.0,3673.0666666666657,20008.0,66.5910249872514,15.017038710418502,87.0
558,1680003149.3797247,559,2Item7,2023-03-28 17:02:29.379725,48698.0,13962268.0,380453.125,1680003149417.907,2507.0,3651.220512820513,20011.0,66.52317880794702,15.032354405176704,87.0
559,1680003149.3875372,560,2Item7,2023-03-28 17:02:29.387537,48699.0,13962524.0,380460.9375,1680003149425.7195,2510.0,3655.589743589743,20011.0,66.52317880794702,15.032354405176704,87.0
560,1680003149.3953495,561,2Item7,2023-03-28 17:02:29.395350,48700.0,13962780.0,380468.75,1680003149433.532,2525.0,3677.4358974358975,20010.0,66.54577883472058,15.027249173590636,87.0
561,1680003149.4031622,562,2Item7,2023-03-28 17:02:29.403162,48701.0,13963036.0,380476.5625,1680003149441.3445,2528.0,3681.805128205128,20011.0,66.52317880794702,15.032354405176704,87.0
562,1680003149.4109747,563,2Item7,2023-03-28 17:02:29.410975,48702.0,13963292.0,380484.375,1680003149449.157,2513.0,3659.958974358974,20013.0,66.47802477515697,15.04256486834884,87.0
563,1680003149.4187872,564,2Item7,2023-03-28 17:02:29.418787,48703.0,13963548.0,380492.1875,1680003149456.9695,2526.0,3678.892307692307,20013.0,66.47802477515697,15.04256486834884,87.0
564,1680003149.4265995,565,2Item7,2023-03-28 17:02:29.426600,48704.0,13963804.0,380500.0,1680003149464.782,2516.0,3664.328205128205,20013.0,66.47802477515697,15.04256486834884,87.0
565,1680003149.4344122,566,2Item7,2023-03-28 17:02:29.434412,48705.0,13964060.0,380507.8125,1680003149472.5945,2523.0,3674.5230769230766,20014.0,66.45547073791349,15.047670099934908,87.0
566,1680003149.4422247,567,2Item7,2023-03-28 17:02:29.442225,48706.0,13964316.0,380515.625,1680003149480.407,2512.0,3658.502564102564,20016.0,66.410408543821,15.05788056310704,87.0
567,1680003149.4500372,568,2Item7,2023-03-28 17:02:29.450037,48707.0,13964572.0,380523.4375,1680003149488.2195,2518.0,3667.2410256410258,20015.0,66.4329319993217,15.052775331520976,87.0
568,1680003149.4578495,569,2Item7,2023-03-28 17:02:29.457850,48708.0,13964828.0,380531.25,1680003149496.032,2524.0,3675.979487179487,20016.0,66.410408543821,15.05788056310704,87.0
569,1680003149.4656622,570,2Item7,2023-03-28 17:02:29.465662,48709.0,13965084.0,380539.0625,1680003149503.8445,2525.0,3677.4358974358975,20016.0,66.410408543821,15.05788056310704,87.0
570,1680003149.4734747,571,2Item7,2023-03-28 17:02:29.473475,48710.0,13965340.0,380546.875,1680003149511.657,2519.0,3668.6974358974353,20019.0,66.34292972057578,15.073196257865249,87.0
571,1680003149.4812872,572,2Item7,2023-03-28 17:02:29.481287,48711.0,13965596.0,380554.6875,1680003149519.4695,2516.0,3664.328205128205,20019.0,66.34292972057578,15.073196257865249,87.0
572,1680003149.4890995,573,2Item7,2023-03-28 17:02:29.489100,48712.0,13965852.0,380562.5,1680003149527.282,2512.0,3658.502564102564,20019.0,66.34292972057578,15.073196257865249,87.0
573,1680003149.4969122,574,2Item7,2023-03-28 17:02:29.496912,48713.0,13966108.0,380570.3125,1680003149535.0945,2527.0,3680.348717948717,20019.0,66.34292972057578,15.073196257865249,87.0
574,1680003149.5047247,575,2Item7,2023-03-28 17:02:29.504725,48714.0,13966364.0,380578.125,1680003149542.907,2514.0,3661.415384615385,20022.0,66.27558788699037,15.088511952623447,87.0
575,1680003149.5125372,576,2Item7,2023-03-28 17:02:29.512537,48715.0,13966620.0,380585.9375,1680003149550.7195,2526.0,3678.892307692307,20023.0,66.2531709791984,15.093617184209512,87.0
576,1680003149.5203495,577,2Item7,2023-03-28 17:02:29.520350,48716.0,13966876.0,380593.75,1680003149558.532,2513.0,3659.958974358974,20025.0,66.20838262633092,15.103827647381651,87.0
577,1680003149.5281622,578,2Item7,2023-03-28 17:02:29.528162,48717.0,13967132.0,380601.5625,1680003149566.3445,2523.0,3674.5230769230766,20023.0,66.2531709791984,15.093617184209512,87.0
578,1680003149.5359747,579,2Item7,2023-03-28 17:02:29.535975,48718.0,13967388.0,380609.375,1680003149574.157,2512.0,3658.502564102564,20026.0,66.1860111505322,15.10893287896772,87.0
579,1680003149.5437872,580,2Item7,2023-03-28 17:02:29.543787,48719.0,13967644.0,380617.1875,1680003149581.9695,2514.0,3661.415384615385,20024.0,66.23076923076924,15.098722415795583,87.0
580,1680003149.5515995,581,2Item7,2023-03-28 17:02:29.551600,48720.0,13967900.0,380625.0,1680003149589.782,2522.0,3673.0666666666657,20026.0,66.1860111505322,15.10893287896772,87.0
581,1680003149.5594122,582,2Item7,2023-03-28 17:02:29.559412,48721.0,13968156.0,380632.8125,1680003149597.5945,2523.0,3674.5230769230766,20026.0,66.1860111505322,15.10893287896772,87.0
582,1680003149.5672247,583,2Item7,2023-03-28 17:02:29.567225,48722.0,13968412.0,380640.625,1680003149605.407,2517.0,3665.7846153846153,20029.0,66.11898734177215,15.124248573725923,87.0
583,1680003149.5750372,584,2Item7,2023-03-28 17:02:29.575037,48723.0,13968668.0,380648.4375,1680003149613.2195,2518.0,3667.2410256410258,20028.0,66.14131352355226,15.119143342139855,87.0
584,1680003149.5828495,585,2Item7,2023-03-28 17:02:29.582850,48724.0,13968924.0,380656.25,1680003149621.032,2522.0,3673.0666666666657,20029.0,66.11898734177215,15.124248573725923,87.0
585,1680003149.5906622,586,2Item7,2023-03-28 17:02:29.590662,48725.0,13969180.0,380664.0625,1680003149628.8445,2524.0,3675.979487179487,20029.0,66.11898734177215,15.124248573725923,87.0
586,1680003149.5984747,587,2Item7,2023-03-28 17:02:29.598475,48726.0,13969436.0,380671.875,1680003149636.657,2514.0,3661.415384615385,20032.0,66.0520991401113,15.139564268484126,87.0
587,1680003149.6062872,588,2Item7,2023-03-28 17:02:29.606287,48727.0,13969692.0,380679.6875,1680003149644.4695,2521.0,3671.610256410256,20032.0,66.0520991401113,15.139564268484126,87.0
588,1680003149.6140995,589,2Item7,2023-03-28 17:02:29.614100,48728.0,13969948.0,380687.5,1680003149652.282,2518.0,3667.2410256410258,20032.0,66.0520991401113,15.139564268484126,87.0
589,1680003149.6219122,590,2Item7,2023-03-28 17:02:29.621912,48729.0,13970204.0,380695.3125,1680003149660.0945,2526.0,3678.892307692307,20034.0,66.00758213984837,15.149774731656263,87.0
590,1680003149.6297247,591,2Item7,2023-03-28 17:02:29.629725,48730.0,13970460.0,380703.125,1680003149667.907,2512.0,3658.502564102564,20036.0,65.96312510523657,15.1599851948284,87.0
591,1680003149.6375372,592,2Item7,2023-03-28 17:02:29.637537,48731.0,13970716.0,380710.9375,1680003149675.7195,2518.0,3667.2410256410258,20036.0,65.96312510523657,15.1599851948284,87.0
592,1680003149.6453495,593,2Item7,2023-03-28 17:02:29.645350,48732.0,13970972.0,380718.75,1680003149683.532,2524.0,3675.979487179487,20036.0,65.96312510523657,15.1599851948284,87.0
593,1680003149.6531622,594,2Item7,2023-03-28 17:02:29.653162,48733.0,13971228.0,380726.5625,1680003149691.3445,2532.0,3687.6307692307687,20036.0,65.96312510523657,15.1599851948284,87.0
594,1680003149.6609747,595,2Item7,2023-03-28 17:02:29.660975,48734.0,13971484.0,380734.375,1680003149699.157,2510.0,3655.589743589743,20039.0,65.89655172413794,15.175300889586604,87.0
595,1680003149.6687872,596,2Item7,2023-03-28 17:02:29.668787,48735.0,13971740.0,380742.1875,1680003149706.9695,2514.0,3661.415384615385,20040.0,65.87439044896587,15.180406121172672,87.0
596,1680003149.6765995,597,2Item7,2023-03-28 17:02:29.676600,48736.0,13971996.0,380750.0,1680003149714.782,2524.0,3675.979487179487,20039.0,65.89655172413794,15.175300889586604,87.0
597,1680003149.6844122,598,2Item7,2023-03-28 17:02:29.684412,48737.0,13972252.0,380757.8125,1680003149722.5945,2525.0,3677.4358974358975,20040.0,65.87439044896587,15.180406121172672,87.0
598,1680003149.6922247,599,2Item7,2023-03-28 17:02:29.692225,48738.0,13972508.0,380765.625,1680003149730.407,2514.0,3661.415384615385,20043.0,65.80799596841929,15.195721815930874,87.0
599,1680003149.7000372,600,2Item7,2023-03-28 17:02:29.700037,48739.0,13972764.0,380773.4375,1680003149738.2195,2521.0,3671.610256410256,20043.0,65.80799596841929,15.195721815930874,87.0
600,1680003149.7078495,601,2Item7,2023-03-28 17:02:29.707850,48740.0,13973020.0,380781.25,1680003149746.032,2514.0,3661.415384615385,20043.0,65.80799596841929,15.195721815930874,87.0
601,1680003149.7156622,602,2Item7,2023-03-28 17:02:29.715662,48741.0,13973276.0,380789.0625,1680003149753.8445,2519.0,3668.6974358974353,20045.0,65.76380728554642,15.20593227910301,87.0
602,1680003149.7234747,603,2Item7,2023-03-28 17:02:29.723475,48742.0,13973532.0,380796.875,1680003149761.657,2511.0,3657.0461538461536,20046.0,65.7417351904682,15.211037510689078,87.0
603,1680003149.7312872,604,2Item7,2023-03-28 17:02:29.731287,48743.0,13973788.0,380804.6875,1680003149769.4695,2527.0,3680.348717948717,20046.0,65.7417351904682,15.211037510689078,87.0
604,1680003149.7390995,605,2Item7,2023-03-28 17:02:29.739100,48744.0,13974044.0,380812.5,1680003149777.282,2524.0,3675.979487179487,20047.0,65.71967790639155,15.216142742275144,87.0
605,1680003149.7469122,606,2Item7,2023-03-28 17:02:29.746912,48745.0,13974300.0,380820.3125,1680003149785.0945,2529.0,3683.2615384615374,20047.0,65.71967790639155,15.216142742275144,87.0
606,1680003149.7547247,607,2Item7,2023-03-28 17:02:29.754725,48746.0,13974556.0,380828.125,1680003149792.907,2515.0,3662.8717948717945,20049.0,65.67560771165131,15.22635320544728,87.0
607,1680003149.7625372,608,2Item7,2023-03-28 17:02:29.762537,48747.0,13974812.0,380835.9375,1680003149800.7195,2519.0,3668.6974358974353,20050.0,65.65359477124184,15.231458437033346,87.0
608,1680003149.7703495,609,2Item7,2023-03-28 17:02:29.770350,48748.0,13975068.0,380843.75,1680003149808.532,2522.0,3673.0666666666657,20051.0,65.63159658234211,15.236563668619414,87.0
609,1680003149.7781622,610,2Item7,2023-03-28 17:02:29.778162,48749.0,13975324.0,380851.5625,1680003149816.3445,2524.0,3675.979487179487,20051.0,65.63159658234211,15.236563668619414,87.0
610,1680003149.7859747,611,2Item7,2023-03-28 17:02:29.785975,48750.0,13975580.0,380859.375,1680003149824.157,2508.0,3652.6769230769214,20053.0,65.5876443997991,15.24677413179155,87.0
611,1680003149.7937872,612,2Item7,2023-03-28 17:02:29.793787,48751.0,13975836.0,380867.1875,1680003149831.9695,2519.0,3668.6974358974353,20053.0,65.5876443997991,15.24677413179155,87.0
612,1680003149.8015995,613,2Item7,2023-03-28 17:02:29.801600,48752.0,13976092.0,380875.0,1680003149839.782,2520.0,3670.1538461538457,20053.0,65.5876443997991,15.24677413179155,87.0
613,1680003149.8094122,614,2Item7,2023-03-28 17:02:29.809412,48753.0,13976348.0,380882.8125,1680003149847.5945,2523.0,3674.5230769230766,20055.0,65.5437510456751,15.256984594963686,87.0
614,1680003149.8172247,615,2Item7,2023-03-28 17:02:29.817225,48754.0,13976604.0,380890.625,1680003149855.407,2510.0,3655.589743589743,20057.0,65.49991640193947,15.267195058135824,87.0
615,1680003149.8250372,616,2Item7,2023-03-28 17:02:29.825037,48755.0,13976860.0,380898.4375,1680003149863.2195,2519.0,3668.6974358974353,20057.0,65.49991640193947,15.267195058135824,87.0
616,1680003149.8328495,617,2Item7,2023-03-28 17:02:29.832850,48756.0,13977116.0,380906.25,1680003149871.032,2521.0,3671.610256410256,20057.0,65.49991640193947,15.267195058135824,87.0
617,1680003149.8406622,618,2Item7,2023-03-28 17:02:29.840662,48757.0,13977372.0,380914.0625,1680003149878.8445,2523.0,3674.5230769230766,20059.0,65.4561403508772,15.277405521307958,87.0
618,1680003149.8484747,619,2Item7,2023-03-28 17:02:29.848475,48758.0,13977628.0,380921.875,1680003149886.657,2511.0,3657.0461538461536,20060.0,65.43427426089862,15.282510752894028,87.0
619,1680003149.8562872,620,2Item7,2023-03-28 17:02:29.856287,48759.0,13977884.0,380929.6875,1680003149894.4695,2520.0,3670.1538461538457,20061.0,65.41242277508766,15.287615984480096,87.0
620,1680003149.8640995,621,2Item7,2023-03-28 17:02:29.864100,48760.0,13978140.0,380937.5,1680003149902.282,2527.0,3680.348717948717,20060.0,65.43427426089862,15.282510752894028,87.0
621,1680003149.8719122,622,2Item7,2023-03-28 17:02:29.871912,48761.0,13978396.0,380945.3125,1680003149910.0945,2522.0,3673.0666666666657,20062.0,65.39058587881823,15.292721216066164,87.0
622,1680003149.8797247,623,2Item7,2023-03-28 17:02:29.879725,48762.0,13978652.0,380953.125,1680003149917.907,2515.0,3662.8717948717945,20064.0,65.34695579649707,15.302931679238302,87.0
623,1680003149.8875372,624,2Item7,2023-03-28 17:02:29.887537,48763.0,13978908.0,380960.9375,1680003149925.7195,2524.0,3675.979487179487,20064.0,65.34695579649707,15.302931679238302,87.0
624,1680003149.8953495,625,2Item7,2023-03-28 17:02:29.895350,48764.0,13979164.0,380968.75,1680003149933.532,2525.0,3677.4358974358975,20063.0,65.36876355748373,15.297826447652232,87.0
625,1680003149.9031622,626,2Item7,2023-03-28 17:02:29.903162,48765.0,13979420.0,380976.5625,1680003149941.3445,2528.0,3681.805128205128,20064.0,65.34695579649707,15.302931679238302,87.0
626,1680003149.9109747,627,2Item7,2023-03-28 17:02:29.910975,48766.0,13979676.0,380984.375,1680003149949.157,2515.0,3662.8717948717945,20066.0,65.30338389731621,15.313142142410438,87.0
627,1680003149.9187872,628,2Item7,2023-03-28 17:02:29.918787,48767.0,13979932.0,380992.1875,1680003149956.9695,2522.0,3673.0666666666657,20066.0,65.30338389731621,15.313142142410438,87.0
628,1680003149.9265995,629,2Item7,2023-03-28 17:02:29.926600,48768.0,13980188.0,381000.0,1680003149964.782,2522.0,3673.0666666666657,20066.0,65.30338389731621,15.313142142410438,87.0
629,1680003149.9344122,630,2Item7,2023-03-28 17:02:29.934412,48769.0,13980444.0,381007.8125,1680003149972.5945,2526.0,3678.892307692307,20067.0,65.281619730045,15.318247373996504,87.0
630,1680003149.9422247,631,2Item7,2023-03-28 17:02:29.942225,48770.0,13980700.0,381015.625,1680003149980.407,2512.0,3658.502564102564,20068.0,65.25987006496753,15.323352605582569,87.0
631,1680003149.9500372,632,2Item7,2023-03-28 17:02:29.950037,48771.0,13980956.0,381023.4375,1680003149988.2195,2516.0,3664.328205128205,20069.0,65.23813488759367,15.32845783716864,87.0
632,1680003149.9578495,633,2Item7,2023-03-28 17:02:29.957850,48772.0,13981212.0,381031.25,1680003149996.032,2529.0,3683.2615384615374,20069.0,65.23813488759367,15.32845783716864,87.0
633,1680003149.9656622,634,2Item7,2023-03-28 17:02:29.965662,48773.0,13981468.0,381039.0625,1680003150003.8445,2523.0,3674.5230769230766,20070.0,65.21641418345264,15.333563068754705,87.0
634,1680003149.9734747,635,2Item7,2023-03-28 17:02:29.973475,48774.0,13981724.0,381046.875,1680003150011.657,2517.0,3665.7846153846153,20071.0,65.19470793809288,15.338668300340773,87.0
635,1680003149.9812872,636,2Item7,2023-03-28 17:02:29.981287,48775.0,13981980.0,381054.6875,1680003150019.4695,2520.0,3670.1538461538457,20072.0,65.17301613708203,15.34377353192684,87.0
636,1680003149.9890995,637,2Item7,2023-03-28 17:02:29.989100,48776.0,13982236.0,381062.5,1680003150027.282,2524.0,3675.979487179487,20072.0,65.17301613708203,15.34377353192684,87.0
637,1680003149.9969122,638,2Item7,2023-03-28 17:02:29.996912,48777.0,13982492.0,381070.3125,1680003150035.0945,2528.0,3681.805128205128,20073.0,65.15133876600699,15.348878763512907,87.0
638,1680003150.0047247,639,2Item7,2023-03-28 17:02:30.004725,48778.0,13982748.0,381078.125,1680003150042.907,2515.0,3662.8717948717945,20074.0,65.12967581047383,15.353983995098975,87.0
639,1680003150.0125372,640,2Item7,2023-03-28 17:02:30.012537,48779.0,13983004.0,381085.9375,1680003150050.7195,2519.0,3668.6974358974353,20075.0,65.10802725610769,15.359089226685049,87.0
640,1680003150.0203495,641,2Item7,2023-03-28 17:02:30.020350,48780.0,13983260.0,381093.75,1680003150058.532,2518.0,3667.2410256410258,20075.0,65.10802725610769,15.359089226685049,87.0
641,1680003150.0281622,642,2Item7,2023-03-28 17:02:30.028162,48781.0,13983516.0,381101.5625,1680003150066.3445,2519.0,3668.6974358974353,20075.0,65.10802725610769,15.359089226685049,87.0
642,1680003150.0359747,643,2Item7,2023-03-28 17:02:30.035975,48782.0,13983772.0,381109.375,1680003150074.157,2507.0,3651.220512820513,20077.0,65.06477329347285,15.36929968985718,87.0
643,1680003150.0437872,644,2Item7,2023-03-28 17:02:30.043787,48783.0,13984028.0,381117.1875,1680003150081.9695,2525.0,3677.4358974358975,20078.0,65.0431678565499,15.374404921443247,87.0
644,1680003150.0515995,645,2Item7,2023-03-28 17:02:30.051600,48784.0,13984284.0,381125.0,1680003150089.782,2525.0,3677.4358974358975,20077.0,65.06477329347285,15.36929968985718,87.0
645,1680003150.0594122,646,2Item7,2023-03-28 17:02:30.059412,48785.0,13984540.0,381132.8125,1680003150097.5945,2526.0,3678.892307692307,20077.0,65.06477329347285,15.36929968985718,87.0
646,1680003150.0672247,647,2Item7,2023-03-28 17:02:30.067225,48786.0,13984796.0,381140.625,1680003150105.407,2513.0,3659.958974358974,20079.0,65.02157676348548,15.379510153029315,87.0
647,1680003150.0750372,648,2Item7,2023-03-28 17:02:30.075037,48787.0,13985052.0,381148.4375,1680003150113.2195,2519.0,3668.6974358974353,20080.0,65.0,15.384615384615383,87.0
648,1680003150.0828495,649,2Item7,2023-03-28 17:02:30.082850,48788.0,13985308.0,381156.25,1680003150121.032,2516.0,3664.328205128205,20079.0,65.02157676348548,15.379510153029315,87.0
649,1680003150.0906622,650,2Item7,2023-03-28 17:02:30.090662,48789.0,13985564.0,381164.0625,1680003150128.8445,2522.0,3673.0666666666657,20079.0,65.02157676348548,15.379510153029315,87.0
650,1680003150.0984747,651,2Item7,2023-03-28 17:02:30.098475,48790.0,13985820.0,381171.875,1680003150136.657,2512.0,3658.502564102564,20081.0,64.97843755183281,15.389720616201451,87.0
651,1680003150.1062872,652,2Item7,2023-03-28 17:02:30.106287,48791.0,13986076.0,381179.6875,1680003150144.4695,2522.0,3673.0666666666657,20081.0,64.97843755183281,15.389720616201451,87.0
652,1680003150.1140995,653,2Item7,2023-03-28 17:02:30.114100,48792.0,13986332.0,381187.5,1680003150152.282,2514.0,3661.415384615385,20081.0,64.97843755183281,15.389720616201451,87.0
653,1680003150.1219122,654,2Item7,2023-03-28 17:02:30.121912,48793.0,13986588.0,381195.3125,1680003150160.0945,2520.0,3670.1538461538457,20081.0,64.97843755183281,15.389720616201451,87.0
654,1680003150.1297247,655,2Item7,2023-03-28 17:02:30.129725,48794.0,13986844.0,381203.125,1680003150167.907,2513.0,3659.958974358974,20083.0,64.93535554450523,15.399931079373586,87.0
655,1680003150.1375372,656,2Item7,2023-03-28 17:02:30.137537,48795.0,13987100.0,381210.9375,1680003150175.7195,2524.0,3675.979487179487,20083.0,64.93535554450523,15.399931079373586,87.0
656,1680003150.1453495,657,2Item7,2023-03-28 17:02:30.145350,48796.0,13987356.0,381218.75,1680003150183.532,2511.0,3657.0461538461536,20084.0,64.91383595691798,15.405036310959655,87.0
657,1680003150.1531622,658,2Item7,2023-03-28 17:02:30.153162,48797.0,13987612.0,381226.5625,1680003150191.3445,2521.0,3671.610256410256,20084.0,64.91383595691798,15.405036310959655,87.0
658,1680003150.1609747,659,2Item7,2023-03-28 17:02:30.160975,48798.0,13987868.0,381234.375,1680003150199.157,2522.0,3673.0666666666657,20086.0,64.8708395429707,15.41524677413179,87.0
659,1680003150.1687872,660,2Item7,2023-03-28 17:02:30.168787,48799.0,13988124.0,381242.1875,1680003150206.9695,2522.0,3673.0666666666657,20085.0,64.89233062779527,15.41014154254572,87.0
660,1680003150.1765995,661,2Item7,2023-03-28 17:02:30.176600,48800.0,13988380.0,381250.0,1680003150214.782,2518.0,3667.2410256410258,20085.0,64.89233062779527,15.41014154254572,87.0
661,1680003150.1844122,662,2Item7,2023-03-28 17:02:30.184412,48801.0,13988636.0,381257.8125,1680003150222.5945,2524.0,3675.979487179487,20085.0,64.89233062779527,15.41014154254572,87.0
662,1680003150.1922247,663,2Item7,2023-03-28 17:02:30.192225,48802.0,13988892.0,381265.625,1680003150230.407,2518.0,3667.2410256410258,20088.0,64.82790004964423,15.425457237303926,87.0
663,1680003150.2000372,664,2Item7,2023-03-28 17:02:30.200037,48803.0,13989148.0,381273.4375,1680003150238.2195,2518.0,3667.2410256410258,20087.0,64.84936268829665,15.420352005717858,87.0
664,1680003150.2078495,665,2Item7,2023-03-28 17:02:30.207850,48804.0,13989404.0,381281.25,1680003150246.032,2523.0,3674.5230769230766,20087.0,64.84936268829665,15.420352005717858,87.0
665,1680003150.2156622,666,2Item7,2023-03-28 17:02:30.215662,48805.0,13989660.0,381289.0625,1680003150253.8445,2521.0,3671.610256410256,20088.0,64.82790004964423,15.425457237303926,87.0
666,1680003150.2234747,667,2Item7,2023-03-28 17:02:30.223475,48806.0,13989916.0,381296.875,1680003150261.657,2514.0,3661.415384615385,20089.0,64.80645161290322,15.430562468889995,87.0
667,1680003150.2312872,668,2Item7,2023-03-28 17:02:30.231287,48807.0,13990172.0,381304.6875,1680003150269.4695,2525.0,3677.4358974358975,20088.0,64.82790004964423,15.425457237303926,87.0
668,1680003150.2390995,669,2Item7,2023-03-28 17:02:30.239100,48808.0,13990428.0,381312.5,1680003150277.282,2515.0,3662.8717948717945,20088.0,64.82790004964423,15.425457237303926,87.0
669,1680003150.2469122,670,2Item7,2023-03-28 17:02:30.246912,48809.0,13990684.0,381320.3125,1680003150285.0945,2526.0,3678.892307692307,20089.0,64.80645161290322,15.430562468889995,87.0
670,1680003150.2547247,671,2Item7,2023-03-28 17:02:30.254725,48810.0,13990940.0,381328.125,1680003150292.907,2514.0,3661.415384615385,20090.0,64.78501736398215,15.435667700476062,87.0
671,1680003150.2625372,672,2Item7,2023-03-28 17:02:30.262537,48811.0,13991196.0,381335.9375,1680003150300.7195,2514.0,3661.415384615385,20089.0,64.80645161290322,15.430562468889995,87.0
672,1680003150.2703495,673,2Item7,2023-03-28 17:02:30.270350,48812.0,13991452.0,381343.75,1680003150308.532,2519.0,3668.6974358974353,20089.0,64.80645161290322,15.430562468889995,87.0
673,1680003150.2781622,674,2Item7,2023-03-28 17:02:30.278162,48813.0,13991708.0,381351.5625,1680003150316.3445,2528.0,3681.805128205128,20090.0,64.78501736398215,15.435667700476062,87.0
674,1680003150.2859747,675,2Item7,2023-03-28 17:02:30.285975,48814.0,13991964.0,381359.375,1680003150324.157,2518.0,3667.2410256410258,20091.0,64.76359728880806,15.440772932062131,87.0
675,1680003150.2937872,676,2Item7,2023-03-28 17:02:30.293787,48815.0,13992220.0,381367.1875,1680003150331.9695,2523.0,3674.5230769230766,20091.0,64.76359728880806,15.440772932062131,87.0
676,1680003150.3015995,677,2Item7,2023-03-28 17:02:30.301600,48816.0,13992476.0,381375.0,1680003150339.782,2517.0,3665.7846153846153,20089.0,64.80645161290322,15.430562468889995,87.0
677,1680003150.3094122,678,2Item7,2023-03-28 17:02:30.309412,48817.0,13992732.0,381382.8125,1680003150347.5945,2524.0,3675.979487179487,20091.0,64.76359728880806,15.440772932062131,87.0
678,1680003150.3172247,679,2Item7,2023-03-28 17:02:30.317225,48818.0,13992988.0,381390.625,1680003150355.407,2514.0,3661.415384615385,20093.0,64.72079960350239,15.450983395234267,87.0
679,1680003150.3250372,680,2Item7,2023-03-28 17:02:30.325037,48819.0,13993244.0,381398.4375,1680003150363.2195,2522.0,3673.0666666666657,20091.0,64.76359728880806,15.440772932062131,87.0
680,1680003150.3328495,681,2Item7,2023-03-28 17:02:30.332850,48820.0,13993500.0,381406.25,1680003150371.032,2524.0,3675.979487179487,20092.0,64.74219137332673,15.445878163648196,87.0
681,1680003150.3406622,682,2Item7,2023-03-28 17:02:30.340662,48821.0,13993756.0,381414.0625,1680003150378.8445,2526.0,3678.892307692307,20091.0,64.76359728880806,15.440772932062131,87.0
682,1680003150.3484747,683,2Item7,2023-03-28 17:02:30.348475,48822.0,13994012.0,381421.875,1680003150386.657,2513.0,3659.958974358974,20093.0,64.72079960350239,15.450983395234267,87.0
683,1680003150.3562872,684,2Item7,2023-03-28 17:02:30.356287,48823.0,13994268.0,381429.6875,1680003150394.4695,2525.0,3677.4358974358975,20092.0,64.74219137332673,15.445878163648196,87.0
684,1680003150.3640995,685,2Item7,2023-03-28 17:02:30.364100,48824.0,13994524.0,381437.5,1680003150402.282,2510.0,3655.589743589743,20093.0,64.72079960350239,15.450983395234267,87.0
685,1680003150.3719122,686,2Item7,2023-03-28 17:02:30.371912,48825.0,13994780.0,381445.3125,1680003150410.0945,2520.0,3670.1538461538457,20092.0,64.74219137332673,15.445878163648196,87.0
686,1680003150.3797247,687,2Item7,2023-03-28 17:02:30.379725,48826.0,13995036.0,381453.125,1680003150417.907,2509.0,3654.1333333333328,20094.0,64.69942196531792,15.456088626820334,87.0
687,1680003150.3875372,688,2Item7,2023-03-28 17:02:30.387537,48827.0,13995292.0,381460.9375,1680003150425.7195,2524.0,3675.979487179487,20093.0,64.72079960350239,15.450983395234267,87.0
688,1680003150.3953495,689,2Item7,2023-03-28 17:02:30.395350,48828.0,13995548.0,381468.75,1680003150433.532,2524.0,3675.979487179487,20092.0,64.74219137332673,15.445878163648196,87.0
689,1680003150.4031622,690,2Item7,2023-03-28 17:02:30.403162,48829.0,13995804.0,381476.5625,1680003150441.3445,2521.0,3671.610256410256,20092.0,64.74219137332673,15.445878163648196,87.0
690,1680003150.4109747,691,2Item7,2023-03-28 17:02:30.410975,48830.0,13996060.0,381484.375,1680003150449.157,2511.0,3657.0461538461536,20094.0,64.69942196531792,15.456088626820334,87.0
691,1680003150.4187872,692,2Item7,2023-03-28 17:02:30.418787,48831.0,13996316.0,381492.1875,1680003150456.9695,2526.0,3678.892307692307,20094.0,64.69942196531792,15.456088626820334,87.0
692,1680003150.4265995,693,2Item7,2023-03-28 17:02:30.426600,48832.0,13996572.0,381500.0,1680003150464.782,2517.0,3665.7846153846153,20093.0,64.72079960350239,15.450983395234267,87.0
693,1680003150.4344122,694,2Item7,2023-03-28 17:02:30.434412,48833.0,13996828.0,381507.8125,1680003150472.5945,2522.0,3673.0666666666657,20093.0,64.72079960350239,15.450983395234267,87.0
694,1680003150.4422247,695,2Item7,2023-03-28 17:02:30.442225,48834.0,13997084.0,381515.625,1680003150480.407,2510.0,3655.589743589743,20094.0,64.69942196531792,15.456088626820334,87.0
695,1680003150.4500372,696,2Item7,2023-03-28 17:02:30.450037,48835.0,13997340.0,381523.4375,1680003150488.2195,2503.0,3645.394871794872,20094.0,64.69942196531792,15.456088626820334,87.0
696,1680003150.4578495,697,2Item7,2023-03-28 17:02:30.457850,48836.0,13997596.0,381531.25,1680003150496.032,2520.0,3670.1538461538457,20094.0,64.69942196531792,15.456088626820334,87.0
697,1680003150.4656622,698,2Item7,2023-03-28 17:02:30.465662,48837.0,13997852.0,381539.0625,1680003150503.8445,2498.0,3638.11282051282,20096.0,64.65670902789239,15.46629908999247,87.0
698,1680003150.4734747,699,2Item7,2023-03-28 17:02:30.473475,48838.0,13998108.0,381546.875,1680003150511.657,2512.0,3658.502564102564,20095.0,64.67805844477465,15.4611938584064,87.0
699,1680003150.4812872,700,2Item7,2023-03-28 17:02:30.481287,48839.0,13998364.0,381554.6875,1680003150519.4695,2525.0,3677.4358974358975,20095.0,64.67805844477465,15.4611938584064,87.0
700,1680003150.4890995,701,2Item7,2023-03-28 17:02:30.489100,48840.0,13998620.0,381562.5,1680003150527.282,2518.0,3667.2410256410258,20094.0,64.69942196531792,15.456088626820334,87.0
701,1680003150.4969122,702,2Item7,2023-03-28 17:02:30.496912,48841.0,13998876.0,381570.3125,1680003150535.0945,2531.0,3686.174358974359,20094.0,64.69942196531792,15.456088626820334,87.0
702,1680003150.5047247,703,2Item7,2023-03-28 17:02:30.504725,48842.0,13999132.0,381578.125,1680003150542.907,2509.0,3654.1333333333328,20096.0,64.65670902789239,15.46629908999247,87.0
703,1680003150.5125372,704,2Item7,2023-03-28 17:02:30.512537,48843.0,13999388.0,381585.9375,1680003150550.7195,2524.0,3675.979487179487,20094.0,64.69942196531792,15.456088626820334,87.0
704,1680003150.5203495,705,2Item7,2023-03-28 17:02:30.520350,48844.0,13999644.0,381593.75,1680003150558.532,2515.0,3662.8717948717945,20095.0,64.67805844477465,15.4611938584064,87.0
705,1680003150.5281622,706,2Item7,2023-03-28 17:02:30.528162,48845.0,13999900.0,381601.5625,1680003150566.3445,2524.0,3675.979487179487,20094.0,64.69942196531792,15.456088626820334,87.0
706,1680003150.5359747,707,2Item7,2023-03-28 17:02:30.535975,48846.0,14000156.0,381609.375,1680003150574.157,2515.0,3662.8717948717945,20096.0,64.65670902789239,15.46629908999247,87.0
707,1680003150.5437872,708,2Item7,2023-03-28 17:02:30.543787,48847.0,14000412.0,381617.1875,1680003150581.9695,2521.0,3671.610256410256,20095.0,64.67805844477465,15.4611938584064,87.0
708,1680003150.5515995,709,2Item7,2023-03-28 17:02:30.551600,48848.0,14000668.0,381625.0,1680003150589.782,2515.0,3662.8717948717945,20095.0,64.67805844477465,15.4611938584064,87.0
709,1680003150.5594122,710,2Item7,2023-03-28 17:02:30.559412,48849.0,14000924.0,381632.8125,1680003150597.5945,2520.0,3670.1538461538457,20095.0,64.67805844477465,15.4611938584064,87.0
710,1680003150.5672247,711,2Item7,2023-03-28 17:02:30.567225,48850.0,14001180.0,381640.625,1680003150605.407,2509.0,3654.1333333333328,20096.0,64.65670902789239,15.46629908999247,87.0
711,1680003150.5750372,712,2Item7,2023-03-28 17:02:30.575037,48851.0,14001436.0,381648.4375,1680003150613.2195,2528.0,3681.805128205128,20095.0,64.67805844477465,15.4611938584064,87.0
712,1680003150.5828495,713,2Item7,2023-03-28 17:02:30.582850,48852.0,14001692.0,381656.25,1680003150621.032,2507.0,3651.220512820513,20097.0,64.63537370070947,15.471404321578536,87.0
713,1680003150.5906622,714,2Item7,2023-03-28 17:02:30.590662,48853.0,14001948.0,381664.0625,1680003150628.8445,2523.0,3674.5230769230766,20095.0,64.67805844477465,15.4611938584064,87.0
714,1680003150.5984747,715,2Item7,2023-03-28 17:02:30.598475,48854.0,14002204.0,381671.875,1680003150636.657,2514.0,3661.415384615385,20096.0,64.65670902789239,15.46629908999247,87.0
715,1680003150.6062872,716,2Item7,2023-03-28 17:02:30.606287,48855.0,14002460.0,381679.6875,1680003150644.4695,2521.0,3671.610256410256,20095.0,64.67805844477465,15.4611938584064,87.0
716,1680003150.6140995,717,2Item7,2023-03-28 17:02:30.614100,48856.0,14002716.0,381687.5,1680003150652.282,2516.0,3664.328205128205,20096.0,64.65670902789239,15.46629908999247,87.0
717,1680003150.6219122,718,2Item7,2023-03-28 17:02:30.621912,48857.0,14002972.0,381695.3125,1680003150660.0945,2529.0,3683.2615384615374,20094.0,64.69942196531792,15.456088626820334,87.0
718,1680003150.6297247,719,2Item7,2023-03-28 17:02:30.629725,48858.0,14003228.0,381703.125,1680003150667.907,2513.0,3659.958974358974,20096.0,64.65670902789239,15.46629908999247,87.0
719,1680003150.6375372,720,2Item7,2023-03-28 17:02:30.637537,48859.0,14003484.0,381710.9375,1680003150675.7195,2522.0,3673.0666666666657,20094.0,64.69942196531792,15.456088626820334,87.0
720,1680003150.6453495,721,2Item7,2023-03-28 17:02:30.645350,48860.0,14003740.0,381718.75,1680003150683.532,2513.0,3659.958974358974,20094.0,64.69942196531792,15.456088626820334,87.0
721,1680003150.6531622,722,2Item7,2023-03-28 17:02:30.653162,48861.0,14003996.0,381726.5625,1680003150691.3445,2528.0,3681.805128205128,20094.0,64.69942196531792,15.456088626820334,87.0
722,1680003150.6609747,723,2Item7,2023-03-28 17:02:30.660975,48862.0,14004252.0,381734.375,1680003150699.157,2512.0,3658.502564102564,20095.0,64.67805844477465,15.4611938584064,87.0
723,1680003150.6687872,724,2Item7,2023-03-28 17:02:30.668787,48863.0,14004508.0,381742.1875,1680003150706.9695,2520.0,3670.1538461538457,20095.0,64.67805844477465,15.4611938584064,87.0
724,1680003150.6765995,725,2Item7,2023-03-28 17:02:30.676600,48864.0,14004764.0,381750.0,1680003150714.782,2524.0,3675.979487179487,20094.0,64.69942196531792,15.456088626820334,87.0
725,1680003150.6844122,726,2Item7,2023-03-28 17:02:30.684412,48865.0,14005020.0,381757.8125,1680003150722.5945,2529.0,3683.2615384615374,20094.0,64.69942196531792,15.456088626820334,87.0
726,1680003150.6922247,727,2Item7,2023-03-28 17:02:30.692225,48866.0,14005276.0,381765.625,1680003150730.407,2517.0,3665.7846153846153,20096.0,64.65670902789239,15.46629908999247,87.0
727,1680003150.7000372,728,2Item7,2023-03-28 17:02:30.700037,48867.0,14005532.0,381773.4375,1680003150738.2195,2521.0,3671.610256410256,20094.0,64.69942196531792,15.456088626820334,87.0
728,1680003150.7078495,729,2Item7,2023-03-28 17:02:30.707850,48868.0,14005788.0,381781.25,1680003150746.032,2525.0,3677.4358974358975,20093.0,64.72079960350239,15.450983395234267,87.0
729,1680003150.7156622,730,2Item7,2023-03-28 17:02:30.715662,48869.0,14006044.0,381789.0625,1680003150753.8445,2526.0,3678.892307692307,20093.0,64.72079960350239,15.450983395234267,87.0
730,1680003150.7234747,731,2Item7,2023-03-28 17:02:30.723475,48870.0,14006300.0,381796.875,1680003150761.657,2516.0,3664.328205128205,20095.0,64.67805844477465,15.4611938584064,87.0
731,1680003150.7312872,732,2Item7,2023-03-28 17:02:30.731287,48871.0,14006556.0,381804.6875,1680003150769.4695,2519.0,3668.6974358974353,20094.0,64.69942196531792,15.456088626820334,87.0
732,1680003150.7390995,733,2Item7,2023-03-28 17:02:30.739100,48872.0,14006812.0,381812.5,1680003150777.282,2518.0,3667.2410256410258,20092.0,64.74219137332673,15.445878163648196,87.0
733,1680003150.7469122,734,2Item7,2023-03-28 17:02:30.746912,48873.0,14007068.0,381820.3125,1680003150785.0945,2522.0,3673.0666666666657,20093.0,64.72079960350239,15.450983395234267,87.0
734,1680003150.7547247,735,2Item7,2023-03-28 17:02:30.754725,48874.0,14007324.0,381828.125,1680003150792.907,2517.0,3665.7846153846153,20094.0,64.69942196531792,15.456088626820334,87.0
735,1680003150.7625372,736,2Item7,2023-03-28 17:02:30.762537,48875.0,14007580.0,381835.9375,1680003150800.7195,2519.0,3668.6974358974353,20092.0,64.74219137332673,15.445878163648196,87.0
736,1680003150.7703495,737,2Item7,2023-03-28 17:02:30.770350,48876.0,14007836.0,381843.75,1680003150808.532,2528.0,3681.805128205128,20092.0,64.74219137332673,15.445878163648196,87.0
737,1680003150.7781622,738,2Item7,2023-03-28 17:02:30.778162,48877.0,14008092.0,381851.5625,1680003150816.3445,2517.0,3665.7846153846153,20093.0,64.72079960350239,15.450983395234267,87.0
738,1680003150.7859747,739,2Item7,2023-03-28 17:02:30.785975,48878.0,14008348.0,381859.375,1680003150824.157,2516.0,3664.328205128205,20094.0,64.69942196531792,15.456088626820334,87.0
739,1680003150.7937872,740,2Item7,2023-03-28 17:02:30.793787,48879.0,14008604.0,381867.1875,1680003150831.9695,2522.0,3673.0666666666657,20093.0,64.72079960350239,15.450983395234267,87.0
740,1680003150.8015995,741,2Item7,2023-03-28 17:02:30.801600,48880.0,14008860.0,381875.0,1680003150839.782,2523.0,3674.5230769230766,20092.0,64.74219137332673,15.445878163648196,87.0
741,1680003150.8094122,742,2Item7,2023-03-28 17:02:30.809412,48881.0,14009116.0,381882.8125,1680003150847.5945,2521.0,3671.610256410256,20092.0,64.74219137332673,15.445878163648196,87.0
742,1680003150.8172247,743,2Item7,2023-03-28 17:02:30.817225,48882.0,14009372.0,381890.625,1680003150855.407,2522.0,3673.0666666666657,20094.0,64.69942196531792,15.456088626820334,87.0
743,1680003150.8250372,744,2Item7,2023-03-28 17:02:30.825037,48883.0,14009628.0,381898.4375,1680003150863.2195,2525.0,3677.4358974358975,20092.0,64.74219137332673,15.445878163648196,87.0
744,1680003150.8328495,745,2Item7,2023-03-28 17:02:30.832850,48884.0,14009884.0,381906.25,1680003150871.032,2507.0,3651.220512820513,20093.0,64.72079960350239,15.450983395234267,87.0
745,1680003150.8406622,746,2Item7,2023-03-28 17:02:30.840662,48885.0,14010140.0,381914.0625,1680003150878.8445,2519.0,3668.6974358974353,20092.0,64.74219137332673,15.445878163648196,87.0
746,1680003150.8484747,747,2Item7,2023-03-28 17:02:30.848475,48886.0,14010396.0,381921.875,1680003150886.657,2510.0,3655.589743589743,20093.0,64.72079960350239,15.450983395234267,87.0
747,1680003150.8562872,748,2Item7,2023-03-28 17:02:30.856287,48887.0,14010652.0,381929.6875,1680003150894.4695,2521.0,3671.610256410256,20092.0,64.74219137332673,15.445878163648196,87.0
748,1680003150.8640995,749,2Item7,2023-03-28 17:02:30.864100,48888.0,14010908.0,381937.5,1680003150902.282,2528.0,3681.805128205128,20091.0,64.76359728880806,15.440772932062131,87.0
749,1680003150.8719122,750,2Item7,2023-03-28 17:02:30.871912,48889.0,14011164.0,381945.3125,1680003150910.0945,2525.0,3677.4358974358975,20091.0,64.76359728880806,15.440772932062131,87.0
750,1680003150.8797247,751,2Item7,2023-03-28 17:02:30.879725,48890.0,14011420.0,381953.125,1680003150917.907,2514.0,3661.415384615385,20093.0,64.72079960350239,15.450983395234267,87.0
751,1680003150.8875372,752,2Item7,2023-03-28 17:02:30.887537,48891.0,14011676.0,381960.9375,1680003150925.7195,2523.0,3674.5230769230766,20092.0,64.74219137332673,15.445878163648196,87.0
752,1680003150.8953495,753,2Item7,2023-03-28 17:02:30.895350,48892.0,14011932.0,381968.75,1680003150933.532,2523.0,3674.5230769230766,20091.0,64.76359728880806,15.440772932062131,87.0
753,1680003150.9031622,754,2Item7,2023-03-28 17:02:30.903162,48893.0,14012188.0,381976.5625,1680003150941.3445,2522.0,3673.0666666666657,20091.0,64.76359728880806,15.440772932062131,87.0
754,1680003150.9109747,755,2Item7,2023-03-28 17:02:30.910975,48894.0,14012444.0,381984.375,1680003150949.157,2514.0,3661.415384615385,20092.0,64.74219137332673,15.445878163648196,87.0
755,1680003150.9187872,756,2Item7,2023-03-28 17:02:30.918787,48895.0,14012700.0,381992.1875,1680003150956.9695,2527.0,3680.348717948717,20091.0,64.76359728880806,15.440772932062131,87.0
756,1680003150.9265995,757,2Item7,2023-03-28 17:02:30.926600,48896.0,14012956.0,382000.0,1680003150964.782,2525.0,3677.4358974358975,20090.0,64.78501736398215,15.435667700476062,87.0
757,1680003150.9344122,758,2Item7,2023-03-28 17:02:30.934412,48897.0,14013212.0,382007.8125,1680003150972.5945,2524.0,3675.979487179487,20091.0,64.76359728880806,15.440772932062131,87.0
758,1680003150.9422247,759,2Item7,2023-03-28 17:02:30.942225,48898.0,14013468.0,382015.625,1680003150980.407,2514.0,3661.415384615385,20092.0,64.74219137332673,15.445878163648196,87.0
759,1680003150.9500372,760,2Item7,2023-03-28 17:02:30.950037,48899.0,14013724.0,382023.4375,1680003150988.2195,2524.0,3675.979487179487,20090.0,64.78501736398215,15.435667700476062,87.0
760,1680003150.9578495,761,2Item7,2023-03-28 17:02:30.957850,48900.0,14013980.0,382031.25,1680003150996.032,2526.0,3678.892307692307,20090.0,64.78501736398215,15.435667700476062,87.0
761,1680003150.9656622,762,2Item7,2023-03-28 17:02:30.965662,48901.0,14014236.0,382039.0625,1680003151003.8445,2526.0,3678.892307692307,20091.0,64.76359728880806,15.440772932062131,87.0
762,1680003150.9734747,763,2Item7,2023-03-28 17:02:30.973475,48902.0,14014492.0,382046.875,1680003151011.657,2514.0,3661.415384615385,20092.0,64.74219137332673,15.445878163648196,87.0
763,1680003150.9812872,764,2Item7,2023-03-28 17:02:30.981287,48903.0,14014748.0,382054.6875,1680003151019.4695,2518.0,3667.2410256410258,20091.0,64.76359728880806,15.440772932062131,87.0
764,1680003150.9890995,765,2Item7,2023-03-28 17:02:30.989100,48904.0,14015004.0,382062.5,1680003151027.282,2521.0,3671.610256410256,20090.0,64.78501736398215,15.435667700476062,87.0
765,1680003150.9969122,766,2Item7,2023-03-28 17:02:30.996912,48905.0,14015260.0,382070.3125,1680003151035.0945,2496.0,3635.2,20092.0,64.74219137332673,15.445878163648196,87.0
766,1680003151.0047247,767,2Item7,2023-03-28 17:02:31.004725,48906.0,14015516.0,382078.125,1680003151042.907,2515.0,3662.8717948717945,20091.0,64.76359728880806,15.440772932062131,87.0
767,1680003151.0125372,768,2Item7,2023-03-28 17:02:31.012537,48907.0,14015772.0,382085.9375,1680003151050.7195,2520.0,3670.1538461538457,20092.0,64.74219137332673,15.445878163648196,87.0
768,1680003151.0203495,769,2Item7,2023-03-28 17:02:31.020350,48908.0,14016028.0,382093.75,1680003151058.532,2517.0,3665.7846153846153,20092.0,64.74219137332673,15.445878163648196,87.0
769,1680003151.0281622,770,2Item7,2023-03-28 17:02:31.028162,48909.0,14016284.0,382101.5625,1680003151066.3445,2522.0,3673.0666666666657,20090.0,64.78501736398215,15.435667700476062,87.0
770,1680003151.0359747,771,2Item7,2023-03-28 17:02:31.035975,48910.0,14016540.0,382109.375,1680003151074.157,2520.0,3670.1538461538457,20092.0,64.74219137332673,15.445878163648196,87.0
771,1680003151.0437872,772,2Item7,2023-03-28 17:02:31.043787,48911.0,14016796.0,382117.1875,1680003151081.9695,2522.0,3673.0666666666657,20090.0,64.78501736398215,15.435667700476062,87.0
772,1680003151.0515995,773,2Item7,2023-03-28 17:02:31.051600,48912.0,14017052.0,382125.0,1680003151089.782,2522.0,3673.0666666666657,20091.0,64.76359728880806,15.440772932062131,87.0
773,1680003151.0594122,774,2Item7,2023-03-28 17:02:31.059412,48913.0,14017308.0,382132.8125,1680003151097.5945,2502.0,3643.9384615384606,20093.0,64.72079960350239,15.450983395234267,87.0
774,1680003151.0672247,775,2Item7,2023-03-28 17:02:31.067225,48914.0,14017564.0,382140.625,1680003151105.407,2513.0,3659.958974358974,20092.0,64.74219137332673,15.445878163648196,87.0
775,1680003151.0750372,776,2Item7,2023-03-28 17:02:31.075037,48915.0,14017820.0,382148.4375,1680003151113.2195,2526.0,3678.892307692307,20091.0,64.76359728880806,15.440772932062131,87.0
776,1680003151.0828495,777,2Item7,2023-03-28 17:02:31.082850,48916.0,14018076.0,382156.25,1680003151121.032,2523.0,3674.5230769230766,20091.0,64.76359728880806,15.440772932062131,87.0
777,1680003151.0906622,778,2Item7,2023-03-28 17:02:31.090662,48917.0,14018332.0,382164.0625,1680003151128.8445,2527.0,3680.348717948717,20091.0,64.76359728880806,15.440772932062131,87.0
778,1680003151.0984747,779,2Item7,2023-03-28 17:02:31.098475,48918.0,14018588.0,382171.875,1680003151136.657,2514.0,3661.415384615385,20092.0,64.74219137332673,15.445878163648196,87.0
779,1680003151.1062872,780,2Item7,2023-03-28 17:02:31.106287,48919.0,14018844.0,382179.6875,1680003151144.4695,2524.0,3675.979487179487,20091.0,64.76359728880806,15.440772932062131,87.0
780,1680003151.1140995,781,2Item7,2023-03-28 17:02:31.114100,48920.0,14019100.0,382187.5,1680003151152.282,2523.0,3674.5230769230766,20091.0,64.76359728880806,15.440772932062131,87.0
781,1680003151.1219122,782,2Item7,2023-03-28 17:02:31.121912,48921.0,14019356.0,382195.3125,1680003151160.0945,2527.0,3680.348717948717,20091.0,64.76359728880806,15.440772932062131,87.0
782,1680003151.1297247,783,2Item7,2023-03-28 17:02:31.129725,48922.0,14019612.0,382203.125,1680003151167.907,2513.0,3659.958974358974,20092.0,64.74219137332673,15.445878163648196,87.0
783,1680003151.1375372,784,2Item7,2023-03-28 17:02:31.137537,48923.0,14019868.0,382210.9375,1680003151175.7195,2525.0,3677.4358974358975,20091.0,64.76359728880806,15.440772932062131,87.0
784,1680003151.1453495,785,2Item7,2023-03-28 17:02:31.145350,48924.0,14020124.0,382218.75,1680003151183.532,2523.0,3674.5230769230766,20091.0,64.76359728880806,15.440772932062131,87.0
785,1680003151.1531622,786,2Item7,2023-03-28 17:02:31.153162,48925.0,14020380.0,382226.5625,1680003151191.3445,2529.0,3683.2615384615374,20091.0,64.76359728880806,15.440772932062131,87.0
786,1680003151.1609747,787,2Item7,2023-03-28 17:02:31.160975,48926.0,14020636.0,382234.375,1680003151199.157,2515.0,3662.8717948717945,20093.0,64.72079960350239,15.450983395234267,87.0
787,1680003151.1687872,788,2Item7,2023-03-28 17:02:31.168787,48927.0,14020892.0,382242.1875,1680003151206.9695,2524.0,3675.979487179487,20092.0,64.74219137332673,15.445878163648196,87.0
788,1680003151.1765995,789,2Item7,2023-03-28 17:02:31.176600,48928.0,14021148.0,382250.0,1680003151214.782,2523.0,3674.5230769230766,20092.0,64.74219137332673,15.445878163648196,87.0
789,1680003151.1844122,790,2Item7,2023-03-28 17:02:31.184412,48929.0,14021404.0,382257.8125,1680003151222.5945,2526.0,3678.892307692307,20091.0,64.76359728880806,15.440772932062131,87.0
790,1680003151.1922247,791,2Item7,2023-03-28 17:02:31.192225,48930.0,14021660.0,382265.625,1680003151230.407,2521.0,3671.610256410256,20093.0,64.72079960350239,15.450983395234267,87.0
791,1680003151.2000372,792,2Item7,2023-03-28 17:02:31.200037,48931.0,14021916.0,382273.4375,1680003151238.2195,2527.0,3680.348717948717,20092.0,64.74219137332673,15.445878163648196,87.0
792,1680003151.2078495,793,2Item7,2023-03-28 17:02:31.207850,48932.0,14022172.0,382281.25,1680003151246.032,2514.0,3661.415384615385,20093.0,64.72079960350239,15.450983395234267,87.0
793,1680003151.2156622,794,2Item7,2023-03-28 17:02:31.215662,48933.0,14022428.0,382289.0625,1680003151253.8445,2516.0,3664.328205128205,20092.0,64.74219137332673,15.445878163648196,87.0
794,1680003151.2234747,795,2Item7,2023-03-28 17:02:31.223475,48934.0,14022684.0,382296.875,1680003151261.657,2512.0,3658.502564102564,20094.0,64.69942196531792,15.456088626820334,87.0
795,1680003151.2312872,796,2Item7,2023-03-28 17:02:31.231287,48935.0,14022940.0,382304.6875,1680003151269.4695,2524.0,3675.979487179487,20092.0,64.74219137332673,15.445878163648196,87.0
796,1680003151.2390995,797,2Item7,2023-03-28 17:02:31.239100,48936.0,14023196.0,382312.5,1680003151277.282,2520.0,3670.1538461538457,20093.0,64.72079960350239,15.450983395234267,87.0
797,1680003151.2469122,798,2Item7,2023-03-28 17:02:31.246912,48937.0,14023452.0,382320.3125,1680003151285.0945,2524.0,3675.979487179487,20092.0,64.74219137332673,15.445878163648196,87.0
798,1680003151.2547247,799,2Item7,2023-03-28 17:02:31.254725,48938.0,14023708.0,382328.125,1680003151292.907,2517.0,3665.7846153846153,20094.0,64.69942196531792,15.456088626820334,87.0
799,1680003151.2625372,800,2Item7,2023-03-28 17:02:31.262537,48939.0,14023964.0,382335.9375,1680003151300.7195,2525.0,3677.4358974358975,20093.0,64.72079960350239,15.450983395234267,87.0
800,1680003151.2703495,801,2Item7,2023-03-28 17:02:31.270350,48940.0,14024220.0,382343.75,1680003151308.532,2522.0,3673.0666666666657,20093.0,64.72079960350239,15.450983395234267,87.0
801,1680003151.2781622,802,2Item7,2023-03-28 17:02:31.278162,48941.0,14024476.0,382351.5625,1680003151316.3445,2527.0,3680.348717948717,20093.0,64.72079960350239,15.450983395234267,87.0
802,1680003151.2859747,803,2Item7,2023-03-28 17:02:31.285975,48942.0,14024732.0,382359.375,1680003151324.157,2518.0,3667.2410256410258,20094.0,64.69942196531792,15.456088626820334,87.0
803,1680003151.2937872,804,2Item7,2023-03-28 17:02:31.293787,48943.0,14024988.0,382367.1875,1680003151331.9695,2519.0,3668.6974358974353,20094.0,64.69942196531792,15.456088626820334,87.0
804,1680003151.3015995,805,2Item7,2023-03-28 17:02:31.301600,48944.0,14025244.0,382375.0,1680003151339.782,2520.0,3670.1538461538457,20094.0,64.69942196531792,15.456088626820334,87.0
805,1680003151.3094122,806,2Item7,2023-03-28 17:02:31.309412,48945.0,14025500.0,382382.8125,1680003151347.5945,2526.0,3678.892307692307,20094.0,64.69942196531792,15.456088626820334,87.0
806,1680003151.3172247,807,2Item7,2023-03-28 17:02:31.317225,48946.0,14025756.0,382390.625,1680003151355.407,2511.0,3657.0461538461536,20095.0,64.67805844477465,15.4611938584064,87.0
807,1680003151.3250372,808,2Item7,2023-03-28 17:02:31.325037,48947.0,14026012.0,382398.4375,1680003151363.2195,2516.0,3664.328205128205,20094.0,64.69942196531792,15.456088626820334,87.0
808,1680003151.3328495,809,2Item7,2023-03-28 17:02:31.332850,48948.0,14026268.0,382406.25,1680003151371.032,2522.0,3673.0666666666657,20094.0,64.69942196531792,15.456088626820334,87.0
809,1680003151.3406622,810,2Item7,2023-03-28 17:02:31.340662,48949.0,14026524.0,382414.0625,1680003151378.8445,2528.0,3681.805128205128,20095.0,64.67805844477465,15.4611938584064,87.0
810,1680003151.3484747,811,2Item7,2023-03-28 17:02:31.348475,48950.0,14026780.0,382421.875,1680003151386.657,2511.0,3657.0461538461536,20097.0,64.63537370070947,15.471404321578536,87.0
811,1680003151.3562872,812,2Item7,2023-03-28 17:02:31.356287,48951.0,14027036.0,382429.6875,1680003151394.4695,2513.0,3659.958974358974,20095.0,64.67805844477465,15.4611938584064,87.0
812,1680003151.3640995,813,2Item7,2023-03-28 17:02:31.364100,48952.0,14027292.0,382437.5,1680003151402.282,2520.0,3670.1538461538457,20096.0,64.65670902789239,15.46629908999247,87.0
813,1680003151.3719122,814,2Item7,2023-03-28 17:02:31.371912,48953.0,14027548.0,382445.3125,1680003151410.0945,2532.0,3687.6307692307687,20096.0,64.65670902789239,15.46629908999247,87.0
814,1680003151.3797247,815,2Item7,2023-03-28 17:02:31.379725,48954.0,14027804.0,382453.125,1680003151417.907,2512.0,3658.502564102564,20097.0,64.63537370070947,15.471404321578536,87.0
815,1680003151.3875372,816,2Item7,2023-03-28 17:02:31.387537,48955.0,14028060.0,382460.9375,1680003151425.7195,2518.0,3667.2410256410258,20098.0,64.61405244928253,15.476509553164608,87.0
816,1680003151.3953495,817,2Item7,2023-03-28 17:02:31.395350,48956.0,14028316.0,382468.75,1680003151433.532,2515.0,3662.8717948717945,20097.0,64.63537370070947,15.471404321578536,87.0
817,1680003151.4031622,818,2Item7,2023-03-28 17:02:31.403162,48957.0,14028572.0,382476.5625,1680003151441.3445,2524.0,3675.979487179487,20097.0,64.63537370070947,15.471404321578536,87.0
818,1680003151.4109747,819,2Item7,2023-03-28 17:02:31.410975,48958.0,14028828.0,382484.375,1680003151449.157,2515.0,3662.8717948717945,20099.0,64.59274525968674,15.48161478475067,87.0
819,1680003151.4187872,820,2Item7,2023-03-28 17:02:31.418787,48959.0,14029084.0,382492.1875,1680003151456.9695,2509.0,3654.1333333333328,20098.0,64.61405244928253,15.476509553164608,87.0
820,1680003151.4265995,821,2Item7,2023-03-28 17:02:31.426600,48960.0,14029340.0,382500.0,1680003151464.782,2521.0,3671.610256410256,20098.0,64.61405244928253,15.476509553164608,87.0
821,1680003151.4344122,822,2Item7,2023-03-28 17:02:31.434412,48961.0,14029596.0,382507.8125,1680003151472.5945,2529.0,3683.2615384615374,20098.0,64.61405244928253,15.476509553164608,87.0
822,1680003151.4422247,823,2Item7,2023-03-28 17:02:31.442225,48962.0,14029852.0,382515.625,1680003151480.407,2512.0,3658.502564102564,20100.0,64.57145211801549,15.486720016336744,87.0
823,1680003151.4500372,824,2Item7,2023-03-28 17:02:31.450037,48963.0,14030108.0,382523.4375,1680003151488.2195,2514.0,3661.415384615385,20101.0,64.55017301038063,15.491825247922806,87.0
824,1680003151.4578495,825,2Item7,2023-03-28 17:02:31.457850,48964.0,14030364.0,382531.25,1680003151496.032,2530.0,3684.717948717948,20101.0,64.55017301038063,15.491825247922806,87.0
825,1680003151.4656622,826,2Item7,2023-03-28 17:02:31.465662,48965.0,14030620.0,382539.0625,1680003151503.8445,2530.0,3684.717948717948,20100.0,64.57145211801549,15.486720016336744,87.0
826,1680003151.4734747,827,2Item7,2023-03-28 17:02:31.473475,48966.0,14030876.0,382546.875,1680003151511.657,2516.0,3664.328205128205,20102.0,64.5289079229122,15.49693047950888,87.0
827,1680003151.4812872,828,2Item7,2023-03-28 17:02:31.481287,48967.0,14031132.0,382554.6875,1680003151519.4695,2525.0,3677.4358974358975,20101.0,64.55017301038063,15.491825247922806,87.0
828,1680003151.4890995,829,2Item7,2023-03-28 17:02:31.489100,48968.0,14031388.0,382562.5,1680003151527.282,2522.0,3673.0666666666657,20102.0,64.5289079229122,15.49693047950888,87.0
829,1680003151.4969122,830,2Item7,2023-03-28 17:02:31.496912,48969.0,14031644.0,382570.3125,1680003151535.0945,2522.0,3673.0666666666657,20102.0,64.5289079229122,15.49693047950888,87.0
830,1680003151.5047247,831,2Item7,2023-03-28 17:02:31.504725,48970.0,14031900.0,382578.125,1680003151542.907,2514.0,3661.415384615385,20105.0,64.46519664308046,15.512246174267082,87.0
831,1680003151.5125372,832,2Item7,2023-03-28 17:02:31.512537,48971.0,14032156.0,382585.9375,1680003151550.7195,2530.0,3684.717948717948,20104.0,64.48641975308641,15.507140942681012,87.0
832,1680003151.5203495,833,2Item7,2023-03-28 17:02:31.520350,48972.0,14032412.0,382593.75,1680003151558.532,2522.0,3673.0666666666657,20105.0,64.46519664308046,15.512246174267082,87.0
833,1680003151.5281622,834,2Item7,2023-03-28 17:02:31.528162,48973.0,14032668.0,382601.5625,1680003151566.3445,2524.0,3675.979487179487,20104.0,64.48641975308641,15.507140942681012,87.0
834,1680003151.5359747,835,2Item7,2023-03-28 17:02:31.535975,48974.0,14032924.0,382609.375,1680003151574.157,2515.0,3662.8717948717945,20106.0,64.44398749794375,15.517351405853145,87.0
835,1680003151.5437872,836,2Item7,2023-03-28 17:02:31.543787,48975.0,14033180.0,382617.1875,1680003151581.9695,2522.0,3673.0666666666657,20106.0,64.44398749794375,15.517351405853145,87.0
836,1680003151.5515995,837,2Item7,2023-03-28 17:02:31.551600,48976.0,14033436.0,382625.0,1680003151589.782,2523.0,3674.5230769230766,20107.0,64.42279230389738,15.522456637439216,87.0
837,1680003151.5594122,838,2Item7,2023-03-28 17:02:31.559412,48977.0,14033692.0,382632.8125,1680003151597.5945,2525.0,3677.4358974358975,20107.0,64.42279230389738,15.522456637439216,87.0
838,1680003151.5672247,839,2Item7,2023-03-28 17:02:31.567225,48978.0,14033948.0,382640.625,1680003151605.407,2516.0,3664.328205128205,20109.0,64.38044371405094,15.532667100611352,87.0
839,1680003151.5750372,840,2Item7,2023-03-28 17:02:31.575037,48979.0,14034204.0,382648.4375,1680003151613.2195,2513.0,3659.958974358974,20109.0,64.38044371405094,15.532667100611352,87.0
840,1680003151.5828495,841,2Item7,2023-03-28 17:02:31.582850,48980.0,14034460.0,382656.25,1680003151621.032,2524.0,3675.979487179487,20109.0,64.38044371405094,15.532667100611352,87.0
841,1680003151.5906622,842,2Item7,2023-03-28 17:02:31.590662,48981.0,14034716.0,382664.0625,1680003151628.8445,2527.0,3680.348717948717,20110.0,64.35929029078365,15.537772332197417,87.0
842,1680003151.5984747,843,2Item7,2023-03-28 17:02:31.598475,48982.0,14034972.0,382671.875,1680003151636.657,2512.0,3658.502564102564,20111.0,64.3381507636722,15.542877563783485,87.0
843,1680003151.6062872,844,2Item7,2023-03-28 17:02:31.606287,48983.0,14035228.0,382679.6875,1680003151644.4695,2526.0,3678.892307692307,20111.0,64.3381507636722,15.542877563783485,87.0
844,1680003151.6140995,845,2Item7,2023-03-28 17:02:31.614100,48984.0,14035484.0,382687.5,1680003151652.282,2523.0,3674.5230769230766,20112.0,64.31702511902807,15.547982795369554,87.0
845,1680003151.6219122,846,2Item7,2023-03-28 17:02:31.621912,48985.0,14035740.0,382695.3125,1680003151660.0945,2523.0,3674.5230769230766,20112.0,64.31702511902807,15.547982795369554,87.0
846,1680003151.6297247,847,2Item7,2023-03-28 17:02:31.629725,48986.0,14035996.0,382703.125,1680003151667.907,2514.0,3661.415384615385,20114.0,64.27481542247745,15.558193258541689,87.0
847,1680003151.6375372,848,2Item7,2023-03-28 17:02:31.637537,48987.0,14036252.0,382710.9375,1680003151675.7195,2527.0,3680.348717948717,20114.0,64.27481542247745,15.558193258541689,87.0
848,1680003151.6453495,849,2Item7,2023-03-28 17:02:31.645350,48988.0,14036508.0,382718.75,1680003151683.532,2512.0,3658.502564102564,20115.0,64.25373134328359,15.563298490127757,87.0
849,1680003151.6531622,850,2Item7,2023-03-28 17:02:31.653162,48989.0,14036764.0,382726.5625,1680003151691.3445,2526.0,3678.892307692307,20115.0,64.25373134328359,15.563298490127757,87.0
850,1680003151.6609747,851,2Item7,2023-03-28 17:02:31.660975,48990.0,14037020.0,382734.375,1680003151699.157,2511.0,3657.0461538461536,20117.0,64.21160465497461,15.573508953299893,87.0
851,1680003151.6687872,852,2Item7,2023-03-28 17:02:31.668787,48991.0,14037276.0,382742.1875,1680003151706.9695,2507.0,3651.220512820513,20118.0,64.19056201867933,15.578614184885964,87.0
852,1680003151.6765995,853,2Item7,2023-03-28 17:02:31.676600,48992.0,14037532.0,382750.0,1680003151714.782,2530.0,3684.717948717948,20118.0,64.19056201867933,15.578614184885964,87.0
853,1680003151.6844122,854,2Item7,2023-03-28 17:02:31.684412,48993.0,14037788.0,382757.8125,1680003151722.5945,2520.0,3670.1538461538457,20118.0,64.19056201867933,15.578614184885964,87.0
854,1680003151.6922247,855,2Item7,2023-03-28 17:02:31.692225,48994.0,14038044.0,382765.625,1680003151730.407,2510.0,3655.589743589743,20121.0,64.12751677852349,15.593929879644168,87.0
855,1680003151.7000372,856,2Item7,2023-03-28 17:02:31.700037,48995.0,14038300.0,382773.4375,1680003151738.2195,2520.0,3670.1538461538457,20121.0,64.12751677852349,15.593929879644168,87.0
856,1680003151.7078495,857,2Item7,2023-03-28 17:02:31.707850,48996.0,14038556.0,382781.25,1680003151746.032,2517.0,3665.7846153846153,20121.0,64.12751677852349,15.593929879644168,87.0
857,1680003151.7156622,858,2Item7,2023-03-28 17:02:31.715662,48997.0,14038812.0,382789.0625,1680003151753.8445,2522.0,3673.0666666666657,20122.0,64.10652920962201,15.599035111230227,87.0
858,1680003151.7234747,859,2Item7,2023-03-28 17:02:31.723475,48998.0,14039068.0,382796.875,1680003151761.657,2517.0,3665.7846153846153,20124.0,64.06459525756338,15.609245574402363,87.0
859,1680003151.7312872,860,2Item7,2023-03-28 17:02:31.731287,48999.0,14039324.0,382804.6875,1680003151769.4695,2529.0,3683.2615384615374,20124.0,64.06459525756338,15.609245574402363,87.0
860,1680003151.7390995,861,2Item7,2023-03-28 17:02:31.739100,49000.0,14039580.0,382812.5,1680003151777.282,2524.0,3675.979487179487,20125.0,64.04364884747424,15.61435080598844,87.0
861,1680003151.7469122,862,2Item7,2023-03-28 17:02:31.746912,49001.0,14039836.0,382820.3125,1680003151785.0945,2517.0,3665.7846153846153,20125.0,64.04364884747424,15.61435080598844,87.0
862,1680003151.7547247,863,2Item7,2023-03-28 17:02:31.754725,49002.0,14040092.0,382828.125,1680003151792.907,2513.0,3659.958974358974,20129.0,63.960000000000015,15.634771732332704,87.0
863,1680003151.7625372,864,2Item7,2023-03-28 17:02:31.762537,49003.0,14040348.0,382835.9375,1680003151800.7195,2523.0,3674.5230769230766,20129.0,63.960000000000015,15.634771732332704,87.0
864,1680003151.7703495,865,2Item7,2023-03-28 17:02:31.770350,49004.0,14040604.0,382843.75,1680003151808.532,2521.0,3671.610256410256,20130.0,63.939121919373264,15.639876963918775,87.0
865,1680003151.7781622,866,2Item7,2023-03-28 17:02:31.778162,49005.0,14040860.0,382851.5625,1680003151816.3445,2526.0,3678.892307692307,20130.0,63.939121919373264,15.639876963918775,87.0
866,1680003151.7859747,867,2Item7,2023-03-28 17:02:31.785975,49006.0,14041116.0,382859.375,1680003151824.157,2511.0,3657.0461538461536,20132.0,63.89740662208449,15.650087427090911,87.0
867,1680003151.7937872,868,2Item7,2023-03-28 17:02:31.793787,49007.0,14041372.0,382867.1875,1680003151831.9695,2525.0,3677.4358974358975,20133.0,63.8765693787706,15.655192658676976,87.0
868,1680003151.8015995,869,2Item7,2023-03-28 17:02:31.801600,49008.0,14041628.0,382875.0,1680003151839.782,2518.0,3667.2410256410258,20134.0,63.85574572127139,15.660297890263047,87.0
869,1680003151.8094122,870,2Item7,2023-03-28 17:02:31.809412,49009.0,14041884.0,382882.8125,1680003151847.5945,2523.0,3674.5230769230766,20134.0,63.85574572127139,15.660297890263047,87.0
870,1680003151.8172247,871,2Item7,2023-03-28 17:02:31.817225,49010.0,14042140.0,382890.625,1680003151855.407,2512.0,3658.502564102564,20137.0,63.7933561309233,15.675613585021251,87.0
871,1680003151.8250372,872,2Item7,2023-03-28 17:02:31.825037,49011.0,14042396.0,382898.4375,1680003151863.2195,2525.0,3677.4358974358975,20136.0,63.81413911060433,15.670508353435183,87.0
872,1680003151.8328495,873,2Item7,2023-03-28 17:02:31.832850,49012.0,14042652.0,382906.25,1680003151871.032,2522.0,3673.0666666666657,20138.0,63.77258668403061,15.680718816607316,87.0
873,1680003151.8406622,874,2Item7,2023-03-28 17:02:31.840662,49013.0,14042908.0,382914.0625,1680003151878.8445,2532.0,3687.6307692307687,20139.0,63.75183075671278,15.685824048193384,87.0
874,1680003151.8484747,875,2Item7,2023-03-28 17:02:31.848475,49014.0,14043164.0,382921.875,1680003151886.657,2510.0,3655.589743589743,20141.0,63.710359408033824,15.696034511365523,87.0
875,1680003151.8562872,876,2Item7,2023-03-28 17:02:31.856287,49015.0,14043420.0,382929.6875,1680003151894.4695,2521.0,3671.610256410256,20142.0,63.68964396033167,15.701139742951584,87.0
876,1680003151.8640995,877,2Item7,2023-03-28 17:02:31.864100,49016.0,14043676.0,382937.5,1680003151902.282,2530.0,3684.717948717948,20142.0,63.68964396033167,15.701139742951584,87.0
877,1680003151.8719122,878,2Item7,2023-03-28 17:02:31.871912,49017.0,14043932.0,382945.3125,1680003151910.0945,2523.0,3674.5230769230766,20144.0,63.64825345247766,15.711350206123724,87.0
878,1680003151.8797247,879,2Item7,2023-03-28 17:02:31.879725,49018.0,14044188.0,382953.125,1680003151917.907,2513.0,3659.958974358974,20146.0,63.60691670725768,15.721560669295862,87.0
879,1680003151.8875372,880,2Item7,2023-03-28 17:02:31.887537,49019.0,14044444.0,382960.9375,1680003151925.7195,2520.0,3670.1538461538457,20146.0,63.60691670725768,15.721560669295862,87.0
880,1680003151.8953495,881,2Item7,2023-03-28 17:02:31.895350,49020.0,14044700.0,382968.75,1680003151933.532,2522.0,3673.0666666666657,20149.0,63.545012165450125,15.736876364054062,87.0
881,1680003151.9031622,882,2Item7,2023-03-28 17:02:31.903162,49021.0,14044956.0,382976.5625,1680003151941.3445,2521.0,3671.610256410256,20149.0,63.545012165450125,15.736876364054062,87.0
882,1680003151.9109747,883,2Item7,2023-03-28 17:02:31.910975,49022.0,14045212.0,382984.375,1680003151949.157,2510.0,3655.589743589743,20152.0,63.483228001944575,15.752192058812266,87.0
883,1680003151.9187872,884,2Item7,2023-03-28 17:02:31.918787,49023.0,14045468.0,382992.1875,1680003151956.9695,2521.0,3671.610256410256,20152.0,63.483228001944575,15.752192058812266,87.0
884,1680003151.9265995,885,2Item7,2023-03-28 17:02:31.926600,49024.0,14045724.0,383000.0,1680003151964.782,2514.0,3661.415384615385,20152.0,63.483228001944575,15.752192058812266,87.0
885,1680003151.9344122,886,2Item7,2023-03-28 17:02:31.934412,49025.0,14045980.0,383007.8125,1680003151972.5945,2516.0,3664.328205128205,20154.0,63.4421052631579,15.762402521984402,87.0
886,1680003151.9422247,887,2Item7,2023-03-28 17:02:31.942225,49026.0,14046236.0,383015.625,1680003151980.407,2513.0,3659.958974358974,20157.0,63.38052095130238,15.777718216742606,87.0
887,1680003151.9500372,888,2Item7,2023-03-28 17:02:31.950037,49027.0,14046492.0,383023.4375,1680003151988.2195,2513.0,3659.958974358974,20158.0,63.36001940805436,15.782823448328672,87.0
888,1680003151.9578495,889,2Item7,2023-03-28 17:02:31.957850,49028.0,14046748.0,383031.25,1680003151996.032,2518.0,3667.2410256410258,20158.0,63.36001940805436,15.782823448328672,87.0
889,1680003151.9656622,890,2Item7,2023-03-28 17:02:31.965662,49029.0,14047004.0,383039.0625,1680003152003.8445,2522.0,3673.0666666666657,20159.0,63.339531123686335,15.787928679914742,87.0
890,1680003151.9734747,891,2Item7,2023-03-28 17:02:31.973475,49030.0,14047260.0,383046.875,1680003152011.657,2518.0,3667.2410256410258,20161.0,63.298594280174505,15.798139143086878,87.0
891,1680003151.9812872,892,2Item7,2023-03-28 17:02:31.981287,49031.0,14047516.0,383054.6875,1680003152019.4695,2522.0,3673.0666666666657,20162.0,63.27814569536424,15.803244374672946,87.0
892,1680003151.9890995,893,2Item7,2023-03-28 17:02:31.989100,49032.0,14047772.0,383062.5,1680003152027.282,2526.0,3678.892307692307,20163.0,63.25771031810108,15.808349606259014,87.0
893,1680003151.9969122,894,2Item7,2023-03-28 17:02:31.996912,49033.0,14048028.0,383070.3125,1680003152035.0945,2529.0,3683.2615384615374,20163.0,63.25771031810108,15.808349606259014,87.0
894,1680003152.0047247,895,2Item7,2023-03-28 17:02:32.004725,49034.0,14048284.0,383078.125,1680003152042.907,2518.0,3667.2410256410258,20165.0,63.21687913506537,15.818560069431149,87.0
895,1680003152.0125372,896,2Item7,2023-03-28 17:02:32.012537,49035.0,14048540.0,383085.9375,1680003152050.7195,2521.0,3671.610256410256,20166.0,63.19648330375868,15.823665301017217,87.0
896,1680003152.0203495,897,2Item7,2023-03-28 17:02:32.020350,49036.0,14048796.0,383093.75,1680003152058.532,2520.0,3670.1538461538457,20168.0,63.15573109785588,15.833875764189353,87.0
897,1680003152.0281622,898,2Item7,2023-03-28 17:02:32.028162,49037.0,14049052.0,383101.5625,1680003152066.3445,2519.0,3668.6974358974353,20168.0,63.15573109785588,15.833875764189353,87.0
898,1680003152.0359747,899,2Item7,2023-03-28 17:02:32.035975,49038.0,14049308.0,383109.375,1680003152074.157,2518.0,3667.2410256410258,20171.0,63.09470124013529,15.849191458947557,87.0
899,1680003152.0437872,900,2Item7,2023-03-28 17:02:32.043787,49039.0,14049564.0,383117.1875,1680003152081.9695,2523.0,3674.5230769230766,20170.0,63.11503141614306,15.844086227361489,87.0
900,1680003152.0515995,901,2Item7,2023-03-28 17:02:32.051600,49040.0,14049820.0,383125.0,1680003152089.782,2519.0,3668.6974358974353,20173.0,63.05408015451473,15.859401922119693,87.0
901,1680003152.0594122,902,2Item7,2023-03-28 17:02:32.059412,49041.0,14050076.0,383132.8125,1680003152097.5945,2520.0,3670.1538461538457,20173.0,63.05408015451473,15.859401922119693,87.0
902,1680003152.0672247,903,2Item7,2023-03-28 17:02:32.067225,49042.0,14050332.0,383140.625,1680003152105.407,2514.0,3661.415384615385,20176.0,62.993246502653164,15.874717616877897,87.0
903,1680003152.0750372,904,2Item7,2023-03-28 17:02:32.075037,49043.0,14050588.0,383148.4375,1680003152113.2195,2515.0,3662.8717948717945,20176.0,62.993246502653164,15.874717616877897,87.0
904,1680003152.0828495,905,2Item7,2023-03-28 17:02:32.082850,49044.0,14050844.0,383156.25,1680003152121.032,2525.0,3677.4358974358975,20177.0,62.9729946953866,15.879822848463965,87.0
905,1680003152.0906622,906,2Item7,2023-03-28 17:02:32.090662,49045.0,14051100.0,383164.0625,1680003152128.8445,2528.0,3681.805128205128,20178.0,62.952755905511815,15.884928080050027,87.0
906,1680003152.0984747,907,2Item7,2023-03-28 17:02:32.098475,49046.0,14051356.0,383171.875,1680003152136.657,2515.0,3662.8717948717945,20180.0,62.912317327766175,15.895138543222163,87.0
907,1680003152.1062872,908,2Item7,2023-03-28 17:02:32.106287,49047.0,14051612.0,383179.6875,1680003152144.4695,2520.0,3670.1538461538457,20180.0,62.912317327766175,15.895138543222163,87.0
908,1680003152.1140995,909,2Item7,2023-03-28 17:02:32.114100,49048.0,14051868.0,383187.5,1680003152152.282,2518.0,3667.2410256410258,20182.0,62.87193066923447,15.9053490063943,87.0
909,1680003152.1219122,910,2Item7,2023-03-28 17:02:32.121912,49049.0,14052124.0,383195.3125,1680003152160.0945,2496.0,3635.2,20184.0,62.83159582999198,15.915559469566436,87.0
910,1680003152.1297247,911,2Item7,2023-03-28 17:02:32.129725,49050.0,14052380.0,383203.125,1680003152167.907,2511.0,3657.0461538461536,20184.0,62.83159582999198,15.915559469566436,87.0
911,1680003152.1375372,912,2Item7,2023-03-28 17:02:32.137537,49051.0,14052636.0,383210.9375,1680003152175.7195,2519.0,3668.6974358974353,20185.0,62.811447811447806,15.920664701152504,87.0
912,1680003152.1453495,913,2Item7,2023-03-28 17:02:32.145350,49052.0,14052892.0,383218.75,1680003152183.532,2524.0,3675.979487179487,20186.0,62.791312710370256,15.925769932738572,87.0
913,1680003152.1531622,914,2Item7,2023-03-28 17:02:32.153162,49053.0,14053148.0,383226.5625,1680003152191.3445,2523.0,3674.5230769230766,20186.0,62.791312710370256,15.925769932738572,87.0
914,1680003152.1609747,915,2Item7,2023-03-28 17:02:32.160975,49054.0,14053404.0,383234.375,1680003152199.157,2513.0,3659.958974358974,20188.0,62.75108121095627,15.935980395910708,87.0
915,1680003152.1687872,916,2Item7,2023-03-28 17:02:32.168787,49055.0,14053660.0,383242.1875,1680003152206.9695,2515.0,3662.8717948717945,20189.0,62.730984787830266,15.941085627496776,87.0
916,1680003152.1765995,917,2Item7,2023-03-28 17:02:32.176600,49056.0,14053916.0,383250.0,1680003152214.782,2523.0,3674.5230769230766,20189.0,62.730984787830266,15.941085627496776,87.0
917,1680003152.1844122,918,2Item7,2023-03-28 17:02:32.184412,49057.0,14054172.0,383257.8125,1680003152222.5945,2522.0,3673.0666666666657,20190.0,62.71090123259166,15.946190859082842,87.0
918,1680003152.1922247,919,2Item7,2023-03-28 17:02:32.192225,49058.0,14054428.0,383265.625,1680003152230.407,2514.0,3661.415384615385,20192.0,62.670772676371776,15.95640132225498,87.0
919,1680003152.2000372,920,2Item7,2023-03-28 17:02:32.200037,49059.0,14054684.0,383273.4375,1680003152238.2195,2525.0,3677.4358974358975,20194.0,62.63069544364509,15.966611785427114,87.0
920,1680003152.2078495,921,2Item7,2023-03-28 17:02:32.207850,49060.0,14054940.0,383281.25,1680003152246.032,2509.0,3654.1333333333328,20193.0,62.650727650727646,15.961506553841048,87.0
921,1680003152.2156622,922,2Item7,2023-03-28 17:02:32.215662,49061.0,14055196.0,383289.0625,1680003152253.8445,2523.0,3674.5230769230766,20194.0,62.63069544364509,15.966611785427114,87.0
922,1680003152.2234747,923,2Item7,2023-03-28 17:02:32.223475,49062.0,14055452.0,383296.875,1680003152261.657,2514.0,3661.415384615385,20197.0,62.570675610924766,15.981927480185318,87.0
923,1680003152.2312872,924,2Item7,2023-03-28 17:02:32.231287,49063.0,14055708.0,383304.6875,1680003152269.4695,2513.0,3659.958974358974,20198.0,62.55069455532493,15.987032711771386,87.0
924,1680003152.2390995,925,2Item7,2023-03-28 17:02:32.239100,49064.0,14055964.0,383312.5,1680003152277.282,2509.0,3654.1333333333328,20197.0,62.570675610924766,15.981927480185318,87.0
925,1680003152.2469122,926,2Item7,2023-03-28 17:02:32.246912,49065.0,14056220.0,383320.3125,1680003152285.0945,2524.0,3675.979487179487,20198.0,62.55069455532493,15.987032711771386,87.0
926,1680003152.2547247,927,2Item7,2023-03-28 17:02:32.254725,49066.0,14056476.0,383328.125,1680003152292.907,2518.0,3667.2410256410258,20201.0,62.49082788323497,16.002348406529592,87.0
927,1680003152.2625372,928,2Item7,2023-03-28 17:02:32.262537,49067.0,14056732.0,383335.9375,1680003152300.7195,2516.0,3664.328205128205,20201.0,62.49082788323497,16.002348406529592,87.0
928,1680003152.2703495,929,2Item7,2023-03-28 17:02:32.270350,49068.0,14056988.0,383343.75,1680003152308.532,2521.0,3671.610256410256,20201.0,62.49082788323497,16.002348406529592,87.0
929,1680003152.2781622,930,2Item7,2023-03-28 17:02:32.278162,49069.0,14057244.0,383351.5625,1680003152316.3445,2525.0,3677.4358974358975,20201.0,62.49082788323497,16.002348406529592,87.0
930,1680003152.2859747,931,2Item7,2023-03-28 17:02:32.285975,49070.0,14057500.0,383359.375,1680003152324.157,2517.0,3665.7846153846153,20203.0,62.45098039215687,16.012558869701728,87.0
931,1680003152.2937872,932,2Item7,2023-03-28 17:02:32.293787,49071.0,14057756.0,383367.1875,1680003152331.9695,2519.0,3668.6974358974353,20203.0,62.45098039215687,16.012558869701728,87.0
932,1680003152.3015995,933,2Item7,2023-03-28 17:02:32.301600,49072.0,14058012.0,383375.0,1680003152339.782,2525.0,3677.4358974358975,20204.0,62.43107569721116,16.017664101287792,87.0
933,1680003152.3094122,934,2Item7,2023-03-28 17:02:32.309412,49073.0,14058268.0,383382.8125,1680003152347.5945,2525.0,3677.4358974358975,20204.0,62.43107569721116,16.017664101287792,87.0
934,1680003152.3172247,935,2Item7,2023-03-28 17:02:32.317225,49074.0,14058524.0,383390.625,1680003152355.407,2516.0,3664.328205128205,20206.0,62.391304347826086,16.02787456445993,87.0
935,1680003152.3250372,936,2Item7,2023-03-28 17:02:32.325037,49075.0,14058780.0,383398.4375,1680003152363.2195,2516.0,3664.328205128205,20206.0,62.391304347826086,16.02787456445993,87.0
936,1680003152.3328495,937,2Item7,2023-03-28 17:02:32.332850,49076.0,14059036.0,383406.25,1680003152371.032,2522.0,3673.0666666666657,20206.0,62.391304347826086,16.02787456445993,87.0
937,1680003152.3406622,938,2Item7,2023-03-28 17:02:32.340662,49077.0,14059292.0,383414.0625,1680003152378.8445,2520.0,3670.1538461538457,20207.0,62.37143766916097,16.032979796045996,87.0
938,1680003152.3484747,939,2Item7,2023-03-28 17:02:32.348475,49078.0,14059548.0,383421.875,1680003152386.657,2517.0,3665.7846153846153,20209.0,62.33174224343676,16.043190259218132,87.0
939,1680003152.3562872,940,2Item7,2023-03-28 17:02:32.356287,49079.0,14059804.0,383429.6875,1680003152394.4695,2511.0,3657.0461538461536,20209.0,62.33174224343676,16.043190259218132,87.0
940,1680003152.3640995,941,2Item7,2023-03-28 17:02:32.364100,49080.0,14060060.0,383437.5,1680003152402.282,2524.0,3675.979487179487,20210.0,62.31191347224432,16.0482954908042,87.0
941,1680003152.3719122,942,2Item7,2023-03-28 17:02:32.371912,49081.0,14060316.0,383445.3125,1680003152410.0945,2522.0,3673.0666666666657,20209.0,62.33174224343676,16.043190259218132,87.0
942,1680003152.3797247,943,2Item7,2023-03-28 17:02:32.379725,49082.0,14060572.0,383453.125,1680003152417.907,2512.0,3658.502564102564,20211.0,62.292097312768334,16.05340072239027,87.0
943,1680003152.3875372,944,2Item7,2023-03-28 17:02:32.387537,49083.0,14060828.0,383460.9375,1680003152425.7195,2513.0,3659.958974358974,20212.0,62.272293752980445,16.058505953976336,87.0
944,1680003152.3953495,945,2Item7,2023-03-28 17:02:32.395350,49084.0,14061084.0,383468.75,1680003152433.532,2524.0,3675.979487179487,20211.0,62.292097312768334,16.05340072239027,87.0
945,1680003152.4031622,946,2Item7,2023-03-28 17:02:32.403162,49085.0,14061340.0,383476.5625,1680003152441.3445,2525.0,3677.4358974358975,20212.0,62.272293752980445,16.058505953976336,87.0
946,1680003152.4109747,947,2Item7,2023-03-28 17:02:32.410975,49086.0,14061596.0,383484.375,1680003152449.157,2515.0,3662.8717948717945,20214.0,62.232724384432096,16.068716417148472,87.0
947,1680003152.4187872,948,2Item7,2023-03-28 17:02:32.418787,49087.0,14061852.0,383492.1875,1680003152456.9695,2515.0,3662.8717948717945,20214.0,62.232724384432096,16.068716417148472,87.0
948,1680003152.4265995,949,2Item7,2023-03-28 17:02:32.426600,49088.0,14062108.0,383500.0,1680003152464.782,2521.0,3671.610256410256,20214.0,62.232724384432096,16.068716417148472,87.0
949,1680003152.4344122,950,2Item7,2023-03-28 17:02:32.434412,49089.0,14062364.0,383507.8125,1680003152472.5945,2523.0,3674.5230769230766,20216.0,62.193205270677886,16.078926880320605,87.0
950,1680003152.4422247,951,2Item7,2023-03-28 17:02:32.442225,49090.0,14062620.0,383515.625,1680003152480.407,2520.0,3670.1538461538457,20217.0,62.17346452943978,16.084032111906676,87.0
951,1680003152.4500372,952,2Item7,2023-03-28 17:02:32.450037,49091.0,14062876.0,383523.4375,1680003152488.2195,2521.0,3671.610256410256,20216.0,62.193205270677886,16.078926880320605,87.0
952,1680003152.4578495,953,2Item7,2023-03-28 17:02:32.457850,49092.0,14063132.0,383531.25,1680003152496.032,2524.0,3675.979487179487,20216.0,62.193205270677886,16.078926880320605,87.0
953,1680003152.4656622,954,2Item7,2023-03-28 17:02:32.465662,49093.0,14063388.0,383539.0625,1680003152503.8445,2523.0,3674.5230769230766,20217.0,62.17346452943978,16.084032111906676,87.0
954,1680003152.4734747,955,2Item7,2023-03-28 17:02:32.473475,49094.0,14063644.0,383546.875,1680003152511.657,2512.0,3658.502564102564,20219.0,62.134020618556704,16.094242575078813,87.0
955,1680003152.4812872,956,2Item7,2023-03-28 17:02:32.481287,49095.0,14063900.0,383554.6875,1680003152519.4695,2515.0,3662.8717948717945,20218.0,62.15373631603999,16.08913734349274,87.0
956,1680003152.4890995,957,2Item7,2023-03-28 17:02:32.489100,49096.0,14064156.0,383562.5,1680003152527.282,2526.0,3678.892307692307,20219.0,62.134020618556704,16.094242575078813,87.0
957,1680003152.4969122,958,2Item7,2023-03-28 17:02:32.496912,49097.0,14064412.0,383570.3125,1680003152535.0945,2496.0,3635.2,20221.0,62.094626723728005,16.104453038250945,87.0
958,1680003152.5047247,959,2Item7,2023-03-28 17:02:32.504725,49098.0,14064668.0,383578.125,1680003152542.907,2515.0,3662.8717948717945,20221.0,62.094626723728005,16.104453038250945,87.0
959,1680003152.5125372,960,2Item7,2023-03-28 17:02:32.512537,49099.0,14064924.0,383585.9375,1680003152550.7195,2520.0,3670.1538461538457,20221.0,62.094626723728005,16.104453038250945,87.0
960,1680003152.5203495,961,2Item7,2023-03-28 17:02:32.520350,49100.0,14065180.0,383593.75,1680003152558.532,2515.0,3662.8717948717945,20222.0,62.07494850261449,16.109558269837013,87.0
961,1680003152.5281622,962,2Item7,2023-03-28 17:02:32.528162,49101.0,14065436.0,383601.5625,1680003152566.3445,2522.0,3673.0666666666657,20221.0,62.094626723728005,16.104453038250945,87.0
962,1680003152.5359747,963,2Item7,2023-03-28 17:02:32.535975,49102.0,14065692.0,383609.375,1680003152574.157,2515.0,3662.8717948717945,20223.0,62.0552827498812,16.11466350142308,87.0
963,1680003152.5437872,964,2Item7,2023-03-28 17:02:32.543787,49103.0,14065948.0,383617.1875,1680003152581.9695,2515.0,3662.8717948717945,20223.0,62.0552827498812,16.11466350142308,87.0
964,1680003152.5515995,965,2Item7,2023-03-28 17:02:32.551600,49104.0,14066204.0,383625.0,1680003152589.782,2515.0,3662.8717948717945,20224.0,62.03562945368171,16.119768733009153,87.0
965,1680003152.5594122,966,2Item7,2023-03-28 17:02:32.559412,49105.0,14066460.0,383632.8125,1680003152597.5945,2523.0,3674.5230769230766,20223.0,62.0552827498812,16.11466350142308,87.0
966,1680003152.5672247,967,2Item7,2023-03-28 17:02:32.567225,49106.0,14066716.0,383640.625,1680003152605.407,2513.0,3659.958974358974,20224.0,62.03562945368171,16.119768733009153,87.0
967,1680003152.5750372,968,2Item7,2023-03-28 17:02:32.575037,49107.0,14066972.0,383648.4375,1680003152613.2195,2516.0,3664.328205128205,20224.0,62.03562945368171,16.119768733009153,87.0
968,1680003152.5828495,969,2Item7,2023-03-28 17:02:32.582850,49108.0,14067228.0,383656.25,1680003152621.032,2524.0,3675.979487179487,20224.0,62.03562945368171,16.119768733009153,87.0
969,1680003152.5906622,970,2Item7,2023-03-28 17:02:32.590662,49109.0,14067484.0,383664.0625,1680003152628.8445,2494.0,3632.2871794871785,20227.0,61.97674418604652,16.135084427767353,87.0
970,1680003152.5984747,971,2Item7,2023-03-28 17:02:32.598475,49110.0,14067740.0,383671.875,1680003152636.657,2518.0,3667.2410256410258,20226.0,61.99636018357336,16.129979196181285,87.0
971,1680003152.6062872,972,2Item7,2023-03-28 17:02:32.606287,49111.0,14067996.0,383679.6875,1680003152644.4695,2522.0,3673.0666666666657,20225.0,62.015988602184585,16.124873964595217,87.0
972,1680003152.6140995,973,2Item7,2023-03-28 17:02:32.614100,49112.0,14068252.0,383687.5,1680003152652.282,2524.0,3675.979487179487,20227.0,61.97674418604652,16.135084427767353,87.0
973,1680003152.6219122,974,2Item7,2023-03-28 17:02:32.621912,49113.0,14068508.0,383695.3125,1680003152660.0945,2524.0,3675.979487179487,20226.0,61.99636018357336,16.129979196181285,87.0
974,1680003152.6297247,975,2Item7,2023-03-28 17:02:32.629725,49114.0,14068764.0,383703.125,1680003152667.907,2513.0,3659.958974358974,20228.0,61.9571405978175,16.14018965935342,87.0
975,1680003152.6375372,976,2Item7,2023-03-28 17:02:32.637537,49115.0,14069020.0,383710.9375,1680003152675.7195,2511.0,3657.0461538461536,20228.0,61.9571405978175,16.14018965935342,87.0
976,1680003152.6453495,977,2Item7,2023-03-28 17:02:32.645350,49116.0,14069276.0,383718.75,1680003152683.532,2522.0,3673.0666666666657,20227.0,61.97674418604652,16.135084427767353,87.0
977,1680003152.6531622,978,2Item7,2023-03-28 17:02:32.653162,49117.0,14069532.0,383726.5625,1680003152691.3445,2528.0,3681.805128205128,20227.0,61.97674418604652,16.135084427767353,87.0
978,1680003152.6609747,979,2Item7,2023-03-28 17:02:32.660975,49118.0,14069788.0,383734.375,1680003152699.157,2522.0,3673.0666666666657,20229.0,61.93754940711463,16.14529489093949,87.0
979,1680003152.6687872,980,2Item7,2023-03-28 17:02:32.668787,49119.0,14070044.0,383742.1875,1680003152706.9695,2513.0,3659.958974358974,20228.0,61.9571405978175,16.14018965935342,87.0
980,1680003152.6765995,981,2Item7,2023-03-28 17:02:32.676600,49120.0,14070300.0,383750.0,1680003152714.782,2524.0,3675.979487179487,20228.0,61.9571405978175,16.14018965935342,87.0
981,1680003152.6844122,982,2Item7,2023-03-28 17:02:32.684412,49121.0,14070556.0,383757.8125,1680003152722.5945,2521.0,3671.610256410256,20228.0,61.9571405978175,16.14018965935342,87.0
982,1680003152.6922247,983,2Item7,2023-03-28 17:02:32.692225,49122.0,14070812.0,383765.625,1680003152730.407,2524.0,3675.979487179487,20229.0,61.93754940711463,16.14529489093949,87.0
983,1680003152.7000372,984,2Item7,2023-03-28 17:02:32.700037,49123.0,14071068.0,383773.4375,1680003152738.2195,2524.0,3675.979487179487,20228.0,61.9571405978175,16.14018965935342,87.0
984,1680003152.7078495,985,2Item7,2023-03-28 17:02:32.707850,49124.0,14071324.0,383781.25,1680003152746.032,2514.0,3661.415384615385,20230.0,61.917970602181136,16.150400122525557,87.0
985,1680003152.7156622,986,2Item7,2023-03-28 17:02:32.715662,49125.0,14071580.0,383789.0625,1680003152753.8445,2508.0,3652.6769230769214,20229.0,61.93754940711463,16.14529489093949,87.0
986,1680003152.7234747,987,2Item7,2023-03-28 17:02:32.723475,49126.0,14071836.0,383796.875,1680003152761.657,2515.0,3662.8717948717945,20229.0,61.93754940711463,16.14529489093949,87.0
987,1680003152.7312872,988,2Item7,2023-03-28 17:02:32.731287,49127.0,14072092.0,383804.6875,1680003152769.4695,2509.0,3654.1333333333328,20229.0,61.93754940711463,16.14529489093949,87.0
988,1680003152.7390995,989,2Item7,2023-03-28 17:02:32.739100,49128.0,14072348.0,383812.5,1680003152777.282,2520.0,3670.1538461538457,20228.0,61.9571405978175,16.14018965935342,87.0
989,1680003152.7469122,990,2Item7,2023-03-28 17:02:32.746912,49129.0,14072604.0,383820.3125,1680003152785.0945,2523.0,3674.5230769230766,20228.0,61.9571405978175,16.14018965935342,87.0
990,1680003152.7547247,991,2Item7,2023-03-28 17:02:32.754725,49130.0,14072860.0,383828.125,1680003152792.907,2510.0,3655.589743589743,20229.0,61.93754940711463,16.14529489093949,87.0
991,1680003152.7625372,992,2Item7,2023-03-28 17:02:32.762537,49131.0,14073116.0,383835.9375,1680003152800.7195,2513.0,3659.958974358974,20228.0,61.9571405978175,16.14018965935342,87.0
992,1680003152.7703495,993,2Item7,2023-03-28 17:02:32.770350,49132.0,14073372.0,383843.75,1680003152808.532,2515.0,3662.8717948717945,20227.0,61.97674418604652,16.135084427767353,87.0
993,1680003152.7781622,994,2Item7,2023-03-28 17:02:32.778162,49133.0,14073628.0,383851.5625,1680003152816.3445,2526.0,3678.892307692307,20227.0,61.97674418604652,16.135084427767353,87.0
994,1680003152.7859747,995,2Item7,2023-03-28 17:02:32.785975,49134.0,14073884.0,383859.375,1680003152824.157,2512.0,3658.502564102564,20229.0,61.93754940711463,16.14529489093949,87.0
995,1680003152.7937872,996,2Item7,2023-03-28 17:02:32.793787,49135.0,14074140.0,383867.1875,1680003152831.9695,2517.0,3665.7846153846153,20227.0,61.97674418604652,16.135084427767353,87.0
996,1680003152.8015995,997,2Item7,2023-03-28 17:02:32.801600,49136.0,14074396.0,383875.0,1680003152839.782,2520.0,3670.1538461538457,20227.0,61.97674418604652,16.135084427767353,87.0
997,1680003152.8094122,998,2Item7,2023-03-28 17:02:32.809412,49137.0,14074652.0,383882.8125,1680003152847.5945,2526.0,3678.892307692307,20227.0,61.97674418604652,16.135084427767353,87.0
998,1680003152.8172247,999,2Item7,2023-03-28 17:02:32.817225,49138.0,14074908.0,383890.625,1680003152855.407,2522.0,3673.0666666666657,20229.0,61.93754940711463,16.14529489093949,87.0
999,1680003152.8250372,1000,2Item7,2023-03-28 17:02:32.825037,49139.0,14075164.0,383898.4375,1680003152863.2195,2514.0,3661.415384615385,20227.0,61.97674418604652,16.135084427767353,87.0
1000,1680003152.8328495,1001,2Item7,2023-03-28 17:02:32.832850,49140.0,14075420.0,383906.25,1680003152871.032,2514.0,3661.415384615385,20226.0,61.99636018357336,16.129979196181285,87.0
1001,1680003152.8406622,1002,2Item7,2023-03-28 17:02:32.840662,49141.0,14075676.0,383914.0625,1680003152878.8445,2528.0,3681.805128205128,20226.0,61.99636018357336,16.129979196181285,87.0
1002,1680003152.8484747,1003,2Item7,2023-03-28 17:02:32.848475,49142.0,14075932.0,383921.875,1680003152886.657,2520.0,3670.1538461538457,20227.0,61.97674418604652,16.135084427767353,87.0
1003,1680003152.8562872,1004,2Item7,2023-03-28 17:02:32.856287,49143.0,14076188.0,383929.6875,1680003152894.4695,2515.0,3662.8717948717945,20226.0,61.99636018357336,16.129979196181285,87.0
1004,1680003152.8640995,1005,2Item7,2023-03-28 17:02:32.864100,49144.0,14076444.0,383937.5,1680003152902.282,2527.0,3680.348717948717,20226.0,61.99636018357336,16.129979196181285,87.0
1005,1680003152.8719122,1006,2Item7,2023-03-28 17:02:32.871912,49145.0,14076700.0,383945.3125,1680003152910.0945,2523.0,3674.5230769230766,20225.0,62.015988602184585,16.124873964595217,87.0
1006,1680003152.8797247,1007,2Item7,2023-03-28 17:02:32.879725,49146.0,14076956.0,383953.125,1680003152917.907,2520.0,3670.1538461538457,20226.0,61.99636018357336,16.129979196181285,87.0
1007,1680003152.8875372,1008,2Item7,2023-03-28 17:02:32.887537,49147.0,14077212.0,383960.9375,1680003152925.7195,2514.0,3661.415384615385,20225.0,62.015988602184585,16.124873964595217,87.0
1008,1680003152.8953495,1009,2Item7,2023-03-28 17:02:32.895350,49148.0,14077468.0,383968.75,1680003152933.532,2519.0,3668.6974358974353,20225.0,62.015988602184585,16.124873964595217,87.0
1009,1680003152.9031622,1010,2Item7,2023-03-28 17:02:32.903162,49149.0,14077724.0,383976.5625,1680003152941.3445,2524.0,3675.979487179487,20225.0,62.015988602184585,16.124873964595217,87.0
1010,1680003152.9109747,1011,2Item7,2023-03-28 17:02:32.910975,49150.0,14077980.0,383984.375,1680003152949.157,2520.0,3670.1538461538457,20226.0,61.99636018357336,16.129979196181285,87.0
1011,1680003152.9187872,1012,2Item7,2023-03-28 17:02:32.918787,49151.0,14078236.0,383992.1875,1680003152956.9695,2509.0,3654.1333333333328,20225.0,62.015988602184585,16.124873964595217,87.0
1012,1680003152.9265995,1013,2Item7,2023-03-28 17:02:32.926600,49152.0,14078492.0,384000.0,1680003152964.782,2513.0,3659.958974358974,20223.0,62.0552827498812,16.11466350142308,87.0
1013,1680003152.9344122,1014,2Item7,2023-03-28 17:02:32.934412,49153.0,14078748.0,384007.8125,1680003152972.5945,2529.0,3683.2615384615374,20223.0,62.0552827498812,16.11466350142308,87.0
1014,1680003152.9422247,1015,2Item7,2023-03-28 17:02:32.942225,49154.0,14079004.0,384015.625,1680003152980.407,2514.0,3661.415384615385,20224.0,62.03562945368171,16.119768733009153,87.0
1015,1680003152.9500372,1016,2Item7,2023-03-28 17:02:32.950037,49155.0,14079260.0,384023.4375,1680003152988.2195,2521.0,3671.610256410256,20222.0,62.07494850261449,16.109558269837013,87.0
1016,1680003152.9578495,1017,2Item7,2023-03-28 17:02:32.957850,49156.0,14079516.0,384031.25,1680003152996.032,2515.0,3662.8717948717945,20223.0,62.0552827498812,16.11466350142308,87.0
1017,1680003152.9656622,1018,2Item7,2023-03-28 17:02:32.965662,49157.0,14079772.0,384039.0625,1680003153003.8445,2530.0,3684.717948717948,20222.0,62.07494850261449,16.109558269837013,87.0
1018,1680003152.9734747,1019,2Item7,2023-03-28 17:02:32.973475,49158.0,14080028.0,384046.875,1680003153011.657,2523.0,3674.5230769230766,20222.0,62.07494850261449,16.109558269837013,87.0
1019,1680003152.9812872,1020,2Item7,2023-03-28 17:02:32.981287,49159.0,14080284.0,384054.6875,1680003153019.4695,2517.0,3665.7846153846153,20222.0,62.07494850261449,16.109558269837013,87.0
1020,1680003152.9890995,1021,2Item7,2023-03-28 17:02:32.989100,49160.0,14080540.0,384062.5,1680003153027.282,2524.0,3675.979487179487,20221.0,62.094626723728005,16.104453038250945,87.0
1021,1680003152.9969122,1022,2Item7,2023-03-28 17:02:32.996912,49161.0,14080796.0,384070.3125,1680003153035.0945,2524.0,3675.979487179487,20220.0,62.11431742508324,16.09934780666488,87.0
1022,1680003153.0047247,1023,2Item7,2023-03-28 17:02:33.004725,49162.0,14081052.0,384078.125,1680003153042.907,2522.0,3673.0666666666657,20221.0,62.094626723728005,16.104453038250945,87.0
1023,1680003153.0125372,1024,2Item7,2023-03-28 17:02:33.012537,49163.0,14081308.0,384085.9375,1680003153050.7195,2516.0,3664.328205128205,20221.0,62.094626723728005,16.104453038250945,87.0
1024,1680003153.0203495,1025,2Item7,2023-03-28 17:02:33.020350,49164.0,14081564.0,384093.75,1680003153058.532,2505.0,3648.307692307692,20220.0,62.11431742508324,16.09934780666488,87.0
1025,1680003153.0281622,1026,2Item7,2023-03-28 17:02:33.028162,49165.0,14081820.0,384101.5625,1680003153066.3445,2522.0,3673.0666666666657,20219.0,62.134020618556704,16.094242575078813,87.0
1026,1680003153.0359747,1027,2Item7,2023-03-28 17:02:33.035975,49166.0,14082076.0,384109.375,1680003153074.157,2525.0,3677.4358974358975,20219.0,62.134020618556704,16.094242575078813,87.0
1027,1680003153.0437872,1028,2Item7,2023-03-28 17:02:33.043787,49167.0,14082332.0,384117.1875,1680003153081.9695,2514.0,3661.415384615385,20219.0,62.134020618556704,16.094242575078813,87.0
1028,1680003153.0515995,1029,2Item7,2023-03-28 17:02:33.051600,49168.0,14082588.0,384125.0,1680003153089.782,2525.0,3677.4358974358975,20217.0,62.17346452943978,16.084032111906676,87.0
1029,1680003153.0594122,1030,2Item7,2023-03-28 17:02:33.059412,49169.0,14082844.0,384132.8125,1680003153097.5945,2523.0,3674.5230769230766,20217.0,62.17346452943978,16.084032111906676,87.0
1030,1680003153.0672247,1031,2Item7,2023-03-28 17:02:33.067225,49170.0,14083100.0,384140.625,1680003153105.407,2523.0,3674.5230769230766,20218.0,62.15373631603999,16.08913734349274,87.0
1031,1680003153.0750372,1032,2Item7,2023-03-28 17:02:33.075037,49171.0,14083356.0,384148.4375,1680003153113.2195,2514.0,3661.415384615385,20217.0,62.17346452943978,16.084032111906676,87.0
1032,1680003153.0828495,1033,2Item7,2023-03-28 17:02:33.082850,49172.0,14083612.0,384156.25,1680003153121.032,2519.0,3668.6974358974353,20216.0,62.193205270677886,16.078926880320605,87.0
1033,1680003153.0906622,1034,2Item7,2023-03-28 17:02:33.090662,49173.0,14083868.0,384164.0625,1680003153128.8445,2502.0,3643.9384615384606,20218.0,62.15373631603999,16.08913734349274,87.0
1034,1680003153.0984747,1035,2Item7,2023-03-28 17:02:33.098475,49174.0,14084124.0,384171.875,1680003153136.657,2521.0,3671.610256410256,20216.0,62.193205270677886,16.078926880320605,87.0
1035,1680003153.1062872,1036,2Item7,2023-03-28 17:02:33.106287,49175.0,14084380.0,384179.6875,1680003153144.4695,2512.0,3658.502564102564,20215.0,62.21295855169129,16.07382164873454,87.0
1036,1680003153.1140995,1037,2Item7,2023-03-28 17:02:33.114100,49176.0,14084636.0,384187.5,1680003153152.282,2523.0,3674.5230769230766,20214.0,62.232724384432096,16.068716417148472,87.0
1037,1680003153.1219122,1038,2Item7,2023-03-28 17:02:33.121912,49177.0,14084892.0,384195.3125,1680003153160.0945,2528.0,3681.805128205128,20214.0,62.232724384432096,16.068716417148472,87.0
1038,1680003153.1297247,1039,2Item7,2023-03-28 17:02:33.129725,49178.0,14085148.0,384203.125,1680003153167.907,2521.0,3671.610256410256,20216.0,62.193205270677886,16.078926880320605,87.0
1039,1680003153.1375372,1040,2Item7,2023-03-28 17:02:33.137537,49179.0,14085404.0,384210.9375,1680003153175.7195,2513.0,3659.958974358974,20214.0,62.232724384432096,16.068716417148472,87.0
1040,1680003153.1453495,1041,2Item7,2023-03-28 17:02:33.145350,49180.0,14085660.0,384218.75,1680003153183.532,2525.0,3677.4358974358975,20214.0,62.232724384432096,16.068716417148472,87.0
1041,1680003153.1531622,1042,2Item7,2023-03-28 17:02:33.153162,49181.0,14085916.0,384226.5625,1680003153191.3445,2520.0,3670.1538461538457,20212.0,62.272293752980445,16.058505953976336,87.0
1042,1680003153.1609747,1043,2Item7,2023-03-28 17:02:33.160975,49182.0,14086172.0,384234.375,1680003153199.157,2518.0,3667.2410256410258,20212.0,62.272293752980445,16.058505953976336,87.0
1043,1680003153.1687872,1044,2Item7,2023-03-28 17:02:33.168787,49183.0,14086428.0,384242.1875,1680003153206.9695,2514.0,3661.415384615385,20211.0,62.292097312768334,16.05340072239027,87.0
1044,1680003153.1765995,1045,2Item7,2023-03-28 17:02:33.176600,49184.0,14086684.0,384250.0,1680003153214.782,2520.0,3670.1538461538457,20210.0,62.31191347224432,16.0482954908042,87.0
1045,1680003153.1844122,1046,2Item7,2023-03-28 17:02:33.184412,49185.0,14086940.0,384257.8125,1680003153222.5945,2506.0,3649.7641025641024,20211.0,62.292097312768334,16.05340072239027,87.0
1046,1680003153.1922247,1047,2Item7,2023-03-28 17:02:33.192225,49186.0,14087196.0,384265.625,1680003153230.407,2517.0,3665.7846153846153,20211.0,62.292097312768334,16.05340072239027,87.0
1047,1680003153.2000372,1048,2Item7,2023-03-28 17:02:33.200037,49187.0,14087452.0,384273.4375,1680003153238.2195,2511.0,3657.0461538461536,20209.0,62.33174224343676,16.043190259218132,87.0
1048,1680003153.2078495,1049,2Item7,2023-03-28 17:02:33.207850,49188.0,14087708.0,384281.25,1680003153246.032,2521.0,3671.610256410256,20208.0,62.35158363838931,16.038085027632064,87.0
1049,1680003153.2156622,1050,2Item7,2023-03-28 17:02:33.215662,49189.0,14087964.0,384289.0625,1680003153253.8445,2524.0,3675.979487179487,20208.0,62.35158363838931,16.038085027632064,87.0
1050,1680003153.2234747,1051,2Item7,2023-03-28 17:02:33.223475,49190.0,14088220.0,384296.875,1680003153261.657,2510.0,3655.589743589743,20208.0,62.35158363838931,16.038085027632064,87.0
1051,1680003153.2312872,1052,2Item7,2023-03-28 17:02:33.231287,49191.0,14088476.0,384304.6875,1680003153269.4695,2525.0,3677.4358974358975,20207.0,62.37143766916097,16.032979796045996,87.0
1052,1680003153.2390995,1053,2Item7,2023-03-28 17:02:33.239100,49192.0,14088732.0,384312.5,1680003153277.282,2520.0,3670.1538461538457,20206.0,62.391304347826086,16.02787456445993,87.0
1053,1680003153.2469122,1054,2Item7,2023-03-28 17:02:33.246912,49193.0,14088988.0,384320.3125,1680003153285.0945,2525.0,3677.4358974358975,20206.0,62.391304347826086,16.02787456445993,87.0
1054,1680003153.2547247,1055,2Item7,2023-03-28 17:02:33.254725,49194.0,14089244.0,384328.125,1680003153292.907,2516.0,3664.328205128205,20206.0,62.391304347826086,16.02787456445993,87.0
1055,1680003153.2625372,1056,2Item7,2023-03-28 17:02:33.262537,49195.0,14089500.0,384335.9375,1680003153300.7195,2516.0,3664.328205128205,20205.0,62.41118368647444,16.02276933287386,87.0
1056,1680003153.2703495,1057,2Item7,2023-03-28 17:02:33.270350,49196.0,14089756.0,384343.75,1680003153308.532,2522.0,3673.0666666666657,20204.0,62.43107569721116,16.017664101287792,87.0
1057,1680003153.2781622,1058,2Item7,2023-03-28 17:02:33.278162,49197.0,14090012.0,384351.5625,1680003153316.3445,2521.0,3671.610256410256,20203.0,62.45098039215687,16.012558869701728,87.0
1058,1680003153.2859747,1059,2Item7,2023-03-28 17:02:33.285975,49198.0,14090268.0,384359.375,1680003153324.157,2516.0,3664.328205128205,20204.0,62.43107569721116,16.017664101287792,87.0
1059,1680003153.2937872,1060,2Item7,2023-03-28 17:02:33.293787,49199.0,14090524.0,384367.1875,1680003153331.9695,2511.0,3657.0461538461536,20203.0,62.45098039215687,16.012558869701728,87.0
1060,1680003153.3015995,1061,2Item7,2023-03-28 17:02:33.301600,49200.0,14090780.0,384375.0,1680003153339.782,2516.0,3664.328205128205,20203.0,62.45098039215687,16.012558869701728,87.0
1061,1680003153.3094122,1062,2Item7,2023-03-28 17:02:33.309412,49201.0,14091036.0,384382.8125,1680003153347.5945,2524.0,3675.979487179487,20201.0,62.49082788323497,16.002348406529592,87.0
1062,1680003153.3172247,1063,2Item7,2023-03-28 17:02:33.317225,49202.0,14091292.0,384390.625,1680003153355.407,2518.0,3667.2410256410258,20202.0,62.47089778344762,16.00745363811566,87.0
1063,1680003153.3250372,1064,2Item7,2023-03-28 17:02:33.325037,49203.0,14091548.0,384398.4375,1680003153363.2195,2522.0,3673.0666666666657,20200.0,62.51077070368598,15.997243174943522,87.0
1064,1680003153.3328495,1065,2Item7,2023-03-28 17:02:33.332850,49204.0,14091804.0,384406.25,1680003153371.032,2522.0,3673.0666666666657,20200.0,62.51077070368598,15.997243174943522,87.0
1065,1680003153.3406622,1066,2Item7,2023-03-28 17:02:33.340662,49205.0,14092060.0,384414.0625,1680003153378.8445,2495.0,3633.743589743589,20202.0,62.47089778344762,16.00745363811566,87.0
1066,1680003153.3484747,1067,2Item7,2023-03-28 17:02:33.348475,49206.0,14092316.0,384421.875,1680003153386.657,2520.0,3670.1538461538457,20199.0,62.53072625698326,15.99213794335745,87.0
1067,1680003153.3562872,1068,2Item7,2023-03-28 17:02:33.356287,49207.0,14092572.0,384429.6875,1680003153394.4695,2507.0,3651.220512820513,20198.0,62.55069455532493,15.987032711771386,87.0
1068,1680003153.3640995,1069,2Item7,2023-03-28 17:02:33.364100,49208.0,14092828.0,384437.5,1680003153402.282,2527.0,3680.348717948717,20197.0,62.570675610924766,15.981927480185318,87.0
1069,1680003153.3719122,1070,2Item7,2023-03-28 17:02:33.371912,49209.0,14093084.0,384445.3125,1680003153410.0945,2524.0,3675.979487179487,20196.0,62.59066943601215,15.97682224859925,87.0
1070,1680003153.3797247,1071,2Item7,2023-03-28 17:02:33.379725,49210.0,14093340.0,384453.125,1680003153417.907,2514.0,3661.415384615385,20196.0,62.59066943601215,15.97682224859925,87.0
1071,1680003153.3875372,1072,2Item7,2023-03-28 17:02:33.387537,49211.0,14093596.0,384460.9375,1680003153425.7195,2509.0,3654.1333333333328,20197.0,62.570675610924766,15.981927480185318,87.0
1072,1680003153.3953495,1073,2Item7,2023-03-28 17:02:33.395350,49212.0,14093852.0,384468.75,1680003153433.532,2522.0,3673.0666666666657,20195.0,62.61067604283203,15.971717017013182,87.0
1073,1680003153.4031622,1074,2Item7,2023-03-28 17:02:33.403162,49213.0,14094108.0,384476.5625,1680003153441.3445,2518.0,3667.2410256410258,20194.0,62.63069544364509,15.966611785427114,87.0
1074,1680003153.4109747,1075,2Item7,2023-03-28 17:02:33.410975,49214.0,14094364.0,384484.375,1680003153449.157,2518.0,3667.2410256410258,20195.0,62.61067604283203,15.971717017013182,87.0
1075,1680003153.4187872,1076,2Item7,2023-03-28 17:02:33.418787,49215.0,14094620.0,384492.1875,1680003153456.9695,2514.0,3661.415384615385,20194.0,62.63069544364509,15.966611785427114,87.0
1076,1680003153.4265995,1077,2Item7,2023-03-28 17:02:33.426600,49216.0,14094876.0,384500.0,1680003153464.782,2525.0,3677.4358974358975,20193.0,62.650727650727646,15.961506553841048,87.0
1077,1680003153.4344122,1078,2Item7,2023-03-28 17:02:33.434412,49217.0,14095132.0,384507.8125,1680003153472.5945,2528.0,3681.805128205128,20192.0,62.670772676371776,15.95640132225498,87.0
1078,1680003153.4422247,1079,2Item7,2023-03-28 17:02:33.442225,49218.0,14095388.0,384515.625,1680003153480.407,2519.0,3668.6974358974353,20192.0,62.670772676371776,15.95640132225498,87.0
1079,1680003153.4500372,1080,2Item7,2023-03-28 17:02:33.450037,49219.0,14095644.0,384523.4375,1680003153488.2195,2509.0,3654.1333333333328,20192.0,62.670772676371776,15.95640132225498,87.0
1080,1680003153.4578495,1081,2Item7,2023-03-28 17:02:33.457850,49220.0,14095900.0,384531.25,1680003153496.032,2532.0,3687.6307692307687,20190.0,62.71090123259166,15.946190859082842,87.0
1081,1680003153.4656622,1082,2Item7,2023-03-28 17:02:33.465662,49221.0,14096156.0,384539.0625,1680003153503.8445,2496.0,3635.2,20192.0,62.670772676371776,15.95640132225498,87.0
1082,1680003153.4734747,1083,2Item7,2023-03-28 17:02:33.473475,49222.0,14096412.0,384546.875,1680003153511.657,2519.0,3668.6974358974353,20190.0,62.71090123259166,15.946190859082842,87.0
1083,1680003153.4812872,1084,2Item7,2023-03-28 17:02:33.481287,49223.0,14096668.0,384554.6875,1680003153519.4695,2512.0,3658.502564102564,20189.0,62.730984787830266,15.941085627496776,87.0
1084,1680003153.4890995,1085,2Item7,2023-03-28 17:02:33.489100,49224.0,14096924.0,384562.5,1680003153527.282,2522.0,3673.0666666666657,20189.0,62.730984787830266,15.941085627496776,87.0
1085,1680003153.4969122,1086,2Item7,2023-03-28 17:02:33.496912,49225.0,14097180.0,384570.3125,1680003153535.0945,2525.0,3677.4358974358975,20187.0,62.771190514340645,15.93087516432464,87.0
1086,1680003153.5047247,1087,2Item7,2023-03-28 17:02:33.504725,49226.0,14097436.0,384578.125,1680003153542.907,2523.0,3674.5230769230766,20188.0,62.75108121095627,15.935980395910708,87.0
1087,1680003153.5125372,1088,2Item7,2023-03-28 17:02:33.512537,49227.0,14097692.0,384585.9375,1680003153550.7195,2522.0,3673.0666666666657,20187.0,62.771190514340645,15.93087516432464,87.0
1088,1680003153.5203495,1089,2Item7,2023-03-28 17:02:33.520350,49228.0,14097948.0,384593.75,1680003153558.532,2531.0,3686.174358974359,20186.0,62.791312710370256,15.925769932738572,87.0
1089,1680003153.5281622,1090,2Item7,2023-03-28 17:02:33.528162,49229.0,14098204.0,384601.5625,1680003153566.3445,2522.0,3673.0666666666657,20185.0,62.811447811447806,15.920664701152504,87.0
1090,1680003153.5359747,1091,2Item7,2023-03-28 17:02:33.535975,49230.0,14098460.0,384609.375,1680003153574.157,2517.0,3665.7846153846153,20185.0,62.811447811447806,15.920664701152504,87.0
1091,1680003153.5437872,1092,2Item7,2023-03-28 17:02:33.543787,49231.0,14098716.0,384617.1875,1680003153581.9695,2520.0,3670.1538461538457,20184.0,62.83159582999198,15.915559469566436,87.0
1092,1680003153.5515995,1093,2Item7,2023-03-28 17:02:33.551600,49232.0,14098972.0,384625.0,1680003153589.782,2516.0,3664.328205128205,20184.0,62.83159582999198,15.915559469566436,87.0
1093,1680003153.5594122,1094,2Item7,2023-03-28 17:02:33.559412,49233.0,14099228.0,384632.8125,1680003153597.5945,2518.0,3667.2410256410258,20183.0,62.85175677843736,15.910454237980366,87.0
1094,1680003153.5672247,1095,2Item7,2023-03-28 17:02:33.567225,49234.0,14099484.0,384640.625,1680003153605.407,2515.0,3662.8717948717945,20184.0,62.83159582999198,15.915559469566436,87.0
1095,1680003153.5750372,1096,2Item7,2023-03-28 17:02:33.575037,49235.0,14099740.0,384648.4375,1680003153613.2195,2508.0,3652.6769230769214,20184.0,62.83159582999198,15.915559469566436,87.0
1096,1680003153.5828495,1097,2Item7,2023-03-28 17:02:33.582850,49236.0,14099996.0,384656.25,1680003153621.032,2523.0,3674.5230769230766,20181.0,62.8921175148499,15.900243774808231,87.0
1097,1680003153.5906622,1098,2Item7,2023-03-28 17:02:33.590662,49237.0,14100252.0,384664.0625,1680003153628.8445,2498.0,3638.11282051282,20182.0,62.87193066923447,15.9053490063943,87.0
1098,1680003153.5984747,1099,2Item7,2023-03-28 17:02:33.598475,49238.0,14100508.0,384671.875,1680003153636.657,2525.0,3677.4358974358975,20181.0,62.8921175148499,15.900243774808231,87.0
1099,1680003153.6062872,1100,2Item7,2023-03-28 17:02:33.606287,49239.0,14100764.0,384679.6875,1680003153644.4695,2510.0,3655.589743589743,20179.0,62.93253012048193,15.8900333116361,87.0
1100,1680003153.6140995,1101,2Item7,2023-03-28 17:02:33.614100,49240.0,14101020.0,384687.5,1680003153652.282,2524.0,3675.979487179487,20179.0,62.93253012048193,15.8900333116361,87.0
1101,1680003153.6219122,1102,2Item7,2023-03-28 17:02:33.621912,49241.0,14101276.0,384695.3125,1680003153660.0945,2529.0,3683.2615384615374,20178.0,62.952755905511815,15.884928080050027,87.0
1102,1680003153.6297247,1103,2Item7,2023-03-28 17:02:33.629725,49242.0,14101532.0,384703.125,1680003153667.907,2522.0,3673.0666666666657,20178.0,62.952755905511815,15.884928080050027,87.0
1103,1680003153.6375372,1104,2Item7,2023-03-28 17:02:33.637537,49243.0,14101788.0,384710.9375,1680003153675.7195,2517.0,3665.7846153846153,20177.0,62.9729946953866,15.879822848463965,87.0
1104,1680003153.6453495,1105,2Item7,2023-03-28 17:02:33.645350,49244.0,14102044.0,384718.75,1680003153683.532,2526.0,3678.892307692307,20176.0,62.993246502653164,15.874717616877897,87.0
1105,1680003153.6531622,1106,2Item7,2023-03-28 17:02:33.653162,49245.0,14102300.0,384726.5625,1680003153691.3445,2521.0,3671.610256410256,20176.0,62.993246502653164,15.874717616877897,87.0
1106,1680003153.6609747,1107,2Item7,2023-03-28 17:02:33.660975,49246.0,14102556.0,384734.375,1680003153699.157,2522.0,3673.0666666666657,20176.0,62.993246502653164,15.874717616877897,87.0
1107,1680003153.6687872,1108,2Item7,2023-03-28 17:02:33.668787,49247.0,14102812.0,384742.1875,1680003153706.9695,2518.0,3667.2410256410258,20175.0,63.01351133987454,15.869612385291829,87.0
1108,1680003153.6765995,1109,2Item7,2023-03-28 17:02:33.676600,49248.0,14103068.0,384750.0,1680003153714.782,2517.0,3665.7846153846153,20175.0,63.01351133987454,15.869612385291829,87.0
1109,1680003153.6844122,1110,2Item7,2023-03-28 17:02:33.684412,49249.0,14103324.0,384757.8125,1680003153722.5945,2524.0,3675.979487179487,20173.0,63.05408015451473,15.859401922119693,87.0
1110,1680003153.6922247,1111,2Item7,2023-03-28 17:02:33.692225,49250.0,14103580.0,384765.625,1680003153730.407,2522.0,3673.0666666666657,20174.0,63.033789219629945,15.864507153705755,87.0
1111,1680003153.7000372,1112,2Item7,2023-03-28 17:02:33.700037,49251.0,14103836.0,384773.4375,1680003153738.2195,2519.0,3668.6974358974353,20173.0,63.05408015451473,15.859401922119693,87.0
1112,1680003153.7078495,1113,2Item7,2023-03-28 17:02:33.707850,49252.0,14104092.0,384781.25,1680003153746.032,2514.0,3661.415384615385,20171.0,63.09470124013529,15.849191458947557,87.0
1113,1680003153.7156622,1114,2Item7,2023-03-28 17:02:33.715662,49253.0,14104348.0,384789.0625,1680003153753.8445,2522.0,3673.0666666666657,20170.0,63.11503141614306,15.844086227361489,87.0
1114,1680003153.7234747,1115,2Item7,2023-03-28 17:02:33.723475,49254.0,14104604.0,384796.875,1680003153761.657,2521.0,3671.610256410256,20171.0,63.09470124013529,15.849191458947557,87.0
1115,1680003153.7312872,1116,2Item7,2023-03-28 17:02:33.731287,49255.0,14104860.0,384804.6875,1680003153769.4695,2522.0,3673.0666666666657,20170.0,63.11503141614306,15.844086227361489,87.0
1116,1680003153.7390995,1117,2Item7,2023-03-28 17:02:33.739100,49256.0,14105116.0,384812.5,1680003153777.282,2523.0,3674.5230769230766,20170.0,63.11503141614306,15.844086227361489,87.0
1117,1680003153.7469122,1118,2Item7,2023-03-28 17:02:33.746912,49257.0,14105372.0,384820.3125,1680003153785.0945,2520.0,3670.1538461538457,20168.0,63.15573109785588,15.833875764189353,87.0
1118,1680003153.7547247,1119,2Item7,2023-03-28 17:02:33.754725,49258.0,14105628.0,384828.125,1680003153792.907,2515.0,3662.8717948717945,20169.0,63.13537469782434,15.83898099577542,87.0
1119,1680003153.7625372,1120,2Item7,2023-03-28 17:02:33.762537,49259.0,14105884.0,384835.9375,1680003153800.7195,2523.0,3674.5230769230766,20167.0,63.17610062893083,15.82877053260328,87.0
1120,1680003153.7703495,1121,2Item7,2023-03-28 17:02:33.770350,49260.0,14106140.0,384843.75,1680003153808.532,2525.0,3677.4358974358975,20167.0,63.17610062893083,15.82877053260328,87.0
1121,1680003153.7781622,1122,2Item7,2023-03-28 17:02:33.778162,49261.0,14106396.0,384851.5625,1680003153816.3445,2521.0,3671.610256410256,20166.0,63.19648330375868,15.823665301017217,87.0
1122,1680003153.7859747,1123,2Item7,2023-03-28 17:02:33.785975,49262.0,14106652.0,384859.375,1680003153824.157,2519.0,3668.6974358974353,20167.0,63.17610062893083,15.82877053260328,87.0
1123,1680003153.7937872,1124,2Item7,2023-03-28 17:02:33.793787,49263.0,14106908.0,384867.1875,1680003153831.9695,2512.0,3658.502564102564,20165.0,63.21687913506537,15.818560069431149,87.0
1124,1680003153.8015995,1125,2Item7,2023-03-28 17:02:33.801600,49264.0,14107164.0,384875.0,1680003153839.782,2520.0,3670.1538461538457,20165.0,63.21687913506537,15.818560069431149,87.0
1125,1680003153.8094122,1126,2Item7,2023-03-28 17:02:33.809412,49265.0,14107420.0,384882.8125,1680003153847.5945,2523.0,3674.5230769230766,20164.0,63.237288135593225,15.81345483784508,87.0
1126,1680003153.8172247,1127,2Item7,2023-03-28 17:02:33.817225,49266.0,14107676.0,384890.625,1680003153855.407,2514.0,3661.415384615385,20164.0,63.237288135593225,15.81345483784508,87.0
1127,1680003153.8250372,1128,2Item7,2023-03-28 17:02:33.825037,49267.0,14107932.0,384898.4375,1680003153863.2195,2527.0,3680.348717948717,20163.0,63.25771031810108,15.808349606259014,87.0
1128,1680003153.8328495,1129,2Item7,2023-03-28 17:02:33.832850,49268.0,14108188.0,384906.25,1680003153871.032,2525.0,3677.4358974358975,20163.0,63.25771031810108,15.808349606259014,87.0
1129,1680003153.8406622,1130,2Item7,2023-03-28 17:02:33.840662,49269.0,14108444.0,384914.0625,1680003153878.8445,2522.0,3673.0666666666657,20162.0,63.27814569536424,15.803244374672946,87.0
1130,1680003153.8484747,1131,2Item7,2023-03-28 17:02:33.848475,49270.0,14108700.0,384921.875,1680003153886.657,2520.0,3670.1538461538457,20163.0,63.25771031810108,15.808349606259014,87.0
1131,1680003153.8562872,1132,2Item7,2023-03-28 17:02:33.856287,49271.0,14108956.0,384929.6875,1680003153894.4695,2521.0,3671.610256410256,20161.0,63.298594280174505,15.798139143086878,87.0
1132,1680003153.8640995,1133,2Item7,2023-03-28 17:02:33.864100,49272.0,14109212.0,384937.5,1680003153902.282,2523.0,3674.5230769230766,20162.0,63.27814569536424,15.803244374672946,87.0
1133,1680003153.8719122,1134,2Item7,2023-03-28 17:02:33.871912,49273.0,14109468.0,384945.3125,1680003153910.0945,2526.0,3678.892307692307,20160.0,63.31905608534023,15.79303391150081,87.0
1134,1680003153.8797247,1135,2Item7,2023-03-28 17:02:33.879725,49274.0,14109724.0,384953.125,1680003153917.907,2518.0,3667.2410256410258,20162.0,63.27814569536424,15.803244374672946,87.0
1135,1680003153.8875372,1136,2Item7,2023-03-28 17:02:33.887537,49275.0,14109980.0,384960.9375,1680003153925.7195,2508.0,3652.6769230769214,20160.0,63.31905608534023,15.79303391150081,87.0
1136,1680003153.8953495,1137,2Item7,2023-03-28 17:02:33.895350,49276.0,14110236.0,384968.75,1680003153933.532,2519.0,3668.6974358974353,20161.0,63.298594280174505,15.798139143086878,87.0
1137,1680003153.9031622,1138,2Item7,2023-03-28 17:02:33.903162,49277.0,14110492.0,384976.5625,1680003153941.3445,2528.0,3681.805128205128,20160.0,63.31905608534023,15.79303391150081,87.0
1138,1680003153.9109747,1139,2Item7,2023-03-28 17:02:33.910975,49278.0,14110748.0,384984.375,1680003153949.157,2519.0,3668.6974358974353,20160.0,63.31905608534023,15.79303391150081,87.0
1139,1680003153.9187872,1140,2Item7,2023-03-28 17:02:33.918787,49279.0,14111004.0,384992.1875,1680003153956.9695,2503.0,3645.394871794872,20158.0,63.36001940805436,15.782823448328672,87.0
1140,1680003153.9265995,1141,2Item7,2023-03-28 17:02:33.926600,49280.0,14111260.0,385000.0,1680003153964.782,2526.0,3678.892307692307,20159.0,63.339531123686335,15.787928679914742,87.0
1141,1680003153.9344122,1142,2Item7,2023-03-28 17:02:33.934412,49281.0,14111516.0,385007.8125,1680003153972.5945,2500.0,3641.0256410256407,20158.0,63.36001940805436,15.782823448328672,87.0
1142,1680003153.9422247,1143,2Item7,2023-03-28 17:02:33.942225,49282.0,14111772.0,385015.625,1680003153980.407,2520.0,3670.1538461538457,20159.0,63.339531123686335,15.787928679914742,87.0
1143,1680003153.9500372,1144,2Item7,2023-03-28 17:02:33.950037,49283.0,14112028.0,385023.4375,1680003153988.2195,2502.0,3643.9384615384606,20157.0,63.38052095130238,15.777718216742606,87.0
1144,1680003153.9578495,1145,2Item7,2023-03-28 17:02:33.957850,49284.0,14112284.0,385031.25,1680003153996.032,2525.0,3677.4358974358975,20158.0,63.36001940805436,15.782823448328672,87.0
1145,1680003153.9656622,1146,2Item7,2023-03-28 17:02:33.965662,49285.0,14112540.0,385039.0625,1680003154003.8445,2522.0,3673.0666666666657,20158.0,63.36001940805436,15.782823448328672,87.0
1146,1680003153.9734747,1147,2Item7,2023-03-28 17:02:33.973475,49286.0,14112796.0,385046.875,1680003154011.657,2519.0,3668.6974358974353,20158.0,63.36001940805436,15.782823448328672,87.0
1147,1680003153.9812872,1148,2Item7,2023-03-28 17:02:33.981287,49287.0,14113052.0,385054.6875,1680003154019.4695,2507.0,3651.220512820513,20158.0,63.36001940805436,15.782823448328672,87.0
1148,1680003153.9890995,1149,2Item7,2023-03-28 17:02:33.989100,49288.0,14113308.0,385062.5,1680003154027.282,2522.0,3673.0666666666657,20158.0,63.36001940805436,15.782823448328672,87.0
1149,1680003153.9969122,1150,2Item7,2023-03-28 17:02:33.996912,49289.0,14113564.0,385070.3125,1680003154035.0945,2527.0,3680.348717948717,20158.0,63.36001940805436,15.782823448328672,87.0
1150,1680003154.0047247,1151,2Item7,2023-03-28 17:02:34.004725,49290.0,14113820.0,385078.125,1680003154042.907,2523.0,3674.5230769230766,20159.0,63.339531123686335,15.787928679914742,87.0
1151,1680003154.0125372,1152,2Item7,2023-03-28 17:02:34.012537,49291.0,14114076.0,385085.9375,1680003154050.7195,2503.0,3645.394871794872,20158.0,63.36001940805436,15.782823448328672,87.0
1152,1680003154.0203495,1153,2Item7,2023-03-28 17:02:34.020350,49292.0,14114332.0,385093.75,1680003154058.532,2522.0,3673.0666666666657,20158.0,63.36001940805436,15.782823448328672,87.0
1153,1680003154.0281622,1154,2Item7,2023-03-28 17:02:34.028162,49293.0,14114588.0,385101.5625,1680003154066.3445,2519.0,3668.6974358974353,20158.0,63.36001940805436,15.782823448328672,87.0
1154,1680003154.0359747,1155,2Item7,2023-03-28 17:02:34.035975,49294.0,14114844.0,385109.375,1680003154074.157,2518.0,3667.2410256410258,20159.0,63.339531123686335,15.787928679914742,87.0
1155,1680003154.0437872,1156,2Item7,2023-03-28 17:02:34.043787,49295.0,14115100.0,385117.1875,1680003154081.9695,2513.0,3659.958974358974,20159.0,63.339531123686335,15.787928679914742,87.0
1156,1680003154.0515995,1157,2Item7,2023-03-28 17:02:34.051600,49296.0,14115356.0,385125.0,1680003154089.782,2526.0,3678.892307692307,20158.0,63.36001940805436,15.782823448328672,87.0
1157,1680003154.0594122,1158,2Item7,2023-03-28 17:02:34.059412,49297.0,14115612.0,385132.8125,1680003154097.5945,2520.0,3670.1538461538457,20160.0,63.31905608534023,15.79303391150081,87.0
1158,1680003154.0672247,1159,2Item7,2023-03-28 17:02:34.067225,49298.0,14115868.0,385140.625,1680003154105.407,2523.0,3674.5230769230766,20161.0,63.298594280174505,15.798139143086878,87.0
1159,1680003154.0750372,1160,2Item7,2023-03-28 17:02:34.075037,49299.0,14116124.0,385148.4375,1680003154113.2195,2511.0,3657.0461538461536,20161.0,63.298594280174505,15.798139143086878,87.0
1160,1680003154.0828495,1161,2Item7,2023-03-28 17:02:34.082850,49300.0,14116380.0,385156.25,1680003154121.032,2520.0,3670.1538461538457,20161.0,63.298594280174505,15.798139143086878,87.0
1161,1680003154.0906622,1162,2Item7,2023-03-28 17:02:34.090662,49301.0,14116636.0,385164.0625,1680003154128.8445,2528.0,3681.805128205128,20161.0,63.298594280174505,15.798139143086878,87.0
1162,1680003154.0984747,1163,2Item7,2023-03-28 17:02:34.098475,49302.0,14116892.0,385171.875,1680003154136.657,2519.0,3668.6974358974353,20163.0,63.25771031810108,15.808349606259014,87.0
1163,1680003154.1062872,1164,2Item7,2023-03-28 17:02:34.106287,49303.0,14117148.0,385179.6875,1680003154144.4695,2517.0,3665.7846153846153,20163.0,63.25771031810108,15.808349606259014,87.0
1164,1680003154.1140995,1165,2Item7,2023-03-28 17:02:34.114100,49304.0,14117404.0,385187.5,1680003154152.282,2523.0,3674.5230769230766,20163.0,63.25771031810108,15.808349606259014,87.0
1165,1680003154.1219122,1166,2Item7,2023-03-28 17:02:34.121912,49305.0,14117660.0,385195.3125,1680003154160.0945,2526.0,3678.892307692307,20164.0,63.237288135593225,15.81345483784508,87.0
1166,1680003154.1297247,1167,2Item7,2023-03-28 17:02:34.129725,49306.0,14117916.0,385203.125,1680003154167.907,2522.0,3673.0666666666657,20166.0,63.19648330375868,15.823665301017217,87.0
1167,1680003154.1375372,1168,2Item7,2023-03-28 17:02:34.137537,49307.0,14118172.0,385210.9375,1680003154175.7195,2504.0,3646.8512820512815,20165.0,63.21687913506537,15.818560069431149,87.0
1168,1680003154.1453495,1169,2Item7,2023-03-28 17:02:34.145350,49308.0,14118428.0,385218.75,1680003154183.532,2523.0,3674.5230769230766,20166.0,63.19648330375868,15.823665301017217,87.0
1169,1680003154.1531622,1170,2Item7,2023-03-28 17:02:34.153162,49309.0,14118684.0,385226.5625,1680003154191.3445,2526.0,3678.892307692307,20167.0,63.17610062893083,15.82877053260328,87.0
1170,1680003154.1609747,1171,2Item7,2023-03-28 17:02:34.160975,49310.0,14118940.0,385234.375,1680003154199.157,2524.0,3675.979487179487,20168.0,63.15573109785588,15.833875764189353,87.0
1171,1680003154.1687872,1172,2Item7,2023-03-28 17:02:34.168787,49311.0,14119196.0,385242.1875,1680003154206.9695,2515.0,3662.8717948717945,20169.0,63.13537469782434,15.83898099577542,87.0
1172,1680003154.1765995,1173,2Item7,2023-03-28 17:02:34.176600,49312.0,14119452.0,385250.0,1680003154214.782,2523.0,3674.5230769230766,20170.0,63.11503141614306,15.844086227361489,87.0
1173,1680003154.1844122,1174,2Item7,2023-03-28 17:02:34.184412,49313.0,14119708.0,385257.8125,1680003154222.5945,2494.0,3632.2871794871785,20173.0,63.05408015451473,15.859401922119693,87.0
1174,1680003154.1922247,1175,2Item7,2023-03-28 17:02:34.192225,49314.0,14119964.0,385265.625,1680003154230.407,2522.0,3673.0666666666657,20173.0,63.05408015451473,15.859401922119693,87.0
1175,1680003154.2000372,1176,2Item7,2023-03-28 17:02:34.200037,49315.0,14120220.0,385273.4375,1680003154238.2195,2513.0,3659.958974358974,20174.0,63.033789219629945,15.864507153705755,87.0
1176,1680003154.2078495,1177,2Item7,2023-03-28 17:02:34.207850,49316.0,14120476.0,385281.25,1680003154246.032,2512.0,3658.502564102564,20173.0,63.05408015451473,15.859401922119693,87.0
1177,1680003154.2156622,1178,2Item7,2023-03-28 17:02:34.215662,49317.0,14120732.0,385289.0625,1680003154253.8445,2503.0,3645.394871794872,20177.0,62.9729946953866,15.879822848463965,87.0
1178,1680003154.2234747,1179,2Item7,2023-03-28 17:02:34.223475,49318.0,14120988.0,385296.875,1680003154261.657,2525.0,3677.4358974358975,20177.0,62.9729946953866,15.879822848463965,87.0
1179,1680003154.2312872,1180,2Item7,2023-03-28 17:02:34.231287,49319.0,14121244.0,385304.6875,1680003154269.4695,2517.0,3665.7846153846153,20178.0,62.952755905511815,15.884928080050027,87.0
1180,1680003154.2390995,1181,2Item7,2023-03-28 17:02:34.239100,49320.0,14121500.0,385312.5,1680003154277.282,2522.0,3673.0666666666657,20178.0,62.952755905511815,15.884928080050027,87.0
1181,1680003154.2469122,1182,2Item7,2023-03-28 17:02:34.246912,49321.0,14121756.0,385320.3125,1680003154285.0945,2521.0,3671.610256410256,20179.0,62.93253012048193,15.8900333116361,87.0
1182,1680003154.2547247,1183,2Item7,2023-03-28 17:02:34.254725,49322.0,14122012.0,385328.125,1680003154292.907,2525.0,3677.4358974358975,20181.0,62.8921175148499,15.900243774808231,87.0
1183,1680003154.2625372,1184,2Item7,2023-03-28 17:02:34.262537,49323.0,14122268.0,385335.9375,1680003154300.7195,2501.0,3642.48205128205,20181.0,62.8921175148499,15.900243774808231,87.0
1184,1680003154.2703495,1185,2Item7,2023-03-28 17:02:34.270350,49324.0,14122524.0,385343.75,1680003154308.532,2518.0,3667.2410256410258,20184.0,62.83159582999198,15.915559469566436,87.0
1185,1680003154.2781622,1186,2Item7,2023-03-28 17:02:34.278162,49325.0,14122780.0,385351.5625,1680003154316.3445,2523.0,3674.5230769230766,20185.0,62.811447811447806,15.920664701152504,87.0
1186,1680003154.2859747,1187,2Item7,2023-03-28 17:02:34.285975,49326.0,14123036.0,385359.375,1680003154324.157,2523.0,3674.5230769230766,20187.0,62.771190514340645,15.93087516432464,87.0
1187,1680003154.2937872,1188,2Item7,2023-03-28 17:02:34.293787,49327.0,14123292.0,385367.1875,1680003154331.9695,2516.0,3664.328205128205,20187.0,62.771190514340645,15.93087516432464,87.0
1188,1680003154.3015995,1189,2Item7,2023-03-28 17:02:34.301600,49328.0,14123548.0,385375.0,1680003154339.782,2522.0,3673.0666666666657,20189.0,62.730984787830266,15.941085627496776,87.0
1189,1680003154.3094122,1190,2Item7,2023-03-28 17:02:34.309412,49329.0,14123804.0,385382.8125,1680003154347.5945,2532.0,3687.6307692307687,20191.0,62.69083053288527,15.951296090668912,87.0
1190,1680003154.3172247,1191,2Item7,2023-03-28 17:02:34.317225,49330.0,14124060.0,385390.625,1680003154355.407,2526.0,3678.892307692307,20193.0,62.650727650727646,15.961506553841048,87.0
1191,1680003154.3250372,1192,2Item7,2023-03-28 17:02:34.325037,49331.0,14124316.0,385398.4375,1680003154363.2195,2510.0,3655.589743589743,20193.0,62.650727650727646,15.961506553841048,87.0
1192,1680003154.3328495,1193,2Item7,2023-03-28 17:02:34.332850,49332.0,14124572.0,385406.25,1680003154371.032,2528.0,3681.805128205128,20195.0,62.61067604283203,15.971717017013182,87.0
1193,1680003154.3406622,1194,2Item7,2023-03-28 17:02:34.340662,49333.0,14124828.0,385414.0625,1680003154378.8445,2527.0,3680.348717948717,20196.0,62.59066943601215,15.97682224859925,87.0
1194,1680003154.3484747,1195,2Item7,2023-03-28 17:02:34.348475,49334.0,14125084.0,385421.875,1680003154386.657,2523.0,3674.5230769230766,20199.0,62.53072625698326,15.99213794335745,87.0
1195,1680003154.3562872,1196,2Item7,2023-03-28 17:02:34.356287,49335.0,14125340.0,385429.6875,1680003154394.4695,2514.0,3661.415384615385,20199.0,62.53072625698326,15.99213794335745,87.0
1196,1680003154.3640995,1197,2Item7,2023-03-28 17:02:34.364100,49336.0,14125596.0,385437.5,1680003154402.282,2518.0,3667.2410256410258,20200.0,62.51077070368598,15.997243174943522,87.0
1197,1680003154.3719122,1198,2Item7,2023-03-28 17:02:34.371912,49337.0,14125852.0,385445.3125,1680003154410.0945,2527.0,3680.348717948717,20202.0,62.47089778344762,16.00745363811566,87.0
1198,1680003154.3797247,1199,2Item7,2023-03-28 17:02:34.379725,49338.0,14126108.0,385453.125,1680003154417.907,2526.0,3678.892307692307,20205.0,62.41118368647444,16.02276933287386,87.0
1199,1680003154.3875372,1200,2Item7,2023-03-28 17:02:34.387537,49339.0,14126364.0,385460.9375,1680003154425.7195,2518.0,3667.2410256410258,20206.0,62.391304347826086,16.02787456445993,87.0
1200,1680003154.3953495,1201,2Item7,2023-03-28 17:02:34.395350,49340.0,14126620.0,385468.75,1680003154433.532,2514.0,3661.415384615385,20208.0,62.35158363838931,16.038085027632064,87.0
1201,1680003154.4031622,1202,2Item7,2023-03-28 17:02:34.403162,49341.0,14126876.0,385476.5625,1680003154441.3445,2520.0,3670.1538461538457,20209.0,62.33174224343676,16.043190259218132,87.0
1202,1680003154.4109747,1203,2Item7,2023-03-28 17:02:34.410975,49342.0,14127132.0,385484.375,1680003154449.157,2524.0,3675.979487179487,20211.0,62.292097312768334,16.05340072239027,87.0
1203,1680003154.4187872,1204,2Item7,2023-03-28 17:02:34.418787,49343.0,14127388.0,385492.1875,1680003154456.9695,2511.0,3657.0461538461536,20211.0,62.292097312768334,16.05340072239027,87.0
1204,1680003154.4265995,1205,2Item7,2023-03-28 17:02:34.426600,49344.0,14127644.0,385500.0,1680003154464.782,2522.0,3673.0666666666657,20213.0,62.25250278086764,16.063611185562404,87.0
1205,1680003154.4344122,1206,2Item7,2023-03-28 17:02:34.434412,49345.0,14127900.0,385507.8125,1680003154472.5945,2530.0,3684.717948717948,20215.0,62.21295855169129,16.07382164873454,87.0
1206,1680003154.4422247,1207,2Item7,2023-03-28 17:02:34.442225,49346.0,14128156.0,385515.625,1680003154480.407,2522.0,3673.0666666666657,20218.0,62.15373631603999,16.08913734349274,87.0
1207,1680003154.4500372,1208,2Item7,2023-03-28 17:02:34.450037,49347.0,14128412.0,385523.4375,1680003154488.2195,2506.0,3649.7641025641024,20217.0,62.17346452943978,16.084032111906676,87.0
1208,1680003154.4578495,1209,2Item7,2023-03-28 17:02:34.457850,49348.0,14128668.0,385531.25,1680003154496.032,2527.0,3680.348717948717,20220.0,62.11431742508324,16.09934780666488,87.0
1209,1680003154.4656622,1210,2Item7,2023-03-28 17:02:34.465662,49349.0,14128924.0,385539.0625,1680003154503.8445,2527.0,3680.348717948717,20220.0,62.11431742508324,16.09934780666488,87.0
1210,1680003154.4734747,1211,2Item7,2023-03-28 17:02:34.473475,49350.0,14129180.0,385546.875,1680003154511.657,2528.0,3681.805128205128,20223.0,62.0552827498812,16.11466350142308,87.0
1211,1680003154.4812872,1212,2Item7,2023-03-28 17:02:34.481287,49351.0,14129436.0,385554.6875,1680003154519.4695,2512.0,3658.502564102564,20224.0,62.03562945368171,16.119768733009153,87.0
1212,1680003154.4890995,1213,2Item7,2023-03-28 17:02:34.489100,49352.0,14129692.0,385562.5,1680003154527.282,2518.0,3667.2410256410258,20226.0,61.99636018357336,16.129979196181285,87.0
1213,1680003154.4969122,1214,2Item7,2023-03-28 17:02:34.496912,49353.0,14129948.0,385570.3125,1680003154535.0945,2524.0,3675.979487179487,20226.0,61.99636018357336,16.129979196181285,87.0
1214,1680003154.5047247,1215,2Item7,2023-03-28 17:02:34.504725,49354.0,14130204.0,385578.125,1680003154542.907,2528.0,3681.805128205128,20230.0,61.917970602181136,16.150400122525557,87.0
1215,1680003154.5125372,1216,2Item7,2023-03-28 17:02:34.512537,49355.0,14130460.0,385585.9375,1680003154550.7195,2511.0,3657.0461538461536,20229.0,61.93754940711463,16.14529489093949,87.0
1216,1680003154.5203495,1217,2Item7,2023-03-28 17:02:34.520350,49356.0,14130716.0,385593.75,1680003154558.532,2525.0,3677.4358974358975,20231.0,61.89840417127509,16.15550535411162,87.0
1217,1680003154.5281622,1218,2Item7,2023-03-28 17:02:34.528162,49357.0,14130972.0,385601.5625,1680003154566.3445,2521.0,3671.610256410256,20232.0,61.87885010266941,16.16061058569769,87.0
1218,1680003154.5359747,1219,2Item7,2023-03-28 17:02:34.535975,49358.0,14131228.0,385609.375,1680003154574.157,2528.0,3681.805128205128,20235.0,61.820261953605815,16.175926280455894,87.0
1219,1680003154.5437872,1220,2Item7,2023-03-28 17:02:34.543787,49359.0,14131484.0,385617.1875,1680003154581.9695,2508.0,3652.6769230769214,20236.0,61.800757217226696,16.18103151204196,87.0
1220,1680003154.5515995,1221,2Item7,2023-03-28 17:02:34.551600,49360.0,14131740.0,385625.0,1680003154589.782,2525.0,3677.4358974358975,20237.0,61.78126478473428,16.18613674362803,87.0
1221,1680003154.5594122,1222,2Item7,2023-03-28 17:02:34.559412,49361.0,14131996.0,385632.8125,1680003154597.5945,2522.0,3673.0666666666657,20238.0,61.76178464448999,16.191241975214098,87.0
1222,1680003154.5672247,1223,2Item7,2023-03-28 17:02:34.567225,49362.0,14132252.0,385640.625,1680003154605.407,2530.0,3684.717948717948,20241.0,61.703417861080496,16.206557669972298,87.0
1223,1680003154.5750372,1224,2Item7,2023-03-28 17:02:34.575037,49363.0,14132508.0,385648.4375,1680003154613.2195,2511.0,3657.0461538461536,20242.0,61.683986773736414,16.211662901558373,87.0
1224,1680003154.5828495,1225,2Item7,2023-03-28 17:02:34.582850,49364.0,14132764.0,385656.25,1680003154621.032,2516.0,3664.328205128205,20242.0,61.683986773736414,16.211662901558373,87.0
1225,1680003154.5906622,1226,2Item7,2023-03-28 17:02:34.590662,49365.0,14133020.0,385664.0625,1680003154628.8445,2521.0,3671.610256410256,20243.0,61.66456792066741,16.216768133144438,87.0
1226,1680003154.5984747,1227,2Item7,2023-03-28 17:02:34.598475,49366.0,14133276.0,385671.875,1680003154636.657,2522.0,3673.0666666666657,20246.0,61.6063846516748,16.232083827902642,87.0
1227,1680003154.6062872,1228,2Item7,2023-03-28 17:02:34.606287,49367.0,14133532.0,385679.6875,1680003154644.4695,2513.0,3659.958974358974,20247.0,61.58701462034272,16.23718905948871,87.0
1228,1680003154.6140995,1229,2Item7,2023-03-28 17:02:34.614100,49368.0,14133788.0,385687.5,1680003154652.282,2523.0,3674.5230769230766,20247.0,61.58701462034272,16.23718905948871,87.0
1229,1680003154.6219122,1230,2Item7,2023-03-28 17:02:34.621912,49369.0,14134044.0,385695.3125,1680003154660.0945,2525.0,3677.4358974358975,20249.0,61.54831107619796,16.24739952266085,87.0
1230,1680003154.6297247,1231,2Item7,2023-03-28 17:02:34.629725,49370.0,14134300.0,385703.125,1680003154667.907,2514.0,3661.415384615385,20251.0,61.509656146961845,16.257609985832985,87.0
1231,1680003154.6375372,1232,2Item7,2023-03-28 17:02:34.637537,49371.0,14134556.0,385710.9375,1680003154675.7195,2504.0,3646.8512820512815,20251.0,61.509656146961845,16.257609985832985,87.0
1232,1680003154.6453495,1233,2Item7,2023-03-28 17:02:34.645350,49372.0,14134812.0,385718.75,1680003154683.532,2524.0,3675.979487179487,20252.0,61.49034688431958,16.26271521741905,87.0
1233,1680003154.6531622,1234,2Item7,2023-03-28 17:02:34.653162,49373.0,14135068.0,385726.5625,1680003154691.3445,2523.0,3674.5230769230766,20254.0,61.45176470588236,16.272925680591186,87.0
1234,1680003154.6609747,1235,2Item7,2023-03-28 17:02:34.660975,49374.0,14135324.0,385734.375,1680003154699.157,2528.0,3681.805128205128,20256.0,61.41323091393635,16.283136143763322,87.0
1235,1680003154.6687872,1236,2Item7,2023-03-28 17:02:34.668787,49375.0,14135580.0,385742.1875,1680003154706.9695,2507.0,3651.220512820513,20256.0,61.41323091393635,16.283136143763322,87.0
1236,1680003154.6765995,1237,2Item7,2023-03-28 17:02:34.676600,49376.0,14135836.0,385750.0,1680003154714.782,2526.0,3678.892307692307,20258.0,61.37474541751527,16.293346606935458,87.0
1237,1680003154.6844122,1238,2Item7,2023-03-28 17:02:34.684412,49377.0,14136092.0,385757.8125,1680003154722.5945,2525.0,3677.4358974358975,20259.0,61.35552075176195,16.298451838521522,87.0
1238,1680003154.6922247,1239,2Item7,2023-03-28 17:02:34.692225,49378.0,14136348.0,385765.625,1680003154730.407,2526.0,3678.892307692307,20261.0,61.317107528564726,16.30866230169366,87.0
1239,1680003154.7000372,1240,2Item7,2023-03-28 17:02:34.700037,49379.0,14136604.0,385773.4375,1680003154738.2195,2509.0,3654.1333333333328,20262.0,61.29791894852136,16.313767533279727,87.0
1240,1680003154.7078495,1241,2Item7,2023-03-28 17:02:34.707850,49380.0,14136860.0,385781.25,1680003154746.032,2525.0,3677.4358974358975,20263.0,61.27874237447209,16.318872764865795,87.0
1241,1680003154.7156622,1242,2Item7,2023-03-28 17:02:34.715662,49381.0,14137116.0,385789.0625,1680003154753.8445,2501.0,3642.48205128205,20263.0,61.27874237447209,16.318872764865795,87.0
1242,1680003154.7234747,1243,2Item7,2023-03-28 17:02:34.723475,49382.0,14137372.0,385796.875,1680003154761.657,2524.0,3675.979487179487,20265.0,61.24042519931218,16.329083228037934,87.0
1243,1680003154.7312872,1244,2Item7,2023-03-28 17:02:34.731287,49383.0,14137628.0,385804.6875,1680003154769.4695,2510.0,3655.589743589743,20265.0,61.24042519931218,16.329083228037934,87.0
1244,1680003154.7390995,1245,2Item7,2023-03-28 17:02:34.739100,49384.0,14137884.0,385812.5,1680003154777.282,2526.0,3678.892307692307,20266.0,61.22128457571496,16.334188459624,87.0
1245,1680003154.7469122,1246,2Item7,2023-03-28 17:02:34.746912,49385.0,14138140.0,385820.3125,1680003154785.0945,2524.0,3675.979487179487,20268.0,61.18303920037484,16.34439892279613,87.0
1246,1680003154.7547247,1247,2Item7,2023-03-28 17:02:34.754725,49386.0,14138396.0,385828.125,1680003154792.907,2526.0,3678.892307692307,20269.0,61.1639344262295,16.349504154382206,87.0
1247,1680003154.7625372,1248,2Item7,2023-03-28 17:02:34.762537,49387.0,14138652.0,385835.9375,1680003154800.7195,2512.0,3658.502564102564,20270.0,61.14484157952241,16.354609385968267,87.0
1248,1680003154.7703495,1249,2Item7,2023-03-28 17:02:34.770350,49388.0,14138908.0,385843.75,1680003154808.532,2520.0,3670.1538461538457,20271.0,61.12576064908723,16.359714617554335,87.0
1249,1680003154.7781622,1250,2Item7,2023-03-28 17:02:34.778162,49389.0,14139164.0,385851.5625,1680003154816.3445,2520.0,3670.1538461538457,20272.0,61.10669162377164,16.364819849140407,87.0
1250,1680003154.7859747,1251,2Item7,2023-03-28 17:02:34.785975,49390.0,14139420.0,385859.375,1680003154824.157,2529.0,3683.2615384615374,20274.0,61.068589243959465,16.375030312312543,87.0
1251,1680003154.7937872,1252,2Item7,2023-03-28 17:02:34.793787,49391.0,14139676.0,385867.1875,1680003154831.9695,2507.0,3651.220512820513,20274.0,61.068589243959465,16.375030312312543,87.0
1252,1680003154.8015995,1253,2Item7,2023-03-28 17:02:34.801600,49392.0,14139932.0,385875.0,1680003154839.782,2526.0,3678.892307692307,20275.0,61.04955586722769,16.380135543898607,87.0
1253,1680003154.8094122,1254,2Item7,2023-03-28 17:02:34.809412,49393.0,14140188.0,385882.8125,1680003154847.5945,2525.0,3677.4358974358975,20276.0,61.03053435114504,16.38524077548468,87.0
1254,1680003154.8172247,1255,2Item7,2023-03-28 17:02:34.817225,49394.0,14140444.0,385890.625,1680003154855.407,2527.0,3680.348717948717,20279.0,60.973540856031136,16.40055647024288,87.0
1255,1680003154.8250372,1256,2Item7,2023-03-28 17:02:34.825037,49395.0,14140700.0,385898.4375,1680003154863.2195,2514.0,3661.415384615385,20278.0,60.99252685660906,16.39545123865681,87.0
1256,1680003154.8328495,1257,2Item7,2023-03-28 17:02:34.832850,49396.0,14140956.0,385906.25,1680003154871.032,2529.0,3683.2615384615374,20280.0,60.95456667185313,16.405661701828947,87.0
1257,1680003154.8406622,1258,2Item7,2023-03-28 17:02:34.840662,49397.0,14141212.0,385914.0625,1680003154878.8445,2504.0,3646.8512820512815,20282.0,60.916653708598986,16.41587216500108,87.0
1258,1680003154.8484747,1259,2Item7,2023-03-28 17:02:34.848475,49398.0,14141468.0,385921.875,1680003154886.657,2526.0,3678.892307692307,20282.0,60.916653708598986,16.41587216500108,87.0
1259,1680003154.8562872,1260,2Item7,2023-03-28 17:02:34.856287,49399.0,14141724.0,385929.6875,1680003154894.4695,2513.0,3659.958974358974,20282.0,60.916653708598986,16.41587216500108,87.0
1260,1680003154.8640995,1261,2Item7,2023-03-28 17:02:34.864100,49400.0,14141980.0,385937.5,1680003154902.282,2512.0,3658.502564102564,20283.0,60.89771490750816,16.42097739658715,87.0
1261,1680003154.8719122,1262,2Item7,2023-03-28 17:02:34.871912,49401.0,14142236.0,385945.3125,1680003154910.0945,2523.0,3674.5230769230766,20283.0,60.89771490750816,16.42097739658715,87.0
1262,1680003154.8797247,1263,2Item7,2023-03-28 17:02:34.879725,49402.0,14142492.0,385953.125,1680003154917.907,2525.0,3677.4358974358975,20285.0,60.859872611464965,16.431187859759287,87.0
1263,1680003154.8875372,1264,2Item7,2023-03-28 17:02:34.887537,49403.0,14142748.0,385960.9375,1680003154925.7195,2511.0,3657.0461538461536,20285.0,60.859872611464965,16.431187859759287,87.0
1264,1680003154.8953495,1265,2Item7,2023-03-28 17:02:34.895350,49404.0,14143004.0,385968.75,1680003154933.532,2526.0,3678.892307692307,20285.0,60.859872611464965,16.431187859759287,87.0
1265,1680003154.9031622,1266,2Item7,2023-03-28 17:02:34.903162,49405.0,14143260.0,385976.5625,1680003154941.3445,2526.0,3678.892307692307,20286.0,60.84096909457991,16.43629309134535,87.0
1266,1680003154.9109747,1267,2Item7,2023-03-28 17:02:34.910975,49406.0,14143516.0,385984.375,1680003154949.157,2520.0,3670.1538461538457,20287.0,60.82207731718678,16.44139832293142,87.0
1267,1680003154.9187872,1268,2Item7,2023-03-28 17:02:34.918787,49407.0,14143772.0,385992.1875,1680003154956.9695,2510.0,3655.589743589743,20287.0,60.82207731718678,16.44139832293142,87.0
1268,1680003154.9265995,1269,2Item7,2023-03-28 17:02:34.926600,49408.0,14144028.0,386000.0,1680003154964.782,2523.0,3674.5230769230766,20288.0,60.803197268353244,16.44650355451749,87.0
1269,1680003154.9344122,1270,2Item7,2023-03-28 17:02:34.934412,49409.0,14144284.0,386007.8125,1680003154972.5945,2524.0,3675.979487179487,20289.0,60.7843289371606,16.451608786103556,87.0
1270,1680003154.9422247,1271,2Item7,2023-03-28 17:02:34.942225,49410.0,14144540.0,386015.625,1680003154980.407,2532.0,3687.6307692307687,20291.0,60.746627384090566,16.461819249275692,87.0
1271,1680003154.9500372,1272,2Item7,2023-03-28 17:02:34.950037,49411.0,14144796.0,386023.4375,1680003154988.2195,2518.0,3667.2410256410258,20291.0,60.746627384090566,16.461819249275692,87.0
1272,1680003154.9578495,1273,2Item7,2023-03-28 17:02:34.957850,49412.0,14145052.0,386031.25,1680003154996.032,2527.0,3680.348717948717,20291.0,60.746627384090566,16.461819249275692,87.0
1273,1680003154.9656622,1274,2Item7,2023-03-28 17:02:34.965662,49413.0,14145308.0,386039.0625,1680003155003.8445,2524.0,3675.979487179487,20291.0,60.746627384090566,16.461819249275692,87.0
1274,1680003154.9734747,1275,2Item7,2023-03-28 17:02:34.973475,49414.0,14145564.0,386046.875,1680003155011.657,2531.0,3686.174358974359,20293.0,60.70897257089728,16.472029712447828,87.0
1275,1680003154.9812872,1276,2Item7,2023-03-28 17:02:34.981287,49415.0,14145820.0,386054.6875,1680003155019.4695,2506.0,3649.7641025641024,20293.0,60.70897257089728,16.472029712447828,87.0
1276,1680003154.9890995,1277,2Item7,2023-03-28 17:02:34.989100,49416.0,14146076.0,386062.5,1680003155027.282,2515.0,3662.8717948717945,20294.0,60.69016266460108,16.4771349440339,87.0
1277,1680003154.9969122,1278,2Item7,2023-03-28 17:02:34.996912,49417.0,14146332.0,386070.3125,1680003155035.0945,2524.0,3675.979487179487,20293.0,60.70897257089728,16.472029712447828,87.0
1278,1680003155.0047247,1279,2Item7,2023-03-28 17:02:35.004725,49418.0,14146588.0,386078.125,1680003155042.907,2517.0,3665.7846153846153,20295.0,60.671364410717054,16.482240175619964,87.0
1279,1680003155.0125372,1280,2Item7,2023-03-28 17:02:35.012537,49419.0,14146844.0,386085.9375,1680003155050.7195,2519.0,3668.6974358974353,20296.0,60.652577798420815,16.48734540720603,87.0
1280,1680003155.0203495,1281,2Item7,2023-03-28 17:02:35.020350,49420.0,14147100.0,386093.75,1680003155058.532,2521.0,3671.610256410256,20295.0,60.671364410717054,16.482240175619964,87.0
1281,1680003155.0281622,1282,2Item7,2023-03-28 17:02:35.028162,49421.0,14147356.0,386101.5625,1680003155066.3445,2523.0,3674.5230769230766,20295.0,60.671364410717054,16.482240175619964,87.0
1282,1680003155.0359747,1283,2Item7,2023-03-28 17:02:35.035975,49422.0,14147612.0,386109.375,1680003155074.157,2521.0,3671.610256410256,20297.0,60.63380281690141,16.4924506387921,87.0
1283,1680003155.0437872,1284,2Item7,2023-03-28 17:02:35.043787,49423.0,14147868.0,386117.1875,1680003155081.9695,2516.0,3664.328205128205,20298.0,60.6150394553613,16.497555870378164,87.0
1284,1680003155.0515995,1285,2Item7,2023-03-28 17:02:35.051600,49424.0,14148124.0,386125.0,1680003155089.782,2507.0,3651.220512820513,20297.0,60.63380281690141,16.4924506387921,87.0
1285,1680003155.0594122,1286,2Item7,2023-03-28 17:02:35.059412,49425.0,14148380.0,386132.8125,1680003155097.5945,2522.0,3673.0666666666657,20298.0,60.6150394553613,16.497555870378164,87.0
1286,1680003155.0672247,1287,2Item7,2023-03-28 17:02:35.067225,49426.0,14148636.0,386140.625,1680003155105.407,2521.0,3671.610256410256,20299.0,60.59628770301624,16.502661101964236,87.0
1287,1680003155.0750372,1288,2Item7,2023-03-28 17:02:35.075037,49427.0,14148892.0,386148.4375,1680003155113.2195,2515.0,3662.8717948717945,20298.0,60.6150394553613,16.497555870378164,87.0
1288,1680003155.0828495,1289,2Item7,2023-03-28 17:02:35.082850,49428.0,14149148.0,386156.25,1680003155121.032,2523.0,3674.5230769230766,20299.0,60.59628770301624,16.502661101964236,87.0
1289,1680003155.0906622,1290,2Item7,2023-03-28 17:02:35.090662,49429.0,14149404.0,386164.0625,1680003155128.8445,2497.0,3636.65641025641,20299.0,60.59628770301624,16.502661101964236,87.0
1290,1680003155.0984747,1291,2Item7,2023-03-28 17:02:35.098475,49430.0,14149660.0,386171.875,1680003155136.657,2526.0,3678.892307692307,20300.0,60.57754754909542,16.5077663335503,87.0
1291,1680003155.1062872,1292,2Item7,2023-03-28 17:02:35.106287,49431.0,14149916.0,386179.6875,1680003155144.4695,2513.0,3659.958974358974,20300.0,60.57754754909542,16.5077663335503,87.0
1292,1680003155.1140995,1293,2Item7,2023-03-28 17:02:35.114100,49432.0,14150172.0,386187.5,1680003155152.282,2520.0,3670.1538461538457,20300.0,60.57754754909542,16.5077663335503,87.0
1293,1680003155.1219122,1294,2Item7,2023-03-28 17:02:35.121912,49433.0,14150428.0,386195.3125,1680003155160.0945,2519.0,3668.6974358974353,20301.0,60.558818982841245,16.512871565136372,87.0
1294,1680003155.1297247,1295,2Item7,2023-03-28 17:02:35.129725,49434.0,14150684.0,386203.125,1680003155167.907,2524.0,3675.979487179487,20302.0,60.54010199350952,16.517976796722436,87.0
1295,1680003155.1375372,1296,2Item7,2023-03-28 17:02:35.137537,49435.0,14150940.0,386210.9375,1680003155175.7195,2514.0,3661.415384615385,20302.0,60.54010199350952,16.517976796722436,87.0
1296,1680003155.1453495,1297,2Item7,2023-03-28 17:02:35.145350,49436.0,14151196.0,386218.75,1680003155183.532,2522.0,3673.0666666666657,20302.0,60.54010199350952,16.517976796722436,87.0
1297,1680003155.1531622,1298,2Item7,2023-03-28 17:02:35.153162,49437.0,14151452.0,386226.5625,1680003155191.3445,2521.0,3671.610256410256,20304.0,60.5027027027027,16.52818725989458,87.0
1298,1680003155.1609747,1299,2Item7,2023-03-28 17:02:35.160975,49438.0,14151708.0,386234.375,1680003155199.157,2520.0,3670.1538461538457,20304.0,60.5027027027027,16.52818725989458,87.0
1299,1680003155.1687872,1300,2Item7,2023-03-28 17:02:35.168787,49439.0,14151964.0,386242.1875,1680003155206.9695,2510.0,3655.589743589743,20304.0,60.5027027027027,16.52818725989458,87.0
1300,1680003155.1765995,1301,2Item7,2023-03-28 17:02:35.176600,49440.0,14152220.0,386250.0,1680003155214.782,2526.0,3678.892307692307,20304.0,60.5027027027027,16.52818725989458,87.0
1301,1680003155.1844122,1302,2Item7,2023-03-28 17:02:35.184412,49441.0,14152476.0,386257.8125,1680003155222.5945,2493.0,3630.830769230769,20307.0,60.446690325567054,16.54350295465278,87.0
1302,1680003155.1922247,1303,2Item7,2023-03-28 17:02:35.192225,49442.0,14152732.0,386265.625,1680003155230.407,2521.0,3671.610256410256,20306.0,60.46534959098626,16.538397723066716,87.0
1303,1680003155.2000372,1304,2Item7,2023-03-28 17:02:35.200037,49443.0,14152988.0,386273.4375,1680003155238.2195,2510.0,3655.589743589743,20305.0,60.48402037980548,16.533292491480644,87.0
1304,1680003155.2078495,1305,2Item7,2023-03-28 17:02:35.207850,49444.0,14153244.0,386281.25,1680003155246.032,2521.0,3671.610256410256,20305.0,60.48402037980548,16.533292491480644,87.0
1305,1680003155.2156622,1306,2Item7,2023-03-28 17:02:35.215662,49445.0,14153500.0,386289.0625,1680003155253.8445,2520.0,3670.1538461538457,20305.0,60.48402037980548,16.533292491480644,87.0
1306,1680003155.2234747,1307,2Item7,2023-03-28 17:02:35.223475,49446.0,14153756.0,386296.875,1680003155261.657,2519.0,3668.6974358974353,20306.0,60.46534959098626,16.538397723066716,87.0
1307,1680003155.2312872,1308,2Item7,2023-03-28 17:02:35.231287,49447.0,14154012.0,386304.6875,1680003155269.4695,2508.0,3652.6769230769214,20305.0,60.48402037980548,16.533292491480644,87.0
1308,1680003155.2390995,1309,2Item7,2023-03-28 17:02:35.239100,49448.0,14154268.0,386312.5,1680003155277.282,2523.0,3674.5230769230766,20305.0,60.48402037980548,16.533292491480644,87.0
1309,1680003155.2469122,1310,2Item7,2023-03-28 17:02:35.246912,49449.0,14154524.0,386320.3125,1680003155285.0945,2518.0,3667.2410256410258,20306.0,60.46534959098626,16.538397723066716,87.0
1310,1680003155.2547247,1311,2Item7,2023-03-28 17:02:35.254725,49450.0,14154780.0,386328.125,1680003155292.907,2524.0,3675.979487179487,20307.0,60.446690325567054,16.54350295465278,87.0
1311,1680003155.2625372,1312,2Item7,2023-03-28 17:02:35.262537,49451.0,14155036.0,386335.9375,1680003155300.7195,2506.0,3649.7641025641024,20306.0,60.46534959098626,16.538397723066716,87.0
1312,1680003155.2703495,1313,2Item7,2023-03-28 17:02:35.270350,49452.0,14155292.0,386343.75,1680003155308.532,2520.0,3670.1538461538457,20306.0,60.46534959098626,16.538397723066716,87.0
1313,1680003155.2781622,1314,2Item7,2023-03-28 17:02:35.278162,49453.0,14155548.0,386351.5625,1680003155316.3445,2528.0,3681.805128205128,20306.0,60.46534959098626,16.538397723066716,87.0
1314,1680003155.2859747,1315,2Item7,2023-03-28 17:02:35.285975,49454.0,14155804.0,386359.375,1680003155324.157,2521.0,3671.610256410256,20307.0,60.446690325567054,16.54350295465278,87.0
1315,1680003155.2937872,1316,2Item7,2023-03-28 17:02:35.293787,49455.0,14156060.0,386367.1875,1680003155331.9695,2507.0,3651.220512820513,20307.0,60.446690325567054,16.54350295465278,87.0
1316,1680003155.3015995,1317,2Item7,2023-03-28 17:02:35.301600,49456.0,14156316.0,386375.0,1680003155339.782,2513.0,3659.958974358974,20309.0,60.4094063222822,16.553713417824913,87.0
1317,1680003155.3094122,1318,2Item7,2023-03-28 17:02:35.309412,49457.0,14156572.0,386382.8125,1680003155347.5945,2527.0,3680.348717948717,20307.0,60.446690325567054,16.54350295465278,87.0
1318,1680003155.3172247,1319,2Item7,2023-03-28 17:02:35.317225,49458.0,14156828.0,386390.625,1680003155355.407,2528.0,3681.805128205128,20309.0,60.4094063222822,16.553713417824913,87.0
1319,1680003155.3250372,1320,2Item7,2023-03-28 17:02:35.325037,49459.0,14157084.0,386398.4375,1680003155363.2195,2511.0,3657.0461538461536,20308.0,60.42804257288292,16.54860818623885,87.0
1320,1680003155.3328495,1321,2Item7,2023-03-28 17:02:35.332850,49460.0,14157340.0,386406.25,1680003155371.032,2508.0,3652.6769230769214,20308.0,60.42804257288292,16.54860818623885,87.0
1321,1680003155.3406622,1322,2Item7,2023-03-28 17:02:35.340662,49461.0,14157596.0,386414.0625,1680003155378.8445,2529.0,3683.2615384615374,20308.0,60.42804257288292,16.54860818623885,87.0
1322,1680003155.3484747,1323,2Item7,2023-03-28 17:02:35.348475,49462.0,14157852.0,386421.875,1680003155386.657,2517.0,3665.7846153846153,20308.0,60.42804257288292,16.54860818623885,87.0
1323,1680003155.3562872,1324,2Item7,2023-03-28 17:02:35.356287,49463.0,14158108.0,386429.6875,1680003155394.4695,2510.0,3655.589743589743,20308.0,60.42804257288292,16.54860818623885,87.0
1324,1680003155.3640995,1325,2Item7,2023-03-28 17:02:35.364100,49464.0,14158364.0,386437.5,1680003155402.282,2498.0,3638.11282051282,20309.0,60.4094063222822,16.553713417824913,87.0
1325,1680003155.3719122,1326,2Item7,2023-03-28 17:02:35.371912,49465.0,14158620.0,386445.3125,1680003155410.0945,2499.0,3639.569230769231,20310.0,60.390781563126254,16.558818649410984,87.0
1326,1680003155.3797247,1327,2Item7,2023-03-28 17:02:35.379725,49466.0,14158876.0,386453.125,1680003155417.907,2526.0,3678.892307692307,20310.0,60.390781563126254,16.558818649410984,87.0
1327,1680003155.3875372,1328,2Item7,2023-03-28 17:02:35.387537,49467.0,14159132.0,386460.9375,1680003155425.7195,2507.0,3651.220512820513,20307.0,60.446690325567054,16.54350295465278,87.0
1328,1680003155.3953495,1329,2Item7,2023-03-28 17:02:35.395350,49468.0,14159388.0,386468.75,1680003155433.532,2517.0,3665.7846153846153,20308.0,60.42804257288292,16.54860818623885,87.0
1329,1680003155.4031622,1330,2Item7,2023-03-28 17:02:35.403162,49469.0,14159644.0,386476.5625,1680003155441.3445,2515.0,3662.8717948717945,20307.0,60.446690325567054,16.54350295465278,87.0
1330,1680003155.4109747,1331,2Item7,2023-03-28 17:02:35.410975,49470.0,14159900.0,386484.375,1680003155449.157,2524.0,3675.979487179487,20309.0,60.4094063222822,16.553713417824913,87.0
1331,1680003155.4187872,1332,2Item7,2023-03-28 17:02:35.418787,49471.0,14160156.0,386492.1875,1680003155456.9695,2508.0,3652.6769230769214,20308.0,60.42804257288292,16.54860818623885,87.0
1332,1680003155.4265995,1333,2Item7,2023-03-28 17:02:35.426600,49472.0,14160412.0,386500.0,1680003155464.782,2527.0,3680.348717948717,20307.0,60.446690325567054,16.54350295465278,87.0
1333,1680003155.4344122,1334,2Item7,2023-03-28 17:02:35.434412,49473.0,14160668.0,386507.8125,1680003155472.5945,2522.0,3673.0666666666657,20307.0,60.446690325567054,16.54350295465278,87.0
1334,1680003155.4422247,1335,2Item7,2023-03-28 17:02:35.442225,49474.0,14160924.0,386515.625,1680003155480.407,2529.0,3683.2615384615374,20309.0,60.4094063222822,16.553713417824913,87.0
1335,1680003155.4500372,1336,2Item7,2023-03-28 17:02:35.450037,49475.0,14161180.0,386523.4375,1680003155488.2195,2510.0,3655.589743589743,20307.0,60.446690325567054,16.54350295465278,87.0
1336,1680003155.4578495,1337,2Item7,2023-03-28 17:02:35.457850,49476.0,14161436.0,386531.25,1680003155496.032,2516.0,3664.328205128205,20308.0,60.42804257288292,16.54860818623885,87.0
1337,1680003155.4656622,1338,2Item7,2023-03-28 17:02:35.465662,49477.0,14161692.0,386539.0625,1680003155503.8445,2521.0,3671.610256410256,20307.0,60.446690325567054,16.54350295465278,87.0
1338,1680003155.4734747,1339,2Item7,2023-03-28 17:02:35.473475,49478.0,14161948.0,386546.875,1680003155511.657,2522.0,3673.0666666666657,20307.0,60.446690325567054,16.54350295465278,87.0
1339,1680003155.4812872,1340,2Item7,2023-03-28 17:02:35.481287,49479.0,14162204.0,386554.6875,1680003155519.4695,2508.0,3652.6769230769214,20306.0,60.46534959098626,16.538397723066716,87.0
1340,1680003155.4890995,1341,2Item7,2023-03-28 17:02:35.489100,49480.0,14162460.0,386562.5,1680003155527.282,2523.0,3674.5230769230766,20307.0,60.446690325567054,16.54350295465278,87.0
1341,1680003155.4969122,1342,2Item7,2023-03-28 17:02:35.496912,49481.0,14162716.0,386570.3125,1680003155535.0945,2523.0,3674.5230769230766,20306.0,60.46534959098626,16.538397723066716,87.0
1342,1680003155.5047247,1343,2Item7,2023-03-28 17:02:35.504725,49482.0,14162972.0,386578.125,1680003155542.907,2524.0,3675.979487179487,20307.0,60.446690325567054,16.54350295465278,87.0
1343,1680003155.5125372,1344,2Item7,2023-03-28 17:02:35.512537,49483.0,14163228.0,386585.9375,1680003155550.7195,2512.0,3658.502564102564,20306.0,60.46534959098626,16.538397723066716,87.0
1344,1680003155.5203495,1345,2Item7,2023-03-28 17:02:35.520350,49484.0,14163484.0,386593.75,1680003155558.532,2521.0,3671.610256410256,20305.0,60.48402037980548,16.533292491480644,87.0
1345,1680003155.5281622,1346,2Item7,2023-03-28 17:02:35.528162,49485.0,14163740.0,386601.5625,1680003155566.3445,2522.0,3673.0666666666657,20305.0,60.48402037980548,16.533292491480644,87.0
1346,1680003155.5359747,1347,2Item7,2023-03-28 17:02:35.535975,49486.0,14163996.0,386609.375,1680003155574.157,2527.0,3680.348717948717,20306.0,60.46534959098626,16.538397723066716,87.0
1347,1680003155.5437872,1348,2Item7,2023-03-28 17:02:35.543787,49487.0,14164252.0,386617.1875,1680003155581.9695,2510.0,3655.589743589743,20305.0,60.48402037980548,16.533292491480644,87.0
1348,1680003155.5515995,1349,2Item7,2023-03-28 17:02:35.551600,49488.0,14164508.0,386625.0,1680003155589.782,2529.0,3683.2615384615374,20304.0,60.5027027027027,16.52818725989458,87.0
1349,1680003155.5594122,1350,2Item7,2023-03-28 17:02:35.559412,49489.0,14164764.0,386632.8125,1680003155597.5945,2522.0,3673.0666666666657,20304.0,60.5027027027027,16.52818725989458,87.0
1350,1680003155.5672247,1351,2Item7,2023-03-28 17:02:35.567225,49490.0,14165020.0,386640.625,1680003155605.407,2507.0,3651.220512820513,20305.0,60.48402037980548,16.533292491480644,87.0
1351,1680003155.5750372,1352,2Item7,2023-03-28 17:02:35.575037,49491.0,14165276.0,386648.4375,1680003155613.2195,2503.0,3645.394871794872,20304.0,60.5027027027027,16.52818725989458,87.0
1352,1680003155.5828495,1353,2Item7,2023-03-28 17:02:35.582850,49492.0,14165532.0,386656.25,1680003155621.032,2521.0,3671.610256410256,20303.0,60.52139657036923,16.523082028308508,87.0
1353,1680003155.5906622,1354,2Item7,2023-03-28 17:02:35.590662,49493.0,14165788.0,386664.0625,1680003155628.8445,2491.0,3627.917948717949,20303.0,60.52139657036923,16.523082028308508,87.0
1354,1680003155.5984747,1355,2Item7,2023-03-28 17:02:35.598475,49494.0,14166044.0,386671.875,1680003155636.657,2530.0,3684.717948717948,20304.0,60.5027027027027,16.52818725989458,87.0
1355,1680003155.6062872,1356,2Item7,2023-03-28 17:02:35.606287,49495.0,14166300.0,386679.6875,1680003155644.4695,2507.0,3651.220512820513,20303.0,60.52139657036923,16.523082028308508,87.0
1356,1680003155.6140995,1357,2Item7,2023-03-28 17:02:35.614100,49496.0,14166556.0,386687.5,1680003155652.282,2519.0,3668.6974358974353,20302.0,60.54010199350952,16.517976796722436,87.0
1357,1680003155.6219122,1358,2Item7,2023-03-28 17:02:35.621912,49497.0,14166812.0,386695.3125,1680003155660.0945,2497.0,3636.65641025641,20304.0,60.5027027027027,16.52818725989458,87.0
1358,1680003155.6297247,1359,2Item7,2023-03-28 17:02:35.629725,49498.0,14167068.0,386703.125,1680003155667.907,2522.0,3673.0666666666657,20302.0,60.54010199350952,16.517976796722436,87.0
1359,1680003155.6375372,1360,2Item7,2023-03-28 17:02:35.637537,49499.0,14167324.0,386710.9375,1680003155675.7195,2513.0,3659.958974358974,20301.0,60.558818982841245,16.512871565136372,87.0
1360,1680003155.6453495,1361,2Item7,2023-03-28 17:02:35.645350,49500.0,14167580.0,386718.75,1680003155683.532,2524.0,3675.979487179487,20301.0,60.558818982841245,16.512871565136372,87.0
1361,1680003155.6531622,1362,2Item7,2023-03-28 17:02:35.653162,49501.0,14167836.0,386726.5625,1680003155691.3445,2524.0,3675.979487179487,20300.0,60.57754754909542,16.5077663335503,87.0
1362,1680003155.6609747,1363,2Item7,2023-03-28 17:02:35.660975,49502.0,14168092.0,386734.375,1680003155699.157,2513.0,3659.958974358974,20301.0,60.558818982841245,16.512871565136372,87.0
1363,1680003155.6687872,1364,2Item7,2023-03-28 17:02:35.668787,49503.0,14168348.0,386742.1875,1680003155706.9695,2507.0,3651.220512820513,20301.0,60.558818982841245,16.512871565136372,87.0
1364,1680003155.6765995,1365,2Item7,2023-03-28 17:02:35.676600,49504.0,14168604.0,386750.0,1680003155714.782,2524.0,3675.979487179487,20299.0,60.59628770301624,16.502661101964236,87.0
1365,1680003155.6844122,1366,2Item7,2023-03-28 17:02:35.684412,49505.0,14168860.0,386757.8125,1680003155722.5945,2524.0,3675.979487179487,20299.0,60.59628770301624,16.502661101964236,87.0
1366,1680003155.6922247,1367,2Item7,2023-03-28 17:02:35.692225,49506.0,14169116.0,386765.625,1680003155730.407,2524.0,3675.979487179487,20299.0,60.59628770301624,16.502661101964236,87.0
1367,1680003155.7000372,1368,2Item7,2023-03-28 17:02:35.700037,49507.0,14169372.0,386773.4375,1680003155738.2195,2508.0,3652.6769230769214,20299.0,60.59628770301624,16.502661101964236,87.0
1368,1680003155.7078495,1369,2Item7,2023-03-28 17:02:35.707850,49508.0,14169628.0,386781.25,1680003155746.032,2522.0,3673.0666666666657,20298.0,60.6150394553613,16.497555870378164,87.0
1369,1680003155.7156622,1370,2Item7,2023-03-28 17:02:35.715662,49509.0,14169884.0,386789.0625,1680003155753.8445,2524.0,3675.979487179487,20297.0,60.63380281690141,16.4924506387921,87.0
1370,1680003155.7234747,1371,2Item7,2023-03-28 17:02:35.723475,49510.0,14170140.0,386796.875,1680003155761.657,2526.0,3678.892307692307,20298.0,60.6150394553613,16.497555870378164,87.0
1371,1680003155.7312872,1372,2Item7,2023-03-28 17:02:35.731287,49511.0,14170396.0,386804.6875,1680003155769.4695,2506.0,3649.7641025641024,20296.0,60.652577798420815,16.48734540720603,87.0
1372,1680003155.7390995,1373,2Item7,2023-03-28 17:02:35.739100,49512.0,14170652.0,386812.5,1680003155777.282,2517.0,3665.7846153846153,20297.0,60.63380281690141,16.4924506387921,87.0
1373,1680003155.7469122,1374,2Item7,2023-03-28 17:02:35.746912,49513.0,14170908.0,386820.3125,1680003155785.0945,2517.0,3665.7846153846153,20295.0,60.671364410717054,16.482240175619964,87.0
1374,1680003155.7547247,1375,2Item7,2023-03-28 17:02:35.754725,49514.0,14171164.0,386828.125,1680003155792.907,2524.0,3675.979487179487,20296.0,60.652577798420815,16.48734540720603,87.0
1375,1680003155.7625372,1376,2Item7,2023-03-28 17:02:35.762537,49515.0,14171420.0,386835.9375,1680003155800.7195,2506.0,3649.7641025641024,20294.0,60.69016266460108,16.4771349440339,87.0
1376,1680003155.7703495,1377,2Item7,2023-03-28 17:02:35.770350,49516.0,14171676.0,386843.75,1680003155808.532,2516.0,3664.328205128205,20295.0,60.671364410717054,16.482240175619964,87.0
1377,1680003155.7781622,1378,2Item7,2023-03-28 17:02:35.778162,49517.0,14171932.0,386851.5625,1680003155816.3445,2499.0,3639.569230769231,20295.0,60.671364410717054,16.482240175619964,87.0
1378,1680003155.7859747,1379,2Item7,2023-03-28 17:02:35.785975,49518.0,14172188.0,386859.375,1680003155824.157,2520.0,3670.1538461538457,20293.0,60.70897257089728,16.472029712447828,87.0
1379,1680003155.7937872,1380,2Item7,2023-03-28 17:02:35.793787,49519.0,14172444.0,386867.1875,1680003155831.9695,2507.0,3651.220512820513,20292.0,60.72779414044334,16.466924480861763,87.0
1380,1680003155.8015995,1381,2Item7,2023-03-28 17:02:35.801600,49520.0,14172700.0,386875.0,1680003155839.782,2516.0,3664.328205128205,20292.0,60.72779414044334,16.466924480861763,87.0
1381,1680003155.8094122,1382,2Item7,2023-03-28 17:02:35.809412,49521.0,14172956.0,386882.8125,1680003155847.5945,2522.0,3673.0666666666657,20291.0,60.746627384090566,16.461819249275692,87.0
1382,1680003155.8172247,1383,2Item7,2023-03-28 17:02:35.817225,49522.0,14173212.0,386890.625,1680003155855.407,2525.0,3677.4358974358975,20291.0,60.746627384090566,16.461819249275692,87.0
1383,1680003155.8250372,1384,2Item7,2023-03-28 17:02:35.825037,49523.0,14173468.0,386898.4375,1680003155863.2195,2522.0,3673.0666666666657,20290.0,60.76547231270358,16.456714017689627,87.0
1384,1680003155.8328495,1385,2Item7,2023-03-28 17:02:35.832850,49524.0,14173724.0,386906.25,1680003155871.032,2518.0,3667.2410256410258,20289.0,60.7843289371606,16.451608786103556,87.0
1385,1680003155.8406622,1386,2Item7,2023-03-28 17:02:35.840662,49525.0,14173980.0,386914.0625,1680003155878.8445,2522.0,3673.0666666666657,20288.0,60.803197268353244,16.44650355451749,87.0
1386,1680003155.8484747,1387,2Item7,2023-03-28 17:02:35.848475,49526.0,14174236.0,386921.875,1680003155886.657,2520.0,3670.1538461538457,20288.0,60.803197268353244,16.44650355451749,87.0
1387,1680003155.8562872,1388,2Item7,2023-03-28 17:02:35.856287,49527.0,14174492.0,386929.6875,1680003155894.4695,2511.0,3657.0461538461536,20288.0,60.803197268353244,16.44650355451749,87.0
1388,1680003155.8640995,1389,2Item7,2023-03-28 17:02:35.864100,49528.0,14174748.0,386937.5,1680003155902.282,2524.0,3675.979487179487,20286.0,60.84096909457991,16.43629309134535,87.0
1389,1680003155.8719122,1390,2Item7,2023-03-28 17:02:35.871912,49529.0,14175004.0,386945.3125,1680003155910.0945,2524.0,3675.979487179487,20285.0,60.859872611464965,16.431187859759287,87.0
1390,1680003155.8797247,1391,2Item7,2023-03-28 17:02:35.879725,49530.0,14175260.0,386953.125,1680003155917.907,2524.0,3675.979487179487,20286.0,60.84096909457991,16.43629309134535,87.0
1391,1680003155.8875372,1392,2Item7,2023-03-28 17:02:35.887537,49531.0,14175516.0,386960.9375,1680003155925.7195,2506.0,3649.7641025641024,20284.0,60.87878787878789,16.426082628173216,87.0
1392,1680003155.8953495,1393,2Item7,2023-03-28 17:02:35.895350,49532.0,14175772.0,386968.75,1680003155933.532,2513.0,3659.958974358974,20284.0,60.87878787878789,16.426082628173216,87.0
1393,1680003155.9031622,1394,2Item7,2023-03-28 17:02:35.903162,49533.0,14176028.0,386976.5625,1680003155941.3445,2525.0,3677.4358974358975,20284.0,60.87878787878789,16.426082628173216,87.0
1394,1680003155.9109747,1395,2Item7,2023-03-28 17:02:35.910975,49534.0,14176284.0,386984.375,1680003155949.157,2517.0,3665.7846153846153,20284.0,60.87878787878789,16.426082628173216,87.0
1395,1680003155.9187872,1396,2Item7,2023-03-28 17:02:35.918787,49535.0,14176540.0,386992.1875,1680003155956.9695,2515.0,3662.8717948717945,20283.0,60.89771490750816,16.42097739658715,87.0
1396,1680003155.9265995,1397,2Item7,2023-03-28 17:02:35.926600,49536.0,14176796.0,387000.0,1680003155964.782,2513.0,3659.958974358974,20283.0,60.89771490750816,16.42097739658715,87.0
1397,1680003155.9344122,1398,2Item7,2023-03-28 17:02:35.934412,49537.0,14177052.0,387007.8125,1680003155972.5945,2522.0,3673.0666666666657,20281.0,60.93560429304713,16.41076693341502,87.0
1398,1680003155.9422247,1399,2Item7,2023-03-28 17:02:35.942225,49538.0,14177308.0,387015.625,1680003155980.407,2526.0,3678.892307692307,20282.0,60.916653708598986,16.41587216500108,87.0
1399,1680003155.9500372,1400,2Item7,2023-03-28 17:02:35.950037,49539.0,14177564.0,387023.4375,1680003155988.2195,2509.0,3654.1333333333328,20281.0,60.93560429304713,16.41076693341502,87.0
1400,1680003155.9578495,1401,2Item7,2023-03-28 17:02:35.957850,49540.0,14177820.0,387031.25,1680003155996.032,2517.0,3665.7846153846153,20279.0,60.973540856031136,16.40055647024288,87.0
1401,1680003155.9656622,1402,2Item7,2023-03-28 17:02:35.965662,49541.0,14178076.0,387039.0625,1680003156003.8445,2522.0,3673.0666666666657,20279.0,60.973540856031136,16.40055647024288,87.0
1402,1680003155.9734747,1403,2Item7,2023-03-28 17:02:35.973475,49542.0,14178332.0,387046.875,1680003156011.657,2519.0,3668.6974358974353,20279.0,60.973540856031136,16.40055647024288,87.0
1403,1680003155.9812872,1404,2Item7,2023-03-28 17:02:35.981287,49543.0,14178588.0,387054.6875,1680003156019.4695,2502.0,3643.9384615384606,20278.0,60.99252685660906,16.39545123865681,87.0
1404,1680003155.9890995,1405,2Item7,2023-03-28 17:02:35.989100,49544.0,14178844.0,387062.5,1680003156027.282,2517.0,3665.7846153846153,20276.0,61.03053435114504,16.38524077548468,87.0
1405,1680003155.9969122,1406,2Item7,2023-03-28 17:02:35.996912,49545.0,14179100.0,387070.3125,1680003156035.0945,2525.0,3677.4358974358975,20275.0,61.04955586722769,16.380135543898607,87.0
1406,1680003156.0047247,1407,2Item7,2023-03-28 17:02:36.004725,49546.0,14179356.0,387078.125,1680003156042.907,2523.0,3674.5230769230766,20276.0,61.03053435114504,16.38524077548468,87.0
1407,1680003156.0125372,1408,2Item7,2023-03-28 17:02:36.012537,49547.0,14179612.0,387085.9375,1680003156050.7195,2503.0,3645.394871794872,20276.0,61.03053435114504,16.38524077548468,87.0
1408,1680003156.0203495,1409,2Item7,2023-03-28 17:02:36.020350,49548.0,14179868.0,387093.75,1680003156058.532,2516.0,3664.328205128205,20274.0,61.068589243959465,16.375030312312543,87.0
1409,1680003156.0281622,1410,2Item7,2023-03-28 17:02:36.028162,49549.0,14180124.0,387101.5625,1680003156066.3445,2522.0,3673.0666666666657,20274.0,61.068589243959465,16.375030312312543,87.0
1410,1680003156.0359747,1411,2Item7,2023-03-28 17:02:36.035975,49550.0,14180380.0,387109.375,1680003156074.157,2523.0,3674.5230769230766,20274.0,61.068589243959465,16.375030312312543,87.0
1411,1680003156.0437872,1412,2Item7,2023-03-28 17:02:36.043787,49551.0,14180636.0,387117.1875,1680003156081.9695,2505.0,3648.307692307692,20272.0,61.10669162377164,16.364819849140407,87.0
1412,1680003156.0515995,1413,2Item7,2023-03-28 17:02:36.051600,49552.0,14180892.0,387125.0,1680003156089.782,2523.0,3674.5230769230766,20271.0,61.12576064908723,16.359714617554335,87.0
1413,1680003156.0594122,1414,2Item7,2023-03-28 17:02:36.059412,49553.0,14181148.0,387132.8125,1680003156097.5945,2524.0,3675.979487179487,20271.0,61.12576064908723,16.359714617554335,87.0
1414,1680003156.0672247,1415,2Item7,2023-03-28 17:02:36.067225,49554.0,14181404.0,387140.625,1680003156105.407,2524.0,3675.979487179487,20271.0,61.12576064908723,16.359714617554335,87.0
1415,1680003156.0750372,1416,2Item7,2023-03-28 17:02:36.075037,49555.0,14181660.0,387148.4375,1680003156113.2195,2510.0,3655.589743589743,20270.0,61.14484157952241,16.354609385968267,87.0
1416,1680003156.0828495,1417,2Item7,2023-03-28 17:02:36.082850,49556.0,14181916.0,387156.25,1680003156121.032,2518.0,3667.2410256410258,20269.0,61.1639344262295,16.349504154382206,87.0
1417,1680003156.0906622,1418,2Item7,2023-03-28 17:02:36.090662,49557.0,14182172.0,387164.0625,1680003156128.8445,2524.0,3675.979487179487,20268.0,61.18303920037484,16.34439892279613,87.0
1418,1680003156.0984747,1419,2Item7,2023-03-28 17:02:36.098475,49558.0,14182428.0,387171.875,1680003156136.657,2519.0,3668.6974358974353,20269.0,61.1639344262295,16.349504154382206,87.0
1419,1680003156.1062872,1420,2Item7,2023-03-28 17:02:36.106287,49559.0,14182684.0,387179.6875,1680003156144.4695,2503.0,3645.394871794872,20267.0,61.20215591313857,16.33929369121007,87.0
1420,1680003156.1140995,1421,2Item7,2023-03-28 17:02:36.114100,49560.0,14182940.0,387187.5,1680003156152.282,2523.0,3674.5230769230766,20267.0,61.20215591313857,16.33929369121007,87.0
1421,1680003156.1219122,1422,2Item7,2023-03-28 17:02:36.121912,49561.0,14183196.0,387195.3125,1680003156160.0945,2525.0,3677.4358974358975,20266.0,61.22128457571496,16.334188459624,87.0
1422,1680003156.1297247,1423,2Item7,2023-03-28 17:02:36.129725,49562.0,14183452.0,387203.125,1680003156167.907,2524.0,3675.979487179487,20266.0,61.22128457571496,16.334188459624,87.0
1423,1680003156.1375372,1424,2Item7,2023-03-28 17:02:36.137537,49563.0,14183708.0,387210.9375,1680003156175.7195,2503.0,3645.394871794872,20266.0,61.22128457571496,16.334188459624,87.0
1424,1680003156.1453495,1425,2Item7,2023-03-28 17:02:36.145350,49564.0,14183964.0,387218.75,1680003156183.532,2520.0,3670.1538461538457,20264.0,61.25957779515248,16.323977996451863,87.0
1425,1680003156.1531622,1426,2Item7,2023-03-28 17:02:36.153162,49565.0,14184220.0,387226.5625,1680003156191.3445,2521.0,3671.610256410256,20264.0,61.25957779515248,16.323977996451863,87.0
1426,1680003156.1609747,1427,2Item7,2023-03-28 17:02:36.160975,49566.0,14184476.0,387234.375,1680003156199.157,2520.0,3670.1538461538457,20264.0,61.25957779515248,16.323977996451863,87.0
1427,1680003156.1687872,1428,2Item7,2023-03-28 17:02:36.168787,49567.0,14184732.0,387242.1875,1680003156206.9695,2511.0,3657.0461538461536,20263.0,61.27874237447209,16.318872764865795,87.0
1428,1680003156.1765995,1429,2Item7,2023-03-28 17:02:36.176600,49568.0,14184988.0,387250.0,1680003156214.782,2512.0,3658.502564102564,20262.0,61.29791894852136,16.313767533279727,87.0
1429,1680003156.1844122,1430,2Item7,2023-03-28 17:02:36.184412,49569.0,14185244.0,387257.8125,1680003156222.5945,2523.0,3674.5230769230766,20261.0,61.317107528564726,16.30866230169366,87.0
1430,1680003156.1922247,1431,2Item7,2023-03-28 17:02:36.192225,49570.0,14185500.0,387265.625,1680003156230.407,2521.0,3671.610256410256,20261.0,61.317107528564726,16.30866230169366,87.0
1431,1680003156.2000372,1432,2Item7,2023-03-28 17:02:36.200037,49571.0,14185756.0,387273.4375,1680003156238.2195,2509.0,3654.1333333333328,20260.0,61.33630812588069,16.303557070107594,87.0
1432,1680003156.2078495,1433,2Item7,2023-03-28 17:02:36.207850,49572.0,14186012.0,387281.25,1680003156246.032,2527.0,3680.348717948717,20259.0,61.35552075176195,16.298451838521522,87.0
1433,1680003156.2156622,1434,2Item7,2023-03-28 17:02:36.215662,49573.0,14186268.0,387289.0625,1680003156253.8445,2521.0,3671.610256410256,20259.0,61.35552075176195,16.298451838521522,87.0
1434,1680003156.2234747,1435,2Item7,2023-03-28 17:02:36.223475,49574.0,14186524.0,387296.875,1680003156261.657,2501.0,3642.48205128205,20259.0,61.35552075176195,16.298451838521522,87.0
1435,1680003156.2312872,1436,2Item7,2023-03-28 17:02:36.231287,49575.0,14186780.0,387304.6875,1680003156269.4695,2511.0,3657.0461538461536,20258.0,61.37474541751527,16.293346606935458,87.0
1436,1680003156.2390995,1437,2Item7,2023-03-28 17:02:36.239100,49576.0,14187036.0,387312.5,1680003156277.282,2521.0,3671.610256410256,20257.0,61.393982134461694,16.288241375349386,87.0
1437,1680003156.2469122,1438,2Item7,2023-03-28 17:02:36.246912,49577.0,14187292.0,387320.3125,1680003156285.0945,2524.0,3675.979487179487,20256.0,61.41323091393635,16.283136143763322,87.0
1438,1680003156.2547247,1439,2Item7,2023-03-28 17:02:36.254725,49578.0,14187548.0,387328.125,1680003156292.907,2522.0,3673.0666666666657,20256.0,61.41323091393635,16.283136143763322,87.0
1439,1680003156.2625372,1440,2Item7,2023-03-28 17:02:36.262537,49579.0,14187804.0,387335.9375,1680003156300.7195,2511.0,3657.0461538461536,20256.0,61.41323091393635,16.283136143763322,87.0
1440,1680003156.2703495,1441,2Item7,2023-03-28 17:02:36.270350,49580.0,14188060.0,387343.75,1680003156308.532,2528.0,3681.805128205128,20255.0,61.4324917672887,16.278030912177254,87.0
1441,1680003156.2781622,1442,2Item7,2023-03-28 17:02:36.278162,49581.0,14188316.0,387351.5625,1680003156316.3445,2521.0,3671.610256410256,20254.0,61.45176470588236,16.272925680591186,87.0
1442,1680003156.2859747,1443,2Item7,2023-03-28 17:02:36.285975,49582.0,14188572.0,387359.375,1680003156324.157,2525.0,3677.4358974358975,20255.0,61.4324917672887,16.278030912177254,87.0
1443,1680003156.2937872,1444,2Item7,2023-03-28 17:02:36.293787,49583.0,14188828.0,387367.1875,1680003156331.9695,2509.0,3654.1333333333328,20254.0,61.45176470588236,16.272925680591186,87.0
1444,1680003156.3015995,1445,2Item7,2023-03-28 17:02:36.301600,49584.0,14189084.0,387375.0,1680003156339.782,2526.0,3678.892307692307,20252.0,61.49034688431958,16.26271521741905,87.0
1445,1680003156.3094122,1446,2Item7,2023-03-28 17:02:36.309412,49585.0,14189340.0,387382.8125,1680003156347.5945,2526.0,3678.892307692307,20252.0,61.49034688431958,16.26271521741905,87.0
1446,1680003156.3172247,1447,2Item7,2023-03-28 17:02:36.317225,49586.0,14189596.0,387390.625,1680003156355.407,2521.0,3671.610256410256,20252.0,61.49034688431958,16.26271521741905,87.0
1447,1680003156.3250372,1448,2Item7,2023-03-28 17:02:36.325037,49587.0,14189852.0,387398.4375,1680003156363.2195,2509.0,3654.1333333333328,20251.0,61.509656146961845,16.257609985832985,87.0
1448,1680003156.3328495,1449,2Item7,2023-03-28 17:02:36.332850,49588.0,14190108.0,387406.25,1680003156371.032,2525.0,3677.4358974358975,20251.0,61.509656146961845,16.257609985832985,87.0
1449,1680003156.3406622,1450,2Item7,2023-03-28 17:02:36.340662,49589.0,14190364.0,387414.0625,1680003156378.8445,2527.0,3680.348717948717,20250.0,61.52897754044292,16.252504754246914,87.0
1450,1680003156.3484747,1451,2Item7,2023-03-28 17:02:36.348475,49590.0,14190620.0,387421.875,1680003156386.657,2519.0,3668.6974358974353,20249.0,61.54831107619796,16.24739952266085,87.0
1451,1680003156.3562872,1452,2Item7,2023-03-28 17:02:36.356287,49591.0,14190876.0,387429.6875,1680003156394.4695,2514.0,3661.415384615385,20249.0,61.54831107619796,16.24739952266085,87.0
1452,1680003156.3640995,1453,2Item7,2023-03-28 17:02:36.364100,49592.0,14191132.0,387437.5,1680003156402.282,2521.0,3671.610256410256,20249.0,61.54831107619796,16.24739952266085,87.0
1453,1680003156.3719122,1454,2Item7,2023-03-28 17:02:36.371912,49593.0,14191388.0,387445.3125,1680003156410.0945,2496.0,3635.2,20251.0,61.509656146961845,16.257609985832985,87.0
1454,1680003156.3797247,1455,2Item7,2023-03-28 17:02:36.379725,49594.0,14191644.0,387453.125,1680003156417.907,2523.0,3674.5230769230766,20248.0,61.567656765676574,16.242294291074778,87.0
1455,1680003156.3875372,1456,2Item7,2023-03-28 17:02:36.387537,49595.0,14191900.0,387460.9375,1680003156425.7195,2509.0,3654.1333333333328,20247.0,61.58701462034272,16.23718905948871,87.0
1456,1680003156.3953495,1457,2Item7,2023-03-28 17:02:36.395350,49596.0,14192156.0,387468.75,1680003156433.532,2512.0,3658.502564102564,20247.0,61.58701462034272,16.23718905948871,87.0
1457,1680003156.4031622,1458,2Item7,2023-03-28 17:02:36.403162,49597.0,14192412.0,387476.5625,1680003156441.3445,2523.0,3674.5230769230766,20246.0,61.6063846516748,16.232083827902642,87.0
1458,1680003156.4109747,1459,2Item7,2023-03-28 17:02:36.410975,49598.0,14192668.0,387484.375,1680003156449.157,2524.0,3675.979487179487,20246.0,61.6063846516748,16.232083827902642,87.0
1459,1680003156.4187872,1460,2Item7,2023-03-28 17:02:36.418787,49599.0,14192924.0,387492.1875,1680003156456.9695,2515.0,3662.8717948717945,20246.0,61.6063846516748,16.232083827902642,87.0
1460,1680003156.4265995,1461,2Item7,2023-03-28 17:02:36.426600,49600.0,14193180.0,387500.0,1680003156464.782,2524.0,3675.979487179487,20244.0,61.64516129032259,16.221873364730502,87.0
1461,1680003156.4344122,1462,2Item7,2023-03-28 17:02:36.434412,49601.0,14193436.0,387507.8125,1680003156472.5945,2523.0,3674.5230769230766,20244.0,61.64516129032259,16.221873364730502,87.0
1462,1680003156.4422247,1463,2Item7,2023-03-28 17:02:36.442225,49602.0,14193692.0,387515.625,1680003156480.407,2527.0,3680.348717948717,20244.0,61.64516129032259,16.221873364730502,87.0
1463,1680003156.4500372,1464,2Item7,2023-03-28 17:02:36.450037,49603.0,14193948.0,387523.4375,1680003156488.2195,2511.0,3657.0461538461536,20244.0,61.64516129032259,16.221873364730502,87.0
1464,1680003156.4578495,1465,2Item7,2023-03-28 17:02:36.457850,49604.0,14194204.0,387531.25,1680003156496.032,2525.0,3677.4358974358975,20242.0,61.683986773736414,16.211662901558373,87.0
1465,1680003156.4656622,1466,2Item7,2023-03-28 17:02:36.465662,49605.0,14194460.0,387539.0625,1680003156503.8445,2514.0,3661.415384615385,20242.0,61.683986773736414,16.211662901558373,87.0
1466,1680003156.4734747,1467,2Item7,2023-03-28 17:02:36.473475,49606.0,14194716.0,387546.875,1680003156511.657,2524.0,3675.979487179487,20243.0,61.66456792066741,16.216768133144438,87.0
1467,1680003156.4812872,1468,2Item7,2023-03-28 17:02:36.481287,49607.0,14194972.0,387554.6875,1680003156519.4695,2511.0,3657.0461538461536,20241.0,61.703417861080496,16.206557669972298,87.0
1468,1680003156.4890995,1469,2Item7,2023-03-28 17:02:36.489100,49608.0,14195228.0,387562.5,1680003156527.282,2515.0,3662.8717948717945,20241.0,61.703417861080496,16.206557669972298,87.0
1469,1680003156.4969122,1470,2Item7,2023-03-28 17:02:36.496912,49609.0,14195484.0,387570.3125,1680003156535.0945,2528.0,3681.805128205128,20240.0,61.722861194265,16.201452438386237,87.0
1470,1680003156.5047247,1471,2Item7,2023-03-28 17:02:36.504725,49610.0,14195740.0,387578.125,1680003156542.907,2528.0,3681.805128205128,20240.0,61.722861194265,16.201452438386237,87.0
1471,1680003156.5125372,1472,2Item7,2023-03-28 17:02:36.512537,49611.0,14195996.0,387585.9375,1680003156550.7195,2513.0,3659.958974358974,20240.0,61.722861194265,16.201452438386237,87.0
1472,1680003156.5203495,1473,2Item7,2023-03-28 17:02:36.520350,49612.0,14196252.0,387593.75,1680003156558.532,2519.0,3668.6974358974353,20239.0,61.74231678486999,16.196347206800166,87.0
1473,1680003156.5281622,1474,2Item7,2023-03-28 17:02:36.528162,49613.0,14196508.0,387601.5625,1680003156566.3445,2521.0,3671.610256410256,20239.0,61.74231678486999,16.196347206800166,87.0
1474,1680003156.5359747,1475,2Item7,2023-03-28 17:02:36.535975,49614.0,14196764.0,387609.375,1680003156574.157,2520.0,3670.1538461538457,20239.0,61.74231678486999,16.196347206800166,87.0
1475,1680003156.5437872,1476,2Item7,2023-03-28 17:02:36.543787,49615.0,14197020.0,387617.1875,1680003156581.9695,2507.0,3651.220512820513,20237.0,61.78126478473428,16.18613674362803,87.0
1476,1680003156.5515995,1477,2Item7,2023-03-28 17:02:36.551600,49616.0,14197276.0,387625.0,1680003156589.782,2528.0,3681.805128205128,20237.0,61.78126478473428,16.18613674362803,87.0
1477,1680003156.5594122,1478,2Item7,2023-03-28 17:02:36.559412,49617.0,14197532.0,387632.8125,1680003156597.5945,2526.0,3678.892307692307,20236.0,61.800757217226696,16.18103151204196,87.0
1478,1680003156.5672247,1479,2Item7,2023-03-28 17:02:36.567225,49618.0,14197788.0,387640.625,1680003156605.407,2524.0,3675.979487179487,20237.0,61.78126478473428,16.18613674362803,87.0
1479,1680003156.5750372,1480,2Item7,2023-03-28 17:02:36.575037,49619.0,14198044.0,387648.4375,1680003156613.2195,2517.0,3665.7846153846153,20237.0,61.78126478473428,16.18613674362803,87.0
1480,1680003156.5828495,1481,2Item7,2023-03-28 17:02:36.582850,49620.0,14198300.0,387656.25,1680003156621.032,2520.0,3670.1538461538457,20236.0,61.800757217226696,16.18103151204196,87.0
1481,1680003156.5906622,1482,2Item7,2023-03-28 17:02:36.590662,49621.0,14198556.0,387664.0625,1680003156628.8445,2521.0,3671.610256410256,20235.0,61.820261953605815,16.175926280455894,87.0
1482,1680003156.5984747,1483,2Item7,2023-03-28 17:02:36.598475,49622.0,14198812.0,387671.875,1680003156636.657,2524.0,3675.979487179487,20237.0,61.78126478473428,16.18613674362803,87.0
1483,1680003156.6062872,1484,2Item7,2023-03-28 17:02:36.606287,49623.0,14199068.0,387679.6875,1680003156644.4695,2503.0,3645.394871794872,20235.0,61.820261953605815,16.175926280455894,87.0
1484,1680003156.6140995,1485,2Item7,2023-03-28 17:02:36.614100,49624.0,14199324.0,387687.5,1680003156652.282,2518.0,3667.2410256410258,20234.0,61.83977900552488,16.170821048869826,87.0
1485,1680003156.6219122,1486,2Item7,2023-03-28 17:02:36.621912,49625.0,14199580.0,387695.3125,1680003156660.0945,2519.0,3668.6974358974353,20234.0,61.83977900552488,16.170821048869826,87.0
1486,1680003156.6297247,1487,2Item7,2023-03-28 17:02:36.629725,49626.0,14199836.0,387703.125,1680003156667.907,2502.0,3643.9384615384606,20235.0,61.820261953605815,16.175926280455894,87.0
1487,1680003156.6375372,1488,2Item7,2023-03-28 17:02:36.637537,49627.0,14200092.0,387710.9375,1680003156675.7195,2510.0,3655.589743589743,20234.0,61.83977900552488,16.170821048869826,87.0
1488,1680003156.6453495,1489,2Item7,2023-03-28 17:02:36.645350,49628.0,14200348.0,387718.75,1680003156683.532,2521.0,3671.610256410256,20233.0,61.85930838465182,16.16571581728376,87.0
1489,1680003156.6531622,1490,2Item7,2023-03-28 17:02:36.653162,49629.0,14200604.0,387726.5625,1680003156691.3445,2496.0,3635.2,20234.0,61.83977900552488,16.170821048869826,87.0
1490,1680003156.6609747,1491,2Item7,2023-03-28 17:02:36.660975,49630.0,14200860.0,387734.375,1680003156699.157,2517.0,3665.7846153846153,20233.0,61.85930838465182,16.16571581728376,87.0
1491,1680003156.6687872,1492,2Item7,2023-03-28 17:02:36.668787,49631.0,14201116.0,387742.1875,1680003156706.9695,2513.0,3659.958974358974,20233.0,61.85930838465182,16.16571581728376,87.0
1492,1680003156.6765995,1493,2Item7,2023-03-28 17:02:36.676600,49632.0,14201372.0,387750.0,1680003156714.782,2521.0,3671.610256410256,20231.0,61.89840417127509,16.15550535411162,87.0
1493,1680003156.6844122,1494,2Item7,2023-03-28 17:02:36.684412,49633.0,14201628.0,387757.8125,1680003156722.5945,2496.0,3635.2,20233.0,61.85930838465182,16.16571581728376,87.0
1494,1680003156.6922247,1495,2Item7,2023-03-28 17:02:36.692225,49634.0,14201884.0,387765.625,1680003156730.407,2521.0,3671.610256410256,20231.0,61.89840417127509,16.15550535411162,87.0
1495,1680003156.7000372,1496,2Item7,2023-03-28 17:02:36.700037,49635.0,14202140.0,387773.4375,1680003156738.2195,2513.0,3659.958974358974,20229.0,61.93754940711463,16.14529489093949,87.0
1496,1680003156.7078495,1497,2Item7,2023-03-28 17:02:36.707850,49636.0,14202396.0,387781.25,1680003156746.032,2519.0,3668.6974358974353,20230.0,61.917970602181136,16.150400122525557,87.0
1497,1680003156.7156622,1498,2Item7,2023-03-28 17:02:36.715662,49637.0,14202652.0,387789.0625,1680003156753.8445,2520.0,3670.1538461538457,20229.0,61.93754940711463,16.14529489093949,87.0
1498,1680003156.7234747,1499,2Item7,2023-03-28 17:02:36.723475,49638.0,14202908.0,387796.875,1680003156761.657,2523.0,3674.5230769230766,20230.0,61.917970602181136,16.150400122525557,87.0
1499,1680003156.7312872,1500,2Item7,2023-03-28 17:02:36.731287,49639.0,14203164.0,387804.6875,1680003156769.4695,2506.0,3649.7641025641024,20228.0,61.9571405978175,16.14018965935342,87.0
1500,1680003156.7390995,1501,2Item7,2023-03-28 17:02:36.739100,49640.0,14203420.0,387812.5,1680003156777.282,2522.0,3673.0666666666657,20228.0,61.9571405978175,16.14018965935342,87.0
1501,1680003156.7469122,1502,2Item7,2023-03-28 17:02:36.746912,49641.0,14203676.0,387820.3125,1680003156785.0945,2521.0,3671.610256410256,20227.0,61.97674418604652,16.135084427767353,87.0
1502,1680003156.7547247,1503,2Item7,2023-03-28 17:02:36.754725,49642.0,14203932.0,387828.125,1680003156792.907,2524.0,3675.979487179487,20229.0,61.93754940711463,16.14529489093949,87.0
1503,1680003156.7625372,1504,2Item7,2023-03-28 17:02:36.762537,49643.0,14204188.0,387835.9375,1680003156800.7195,2508.0,3652.6769230769214,20227.0,61.97674418604652,16.135084427767353,87.0
1504,1680003156.7703495,1505,2Item7,2023-03-28 17:02:36.770350,49644.0,14204444.0,387843.75,1680003156808.532,2527.0,3680.348717948717,20227.0,61.97674418604652,16.135084427767353,87.0
1505,1680003156.7781622,1506,2Item7,2023-03-28 17:02:36.778162,49645.0,14204700.0,387851.5625,1680003156816.3445,2530.0,3684.717948717948,20226.0,61.99636018357336,16.129979196181285,87.0
1506,1680003156.7859747,1507,2Item7,2023-03-28 17:02:36.785975,49646.0,14204956.0,387859.375,1680003156824.157,2522.0,3673.0666666666657,20227.0,61.97674418604652,16.135084427767353,87.0
1507,1680003156.7937872,1508,2Item7,2023-03-28 17:02:36.793787,49647.0,14205212.0,387867.1875,1680003156831.9695,2507.0,3651.220512820513,20227.0,61.97674418604652,16.135084427767353,87.0
1508,1680003156.8015995,1509,2Item7,2023-03-28 17:02:36.801600,49648.0,14205468.0,387875.0,1680003156839.782,2522.0,3673.0666666666657,20225.0,62.015988602184585,16.124873964595217,87.0
1509,1680003156.8094122,1510,2Item7,2023-03-28 17:02:36.809412,49649.0,14205724.0,387882.8125,1680003156847.5945,2524.0,3675.979487179487,20224.0,62.03562945368171,16.119768733009153,87.0
1510,1680003156.8172247,1511,2Item7,2023-03-28 17:02:36.817225,49650.0,14205980.0,387890.625,1680003156855.407,2521.0,3671.610256410256,20226.0,61.99636018357336,16.129979196181285,87.0
1511,1680003156.8250372,1512,2Item7,2023-03-28 17:02:36.825037,49651.0,14206236.0,387898.4375,1680003156863.2195,2520.0,3670.1538461538457,20224.0,62.03562945368171,16.119768733009153,87.0
1512,1680003156.8328495,1513,2Item7,2023-03-28 17:02:36.832850,49652.0,14206492.0,387906.25,1680003156871.032,2517.0,3665.7846153846153,20223.0,62.0552827498812,16.11466350142308,87.0
1513,1680003156.8406622,1514,2Item7,2023-03-28 17:02:36.840662,49653.0,14206748.0,387914.0625,1680003156878.8445,2501.0,3642.48205128205,20225.0,62.015988602184585,16.124873964595217,87.0
1514,1680003156.8484747,1515,2Item7,2023-03-28 17:02:36.848475,49654.0,14207004.0,387921.875,1680003156886.657,2522.0,3673.0666666666657,20224.0,62.03562945368171,16.119768733009153,87.0
1515,1680003156.8562872,1516,2Item7,2023-03-28 17:02:36.856287,49655.0,14207260.0,387929.6875,1680003156894.4695,2506.0,3649.7641025641024,20224.0,62.03562945368171,16.119768733009153,87.0
1516,1680003156.8640995,1517,2Item7,2023-03-28 17:02:36.864100,49656.0,14207516.0,387937.5,1680003156902.282,2522.0,3673.0666666666657,20223.0,62.0552827498812,16.11466350142308,87.0
1517,1680003156.8719122,1518,2Item7,2023-03-28 17:02:36.871912,49657.0,14207772.0,387945.3125,1680003156910.0945,2524.0,3675.979487179487,20222.0,62.07494850261449,16.109558269837013,87.0
1518,1680003156.8797247,1519,2Item7,2023-03-28 17:02:36.879725,49658.0,14208028.0,387953.125,1680003156917.907,2495.0,3633.743589743589,20222.0,62.07494850261449,16.109558269837013,87.0
1519,1680003156.8875372,1520,2Item7,2023-03-28 17:02:36.887537,49659.0,14208284.0,387960.9375,1680003156925.7195,2508.0,3652.6769230769214,20223.0,62.0552827498812,16.11466350142308,87.0
1520,1680003156.8953495,1521,2Item7,2023-03-28 17:02:36.895350,49660.0,14208540.0,387968.75,1680003156933.532,2507.0,3651.220512820513,20223.0,62.0552827498812,16.11466350142308,87.0
1521,1680003156.9031622,1522,2Item7,2023-03-28 17:02:36.903162,49661.0,14208796.0,387976.5625,1680003156941.3445,2522.0,3673.0666666666657,20221.0,62.094626723728005,16.104453038250945,87.0
1522,1680003156.9109747,1523,2Item7,2023-03-28 17:02:36.910975,49662.0,14209052.0,387984.375,1680003156949.157,2515.0,3662.8717948717945,20221.0,62.094626723728005,16.104453038250945,87.0
1523,1680003156.9187872,1524,2Item7,2023-03-28 17:02:36.918787,49663.0,14209308.0,387992.1875,1680003156956.9695,2509.0,3654.1333333333328,20220.0,62.11431742508324,16.09934780666488,87.0
1524,1680003156.9265995,1525,2Item7,2023-03-28 17:02:36.926600,49664.0,14209564.0,388000.0,1680003156964.782,2528.0,3681.805128205128,20219.0,62.134020618556704,16.094242575078813,87.0
1525,1680003156.9344122,1526,2Item7,2023-03-28 17:02:36.934412,49665.0,14209820.0,388007.8125,1680003156972.5945,2524.0,3675.979487179487,20220.0,62.11431742508324,16.09934780666488,87.0
1526,1680003156.9422247,1527,2Item7,2023-03-28 17:02:36.942225,49666.0,14210076.0,388015.625,1680003156980.407,2519.0,3668.6974358974353,20220.0,62.11431742508324,16.09934780666488,87.0
1527,1680003156.9500372,1528,2Item7,2023-03-28 17:02:36.950037,49667.0,14210332.0,388023.4375,1680003156988.2195,2508.0,3652.6769230769214,20218.0,62.15373631603999,16.08913734349274,87.0
1528,1680003156.9578495,1529,2Item7,2023-03-28 17:02:36.957850,49668.0,14210588.0,388031.25,1680003156996.032,2522.0,3673.0666666666657,20219.0,62.134020618556704,16.094242575078813,87.0
1529,1680003156.9656622,1530,2Item7,2023-03-28 17:02:36.965662,49669.0,14210844.0,388039.0625,1680003157003.8445,2519.0,3668.6974358974353,20218.0,62.15373631603999,16.08913734349274,87.0
1530,1680003156.9734747,1531,2Item7,2023-03-28 17:02:36.973475,49670.0,14211100.0,388046.875,1680003157011.657,2526.0,3678.892307692307,20218.0,62.15373631603999,16.08913734349274,87.0
1531,1680003156.9812872,1532,2Item7,2023-03-28 17:02:36.981287,49671.0,14211356.0,388054.6875,1680003157019.4695,2502.0,3643.9384615384606,20219.0,62.134020618556704,16.094242575078813,87.0
1532,1680003156.9890995,1533,2Item7,2023-03-28 17:02:36.989100,49672.0,14211612.0,388062.5,1680003157027.282,2524.0,3675.979487179487,20217.0,62.17346452943978,16.084032111906676,87.0
1533,1680003156.9969122,1534,2Item7,2023-03-28 17:02:36.996912,49673.0,14211868.0,388070.3125,1680003157035.0945,2519.0,3668.6974358974353,20217.0,62.17346452943978,16.084032111906676,87.0
1534,1680003157.0047247,1535,2Item7,2023-03-28 17:02:37.004725,49674.0,14212124.0,388078.125,1680003157042.907,2523.0,3674.5230769230766,20217.0,62.17346452943978,16.084032111906676,87.0
1535,1680003157.0125372,1536,2Item7,2023-03-28 17:02:37.012537,49675.0,14212380.0,388085.9375,1680003157050.7195,2511.0,3657.0461538461536,20217.0,62.17346452943978,16.084032111906676,87.0
1536,1680003157.0203495,1537,2Item7,2023-03-28 17:02:37.020350,49676.0,14212636.0,388093.75,1680003157058.532,2517.0,3665.7846153846153,20217.0,62.17346452943978,16.084032111906676,87.0
1537,1680003157.0281622,1538,2Item7,2023-03-28 17:02:37.028162,49677.0,14212892.0,388101.5625,1680003157066.3445,2523.0,3674.5230769230766,20216.0,62.193205270677886,16.078926880320605,87.0
1538,1680003157.0359747,1539,2Item7,2023-03-28 17:02:37.035975,49678.0,14213148.0,388109.375,1680003157074.157,2526.0,3678.892307692307,20215.0,62.21295855169129,16.07382164873454,87.0
1539,1680003157.0437872,1540,2Item7,2023-03-28 17:02:37.043787,49679.0,14213404.0,388117.1875,1680003157081.9695,2508.0,3652.6769230769214,20215.0,62.21295855169129,16.07382164873454,87.0
1540,1680003157.0515995,1541,2Item7,2023-03-28 17:02:37.051600,49680.0,14213660.0,388125.0,1680003157089.782,2524.0,3675.979487179487,20214.0,62.232724384432096,16.068716417148472,87.0
1541,1680003157.0594122,1542,2Item7,2023-03-28 17:02:37.059412,49681.0,14213916.0,388132.8125,1680003157097.5945,2525.0,3677.4358974358975,20214.0,62.232724384432096,16.068716417148472,87.0
1542,1680003157.0672247,1543,2Item7,2023-03-28 17:02:37.067225,49682.0,14214172.0,388140.625,1680003157105.407,2523.0,3674.5230769230766,20215.0,62.21295855169129,16.07382164873454,87.0
1543,1680003157.0750372,1544,2Item7,2023-03-28 17:02:37.075037,49683.0,14214428.0,388148.4375,1680003157113.2195,2514.0,3661.415384615385,20215.0,62.21295855169129,16.07382164873454,87.0
1544,1680003157.0828495,1545,2Item7,2023-03-28 17:02:37.082850,49684.0,14214684.0,388156.25,1680003157121.032,2519.0,3668.6974358974353,20214.0,62.232724384432096,16.068716417148472,87.0
1545,1680003157.0906622,1546,2Item7,2023-03-28 17:02:37.090662,49685.0,14214940.0,388164.0625,1680003157128.8445,2524.0,3675.979487179487,20212.0,62.272293752980445,16.058505953976336,87.0
1546,1680003157.0984747,1547,2Item7,2023-03-28 17:02:37.098475,49686.0,14215196.0,388171.875,1680003157136.657,2523.0,3674.5230769230766,20213.0,62.25250278086764,16.063611185562404,87.0
1547,1680003157.1062872,1548,2Item7,2023-03-28 17:02:37.106287,49687.0,14215452.0,388179.6875,1680003157144.4695,2508.0,3652.6769230769214,20212.0,62.272293752980445,16.058505953976336,87.0
1548,1680003157.1140995,1549,2Item7,2023-03-28 17:02:37.114100,49688.0,14215708.0,388187.5,1680003157152.282,2529.0,3683.2615384615374,20212.0,62.272293752980445,16.058505953976336,87.0
1549,1680003157.1219122,1550,2Item7,2023-03-28 17:02:37.121912,49689.0,14215964.0,388195.3125,1680003157160.0945,2524.0,3675.979487179487,20212.0,62.272293752980445,16.058505953976336,87.0
1550,1680003157.1297247,1551,2Item7,2023-03-28 17:02:37.129725,49690.0,14216220.0,388203.125,1680003157167.907,2526.0,3678.892307692307,20212.0,62.272293752980445,16.058505953976336,87.0
1551,1680003157.1375372,1552,2Item7,2023-03-28 17:02:37.137537,49691.0,14216476.0,388210.9375,1680003157175.7195,2508.0,3652.6769230769214,20213.0,62.25250278086764,16.063611185562404,87.0
1552,1680003157.1453495,1553,2Item7,2023-03-28 17:02:37.145350,49692.0,14216732.0,388218.75,1680003157183.532,2525.0,3677.4358974358975,20211.0,62.292097312768334,16.05340072239027,87.0
1553,1680003157.1531622,1554,2Item7,2023-03-28 17:02:37.153162,49693.0,14216988.0,388226.5625,1680003157191.3445,2524.0,3675.979487179487,20211.0,62.292097312768334,16.05340072239027,87.0
1554,1680003157.1609747,1555,2Item7,2023-03-28 17:02:37.160975,49694.0,14217244.0,388234.375,1680003157199.157,2524.0,3675.979487179487,20210.0,62.31191347224432,16.0482954908042,87.0
1555,1680003157.1687872,1556,2Item7,2023-03-28 17:02:37.168787,49695.0,14217500.0,388242.1875,1680003157206.9695,2507.0,3651.220512820513,20211.0,62.292097312768334,16.05340072239027,87.0
1556,1680003157.1765995,1557,2Item7,2023-03-28 17:02:37.176600,49696.0,14217756.0,388250.0,1680003157214.782,2511.0,3657.0461538461536,20210.0,62.31191347224432,16.0482954908042,87.0
1557,1680003157.1844122,1558,2Item7,2023-03-28 17:02:37.184412,49697.0,14218012.0,388257.8125,1680003157222.5945,2521.0,3671.610256410256,20209.0,62.33174224343676,16.043190259218132,87.0
1558,1680003157.1922247,1559,2Item7,2023-03-28 17:02:37.192225,49698.0,14218268.0,388265.625,1680003157230.407,2522.0,3673.0666666666657,20209.0,62.33174224343676,16.043190259218132,87.0
1559,1680003157.2000372,1560,2Item7,2023-03-28 17:02:37.200037,49699.0,14218524.0,388273.4375,1680003157238.2195,2507.0,3651.220512820513,20210.0,62.31191347224432,16.0482954908042,87.0
1560,1680003157.2078495,1561,2Item7,2023-03-28 17:02:37.207850,49700.0,14218780.0,388281.25,1680003157246.032,2518.0,3667.2410256410258,20208.0,62.35158363838931,16.038085027632064,87.0
1561,1680003157.2156622,1562,2Item7,2023-03-28 17:02:37.215662,49701.0,14219036.0,388289.0625,1680003157253.8445,2522.0,3673.0666666666657,20208.0,62.35158363838931,16.038085027632064,87.0
1562,1680003157.2234747,1563,2Item7,2023-03-28 17:02:37.223475,49702.0,14219292.0,388296.875,1680003157261.657,2504.0,3646.8512820512815,20208.0,62.35158363838931,16.038085027632064,87.0
1563,1680003157.2312872,1564,2Item7,2023-03-28 17:02:37.231287,49703.0,14219548.0,388304.6875,1680003157269.4695,2514.0,3661.415384615385,20209.0,62.33174224343676,16.043190259218132,87.0
1564,1680003157.2390995,1565,2Item7,2023-03-28 17:02:37.239100,49704.0,14219804.0,388312.5,1680003157277.282,2528.0,3681.805128205128,20207.0,62.37143766916097,16.032979796045996,87.0
1565,1680003157.2469122,1566,2Item7,2023-03-28 17:02:37.246912,49705.0,14220060.0,388320.3125,1680003157285.0945,2526.0,3678.892307692307,20207.0,62.37143766916097,16.032979796045996,87.0
1566,1680003157.2547247,1567,2Item7,2023-03-28 17:02:37.254725,49706.0,14220316.0,388328.125,1680003157292.907,2522.0,3673.0666666666657,20206.0,62.391304347826086,16.02787456445993,87.0
1567,1680003157.2625372,1568,2Item7,2023-03-28 17:02:37.262537,49707.0,14220572.0,388335.9375,1680003157300.7195,2503.0,3645.394871794872,20206.0,62.391304347826086,16.02787456445993,87.0
1568,1680003157.2703495,1569,2Item7,2023-03-28 17:02:37.270350,49708.0,14220828.0,388343.75,1680003157308.532,2526.0,3678.892307692307,20206.0,62.391304347826086,16.02787456445993,87.0
1569,1680003157.2781622,1570,2Item7,2023-03-28 17:02:37.278162,49709.0,14221084.0,388351.5625,1680003157316.3445,2528.0,3681.805128205128,20205.0,62.41118368647444,16.02276933287386,87.0
1570,1680003157.2859747,1571,2Item7,2023-03-28 17:02:37.285975,49710.0,14221340.0,388359.375,1680003157324.157,2523.0,3674.5230769230766,20205.0,62.41118368647444,16.02276933287386,87.0
1571,1680003157.2937872,1572,2Item7,2023-03-28 17:02:37.293787,49711.0,14221596.0,388367.1875,1680003157331.9695,2514.0,3661.415384615385,20204.0,62.43107569721116,16.017664101287792,87.0
1572,1680003157.3015995,1573,2Item7,2023-03-28 17:02:37.301600,49712.0,14221852.0,388375.0,1680003157339.782,2511.0,3657.0461538461536,20204.0,62.43107569721116,16.017664101287792,87.0
1573,1680003157.3094122,1574,2Item7,2023-03-28 17:02:37.309412,49713.0,14222108.0,388382.8125,1680003157347.5945,2526.0,3678.892307692307,20204.0,62.43107569721116,16.017664101287792,87.0
1574,1680003157.3172247,1575,2Item7,2023-03-28 17:02:37.317225,49714.0,14222364.0,388390.625,1680003157355.407,2525.0,3677.4358974358975,20204.0,62.43107569721116,16.017664101287792,87.0
1575,1680003157.3250372,1576,2Item7,2023-03-28 17:02:37.325037,49715.0,14222620.0,388398.4375,1680003157363.2195,2507.0,3651.220512820513,20206.0,62.391304347826086,16.02787456445993,87.0
1576,1680003157.3328495,1577,2Item7,2023-03-28 17:02:37.332850,49716.0,14222876.0,388406.25,1680003157371.032,2524.0,3675.979487179487,20204.0,62.43107569721116,16.017664101287792,87.0
1577,1680003157.3406622,1578,2Item7,2023-03-28 17:02:37.340662,49717.0,14223132.0,388414.0625,1680003157378.8445,2527.0,3680.348717948717,20203.0,62.45098039215687,16.012558869701728,87.0
1578,1680003157.3484747,1579,2Item7,2023-03-28 17:02:37.348475,49718.0,14223388.0,388421.875,1680003157386.657,2526.0,3678.892307692307,20203.0,62.45098039215687,16.012558869701728,87.0
1579,1680003157.3562872,1580,2Item7,2023-03-28 17:02:37.356287,49719.0,14223644.0,388429.6875,1680003157394.4695,2506.0,3649.7641025641024,20202.0,62.47089778344762,16.00745363811566,87.0
1580,1680003157.3640995,1581,2Item7,2023-03-28 17:02:37.364100,49720.0,14223900.0,388437.5,1680003157402.282,2511.0,3657.0461538461536,20204.0,62.43107569721116,16.017664101287792,87.0
1581,1680003157.3719122,1582,2Item7,2023-03-28 17:02:37.371912,49721.0,14224156.0,388445.3125,1680003157410.0945,2512.0,3658.502564102564,20202.0,62.47089778344762,16.00745363811566,87.0
1582,1680003157.3797247,1583,2Item7,2023-03-28 17:02:37.379725,49722.0,14224412.0,388453.125,1680003157417.907,2513.0,3659.958974358974,20202.0,62.47089778344762,16.00745363811566,87.0
1583,1680003157.3875372,1584,2Item7,2023-03-28 17:02:37.387537,49723.0,14224668.0,388460.9375,1680003157425.7195,2520.0,3670.1538461538457,20201.0,62.49082788323497,16.002348406529592,87.0
1584,1680003157.3953495,1585,2Item7,2023-03-28 17:02:37.395350,49724.0,14224924.0,388468.75,1680003157433.532,2522.0,3673.0666666666657,20202.0,62.47089778344762,16.00745363811566,87.0
1585,1680003157.4031622,1586,2Item7,2023-03-28 17:02:37.403162,49725.0,14225180.0,388476.5625,1680003157441.3445,2525.0,3677.4358974358975,20202.0,62.47089778344762,16.00745363811566,87.0
1586,1680003157.4109747,1587,2Item7,2023-03-28 17:02:37.410975,49726.0,14225436.0,388484.375,1680003157449.157,2523.0,3674.5230769230766,20200.0,62.51077070368598,15.997243174943522,87.0
1587,1680003157.4187872,1588,2Item7,2023-03-28 17:02:37.418787,49727.0,14225692.0,388492.1875,1680003157456.9695,2507.0,3651.220512820513,20201.0,62.49082788323497,16.002348406529592,87.0
1588,1680003157.4265995,1589,2Item7,2023-03-28 17:02:37.426600,49728.0,14225948.0,388500.0,1680003157464.782,2507.0,3651.220512820513,20201.0,62.49082788323497,16.002348406529592,87.0
1589,1680003157.4344122,1590,2Item7,2023-03-28 17:02:37.434412,49729.0,14226204.0,388507.8125,1680003157472.5945,2496.0,3635.2,20203.0,62.45098039215687,16.012558869701728,87.0
1590,1680003157.4422247,1591,2Item7,2023-03-28 17:02:37.442225,49730.0,14226460.0,388515.625,1680003157480.407,2522.0,3673.0666666666657,20201.0,62.49082788323497,16.002348406529592,87.0
1591,1680003157.4500372,1592,2Item7,2023-03-28 17:02:37.450037,49731.0,14226716.0,388523.4375,1680003157488.2195,2514.0,3661.415384615385,20201.0,62.49082788323497,16.002348406529592,87.0
1592,1680003157.4578495,1593,2Item7,2023-03-28 17:02:37.457850,49732.0,14226972.0,388531.25,1680003157496.032,2523.0,3674.5230769230766,20199.0,62.53072625698326,15.99213794335745,87.0
1593,1680003157.4656622,1594,2Item7,2023-03-28 17:02:37.465662,49733.0,14227228.0,388539.0625,1680003157503.8445,2515.0,3662.8717948717945,20199.0,62.53072625698326,15.99213794335745,87.0
1594,1680003157.4734747,1595,2Item7,2023-03-28 17:02:37.473475,49734.0,14227484.0,388546.875,1680003157511.657,2521.0,3671.610256410256,20199.0,62.53072625698326,15.99213794335745,87.0
1595,1680003157.4812872,1596,2Item7,2023-03-28 17:02:37.481287,49735.0,14227740.0,388554.6875,1680003157519.4695,2510.0,3655.589743589743,20199.0,62.53072625698326,15.99213794335745,87.0
1596,1680003157.4890995,1597,2Item7,2023-03-28 17:02:37.489100,49736.0,14227996.0,388562.5,1680003157527.282,2512.0,3658.502564102564,20200.0,62.51077070368598,15.997243174943522,87.0
1597,1680003157.4969122,1598,2Item7,2023-03-28 17:02:37.496912,49737.0,14228252.0,388570.3125,1680003157535.0945,2516.0,3664.328205128205,20199.0,62.53072625698326,15.99213794335745,87.0
1598,1680003157.5047247,1599,2Item7,2023-03-28 17:02:37.504725,49738.0,14228508.0,388578.125,1680003157542.907,2522.0,3673.0666666666657,20198.0,62.55069455532493,15.987032711771386,87.0
1599,1680003157.5125372,1600,2Item7,2023-03-28 17:02:37.512537,49739.0,14228764.0,388585.9375,1680003157550.7195,2514.0,3661.415384615385,20199.0,62.53072625698326,15.99213794335745,87.0
1600,1680003157.5203495,1601,2Item7,2023-03-28 17:02:37.520350,49740.0,14229020.0,388593.75,1680003157558.532,2516.0,3664.328205128205,20199.0,62.53072625698326,15.99213794335745,87.0
1601,1680003157.5281622,1602,2Item7,2023-03-28 17:02:37.528162,49741.0,14229276.0,388601.5625,1680003157566.3445,2523.0,3674.5230769230766,20198.0,62.55069455532493,15.987032711771386,87.0
1602,1680003157.5359747,1603,2Item7,2023-03-28 17:02:37.535975,49742.0,14229532.0,388609.375,1680003157574.157,2525.0,3677.4358974358975,20198.0,62.55069455532493,15.987032711771386,87.0
1603,1680003157.5437872,1604,2Item7,2023-03-28 17:02:37.543787,49743.0,14229788.0,388617.1875,1680003157581.9695,2517.0,3665.7846153846153,20198.0,62.55069455532493,15.987032711771386,87.0
1604,1680003157.5515995,1605,2Item7,2023-03-28 17:02:37.551600,49744.0,14230044.0,388625.0,1680003157589.782,2519.0,3668.6974358974353,20198.0,62.55069455532493,15.987032711771386,87.0
1605,1680003157.5594122,1606,2Item7,2023-03-28 17:02:37.559412,49745.0,14230300.0,388632.8125,1680003157597.5945,2513.0,3659.958974358974,20197.0,62.570675610924766,15.981927480185318,87.0
1606,1680003157.5672247,1607,2Item7,2023-03-28 17:02:37.567225,49746.0,14230556.0,388640.625,1680003157605.407,2525.0,3677.4358974358975,20196.0,62.59066943601215,15.97682224859925,87.0
1607,1680003157.5750372,1608,2Item7,2023-03-28 17:02:37.575037,49747.0,14230812.0,388648.4375,1680003157613.2195,2513.0,3659.958974358974,20198.0,62.55069455532493,15.987032711771386,87.0
1608,1680003157.5828495,1609,2Item7,2023-03-28 17:02:37.582850,49748.0,14231068.0,388656.25,1680003157621.032,2523.0,3674.5230769230766,20196.0,62.59066943601215,15.97682224859925,87.0
1609,1680003157.5906622,1610,2Item7,2023-03-28 17:02:37.590662,49749.0,14231324.0,388664.0625,1680003157628.8445,2523.0,3674.5230769230766,20196.0,62.59066943601215,15.97682224859925,87.0
1610,1680003157.5984747,1611,2Item7,2023-03-28 17:02:37.598475,49750.0,14231580.0,388671.875,1680003157636.657,2519.0,3668.6974358974353,20196.0,62.59066943601215,15.97682224859925,87.0
1611,1680003157.6062872,1612,2Item7,2023-03-28 17:02:37.606287,49751.0,14231836.0,388679.6875,1680003157644.4695,2508.0,3652.6769230769214,20198.0,62.55069455532493,15.987032711771386,87.0
1612,1680003157.6140995,1613,2Item7,2023-03-28 17:02:37.614100,49752.0,14232092.0,388687.5,1680003157652.282,2515.0,3662.8717948717945,20197.0,62.570675610924766,15.981927480185318,87.0
1613,1680003157.6219122,1614,2Item7,2023-03-28 17:02:37.621912,49753.0,14232348.0,388695.3125,1680003157660.0945,2524.0,3675.979487179487,20196.0,62.59066943601215,15.97682224859925,87.0
1614,1680003157.6297247,1615,2Item7,2023-03-28 17:02:37.629725,49754.0,14232604.0,388703.125,1680003157667.907,2519.0,3668.6974358974353,20195.0,62.61067604283203,15.971717017013182,87.0
1615,1680003157.6375372,1616,2Item7,2023-03-28 17:02:37.637537,49755.0,14232860.0,388710.9375,1680003157675.7195,2509.0,3654.1333333333328,20197.0,62.570675610924766,15.981927480185318,87.0
1616,1680003157.6453495,1617,2Item7,2023-03-28 17:02:37.645350,49756.0,14233116.0,388718.75,1680003157683.532,2514.0,3661.415384615385,20196.0,62.59066943601215,15.97682224859925,87.0
1617,1680003157.6531622,1618,2Item7,2023-03-28 17:02:37.653162,49757.0,14233372.0,388726.5625,1680003157691.3445,2521.0,3671.610256410256,20196.0,62.59066943601215,15.97682224859925,87.0
1618,1680003157.6609747,1619,2Item7,2023-03-28 17:02:37.660975,49758.0,14233628.0,388734.375,1680003157699.157,2526.0,3678.892307692307,20195.0,62.61067604283203,15.971717017013182,87.0
1619,1680003157.6687872,1620,2Item7,2023-03-28 17:02:37.668787,49759.0,14233884.0,388742.1875,1680003157706.9695,2508.0,3652.6769230769214,20197.0,62.570675610924766,15.981927480185318,87.0
1620,1680003157.6765995,1621,2Item7,2023-03-28 17:02:37.676600,49760.0,14234140.0,388750.0,1680003157714.782,2521.0,3671.610256410256,20195.0,62.61067604283203,15.971717017013182,87.0
1621,1680003157.6844122,1622,2Item7,2023-03-28 17:02:37.684412,49761.0,14234396.0,388757.8125,1680003157722.5945,2523.0,3674.5230769230766,20195.0,62.61067604283203,15.971717017013182,87.0
1622,1680003157.6922247,1623,2Item7,2023-03-28 17:02:37.692225,49762.0,14234652.0,388765.625,1680003157730.407,2523.0,3674.5230769230766,20195.0,62.61067604283203,15.971717017013182,87.0
1623,1680003157.7000372,1624,2Item7,2023-03-28 17:02:37.700037,49763.0,14234908.0,388773.4375,1680003157738.2195,2509.0,3654.1333333333328,20197.0,62.570675610924766,15.981927480185318,87.0
1624,1680003157.7078495,1625,2Item7,2023-03-28 17:02:37.707850,49764.0,14235164.0,388781.25,1680003157746.032,2520.0,3670.1538461538457,20195.0,62.61067604283203,15.971717017013182,87.0
1625,1680003157.7156622,1626,2Item7,2023-03-28 17:02:37.715662,49765.0,14235420.0,388789.0625,1680003157753.8445,2518.0,3667.2410256410258,20195.0,62.61067604283203,15.971717017013182,87.0
1626,1680003157.7234747,1627,2Item7,2023-03-28 17:02:37.723475,49766.0,14235676.0,388796.875,1680003157761.657,2527.0,3680.348717948717,20195.0,62.61067604283203,15.971717017013182,87.0
1627,1680003157.7312872,1628,2Item7,2023-03-28 17:02:37.731287,49767.0,14235932.0,388804.6875,1680003157769.4695,2514.0,3661.415384615385,20196.0,62.59066943601215,15.97682224859925,87.0
1628,1680003157.7390995,1629,2Item7,2023-03-28 17:02:37.739100,49768.0,14236188.0,388812.5,1680003157777.282,2516.0,3664.328205128205,20194.0,62.63069544364509,15.966611785427114,87.0
1629,1680003157.7469122,1630,2Item7,2023-03-28 17:02:37.746912,49769.0,14236444.0,388820.3125,1680003157785.0945,2532.0,3687.6307692307687,20194.0,62.63069544364509,15.966611785427114,87.0
1630,1680003157.7547247,1631,2Item7,2023-03-28 17:02:37.754725,49770.0,14236700.0,388828.125,1680003157792.907,2499.0,3639.569230769231,20194.0,62.63069544364509,15.966611785427114,87.0
1631,1680003157.7625372,1632,2Item7,2023-03-28 17:02:37.762537,49771.0,14236956.0,388835.9375,1680003157800.7195,2509.0,3654.1333333333328,20196.0,62.59066943601215,15.97682224859925,87.0
1632,1680003157.7703495,1633,2Item7,2023-03-28 17:02:37.770350,49772.0,14237212.0,388843.75,1680003157808.532,2506.0,3649.7641025641024,20196.0,62.59066943601215,15.97682224859925,87.0
1633,1680003157.7781622,1634,2Item7,2023-03-28 17:02:37.778162,49773.0,14237468.0,388851.5625,1680003157816.3445,2514.0,3661.415384615385,20194.0,62.63069544364509,15.966611785427114,87.0
1634,1680003157.7859747,1635,2Item7,2023-03-28 17:02:37.785975,49774.0,14237724.0,388859.375,1680003157824.157,2505.0,3648.307692307692,20194.0,62.63069544364509,15.966611785427114,87.0
1635,1680003157.7937872,1636,2Item7,2023-03-28 17:02:37.793787,49775.0,14237980.0,388867.1875,1680003157831.9695,2506.0,3649.7641025641024,20195.0,62.61067604283203,15.971717017013182,87.0
1636,1680003157.8015995,1637,2Item7,2023-03-28 17:02:37.801600,49776.0,14238236.0,388875.0,1680003157839.782,2522.0,3673.0666666666657,20194.0,62.63069544364509,15.966611785427114,87.0
1637,1680003157.8094122,1638,2Item7,2023-03-28 17:02:37.809412,49777.0,14238492.0,388882.8125,1680003157847.5945,2520.0,3670.1538461538457,20194.0,62.63069544364509,15.966611785427114,87.0
1638,1680003157.8172247,1639,2Item7,2023-03-28 17:02:37.817225,49778.0,14238748.0,388890.625,1680003157855.407,2532.0,3687.6307692307687,20194.0,62.63069544364509,15.966611785427114,87.0
1639,1680003157.8250372,1640,2Item7,2023-03-28 17:02:37.825037,49779.0,14239004.0,388898.4375,1680003157863.2195,2506.0,3649.7641025641024,20196.0,62.59066943601215,15.97682224859925,87.0
1640,1680003157.8328495,1641,2Item7,2023-03-28 17:02:37.832850,49780.0,14239260.0,388906.25,1680003157871.032,2524.0,3675.979487179487,20194.0,62.63069544364509,15.966611785427114,87.0
1641,1680003157.8406622,1642,2Item7,2023-03-28 17:02:37.840662,49781.0,14239516.0,388914.0625,1680003157878.8445,2523.0,3674.5230769230766,20194.0,62.63069544364509,15.966611785427114,87.0
1642,1680003157.8484747,1643,2Item7,2023-03-28 17:02:37.848475,49782.0,14239772.0,388921.875,1680003157886.657,2524.0,3675.979487179487,20194.0,62.63069544364509,15.966611785427114,87.0
1643,1680003157.8562872,1644,2Item7,2023-03-28 17:02:37.856287,49783.0,14240028.0,388929.6875,1680003157894.4695,2510.0,3655.589743589743,20196.0,62.59066943601215,15.97682224859925,87.0
1644,1680003157.8640995,1645,2Item7,2023-03-28 17:02:37.864100,49784.0,14240284.0,388937.5,1680003157902.282,2511.0,3657.0461538461536,20194.0,62.63069544364509,15.966611785427114,87.0
1645,1680003157.8719122,1646,2Item7,2023-03-28 17:02:37.871912,49785.0,14240540.0,388945.3125,1680003157910.0945,2519.0,3668.6974358974353,20194.0,62.63069544364509,15.966611785427114,87.0
1646,1680003157.8797247,1647,2Item7,2023-03-28 17:02:37.879725,49786.0,14240796.0,388953.125,1680003157917.907,2526.0,3678.892307692307,20195.0,62.61067604283203,15.971717017013182,87.0
1647,1680003157.8875372,1648,2Item7,2023-03-28 17:02:37.887537,49787.0,14241052.0,388960.9375,1680003157925.7195,2514.0,3661.415384615385,20195.0,62.61067604283203,15.971717017013182,87.0
1648,1680003157.8953495,1649,2Item7,2023-03-28 17:02:37.895350,49788.0,14241308.0,388968.75,1680003157933.532,2511.0,3657.0461538461536,20194.0,62.63069544364509,15.966611785427114,87.0
1649,1680003157.9031622,1650,2Item7,2023-03-28 17:02:37.903162,49789.0,14241564.0,388976.5625,1680003157941.3445,2497.0,3636.65641025641,20196.0,62.59066943601215,15.97682224859925,87.0
1650,1680003157.9109747,1651,2Item7,2023-03-28 17:02:37.910975,49790.0,14241820.0,388984.375,1680003157949.157,2524.0,3675.979487179487,20194.0,62.63069544364509,15.966611785427114,87.0
1651,1680003157.9187872,1652,2Item7,2023-03-28 17:02:37.918787,49791.0,14242076.0,388992.1875,1680003157956.9695,2513.0,3659.958974358974,20195.0,62.61067604283203,15.971717017013182,87.0
1652,1680003157.9265995,1653,2Item7,2023-03-28 17:02:37.926600,49792.0,14242332.0,389000.0,1680003157964.782,2519.0,3668.6974358974353,20194.0,62.63069544364509,15.966611785427114,87.0
1653,1680003157.9344122,1654,2Item7,2023-03-28 17:02:37.934412,49793.0,14242588.0,389007.8125,1680003157972.5945,2517.0,3665.7846153846153,20194.0,62.63069544364509,15.966611785427114,87.0
1654,1680003157.9422247,1655,2Item7,2023-03-28 17:02:37.942225,49794.0,14242844.0,389015.625,1680003157980.407,2503.0,3645.394871794872,20194.0,62.63069544364509,15.966611785427114,87.0
1655,1680003157.9500372,1656,2Item7,2023-03-28 17:02:37.950037,49795.0,14243100.0,389023.4375,1680003157988.2195,2505.0,3648.307692307692,20195.0,62.61067604283203,15.971717017013182,87.0
1656,1680003157.9578495,1657,2Item7,2023-03-28 17:02:37.957850,49796.0,14243356.0,389031.25,1680003157996.032,2511.0,3657.0461538461536,20195.0,62.61067604283203,15.971717017013182,87.0
1657,1680003157.9656622,1658,2Item7,2023-03-28 17:02:37.965662,49797.0,14243612.0,389039.0625,1680003158003.8445,2524.0,3675.979487179487,20194.0,62.63069544364509,15.966611785427114,87.0
1658,1680003157.9734747,1659,2Item7,2023-03-28 17:02:37.973475,49798.0,14243868.0,389046.875,1680003158011.657,2529.0,3683.2615384615374,20194.0,62.63069544364509,15.966611785427114,87.0
1659,1680003157.9812872,1660,2Item7,2023-03-28 17:02:37.981287,49799.0,14244124.0,389054.6875,1680003158019.4695,2510.0,3655.589743589743,20195.0,62.61067604283203,15.971717017013182,87.0
1660,1680003157.9890995,1661,2Item7,2023-03-28 17:02:37.989100,49800.0,14244380.0,389062.5,1680003158027.282,2522.0,3673.0666666666657,20194.0,62.63069544364509,15.966611785427114,87.0
1661,1680003157.9969122,1662,2Item7,2023-03-28 17:02:37.996912,49801.0,14244636.0,389070.3125,1680003158035.0945,2526.0,3678.892307692307,20194.0,62.63069544364509,15.966611785427114,87.0
1662,1680003158.0047247,1663,2Item7,2023-03-28 17:02:38.004725,49802.0,14244892.0,389078.125,1680003158042.907,2528.0,3681.805128205128,20194.0,62.63069544364509,15.966611785427114,87.0
1663,1680003158.0125372,1664,2Item7,2023-03-28 17:02:38.012537,49803.0,14245148.0,389085.9375,1680003158050.7195,2513.0,3659.958974358974,20195.0,62.61067604283203,15.971717017013182,87.0
1664,1680003158.0203495,1665,2Item7,2023-03-28 17:02:38.020350,49804.0,14245404.0,389093.75,1680003158058.532,2523.0,3674.5230769230766,20194.0,62.63069544364509,15.966611785427114,87.0
1665,1680003158.0281622,1666,2Item7,2023-03-28 17:02:38.028162,49805.0,14245660.0,389101.5625,1680003158066.3445,2523.0,3674.5230769230766,20194.0,62.63069544364509,15.966611785427114,87.0
1666,1680003158.0359747,1667,2Item7,2023-03-28 17:02:38.035975,49806.0,14245916.0,389109.375,1680003158074.157,2522.0,3673.0666666666657,20194.0,62.63069544364509,15.966611785427114,87.0
1667,1680003158.0437872,1668,2Item7,2023-03-28 17:02:38.043787,49807.0,14246172.0,389117.1875,1680003158081.9695,2508.0,3652.6769230769214,20195.0,62.61067604283203,15.971717017013182,87.0
1668,1680003158.0515995,1669,2Item7,2023-03-28 17:02:38.051600,49808.0,14246428.0,389125.0,1680003158089.782,2522.0,3673.0666666666657,20193.0,62.650727650727646,15.961506553841048,87.0
1669,1680003158.0594122,1670,2Item7,2023-03-28 17:02:38.059412,49809.0,14246684.0,389132.8125,1680003158097.5945,2525.0,3677.4358974358975,20193.0,62.650727650727646,15.961506553841048,87.0
1670,1680003158.0672247,1671,2Item7,2023-03-28 17:02:38.067225,49810.0,14246940.0,389140.625,1680003158105.407,2523.0,3674.5230769230766,20193.0,62.650727650727646,15.961506553841048,87.0
1671,1680003158.0750372,1672,2Item7,2023-03-28 17:02:38.075037,49811.0,14247196.0,389148.4375,1680003158113.2195,2517.0,3665.7846153846153,20195.0,62.61067604283203,15.971717017013182,87.0
1672,1680003158.0828495,1673,2Item7,2023-03-28 17:02:38.082850,49812.0,14247452.0,389156.25,1680003158121.032,2519.0,3668.6974358974353,20194.0,62.63069544364509,15.966611785427114,87.0
1673,1680003158.0906622,1674,2Item7,2023-03-28 17:02:38.090662,49813.0,14247708.0,389164.0625,1680003158128.8445,2520.0,3670.1538461538457,20193.0,62.650727650727646,15.961506553841048,87.0
1674,1680003158.0984747,1675,2Item7,2023-03-28 17:02:38.098475,49814.0,14247964.0,389171.875,1680003158136.657,2524.0,3675.979487179487,20194.0,62.63069544364509,15.966611785427114,87.0
1675,1680003158.1062872,1676,2Item7,2023-03-28 17:02:38.106287,49815.0,14248220.0,389179.6875,1680003158144.4695,2504.0,3646.8512820512815,20195.0,62.61067604283203,15.971717017013182,87.0
1676,1680003158.1140995,1677,2Item7,2023-03-28 17:02:38.114100,49816.0,14248476.0,389187.5,1680003158152.282,2520.0,3670.1538461538457,20193.0,62.650727650727646,15.961506553841048,87.0
1677,1680003158.1219122,1678,2Item7,2023-03-28 17:02:38.121912,49817.0,14248732.0,389195.3125,1680003158160.0945,2515.0,3662.8717948717945,20193.0,62.650727650727646,15.961506553841048,87.0
1678,1680003158.1297247,1679,2Item7,2023-03-28 17:02:38.129725,49818.0,14248988.0,389203.125,1680003158167.907,2521.0,3671.610256410256,20193.0,62.650727650727646,15.961506553841048,87.0
1679,1680003158.1375372,1680,2Item7,2023-03-28 17:02:38.137537,49819.0,14249244.0,389210.9375,1680003158175.7195,2509.0,3654.1333333333328,20195.0,62.61067604283203,15.971717017013182,87.0
1680,1680003158.1453495,1681,2Item7,2023-03-28 17:02:38.145350,49820.0,14249500.0,389218.75,1680003158183.532,2518.0,3667.2410256410258,20193.0,62.650727650727646,15.961506553841048,87.0
1681,1680003158.1531622,1682,2Item7,2023-03-28 17:02:38.153162,49821.0,14249756.0,389226.5625,1680003158191.3445,2520.0,3670.1538461538457,20194.0,62.63069544364509,15.966611785427114,87.0
1682,1680003158.1609747,1683,2Item7,2023-03-28 17:02:38.160975,49822.0,14250012.0,389234.375,1680003158199.157,2522.0,3673.0666666666657,20194.0,62.63069544364509,15.966611785427114,87.0
1683,1680003158.1687872,1684,2Item7,2023-03-28 17:02:38.168787,49823.0,14250268.0,389242.1875,1680003158206.9695,2507.0,3651.220512820513,20195.0,62.61067604283203,15.971717017013182,87.0
1684,1680003158.1765995,1685,2Item7,2023-03-28 17:02:38.176600,49824.0,14250524.0,389250.0,1680003158214.782,2506.0,3649.7641025641024,20193.0,62.650727650727646,15.961506553841048,87.0
1685,1680003158.1844122,1686,2Item7,2023-03-28 17:02:38.184412,49825.0,14250780.0,389257.8125,1680003158222.5945,2531.0,3686.174358974359,20194.0,62.63069544364509,15.966611785427114,87.0
1686,1680003158.1922247,1687,2Item7,2023-03-28 17:02:38.192225,49826.0,14251036.0,389265.625,1680003158230.407,2520.0,3670.1538461538457,20194.0,62.63069544364509,15.966611785427114,87.0
1687,1680003158.2000372,1688,2Item7,2023-03-28 17:02:38.200037,49827.0,14251292.0,389273.4375,1680003158238.2195,2514.0,3661.415384615385,20194.0,62.63069544364509,15.966611785427114,87.0
1688,1680003158.2078495,1689,2Item7,2023-03-28 17:02:38.207850,49828.0,14251548.0,389281.25,1680003158246.032,2519.0,3668.6974358974353,20193.0,62.650727650727646,15.961506553841048,87.0
1689,1680003158.2156622,1690,2Item7,2023-03-28 17:02:38.215662,49829.0,14251804.0,389289.0625,1680003158253.8445,2529.0,3683.2615384615374,20193.0,62.650727650727646,15.961506553841048,87.0
1690,1680003158.2234747,1691,2Item7,2023-03-28 17:02:38.223475,49830.0,14252060.0,389296.875,1680003158261.657,2522.0,3673.0666666666657,20193.0,62.650727650727646,15.961506553841048,87.0
1691,1680003158.2312872,1692,2Item7,2023-03-28 17:02:38.231287,49831.0,14252316.0,389304.6875,1680003158269.4695,2504.0,3646.8512820512815,20194.0,62.63069544364509,15.966611785427114,87.0
1692,1680003158.2390995,1693,2Item7,2023-03-28 17:02:38.239100,49832.0,14252572.0,389312.5,1680003158277.282,2515.0,3662.8717948717945,20193.0,62.650727650727646,15.961506553841048,87.0
1693,1680003158.2469122,1694,2Item7,2023-03-28 17:02:38.246912,49833.0,14252828.0,389320.3125,1680003158285.0945,2525.0,3677.4358974358975,20193.0,62.650727650727646,15.961506553841048,87.0
1694,1680003158.2547247,1695,2Item7,2023-03-28 17:02:38.254725,49834.0,14253084.0,389328.125,1680003158292.907,2524.0,3675.979487179487,20193.0,62.650727650727646,15.961506553841048,87.0
1695,1680003158.2625372,1696,2Item7,2023-03-28 17:02:38.262537,49835.0,14253340.0,389335.9375,1680003158300.7195,2517.0,3665.7846153846153,20194.0,62.63069544364509,15.966611785427114,87.0
1696,1680003158.2703495,1697,2Item7,2023-03-28 17:02:38.270350,49836.0,14253596.0,389343.75,1680003158308.532,2516.0,3664.328205128205,20192.0,62.670772676371776,15.95640132225498,87.0
1697,1680003158.2781622,1698,2Item7,2023-03-28 17:02:38.278162,49837.0,14253852.0,389351.5625,1680003158316.3445,2527.0,3680.348717948717,20193.0,62.650727650727646,15.961506553841048,87.0
1698,1680003158.2859747,1699,2Item7,2023-03-28 17:02:38.285975,49838.0,14254108.0,389359.375,1680003158324.157,2525.0,3677.4358974358975,20192.0,62.670772676371776,15.95640132225498,87.0
1699,1680003158.2937872,1700,2Item7,2023-03-28 17:02:38.293787,49839.0,14254364.0,389367.1875,1680003158331.9695,2513.0,3659.958974358974,20194.0,62.63069544364509,15.966611785427114,87.0
1700,1680003158.3015995,1701,2Item7,2023-03-28 17:02:38.301600,49840.0,14254620.0,389375.0,1680003158339.782,2525.0,3677.4358974358975,20193.0,62.650727650727646,15.961506553841048,87.0
1701,1680003158.3094122,1702,2Item7,2023-03-28 17:02:38.309412,49841.0,14254876.0,389382.8125,1680003158347.5945,2526.0,3678.892307692307,20192.0,62.670772676371776,15.95640132225498,87.0
1702,1680003158.3172247,1703,2Item7,2023-03-28 17:02:38.317225,49842.0,14255132.0,389390.625,1680003158355.407,2523.0,3674.5230769230766,20193.0,62.650727650727646,15.961506553841048,87.0
1703,1680003158.3250372,1704,2Item7,2023-03-28 17:02:38.325037,49843.0,14255388.0,389398.4375,1680003158363.2195,2504.0,3646.8512820512815,20193.0,62.650727650727646,15.961506553841048,87.0
1704,1680003158.3328495,1705,2Item7,2023-03-28 17:02:38.332850,49844.0,14255644.0,389406.25,1680003158371.032,2525.0,3677.4358974358975,20192.0,62.670772676371776,15.95640132225498,87.0
1705,1680003158.3406622,1706,2Item7,2023-03-28 17:02:38.340662,49845.0,14255900.0,389414.0625,1680003158378.8445,2523.0,3674.5230769230766,20192.0,62.670772676371776,15.95640132225498,87.0
1706,1680003158.3484747,1707,2Item7,2023-03-28 17:02:38.348475,49846.0,14256156.0,389421.875,1680003158386.657,2528.0,3681.805128205128,20192.0,62.670772676371776,15.95640132225498,87.0
1707,1680003158.3562872,1708,2Item7,2023-03-28 17:02:38.356287,49847.0,14256412.0,389429.6875,1680003158394.4695,2509.0,3654.1333333333328,20192.0,62.670772676371776,15.95640132225498,87.0
1708,1680003158.3640995,1709,2Item7,2023-03-28 17:02:38.364100,49848.0,14256668.0,389437.5,1680003158402.282,2521.0,3671.610256410256,20192.0,62.670772676371776,15.95640132225498,87.0
1709,1680003158.3719122,1710,2Item7,2023-03-28 17:02:38.371912,49849.0,14256924.0,389445.3125,1680003158410.0945,2526.0,3678.892307692307,20192.0,62.670772676371776,15.95640132225498,87.0
1710,1680003158.3797247,1711,2Item7,2023-03-28 17:02:38.379725,49850.0,14257180.0,389453.125,1680003158417.907,2517.0,3665.7846153846153,20192.0,62.670772676371776,15.95640132225498,87.0
1711,1680003158.3875372,1712,2Item7,2023-03-28 17:02:38.387537,49851.0,14257436.0,389460.9375,1680003158425.7195,2512.0,3658.502564102564,20194.0,62.63069544364509,15.966611785427114,87.0
1712,1680003158.3953495,1713,2Item7,2023-03-28 17:02:38.395350,49852.0,14257692.0,389468.75,1680003158433.532,2518.0,3667.2410256410258,20192.0,62.670772676371776,15.95640132225498,87.0
1713,1680003158.4031622,1714,2Item7,2023-03-28 17:02:38.403162,49853.0,14257948.0,389476.5625,1680003158441.3445,2522.0,3673.0666666666657,20191.0,62.69083053288527,15.951296090668912,87.0
1714,1680003158.4109747,1715,2Item7,2023-03-28 17:02:38.410975,49854.0,14258204.0,389484.375,1680003158449.157,2521.0,3671.610256410256,20192.0,62.670772676371776,15.95640132225498,87.0
1715,1680003158.4187872,1716,2Item7,2023-03-28 17:02:38.418787,49855.0,14258460.0,389492.1875,1680003158456.9695,2514.0,3661.415384615385,20192.0,62.670772676371776,15.95640132225498,87.0
1716,1680003158.4265995,1717,2Item7,2023-03-28 17:02:38.426600,49856.0,14258716.0,389500.0,1680003158464.782,2514.0,3661.415384615385,20191.0,62.69083053288527,15.951296090668912,87.0
1717,1680003158.4344122,1718,2Item7,2023-03-28 17:02:38.434412,49857.0,14258972.0,389507.8125,1680003158472.5945,2523.0,3674.5230769230766,20191.0,62.69083053288527,15.951296090668912,87.0
1718,1680003158.4422247,1719,2Item7,2023-03-28 17:02:38.442225,49858.0,14259228.0,389515.625,1680003158480.407,2523.0,3674.5230769230766,20191.0,62.69083053288527,15.951296090668912,87.0
1719,1680003158.4500372,1720,2Item7,2023-03-28 17:02:38.450037,49859.0,14259484.0,389523.4375,1680003158488.2195,2508.0,3652.6769230769214,20192.0,62.670772676371776,15.95640132225498,87.0
1720,1680003158.4578495,1721,2Item7,2023-03-28 17:02:38.457850,49860.0,14259740.0,389531.25,1680003158496.032,2524.0,3675.979487179487,20191.0,62.69083053288527,15.951296090668912,87.0
1721,1680003158.4656622,1722,2Item7,2023-03-28 17:02:38.465662,49861.0,14259996.0,389539.0625,1680003158503.8445,2521.0,3671.610256410256,20191.0,62.69083053288527,15.951296090668912,87.0
1722,1680003158.4734747,1723,2Item7,2023-03-28 17:02:38.473475,49862.0,14260252.0,389546.875,1680003158511.657,2530.0,3684.717948717948,20190.0,62.71090123259166,15.946190859082842,87.0
1723,1680003158.4812872,1724,2Item7,2023-03-28 17:02:38.481287,49863.0,14260508.0,389554.6875,1680003158519.4695,2506.0,3649.7641025641024,20192.0,62.670772676371776,15.95640132225498,87.0
1724,1680003158.4890995,1725,2Item7,2023-03-28 17:02:38.489100,49864.0,14260764.0,389562.5,1680003158527.282,2521.0,3671.610256410256,20190.0,62.71090123259166,15.946190859082842,87.0
1725,1680003158.4969122,1726,2Item7,2023-03-28 17:02:38.496912,49865.0,14261020.0,389570.3125,1680003158535.0945,2499.0,3639.569230769231,20193.0,62.650727650727646,15.961506553841048,87.0
1726,1680003158.5047247,1727,2Item7,2023-03-28 17:02:38.504725,49866.0,14261276.0,389578.125,1680003158542.907,2524.0,3675.979487179487,20190.0,62.71090123259166,15.946190859082842,87.0
1727,1680003158.5125372,1728,2Item7,2023-03-28 17:02:38.512537,49867.0,14261532.0,389585.9375,1680003158550.7195,2510.0,3655.589743589743,20191.0,62.69083053288527,15.951296090668912,87.0
1728,1680003158.5203495,1729,2Item7,2023-03-28 17:02:38.520350,49868.0,14261788.0,389593.75,1680003158558.532,2509.0,3654.1333333333328,20191.0,62.69083053288527,15.951296090668912,87.0
1729,1680003158.5281622,1730,2Item7,2023-03-28 17:02:38.528162,49869.0,14262044.0,389601.5625,1680003158566.3445,2521.0,3671.610256410256,20189.0,62.730984787830266,15.941085627496776,87.0
1730,1680003158.5359747,1731,2Item7,2023-03-28 17:02:38.535975,49870.0,14262300.0,389609.375,1680003158574.157,2524.0,3675.979487179487,20189.0,62.730984787830266,15.941085627496776,87.0
1731,1680003158.5437872,1732,2Item7,2023-03-28 17:02:38.543787,49871.0,14262556.0,389617.1875,1680003158581.9695,2516.0,3664.328205128205,20190.0,62.71090123259166,15.946190859082842,87.0
1732,1680003158.5515995,1733,2Item7,2023-03-28 17:02:38.551600,49872.0,14262812.0,389625.0,1680003158589.782,2525.0,3677.4358974358975,20189.0,62.730984787830266,15.941085627496776,87.0
1733,1680003158.5594122,1734,2Item7,2023-03-28 17:02:38.559412,49873.0,14263068.0,389632.8125,1680003158597.5945,2513.0,3659.958974358974,20189.0,62.730984787830266,15.941085627496776,87.0
1734,1680003158.5672247,1735,2Item7,2023-03-28 17:02:38.567225,49874.0,14263324.0,389640.625,1680003158605.407,2529.0,3683.2615384615374,20189.0,62.730984787830266,15.941085627496776,87.0
1735,1680003158.5750372,1736,2Item7,2023-03-28 17:02:38.575037,49875.0,14263580.0,389648.4375,1680003158613.2195,2514.0,3661.415384615385,20190.0,62.71090123259166,15.946190859082842,87.0
1736,1680003158.5828495,1737,2Item7,2023-03-28 17:02:38.582850,49876.0,14263836.0,389656.25,1680003158621.032,2526.0,3678.892307692307,20189.0,62.730984787830266,15.941085627496776,87.0
1737,1680003158.5906622,1738,2Item7,2023-03-28 17:02:38.590662,49877.0,14264092.0,389664.0625,1680003158628.8445,2513.0,3659.958974358974,20188.0,62.75108121095627,15.935980395910708,87.0
1738,1680003158.5984747,1739,2Item7,2023-03-28 17:02:38.598475,49878.0,14264348.0,389671.875,1680003158636.657,2523.0,3674.5230769230766,20188.0,62.75108121095627,15.935980395910708,87.0
1739,1680003158.6062872,1740,2Item7,2023-03-28 17:02:38.606287,49879.0,14264604.0,389679.6875,1680003158644.4695,2513.0,3659.958974358974,20188.0,62.75108121095627,15.935980395910708,87.0
1740,1680003158.6140995,1741,2Item7,2023-03-28 17:02:38.614100,49880.0,14264860.0,389687.5,1680003158652.282,2515.0,3662.8717948717945,20188.0,62.75108121095627,15.935980395910708,87.0
1741,1680003158.6219122,1742,2Item7,2023-03-28 17:02:38.621912,49881.0,14265116.0,389695.3125,1680003158660.0945,2526.0,3678.892307692307,20187.0,62.771190514340645,15.93087516432464,87.0
1742,1680003158.6297247,1743,2Item7,2023-03-28 17:02:38.629725,49882.0,14265372.0,389703.125,1680003158667.907,2523.0,3674.5230769230766,20188.0,62.75108121095627,15.935980395910708,87.0
1743,1680003158.6375372,1744,2Item7,2023-03-28 17:02:38.637537,49883.0,14265628.0,389710.9375,1680003158675.7195,2507.0,3651.220512820513,20188.0,62.75108121095627,15.935980395910708,87.0
1744,1680003158.6453495,1745,2Item7,2023-03-28 17:02:38.645350,49884.0,14265884.0,389718.75,1680003158683.532,2516.0,3664.328205128205,20187.0,62.771190514340645,15.93087516432464,87.0
1745,1680003158.6531622,1746,2Item7,2023-03-28 17:02:38.653162,49885.0,14266140.0,389726.5625,1680003158691.3445,2520.0,3670.1538461538457,20187.0,62.771190514340645,15.93087516432464,87.0
1746,1680003158.6609747,1747,2Item7,2023-03-28 17:02:38.660975,49886.0,14266396.0,389734.375,1680003158699.157,2518.0,3667.2410256410258,20188.0,62.75108121095627,15.935980395910708,87.0
1747,1680003158.6687872,1748,2Item7,2023-03-28 17:02:38.668787,49887.0,14266652.0,389742.1875,1680003158706.9695,2509.0,3654.1333333333328,20188.0,62.75108121095627,15.935980395910708,87.0
1748,1680003158.6765995,1749,2Item7,2023-03-28 17:02:38.676600,49888.0,14266908.0,389750.0,1680003158714.782,2526.0,3678.892307692307,20186.0,62.791312710370256,15.925769932738572,87.0
1749,1680003158.6844122,1750,2Item7,2023-03-28 17:02:38.684412,49889.0,14267164.0,389757.8125,1680003158722.5945,2522.0,3673.0666666666657,20186.0,62.791312710370256,15.925769932738572,87.0
1750,1680003158.6922247,1751,2Item7,2023-03-28 17:02:38.692225,49890.0,14267420.0,389765.625,1680003158730.407,2525.0,3677.4358974358975,20187.0,62.771190514340645,15.93087516432464,87.0
1751,1680003158.7000372,1752,2Item7,2023-03-28 17:02:38.700037,49891.0,14267676.0,389773.4375,1680003158738.2195,2516.0,3664.328205128205,20188.0,62.75108121095627,15.935980395910708,87.0
1752,1680003158.7078495,1753,2Item7,2023-03-28 17:02:38.707850,49892.0,14267932.0,389781.25,1680003158746.032,2522.0,3673.0666666666657,20186.0,62.791312710370256,15.925769932738572,87.0
1753,1680003158.7156622,1754,2Item7,2023-03-28 17:02:38.715662,49893.0,14268188.0,389789.0625,1680003158753.8445,2523.0,3674.5230769230766,20186.0,62.791312710370256,15.925769932738572,87.0
1754,1680003158.7234747,1755,2Item7,2023-03-28 17:02:38.723475,49894.0,14268444.0,389796.875,1680003158761.657,2522.0,3673.0666666666657,20186.0,62.791312710370256,15.925769932738572,87.0
1755,1680003158.7312872,1756,2Item7,2023-03-28 17:02:38.731287,49895.0,14268700.0,389804.6875,1680003158769.4695,2509.0,3654.1333333333328,20188.0,62.75108121095627,15.935980395910708,87.0
1756,1680003158.7390995,1757,2Item7,2023-03-28 17:02:38.739100,49896.0,14268956.0,389812.5,1680003158777.282,2525.0,3677.4358974358975,20186.0,62.791312710370256,15.925769932738572,87.0
1757,1680003158.7469122,1758,2Item7,2023-03-28 17:02:38.746912,49897.0,14269212.0,389820.3125,1680003158785.0945,2524.0,3675.979487179487,20186.0,62.791312710370256,15.925769932738572,87.0
1758,1680003158.7547247,1759,2Item7,2023-03-28 17:02:38.754725,49898.0,14269468.0,389828.125,1680003158792.907,2520.0,3670.1538461538457,20186.0,62.791312710370256,15.925769932738572,87.0
1759,1680003158.7625372,1760,2Item7,2023-03-28 17:02:38.762537,49899.0,14269724.0,389835.9375,1680003158800.7195,2507.0,3651.220512820513,20187.0,62.771190514340645,15.93087516432464,87.0
1760,1680003158.7703495,1761,2Item7,2023-03-28 17:02:38.770350,49900.0,14269980.0,389843.75,1680003158808.532,2523.0,3674.5230769230766,20185.0,62.811447811447806,15.920664701152504,87.0
1761,1680003158.7781622,1762,2Item7,2023-03-28 17:02:38.778162,49901.0,14270236.0,389851.5625,1680003158816.3445,2519.0,3668.6974358974353,20185.0,62.811447811447806,15.920664701152504,87.0
1762,1680003158.7859747,1763,2Item7,2023-03-28 17:02:38.785975,49902.0,14270492.0,389859.375,1680003158824.157,2525.0,3677.4358974358975,20185.0,62.811447811447806,15.920664701152504,87.0
1763,1680003158.7937872,1764,2Item7,2023-03-28 17:02:38.793787,49903.0,14270748.0,389867.1875,1680003158831.9695,2506.0,3649.7641025641024,20186.0,62.791312710370256,15.925769932738572,87.0
1764,1680003158.8015995,1765,2Item7,2023-03-28 17:02:38.801600,49904.0,14271004.0,389875.0,1680003158839.782,2522.0,3673.0666666666657,20186.0,62.791312710370256,15.925769932738572,87.0
1765,1680003158.8094122,1766,2Item7,2023-03-28 17:02:38.809412,49905.0,14271260.0,389882.8125,1680003158847.5945,2526.0,3678.892307692307,20185.0,62.811447811447806,15.920664701152504,87.0
1766,1680003158.8172247,1767,2Item7,2023-03-28 17:02:38.817225,49906.0,14271516.0,389890.625,1680003158855.407,2520.0,3670.1538461538457,20185.0,62.811447811447806,15.920664701152504,87.0
1767,1680003158.8250372,1768,2Item7,2023-03-28 17:02:38.825037,49907.0,14271772.0,389898.4375,1680003158863.2195,2507.0,3651.220512820513,20186.0,62.791312710370256,15.925769932738572,87.0
1768,1680003158.8328495,1769,2Item7,2023-03-28 17:02:38.832850,49908.0,14272028.0,389906.25,1680003158871.032,2516.0,3664.328205128205,20184.0,62.83159582999198,15.915559469566436,87.0
1769,1680003158.8406622,1770,2Item7,2023-03-28 17:02:38.840662,49909.0,14272284.0,389914.0625,1680003158878.8445,2525.0,3677.4358974358975,20185.0,62.811447811447806,15.920664701152504,87.0
1770,1680003158.8484747,1771,2Item7,2023-03-28 17:02:38.848475,49910.0,14272540.0,389921.875,1680003158886.657,2501.0,3642.48205128205,20184.0,62.83159582999198,15.915559469566436,87.0
1771,1680003158.8562872,1772,2Item7,2023-03-28 17:02:38.856287,49911.0,14272796.0,389929.6875,1680003158894.4695,2511.0,3657.0461538461536,20186.0,62.791312710370256,15.925769932738572,87.0
1772,1680003158.8640995,1773,2Item7,2023-03-28 17:02:38.864100,49912.0,14273052.0,389937.5,1680003158902.282,2524.0,3675.979487179487,20185.0,62.811447811447806,15.920664701152504,87.0
1773,1680003158.8719122,1774,2Item7,2023-03-28 17:02:38.871912,49913.0,14273308.0,389945.3125,1680003158910.0945,2519.0,3668.6974358974353,20184.0,62.83159582999198,15.915559469566436,87.0
1774,1680003158.8797247,1775,2Item7,2023-03-28 17:02:38.879725,49914.0,14273564.0,389953.125,1680003158917.907,2528.0,3681.805128205128,20185.0,62.811447811447806,15.920664701152504,87.0
1775,1680003158.8875372,1776,2Item7,2023-03-28 17:02:38.887537,49915.0,14273820.0,389960.9375,1680003158925.7195,2516.0,3664.328205128205,20186.0,62.791312710370256,15.925769932738572,87.0
1776,1680003158.8953495,1777,2Item7,2023-03-28 17:02:38.895350,49916.0,14274076.0,389968.75,1680003158933.532,2520.0,3670.1538461538457,20185.0,62.811447811447806,15.920664701152504,87.0
1777,1680003158.9031622,1778,2Item7,2023-03-28 17:02:38.903162,49917.0,14274332.0,389976.5625,1680003158941.3445,2500.0,3641.0256410256407,20187.0,62.771190514340645,15.93087516432464,87.0
1778,1680003158.9109747,1779,2Item7,2023-03-28 17:02:38.910975,49918.0,14274588.0,389984.375,1680003158949.157,2525.0,3677.4358974358975,20185.0,62.811447811447806,15.920664701152504,87.0
1779,1680003158.9187872,1780,2Item7,2023-03-28 17:02:38.918787,49919.0,14274844.0,389992.1875,1680003158956.9695,2514.0,3661.415384615385,20186.0,62.791312710370256,15.925769932738572,87.0
1780,1680003158.9265995,1781,2Item7,2023-03-28 17:02:38.926600,49920.0,14275100.0,390000.0,1680003158964.782,2518.0,3667.2410256410258,20185.0,62.811447811447806,15.920664701152504,87.0
1781,1680003158.9344122,1782,2Item7,2023-03-28 17:02:38.934412,49921.0,14275356.0,390007.8125,1680003158972.5945,2524.0,3675.979487179487,20185.0,62.811447811447806,15.920664701152504,87.0
1782,1680003158.9422247,1783,2Item7,2023-03-28 17:02:38.942225,49922.0,14275612.0,390015.625,1680003158980.407,2499.0,3639.569230769231,20184.0,62.83159582999198,15.915559469566436,87.0
1783,1680003158.9500372,1784,2Item7,2023-03-28 17:02:38.950037,49923.0,14275868.0,390023.4375,1680003158988.2195,2514.0,3661.415384615385,20186.0,62.791312710370256,15.925769932738572,87.0
1784,1680003158.9578495,1785,2Item7,2023-03-28 17:02:38.957850,49924.0,14276124.0,390031.25,1680003158996.032,2520.0,3670.1538461538457,20185.0,62.811447811447806,15.920664701152504,87.0
1785,1680003158.9656622,1786,2Item7,2023-03-28 17:02:38.965662,49925.0,14276380.0,390039.0625,1680003159003.8445,2503.0,3645.394871794872,20187.0,62.771190514340645,15.93087516432464,87.0
1786,1680003158.9734747,1787,2Item7,2023-03-28 17:02:38.973475,49926.0,14276636.0,390046.875,1680003159011.657,2524.0,3675.979487179487,20185.0,62.811447811447806,15.920664701152504,87.0
1787,1680003158.9812872,1788,2Item7,2023-03-28 17:02:38.981287,49927.0,14276892.0,390054.6875,1680003159019.4695,2510.0,3655.589743589743,20186.0,62.791312710370256,15.925769932738572,87.0
1788,1680003158.9890995,1789,2Item7,2023-03-28 17:02:38.989100,49928.0,14277148.0,390062.5,1680003159027.282,2524.0,3675.979487179487,20185.0,62.811447811447806,15.920664701152504,87.0
1789,1680003158.9969122,1790,2Item7,2023-03-28 17:02:38.996912,49929.0,14277404.0,390070.3125,1680003159035.0945,2491.0,3627.917948717949,20187.0,62.771190514340645,15.93087516432464,87.0
1790,1680003159.0047247,1791,2Item7,2023-03-28 17:02:39.004725,49930.0,14277660.0,390078.125,1680003159042.907,2524.0,3675.979487179487,20186.0,62.791312710370256,15.925769932738572,87.0
1791,1680003159.0125372,1792,2Item7,2023-03-28 17:02:39.012537,49931.0,14277916.0,390085.9375,1680003159050.7195,2505.0,3648.307692307692,20186.0,62.791312710370256,15.925769932738572,87.0
1792,1680003159.0203495,1793,2Item7,2023-03-28 17:02:39.020350,49932.0,14278172.0,390093.75,1680003159058.532,2522.0,3673.0666666666657,20185.0,62.811447811447806,15.920664701152504,87.0
1793,1680003159.0281622,1794,2Item7,2023-03-28 17:02:39.028162,49933.0,14278428.0,390101.5625,1680003159066.3445,2527.0,3680.348717948717,20185.0,62.811447811447806,15.920664701152504,87.0
1794,1680003159.0359747,1795,2Item7,2023-03-28 17:02:39.035975,49934.0,14278684.0,390109.375,1680003159074.157,2520.0,3670.1538461538457,20187.0,62.771190514340645,15.93087516432464,87.0
1795,1680003159.0437872,1796,2Item7,2023-03-28 17:02:39.043787,49935.0,14278940.0,390117.1875,1680003159081.9695,2513.0,3659.958974358974,20187.0,62.771190514340645,15.93087516432464,87.0
1796,1680003159.0515995,1797,2Item7,2023-03-28 17:02:39.051600,49936.0,14279196.0,390125.0,1680003159089.782,2513.0,3659.958974358974,20186.0,62.791312710370256,15.925769932738572,87.0
1797,1680003159.0594122,1798,2Item7,2023-03-28 17:02:39.059412,49937.0,14279452.0,390132.8125,1680003159097.5945,2526.0,3678.892307692307,20185.0,62.811447811447806,15.920664701152504,87.0
1798,1680003159.0672247,1799,2Item7,2023-03-28 17:02:39.067225,49938.0,14279708.0,390140.625,1680003159105.407,2524.0,3675.979487179487,20186.0,62.791312710370256,15.925769932738572,87.0
1799,1680003159.0750372,1800,2Item7,2023-03-28 17:02:39.075037,49939.0,14279964.0,390148.4375,1680003159113.2195,2506.0,3649.7641025641024,20188.0,62.75108121095627,15.935980395910708,87.0
1800,1680003159.0828495,1801,2Item7,2023-03-28 17:02:39.082850,49940.0,14280220.0,390156.25,1680003159121.032,2516.0,3664.328205128205,20188.0,62.75108121095627,15.935980395910708,87.0
1801,1680003159.0906622,1802,2Item7,2023-03-28 17:02:39.090662,49941.0,14280476.0,390164.0625,1680003159128.8445,2527.0,3680.348717948717,20186.0,62.791312710370256,15.925769932738572,87.0
1802,1680003159.0984747,1803,2Item7,2023-03-28 17:02:39.098475,49942.0,14280732.0,390171.875,1680003159136.657,2526.0,3678.892307692307,20186.0,62.791312710370256,15.925769932738572,87.0
1803,1680003159.1062872,1804,2Item7,2023-03-28 17:02:39.106287,49943.0,14280988.0,390179.6875,1680003159144.4695,2512.0,3658.502564102564,20188.0,62.75108121095627,15.935980395910708,87.0
1804,1680003159.1140995,1805,2Item7,2023-03-28 17:02:39.114100,49944.0,14281244.0,390187.5,1680003159152.282,2511.0,3657.0461538461536,20186.0,62.791312710370256,15.925769932738572,87.0
1805,1680003159.1219122,1806,2Item7,2023-03-28 17:02:39.121912,49945.0,14281500.0,390195.3125,1680003159160.0945,2500.0,3641.0256410256407,20189.0,62.730984787830266,15.941085627496776,87.0
1806,1680003159.1297247,1807,2Item7,2023-03-28 17:02:39.129725,49946.0,14281756.0,390203.125,1680003159167.907,2529.0,3683.2615384615374,20187.0,62.771190514340645,15.93087516432464,87.0
1807,1680003159.1375372,1808,2Item7,2023-03-28 17:02:39.137537,49947.0,14282012.0,390210.9375,1680003159175.7195,2511.0,3657.0461538461536,20188.0,62.75108121095627,15.935980395910708,87.0
1808,1680003159.1453495,1809,2Item7,2023-03-28 17:02:39.145350,49948.0,14282268.0,390218.75,1680003159183.532,2516.0,3664.328205128205,20187.0,62.771190514340645,15.93087516432464,87.0
1809,1680003159.1531622,1810,2Item7,2023-03-28 17:02:39.153162,49949.0,14282524.0,390226.5625,1680003159191.3445,2498.0,3638.11282051282,20189.0,62.730984787830266,15.941085627496776,87.0
1810,1680003159.1609747,1811,2Item7,2023-03-28 17:02:39.160975,49950.0,14282780.0,390234.375,1680003159199.157,2520.0,3670.1538461538457,20187.0,62.771190514340645,15.93087516432464,87.0
1811,1680003159.1687872,1812,2Item7,2023-03-28 17:02:39.168787,49951.0,14283036.0,390242.1875,1680003159206.9695,2516.0,3664.328205128205,20189.0,62.730984787830266,15.941085627496776,87.0
1812,1680003159.1765995,1813,2Item7,2023-03-28 17:02:39.176600,49952.0,14283292.0,390250.0,1680003159214.782,2518.0,3667.2410256410258,20187.0,62.771190514340645,15.93087516432464,87.0
1813,1680003159.1844122,1814,2Item7,2023-03-28 17:02:39.184412,49953.0,14283548.0,390257.8125,1680003159222.5945,2519.0,3668.6974358974353,20187.0,62.771190514340645,15.93087516432464,87.0
1814,1680003159.1922247,1815,2Item7,2023-03-28 17:02:39.192225,49954.0,14283804.0,390265.625,1680003159230.407,2525.0,3677.4358974358975,20187.0,62.771190514340645,15.93087516432464,87.0
1815,1680003159.2000372,1816,2Item7,2023-03-28 17:02:39.200037,49955.0,14284060.0,390273.4375,1680003159238.2195,2515.0,3662.8717948717945,20189.0,62.730984787830266,15.941085627496776,87.0
1816,1680003159.2078495,1817,2Item7,2023-03-28 17:02:39.207850,49956.0,14284316.0,390281.25,1680003159246.032,2516.0,3664.328205128205,20188.0,62.75108121095627,15.935980395910708,87.0
1817,1680003159.2156622,1818,2Item7,2023-03-28 17:02:39.215662,49957.0,14284572.0,390289.0625,1680003159253.8445,2525.0,3677.4358974358975,20188.0,62.75108121095627,15.935980395910708,87.0
1818,1680003159.2234747,1819,2Item7,2023-03-28 17:02:39.223475,49958.0,14284828.0,390296.875,1680003159261.657,2521.0,3671.610256410256,20189.0,62.730984787830266,15.941085627496776,87.0
1819,1680003159.2312872,1820,2Item7,2023-03-28 17:02:39.231287,49959.0,14285084.0,390304.6875,1680003159269.4695,2508.0,3652.6769230769214,20189.0,62.730984787830266,15.941085627496776,87.0
1820,1680003159.2390995,1821,2Item7,2023-03-28 17:02:39.239100,49960.0,14285340.0,390312.5,1680003159277.282,2526.0,3678.892307692307,20188.0,62.75108121095627,15.935980395910708,87.0
1821,1680003159.2469122,1822,2Item7,2023-03-28 17:02:39.246912,49961.0,14285596.0,390320.3125,1680003159285.0945,2527.0,3680.348717948717,20187.0,62.771190514340645,15.93087516432464,87.0
1822,1680003159.2547247,1823,2Item7,2023-03-28 17:02:39.254725,49962.0,14285852.0,390328.125,1680003159292.907,2530.0,3684.717948717948,20188.0,62.75108121095627,15.935980395910708,87.0
1823,1680003159.2625372,1824,2Item7,2023-03-28 17:02:39.262537,49963.0,14286108.0,390335.9375,1680003159300.7195,2503.0,3645.394871794872,20189.0,62.730984787830266,15.941085627496776,87.0
1824,1680003159.2703495,1825,2Item7,2023-03-28 17:02:39.270350,49964.0,14286364.0,390343.75,1680003159308.532,2510.0,3655.589743589743,20190.0,62.71090123259166,15.946190859082842,87.0
1825,1680003159.2781622,1826,2Item7,2023-03-28 17:02:39.278162,49965.0,14286620.0,390351.5625,1680003159316.3445,2522.0,3673.0666666666657,20189.0,62.730984787830266,15.941085627496776,87.0
1826,1680003159.2859747,1827,2Item7,2023-03-28 17:02:39.285975,49966.0,14286876.0,390359.375,1680003159324.157,2523.0,3674.5230769230766,20188.0,62.75108121095627,15.935980395910708,87.0
1827,1680003159.2937872,1828,2Item7,2023-03-28 17:02:39.293787,49967.0,14287132.0,390367.1875,1680003159331.9695,2506.0,3649.7641025641024,20190.0,62.71090123259166,15.946190859082842,87.0
1828,1680003159.3015995,1829,2Item7,2023-03-28 17:02:39.301600,49968.0,14287388.0,390375.0,1680003159339.782,2520.0,3670.1538461538457,20189.0,62.730984787830266,15.941085627496776,87.0
1829,1680003159.3094122,1830,2Item7,2023-03-28 17:02:39.309412,49969.0,14287644.0,390382.8125,1680003159347.5945,2527.0,3680.348717948717,20189.0,62.730984787830266,15.941085627496776,87.0
1830,1680003159.3172247,1831,2Item7,2023-03-28 17:02:39.317225,49970.0,14287900.0,390390.625,1680003159355.407,2526.0,3678.892307692307,20189.0,62.730984787830266,15.941085627496776,87.0
1831,1680003159.3250372,1832,2Item7,2023-03-28 17:02:39.325037,49971.0,14288156.0,390398.4375,1680003159363.2195,2510.0,3655.589743589743,20190.0,62.71090123259166,15.946190859082842,87.0
1832,1680003159.3328495,1833,2Item7,2023-03-28 17:02:39.332850,49972.0,14288412.0,390406.25,1680003159371.032,2515.0,3662.8717948717945,20190.0,62.71090123259166,15.946190859082842,87.0
1833,1680003159.3406622,1834,2Item7,2023-03-28 17:02:39.340662,49973.0,14288668.0,390414.0625,1680003159378.8445,2522.0,3673.0666666666657,20189.0,62.730984787830266,15.941085627496776,87.0
1834,1680003159.3484747,1835,2Item7,2023-03-28 17:02:39.348475,49974.0,14288924.0,390421.875,1680003159386.657,2527.0,3680.348717948717,20189.0,62.730984787830266,15.941085627496776,87.0
1835,1680003159.3562872,1836,2Item7,2023-03-28 17:02:39.356287,49975.0,14289180.0,390429.6875,1680003159394.4695,2512.0,3658.502564102564,20191.0,62.69083053288527,15.951296090668912,87.0
1836,1680003159.3640995,1837,2Item7,2023-03-28 17:02:39.364100,49976.0,14289436.0,390437.5,1680003159402.282,2526.0,3678.892307692307,20189.0,62.730984787830266,15.941085627496776,87.0
1837,1680003159.3719122,1838,2Item7,2023-03-28 17:02:39.371912,49977.0,14289692.0,390445.3125,1680003159410.0945,2526.0,3678.892307692307,20190.0,62.71090123259166,15.946190859082842,87.0
1838,1680003159.3797247,1839,2Item7,2023-03-28 17:02:39.379725,49978.0,14289948.0,390453.125,1680003159417.907,2521.0,3671.610256410256,20189.0,62.730984787830266,15.941085627496776,87.0
1839,1680003159.3875372,1840,2Item7,2023-03-28 17:02:39.387537,49979.0,14290204.0,390460.9375,1680003159425.7195,2513.0,3659.958974358974,20191.0,62.69083053288527,15.951296090668912,87.0
1840,1680003159.3953495,1841,2Item7,2023-03-28 17:02:39.395350,49980.0,14290460.0,390468.75,1680003159433.532,2523.0,3674.5230769230766,20189.0,62.730984787830266,15.941085627496776,87.0
1841,1680003159.4031622,1842,2Item7,2023-03-28 17:02:39.403162,49981.0,14290716.0,390476.5625,1680003159441.3445,2529.0,3683.2615384615374,20190.0,62.71090123259166,15.946190859082842,87.0
1842,1680003159.4109747,1843,2Item7,2023-03-28 17:02:39.410975,49982.0,14290972.0,390484.375,1680003159449.157,2523.0,3674.5230769230766,20190.0,62.71090123259166,15.946190859082842,87.0
1843,1680003159.4187872,1844,2Item7,2023-03-28 17:02:39.418787,49983.0,14291228.0,390492.1875,1680003159456.9695,2515.0,3662.8717948717945,20190.0,62.71090123259166,15.946190859082842,87.0
1844,1680003159.4265995,1845,2Item7,2023-03-28 17:02:39.426600,49984.0,14291484.0,390500.0,1680003159464.782,2520.0,3670.1538461538457,20189.0,62.730984787830266,15.941085627496776,87.0
1845,1680003159.4344122,1846,2Item7,2023-03-28 17:02:39.434412,49985.0,14291740.0,390507.8125,1680003159472.5945,2524.0,3675.979487179487,20190.0,62.71090123259166,15.946190859082842,87.0
1846,1680003159.4422247,1847,2Item7,2023-03-28 17:02:39.442225,49986.0,14291996.0,390515.625,1680003159480.407,2521.0,3671.610256410256,20191.0,62.69083053288527,15.951296090668912,87.0
1847,1680003159.4500372,1848,2Item7,2023-03-28 17:02:39.450037,49987.0,14292252.0,390523.4375,1680003159488.2195,2507.0,3651.220512820513,20192.0,62.670772676371776,15.95640132225498,87.0
1848,1680003159.4578495,1849,2Item7,2023-03-28 17:02:39.457850,49988.0,14292508.0,390531.25,1680003159496.032,2525.0,3677.4358974358975,20190.0,62.71090123259166,15.946190859082842,87.0
1849,1680003159.4656622,1850,2Item7,2023-03-28 17:02:39.465662,49989.0,14292764.0,390539.0625,1680003159503.8445,2524.0,3675.979487179487,20190.0,62.71090123259166,15.946190859082842,87.0
1850,1680003159.4734747,1851,2Item7,2023-03-28 17:02:39.473475,49990.0,14293020.0,390546.875,1680003159511.657,2520.0,3670.1538461538457,20190.0,62.71090123259166,15.946190859082842,87.0
1851,1680003159.4812872,1852,2Item7,2023-03-28 17:02:39.481287,49991.0,14293276.0,390554.6875,1680003159519.4695,2508.0,3652.6769230769214,20192.0,62.670772676371776,15.95640132225498,87.0
1852,1680003159.4890995,1853,2Item7,2023-03-28 17:02:39.489100,49992.0,14293532.0,390562.5,1680003159527.282,2523.0,3674.5230769230766,20191.0,62.69083053288527,15.951296090668912,87.0
1853,1680003159.4969122,1854,2Item7,2023-03-28 17:02:39.496912,49993.0,14293788.0,390570.3125,1680003159535.0945,2521.0,3671.610256410256,20190.0,62.71090123259166,15.946190859082842,87.0
1854,1680003159.5047247,1855,2Item7,2023-03-28 17:02:39.504725,49994.0,14294044.0,390578.125,1680003159542.907,2524.0,3675.979487179487,20191.0,62.69083053288527,15.951296090668912,87.0
1855,1680003159.5125372,1856,2Item7,2023-03-28 17:02:39.512537,49995.0,14294300.0,390585.9375,1680003159550.7195,2505.0,3648.307692307692,20192.0,62.670772676371776,15.95640132225498,87.0
1856,1680003159.5203495,1857,2Item7,2023-03-28 17:02:39.520350,49996.0,14294556.0,390593.75,1680003159558.532,2518.0,3667.2410256410258,20190.0,62.71090123259166,15.946190859082842,87.0
1857,1680003159.5281622,1858,2Item7,2023-03-28 17:02:39.528162,49997.0,14294812.0,390601.5625,1680003159566.3445,2522.0,3673.0666666666657,20191.0,62.69083053288527,15.951296090668912,87.0
1858,1680003159.5359747,1859,2Item7,2023-03-28 17:02:39.535975,49998.0,14295068.0,390609.375,1680003159574.157,2526.0,3678.892307692307,20190.0,62.71090123259166,15.946190859082842,87.0
1859,1680003159.5437872,1860,2Item7,2023-03-28 17:02:39.543787,49999.0,14295324.0,390617.1875,1680003159581.9695,2515.0,3662.8717948717945,20191.0,62.69083053288527,15.951296090668912,87.0
1860,1680003159.5515995,1861,2Item7,2023-03-28 17:02:39.551600,50000.0,14295580.0,390625.0,1680003159589.782,2514.0,3661.415384615385,20190.0,62.71090123259166,15.946190859082842,87.0
1861,1680003159.5594122,1862,2Item7,2023-03-28 17:02:39.559412,50001.0,14295836.0,390632.8125,1680003159597.5945,2503.0,3645.394871794872,20193.0,62.650727650727646,15.961506553841048,87.0
1862,1680003159.5672247,1863,2Item7,2023-03-28 17:02:39.567225,50002.0,14296092.0,390640.625,1680003159605.407,2523.0,3674.5230769230766,20190.0,62.71090123259166,15.946190859082842,87.0
1863,1680003159.5750372,1864,2Item7,2023-03-28 17:02:39.575037,50003.0,14296348.0,390648.4375,1680003159613.2195,2511.0,3657.0461538461536,20192.0,62.670772676371776,15.95640132225498,87.0
1864,1680003159.5828495,1865,2Item7,2023-03-28 17:02:39.582850,50004.0,14296604.0,390656.25,1680003159621.032,2519.0,3668.6974358974353,20191.0,62.69083053288527,15.951296090668912,87.0
1865,1680003159.5906622,1866,2Item7,2023-03-28 17:02:39.590662,50005.0,14296860.0,390664.0625,1680003159628.8445,2528.0,3681.805128205128,20191.0,62.69083053288527,15.951296090668912,87.0
1866,1680003159.5984747,1867,2Item7,2023-03-28 17:02:39.598475,50006.0,14297116.0,390671.875,1680003159636.657,2522.0,3673.0666666666657,20191.0,62.69083053288527,15.951296090668912,87.0
1867,1680003159.6062872,1868,2Item7,2023-03-28 17:02:39.606287,50007.0,14297372.0,390679.6875,1680003159644.4695,2510.0,3655.589743589743,20193.0,62.650727650727646,15.961506553841048,87.0
1868,1680003159.6140995,1869,2Item7,2023-03-28 17:02:39.614100,50008.0,14297628.0,390687.5,1680003159652.282,2521.0,3671.610256410256,20191.0,62.69083053288527,15.951296090668912,87.0
1869,1680003159.6219122,1870,2Item7,2023-03-28 17:02:39.621912,50009.0,14297884.0,390695.3125,1680003159660.0945,2524.0,3675.979487179487,20191.0,62.69083053288527,15.951296090668912,87.0
1870,1680003159.6297247,1871,2Item7,2023-03-28 17:02:39.629725,50010.0,14298140.0,390703.125,1680003159667.907,2523.0,3674.5230769230766,20191.0,62.69083053288527,15.951296090668912,87.0
1871,1680003159.6375372,1872,2Item7,2023-03-28 17:02:39.637537,50011.0,14298396.0,390710.9375,1680003159675.7195,2509.0,3654.1333333333328,20192.0,62.670772676371776,15.95640132225498,87.0
1872,1680003159.6453495,1873,2Item7,2023-03-28 17:02:39.645350,50012.0,14298652.0,390718.75,1680003159683.532,2518.0,3667.2410256410258,20190.0,62.71090123259166,15.946190859082842,87.0
1873,1680003159.6531622,1874,2Item7,2023-03-28 17:02:39.653162,50013.0,14298908.0,390726.5625,1680003159691.3445,2504.0,3646.8512820512815,20193.0,62.650727650727646,15.961506553841048,87.0
1874,1680003159.6609747,1875,2Item7,2023-03-28 17:02:39.660975,50014.0,14299164.0,390734.375,1680003159699.157,2528.0,3681.805128205128,20191.0,62.69083053288527,15.951296090668912,87.0
1875,1680003159.6687872,1876,2Item7,2023-03-28 17:02:39.668787,50015.0,14299420.0,390742.1875,1680003159706.9695,2514.0,3661.415384615385,20193.0,62.650727650727646,15.961506553841048,87.0
1876,1680003159.6765995,1877,2Item7,2023-03-28 17:02:39.676600,50016.0,14299676.0,390750.0,1680003159714.782,2521.0,3671.610256410256,20190.0,62.71090123259166,15.946190859082842,87.0
1877,1680003159.6844122,1878,2Item7,2023-03-28 17:02:39.684412,50017.0,14299932.0,390757.8125,1680003159722.5945,2523.0,3674.5230769230766,20190.0,62.71090123259166,15.946190859082842,87.0
1878,1680003159.6922247,1879,2Item7,2023-03-28 17:02:39.692225,50018.0,14300188.0,390765.625,1680003159730.407,2523.0,3674.5230769230766,20190.0,62.71090123259166,15.946190859082842,87.0
1879,1680003159.7000372,1880,2Item7,2023-03-28 17:02:39.700037,50019.0,14300444.0,390773.4375,1680003159738.2195,2508.0,3652.6769230769214,20191.0,62.69083053288527,15.951296090668912,87.0
1880,1680003159.7078495,1881,2Item7,2023-03-28 17:02:39.707850,50020.0,14300700.0,390781.25,1680003159746.032,2513.0,3659.958974358974,20192.0,62.670772676371776,15.95640132225498,87.0
1881,1680003159.7156622,1882,2Item7,2023-03-28 17:02:39.715662,50021.0,14300956.0,390789.0625,1680003159753.8445,2524.0,3675.979487179487,20191.0,62.69083053288527,15.951296090668912,87.0
1882,1680003159.7234747,1883,2Item7,2023-03-28 17:02:39.723475,50022.0,14301212.0,390796.875,1680003159761.657,2522.0,3673.0666666666657,20190.0,62.71090123259166,15.946190859082842,87.0
1883,1680003159.7312872,1884,2Item7,2023-03-28 17:02:39.731287,50023.0,14301468.0,390804.6875,1680003159769.4695,2510.0,3655.589743589743,20191.0,62.69083053288527,15.951296090668912,87.0
1884,1680003159.7390995,1885,2Item7,2023-03-28 17:02:39.739100,50024.0,14301724.0,390812.5,1680003159777.282,2513.0,3659.958974358974,20191.0,62.69083053288527,15.951296090668912,87.0
1885,1680003159.7469122,1886,2Item7,2023-03-28 17:02:39.746912,50025.0,14301980.0,390820.3125,1680003159785.0945,2521.0,3671.610256410256,20190.0,62.71090123259166,15.946190859082842,87.0
1886,1680003159.7547247,1887,2Item7,2023-03-28 17:02:39.754725,50026.0,14302236.0,390828.125,1680003159792.907,2523.0,3674.5230769230766,20190.0,62.71090123259166,15.946190859082842,87.0
1887,1680003159.7625372,1888,2Item7,2023-03-28 17:02:39.762537,50027.0,14302492.0,390835.9375,1680003159800.7195,2507.0,3651.220512820513,20191.0,62.69083053288527,15.951296090668912,87.0
1888,1680003159.7703495,1889,2Item7,2023-03-28 17:02:39.770350,50028.0,14302748.0,390843.75,1680003159808.532,2518.0,3667.2410256410258,20189.0,62.730984787830266,15.941085627496776,87.0
1889,1680003159.7781622,1890,2Item7,2023-03-28 17:02:39.778162,50029.0,14303004.0,390851.5625,1680003159816.3445,2529.0,3683.2615384615374,20190.0,62.71090123259166,15.946190859082842,87.0
1890,1680003159.7859747,1891,2Item7,2023-03-28 17:02:39.785975,50030.0,14303260.0,390859.375,1680003159824.157,2527.0,3680.348717948717,20189.0,62.730984787830266,15.941085627496776,87.0
1891,1680003159.7937872,1892,2Item7,2023-03-28 17:02:39.793787,50031.0,14303516.0,390867.1875,1680003159831.9695,2510.0,3655.589743589743,20192.0,62.670772676371776,15.95640132225498,87.0
1892,1680003159.8015995,1893,2Item7,2023-03-28 17:02:39.801600,50032.0,14303772.0,390875.0,1680003159839.782,2520.0,3670.1538461538457,20189.0,62.730984787830266,15.941085627496776,87.0
1893,1680003159.8094122,1894,2Item7,2023-03-28 17:02:39.809412,50033.0,14304028.0,390882.8125,1680003159847.5945,2505.0,3648.307692307692,20191.0,62.69083053288527,15.951296090668912,87.0
1894,1680003159.8172247,1895,2Item7,2023-03-28 17:02:39.817225,50034.0,14304284.0,390890.625,1680003159855.407,2504.0,3646.8512820512815,20190.0,62.71090123259166,15.946190859082842,87.0
1895,1680003159.8250372,1896,2Item7,2023-03-28 17:02:39.825037,50035.0,14304540.0,390898.4375,1680003159863.2195,2508.0,3652.6769230769214,20190.0,62.71090123259166,15.946190859082842,87.0
1896,1680003159.8328495,1897,2Item7,2023-03-28 17:02:39.832850,50036.0,14304796.0,390906.25,1680003159871.032,2511.0,3657.0461538461536,20189.0,62.730984787830266,15.941085627496776,87.0
1897,1680003159.8406622,1898,2Item7,2023-03-28 17:02:39.840662,50037.0,14305052.0,390914.0625,1680003159878.8445,2523.0,3674.5230769230766,20188.0,62.75108121095627,15.935980395910708,87.0
1898,1680003159.8484747,1899,2Item7,2023-03-28 17:02:39.848475,50038.0,14305308.0,390921.875,1680003159886.657,2524.0,3675.979487179487,20189.0,62.730984787830266,15.941085627496776,87.0
1899,1680003159.8562872,1900,2Item7,2023-03-28 17:02:39.856287,50039.0,14305564.0,390929.6875,1680003159894.4695,2509.0,3654.1333333333328,20190.0,62.71090123259166,15.946190859082842,87.0
1900,1680003159.8640995,1901,2Item7,2023-03-28 17:02:39.864100,50040.0,14305820.0,390937.5,1680003159902.282,2522.0,3673.0666666666657,20188.0,62.75108121095627,15.935980395910708,87.0
1901,1680003159.8719122,1902,2Item7,2023-03-28 17:02:39.871912,50041.0,14306076.0,390945.3125,1680003159910.0945,2520.0,3670.1538461538457,20188.0,62.75108121095627,15.935980395910708,87.0
1902,1680003159.8797247,1903,2Item7,2023-03-28 17:02:39.879725,50042.0,14306332.0,390953.125,1680003159917.907,2501.0,3642.48205128205,20190.0,62.71090123259166,15.946190859082842,87.0
1903,1680003159.8875372,1904,2Item7,2023-03-28 17:02:39.887537,50043.0,14306588.0,390960.9375,1680003159925.7195,2510.0,3655.589743589743,20189.0,62.730984787830266,15.941085627496776,87.0
1904,1680003159.8953495,1905,2Item7,2023-03-28 17:02:39.895350,50044.0,14306844.0,390968.75,1680003159933.532,2514.0,3661.415384615385,20188.0,62.75108121095627,15.935980395910708,87.0
1905,1680003159.9031622,1906,2Item7,2023-03-28 17:02:39.903162,50045.0,14307100.0,390976.5625,1680003159941.3445,2526.0,3678.892307692307,20188.0,62.75108121095627,15.935980395910708,87.0
1906,1680003159.9109747,1907,2Item7,2023-03-28 17:02:39.910975,50046.0,14307356.0,390984.375,1680003159949.157,2530.0,3684.717948717948,20186.0,62.791312710370256,15.925769932738572,87.0
1907,1680003159.9187872,1908,2Item7,2023-03-28 17:02:39.918787,50047.0,14307612.0,390992.1875,1680003159956.9695,2515.0,3662.8717948717945,20188.0,62.75108121095627,15.935980395910708,87.0
1908,1680003159.9265995,1909,2Item7,2023-03-28 17:02:39.926600,50048.0,14307868.0,391000.0,1680003159964.782,2524.0,3675.979487179487,20188.0,62.75108121095627,15.935980395910708,87.0
1909,1680003159.9344122,1910,2Item7,2023-03-28 17:02:39.934412,50049.0,14308124.0,391007.8125,1680003159972.5945,2525.0,3677.4358974358975,20187.0,62.771190514340645,15.93087516432464,87.0
1910,1680003159.9422247,1911,2Item7,2023-03-28 17:02:39.942225,50050.0,14308380.0,391015.625,1680003159980.407,2525.0,3677.4358974358975,20187.0,62.771190514340645,15.93087516432464,87.0
1911,1680003159.9500372,1912,2Item7,2023-03-28 17:02:39.950037,50051.0,14308636.0,391023.4375,1680003159988.2195,2511.0,3657.0461538461536,20188.0,62.75108121095627,15.935980395910708,87.0
1912,1680003159.9578495,1913,2Item7,2023-03-28 17:02:39.957850,50052.0,14308892.0,391031.25,1680003159996.032,2514.0,3661.415384615385,20188.0,62.75108121095627,15.935980395910708,87.0
1913,1680003159.9656622,1914,2Item7,2023-03-28 17:02:39.965662,50053.0,14309148.0,391039.0625,1680003160003.8445,2523.0,3674.5230769230766,20185.0,62.811447811447806,15.920664701152504,87.0
1914,1680003159.9734747,1915,2Item7,2023-03-28 17:02:39.973475,50054.0,14309404.0,391046.875,1680003160011.657,2518.0,3667.2410256410258,20186.0,62.791312710370256,15.925769932738572,87.0
1915,1680003159.9812872,1916,2Item7,2023-03-28 17:02:39.981287,50055.0,14309660.0,391054.6875,1680003160019.4695,2516.0,3664.328205128205,20187.0,62.771190514340645,15.93087516432464,87.0
1916,1680003159.9890995,1917,2Item7,2023-03-28 17:02:39.989100,50056.0,14309916.0,391062.5,1680003160027.282,2520.0,3670.1538461538457,20186.0,62.791312710370256,15.925769932738572,87.0
1917,1680003159.9969122,1918,2Item7,2023-03-28 17:02:39.996912,50057.0,14310172.0,391070.3125,1680003160035.0945,2523.0,3674.5230769230766,20185.0,62.811447811447806,15.920664701152504,87.0
1918,1680003160.0047247,1919,2Item7,2023-03-28 17:02:40.004725,50058.0,14310428.0,391078.125,1680003160042.907,2522.0,3673.0666666666657,20185.0,62.811447811447806,15.920664701152504,87.0
1919,1680003160.0125372,1920,2Item7,2023-03-28 17:02:40.012537,50059.0,14310684.0,391085.9375,1680003160050.7195,2511.0,3657.0461538461536,20186.0,62.791312710370256,15.925769932738572,87.0
1920,1680003160.0203495,1921,2Item7,2023-03-28 17:02:40.020350,50060.0,14310940.0,391093.75,1680003160058.532,2521.0,3671.610256410256,20186.0,62.791312710370256,15.925769932738572,87.0
1921,1680003160.0281622,1922,2Item7,2023-03-28 17:02:40.028162,50061.0,14311196.0,391101.5625,1680003160066.3445,2501.0,3642.48205128205,20186.0,62.791312710370256,15.925769932738572,87.0
1922,1680003160.0359747,1923,2Item7,2023-03-28 17:02:40.035975,50062.0,14311452.0,391109.375,1680003160074.157,2524.0,3675.979487179487,20185.0,62.811447811447806,15.920664701152504,87.0
1923,1680003160.0437872,1924,2Item7,2023-03-28 17:02:40.043787,50063.0,14311708.0,391117.1875,1680003160081.9695,2515.0,3662.8717948717945,20186.0,62.791312710370256,15.925769932738572,87.0
1924,1680003160.0515995,1925,2Item7,2023-03-28 17:02:40.051600,50064.0,14311964.0,391125.0,1680003160089.782,2517.0,3665.7846153846153,20184.0,62.83159582999198,15.915559469566436,87.0
1925,1680003160.0594122,1926,2Item7,2023-03-28 17:02:40.059412,50065.0,14312220.0,391132.8125,1680003160097.5945,2518.0,3667.2410256410258,20184.0,62.83159582999198,15.915559469566436,87.0
1926,1680003160.0672247,1927,2Item7,2023-03-28 17:02:40.067225,50066.0,14312476.0,391140.625,1680003160105.407,2524.0,3675.979487179487,20184.0,62.83159582999198,15.915559469566436,87.0
1927,1680003160.0750372,1928,2Item7,2023-03-28 17:02:40.075037,50067.0,14312732.0,391148.4375,1680003160113.2195,2515.0,3662.8717948717945,20184.0,62.83159582999198,15.915559469566436,87.0
1928,1680003160.0828495,1929,2Item7,2023-03-28 17:02:40.082850,50068.0,14312988.0,391156.25,1680003160121.032,2513.0,3659.958974358974,20183.0,62.85175677843736,15.910454237980366,87.0
1929,1680003160.0906622,1930,2Item7,2023-03-28 17:02:40.090662,50069.0,14313244.0,391164.0625,1680003160128.8445,2519.0,3668.6974358974353,20183.0,62.85175677843736,15.910454237980366,87.0
1930,1680003160.0984747,1931,2Item7,2023-03-28 17:02:40.098475,50070.0,14313500.0,391171.875,1680003160136.657,2526.0,3678.892307692307,20182.0,62.87193066923447,15.9053490063943,87.0
1931,1680003160.1062872,1932,2Item7,2023-03-28 17:02:40.106287,50071.0,14313756.0,391179.6875,1680003160144.4695,2503.0,3645.394871794872,20183.0,62.85175677843736,15.910454237980366,87.0
1932,1680003160.1140995,1933,2Item7,2023-03-28 17:02:40.114100,50072.0,14314012.0,391187.5,1680003160152.282,2521.0,3671.610256410256,20181.0,62.8921175148499,15.900243774808231,87.0
1933,1680003160.1219122,1934,2Item7,2023-03-28 17:02:40.121912,50073.0,14314268.0,391195.3125,1680003160160.0945,2520.0,3670.1538461538457,20182.0,62.87193066923447,15.9053490063943,87.0
1934,1680003160.1297247,1935,2Item7,2023-03-28 17:02:40.129725,50074.0,14314524.0,391203.125,1680003160167.907,2524.0,3675.979487179487,20182.0,62.87193066923447,15.9053490063943,87.0
1935,1680003160.1375372,1936,2Item7,2023-03-28 17:02:40.137537,50075.0,14314780.0,391210.9375,1680003160175.7195,2508.0,3652.6769230769214,20182.0,62.87193066923447,15.9053490063943,87.0
1936,1680003160.1453495,1937,2Item7,2023-03-28 17:02:40.145350,50076.0,14315036.0,391218.75,1680003160183.532,2507.0,3651.220512820513,20182.0,62.87193066923447,15.9053490063943,87.0
1937,1680003160.1531622,1938,2Item7,2023-03-28 17:02:40.153162,50077.0,14315292.0,391226.5625,1680003160191.3445,2524.0,3675.979487179487,20181.0,62.8921175148499,15.900243774808231,87.0
1938,1680003160.1609747,1939,2Item7,2023-03-28 17:02:40.160975,50078.0,14315548.0,391234.375,1680003160199.157,2523.0,3674.5230769230766,20180.0,62.912317327766175,15.895138543222163,87.0
1939,1680003160.1687872,1940,2Item7,2023-03-28 17:02:40.168787,50079.0,14315804.0,391242.1875,1680003160206.9695,2506.0,3649.7641025641024,20181.0,62.8921175148499,15.900243774808231,87.0
1940,1680003160.1765995,1941,2Item7,2023-03-28 17:02:40.176600,50080.0,14316060.0,391250.0,1680003160214.782,2513.0,3659.958974358974,20181.0,62.8921175148499,15.900243774808231,87.0
1941,1680003160.1844122,1942,2Item7,2023-03-28 17:02:40.184412,50081.0,14316316.0,391257.8125,1680003160222.5945,2525.0,3677.4358974358975,20179.0,62.93253012048193,15.8900333116361,87.0
1942,1680003160.1922247,1943,2Item7,2023-03-28 17:02:40.192225,50082.0,14316572.0,391265.625,1680003160230.407,2523.0,3674.5230769230766,20179.0,62.93253012048193,15.8900333116361,87.0
1943,1680003160.2000372,1944,2Item7,2023-03-28 17:02:40.200037,50083.0,14316828.0,391273.4375,1680003160238.2195,2507.0,3651.220512820513,20181.0,62.8921175148499,15.900243774808231,87.0
1944,1680003160.2078495,1945,2Item7,2023-03-28 17:02:40.207850,50084.0,14317084.0,391281.25,1680003160246.032,2517.0,3665.7846153846153,20178.0,62.952755905511815,15.884928080050027,87.0
1945,1680003160.2156622,1946,2Item7,2023-03-28 17:02:40.215662,50085.0,14317340.0,391289.0625,1680003160253.8445,2501.0,3642.48205128205,20181.0,62.8921175148499,15.900243774808231,87.0
1946,1680003160.2234747,1947,2Item7,2023-03-28 17:02:40.223475,50086.0,14317596.0,391296.875,1680003160261.657,2500.0,3641.0256410256407,20180.0,62.912317327766175,15.895138543222163,87.0
1947,1680003160.2312872,1948,2Item7,2023-03-28 17:02:40.231287,50087.0,14317852.0,391304.6875,1680003160269.4695,2510.0,3655.589743589743,20180.0,62.912317327766175,15.895138543222163,87.0
1948,1680003160.2390995,1949,2Item7,2023-03-28 17:02:40.239100,50088.0,14318108.0,391312.5,1680003160277.282,2511.0,3657.0461538461536,20178.0,62.952755905511815,15.884928080050027,87.0
1949,1680003160.2469122,1950,2Item7,2023-03-28 17:02:40.246912,50089.0,14318364.0,391320.3125,1680003160285.0945,2523.0,3674.5230769230766,20177.0,62.9729946953866,15.879822848463965,87.0
1950,1680003160.2547247,1951,2Item7,2023-03-28 17:02:40.254725,50090.0,14318620.0,391328.125,1680003160292.907,2528.0,3681.805128205128,20178.0,62.952755905511815,15.884928080050027,87.0
1951,1680003160.2625372,1952,2Item7,2023-03-28 17:02:40.262537,50091.0,14318876.0,391335.9375,1680003160300.7195,2515.0,3662.8717948717945,20178.0,62.952755905511815,15.884928080050027,87.0
1952,1680003160.2703495,1953,2Item7,2023-03-28 17:02:40.270350,50092.0,14319132.0,391343.75,1680003160308.532,2515.0,3662.8717948717945,20178.0,62.952755905511815,15.884928080050027,87.0
1953,1680003160.2781622,1954,2Item7,2023-03-28 17:02:40.278162,50093.0,14319388.0,391351.5625,1680003160316.3445,2518.0,3667.2410256410258,20177.0,62.9729946953866,15.879822848463965,87.0
1954,1680003160.2859747,1955,2Item7,2023-03-28 17:02:40.285975,50094.0,14319644.0,391359.375,1680003160324.157,2524.0,3675.979487179487,20176.0,62.993246502653164,15.874717616877897,87.0
1955,1680003160.2937872,1956,2Item7,2023-03-28 17:02:40.293787,50095.0,14319900.0,391367.1875,1680003160331.9695,2509.0,3654.1333333333328,20177.0,62.9729946953866,15.879822848463965,87.0
1956,1680003160.3015995,1957,2Item7,2023-03-28 17:02:40.301600,50096.0,14320156.0,391375.0,1680003160339.782,2519.0,3668.6974358974353,20176.0,62.993246502653164,15.874717616877897,87.0
1957,1680003160.3094122,1958,2Item7,2023-03-28 17:02:40.309412,50097.0,14320412.0,391382.8125,1680003160347.5945,2529.0,3683.2615384615374,20177.0,62.9729946953866,15.879822848463965,87.0
1958,1680003160.3172247,1959,2Item7,2023-03-28 17:02:40.317225,50098.0,14320668.0,391390.625,1680003160355.407,2521.0,3671.610256410256,20175.0,63.01351133987454,15.869612385291829,87.0
1959,1680003160.3250372,1960,2Item7,2023-03-28 17:02:40.325037,50099.0,14320924.0,391398.4375,1680003160363.2195,2512.0,3658.502564102564,20177.0,62.9729946953866,15.879822848463965,87.0
1960,1680003160.3328495,1961,2Item7,2023-03-28 17:02:40.332850,50100.0,14321180.0,391406.25,1680003160371.032,2519.0,3668.6974358974353,20175.0,63.01351133987454,15.869612385291829,87.0
1961,1680003160.3406622,1962,2Item7,2023-03-28 17:02:40.340662,50101.0,14321436.0,391414.0625,1680003160378.8445,2526.0,3678.892307692307,20175.0,63.01351133987454,15.869612385291829,87.0
1962,1680003160.3484747,1963,2Item7,2023-03-28 17:02:40.348475,50102.0,14321692.0,391421.875,1680003160386.657,2523.0,3674.5230769230766,20175.0,63.01351133987454,15.869612385291829,87.0
1963,1680003160.3562872,1964,2Item7,2023-03-28 17:02:40.356287,50103.0,14321948.0,391429.6875,1680003160394.4695,2515.0,3662.8717948717945,20175.0,63.01351133987454,15.869612385291829,87.0
1964,1680003160.3640995,1965,2Item7,2023-03-28 17:02:40.364100,50104.0,14322204.0,391437.5,1680003160402.282,2522.0,3673.0666666666657,20174.0,63.033789219629945,15.864507153705755,87.0
1965,1680003160.3719122,1966,2Item7,2023-03-28 17:02:40.371912,50105.0,14322460.0,391445.3125,1680003160410.0945,2518.0,3667.2410256410258,20174.0,63.033789219629945,15.864507153705755,87.0
1966,1680003160.3797247,1967,2Item7,2023-03-28 17:02:40.379725,50106.0,14322716.0,391453.125,1680003160417.907,2526.0,3678.892307692307,20174.0,63.033789219629945,15.864507153705755,87.0
1967,1680003160.3875372,1968,2Item7,2023-03-28 17:02:40.387537,50107.0,14322972.0,391460.9375,1680003160425.7195,2513.0,3659.958974358974,20174.0,63.033789219629945,15.864507153705755,87.0
1968,1680003160.3953495,1969,2Item7,2023-03-28 17:02:40.395350,50108.0,14323228.0,391468.75,1680003160433.532,2513.0,3659.958974358974,20173.0,63.05408015451473,15.859401922119693,87.0
1969,1680003160.4031622,1970,2Item7,2023-03-28 17:02:40.403162,50109.0,14323484.0,391476.5625,1680003160441.3445,2516.0,3664.328205128205,20173.0,63.05408015451473,15.859401922119693,87.0
1970,1680003160.4109747,1971,2Item7,2023-03-28 17:02:40.410975,50110.0,14323740.0,391484.375,1680003160449.157,2523.0,3674.5230769230766,20172.0,63.07438415714056,15.854296690533625,87.0
1971,1680003160.4187872,1972,2Item7,2023-03-28 17:02:40.418787,50111.0,14323996.0,391492.1875,1680003160456.9695,2510.0,3655.589743589743,20174.0,63.033789219629945,15.864507153705755,87.0
1972,1680003160.4265995,1973,2Item7,2023-03-28 17:02:40.426600,50112.0,14324252.0,391500.0,1680003160464.782,2515.0,3662.8717948717945,20173.0,63.05408015451473,15.859401922119693,87.0
1973,1680003160.4344122,1974,2Item7,2023-03-28 17:02:40.434412,50113.0,14324508.0,391507.8125,1680003160472.5945,2528.0,3681.805128205128,20172.0,63.07438415714056,15.854296690533625,87.0
1974,1680003160.4422247,1975,2Item7,2023-03-28 17:02:40.442225,50114.0,14324764.0,391515.625,1680003160480.407,2523.0,3674.5230769230766,20171.0,63.09470124013529,15.849191458947557,87.0
1975,1680003160.4500372,1976,2Item7,2023-03-28 17:02:40.450037,50115.0,14325020.0,391523.4375,1680003160488.2195,2509.0,3654.1333333333328,20172.0,63.07438415714056,15.854296690533625,87.0
1976,1680003160.4578495,1977,2Item7,2023-03-28 17:02:40.457850,50116.0,14325276.0,391531.25,1680003160496.032,2519.0,3668.6974358974353,20171.0,63.09470124013529,15.849191458947557,87.0
1977,1680003160.4656622,1978,2Item7,2023-03-28 17:02:40.465662,50117.0,14325532.0,391539.0625,1680003160503.8445,2519.0,3668.6974358974353,20170.0,63.11503141614306,15.844086227361489,87.0
1978,1680003160.4734747,1979,2Item7,2023-03-28 17:02:40.473475,50118.0,14325788.0,391546.875,1680003160511.657,2520.0,3670.1538461538457,20170.0,63.11503141614306,15.844086227361489,87.0
1979,1680003160.4812872,1980,2Item7,2023-03-28 17:02:40.481287,50119.0,14326044.0,391554.6875,1680003160519.4695,2510.0,3655.589743589743,20171.0,63.09470124013529,15.849191458947557,87.0
1980,1680003160.4890995,1981,2Item7,2023-03-28 17:02:40.489100,50120.0,14326300.0,391562.5,1680003160527.282,2505.0,3648.307692307692,20171.0,63.09470124013529,15.849191458947557,87.0
1981,1680003160.4969122,1982,2Item7,2023-03-28 17:02:40.496912,50121.0,14326556.0,391570.3125,1680003160535.0945,2526.0,3678.892307692307,20169.0,63.13537469782434,15.83898099577542,87.0
1982,1680003160.5047247,1983,2Item7,2023-03-28 17:02:40.504725,50122.0,14326812.0,391578.125,1680003160542.907,2522.0,3673.0666666666657,20169.0,63.13537469782434,15.83898099577542,87.0
1983,1680003160.5125372,1984,2Item7,2023-03-28 17:02:40.512537,50123.0,14327068.0,391585.9375,1680003160550.7195,2510.0,3655.589743589743,20170.0,63.11503141614306,15.844086227361489,87.0
1984,1680003160.5203495,1985,2Item7,2023-03-28 17:02:40.520350,50124.0,14327324.0,391593.75,1680003160558.532,2519.0,3668.6974358974353,20170.0,63.11503141614306,15.844086227361489,87.0
1985,1680003160.5281622,1986,2Item7,2023-03-28 17:02:40.528162,50125.0,14327580.0,391601.5625,1680003160566.3445,2520.0,3670.1538461538457,20169.0,63.13537469782434,15.83898099577542,87.0
1986,1680003160.5359747,1987,2Item7,2023-03-28 17:02:40.535975,50126.0,14327836.0,391609.375,1680003160574.157,2521.0,3671.610256410256,20168.0,63.15573109785588,15.833875764189353,87.0
1987,1680003160.5437872,1988,2Item7,2023-03-28 17:02:40.543787,50127.0,14328092.0,391617.1875,1680003160581.9695,2515.0,3662.8717948717945,20169.0,63.13537469782434,15.83898099577542,87.0
1988,1680003160.5515995,1989,2Item7,2023-03-28 17:02:40.551600,50128.0,14328348.0,391625.0,1680003160589.782,2522.0,3673.0666666666657,20168.0,63.15573109785588,15.833875764189353,87.0
1989,1680003160.5594122,1990,2Item7,2023-03-28 17:02:40.559412,50129.0,14328604.0,391632.8125,1680003160597.5945,2531.0,3686.174358974359,20167.0,63.17610062893083,15.82877053260328,87.0
1990,1680003160.5672247,1991,2Item7,2023-03-28 17:02:40.567225,50130.0,14328860.0,391640.625,1680003160605.407,2523.0,3674.5230769230766,20166.0,63.19648330375868,15.823665301017217,87.0
1991,1680003160.5750372,1992,2Item7,2023-03-28 17:02:40.575037,50131.0,14329116.0,391648.4375,1680003160613.2195,2515.0,3662.8717948717945,20168.0,63.15573109785588,15.833875764189353,87.0
1992,1680003160.5828495,1993,2Item7,2023-03-28 17:02:40.582850,50132.0,14329372.0,391656.25,1680003160621.032,2512.0,3658.502564102564,20167.0,63.17610062893083,15.82877053260328,87.0
1993,1680003160.5906622,1994,2Item7,2023-03-28 17:02:40.590662,50133.0,14329628.0,391664.0625,1680003160628.8445,2522.0,3673.0666666666657,20166.0,63.19648330375868,15.823665301017217,87.0
1994,1680003160.5984747,1995,2Item7,2023-03-28 17:02:40.598475,50134.0,14329884.0,391671.875,1680003160636.657,2525.0,3677.4358974358975,20166.0,63.19648330375868,15.823665301017217,87.0
1995,1680003160.6062872,1996,2Item7,2023-03-28 17:02:40.606287,50135.0,14330140.0,391679.6875,1680003160644.4695,2512.0,3658.502564102564,20167.0,63.17610062893083,15.82877053260328,87.0
1996,1680003160.6140995,1997,2Item7,2023-03-28 17:02:40.614100,50136.0,14330396.0,391687.5,1680003160652.282,2523.0,3674.5230769230766,20166.0,63.19648330375868,15.823665301017217,87.0
1997,1680003160.6219122,1998,2Item7,2023-03-28 17:02:40.621912,50137.0,14330652.0,391695.3125,1680003160660.0945,2507.0,3651.220512820513,20167.0,63.17610062893083,15.82877053260328,87.0
1998,1680003160.6297247,1999,2Item7,2023-03-28 17:02:40.629725,50138.0,14330908.0,391703.125,1680003160667.907,2526.0,3678.892307692307,20165.0,63.21687913506537,15.818560069431149,87.0
1999,1680003160.6375372,2000,2Item7,2023-03-28 17:02:40.637537,50139.0,14331164.0,391710.9375,1680003160675.7195,2509.0,3654.1333333333328,20166.0,63.19648330375868,15.823665301017217,87.0
2000,1680003160.6453495,2001,2Item7,2023-03-28 17:02:40.645350,50140.0,14331420.0,391718.75,1680003160683.532,2520.0,3670.1538461538457,20164.0,63.237288135593225,15.81345483784508,87.0
2001,1680003160.6531622,2002,2Item7,2023-03-28 17:02:40.653162,50141.0,14331676.0,391726.5625,1680003160691.3445,2521.0,3671.610256410256,20164.0,63.237288135593225,15.81345483784508,87.0
2002,1680003160.6609747,2003,2Item7,2023-03-28 17:02:40.660975,50142.0,14331932.0,391734.375,1680003160699.157,2523.0,3674.5230769230766,20164.0,63.237288135593225,15.81345483784508,87.0
2003,1680003160.6687872,2004,2Item7,2023-03-28 17:02:40.668787,50143.0,14332188.0,391742.1875,1680003160706.9695,2511.0,3657.0461538461536,20165.0,63.21687913506537,15.818560069431149,87.0
2004,1680003160.6765995,2005,2Item7,2023-03-28 17:02:40.676600,50144.0,14332444.0,391750.0,1680003160714.782,2520.0,3670.1538461538457,20163.0,63.25771031810108,15.808349606259014,87.0
2005,1680003160.6844122,2006,2Item7,2023-03-28 17:02:40.684412,50145.0,14332700.0,391757.8125,1680003160722.5945,2520.0,3670.1538461538457,20163.0,63.25771031810108,15.808349606259014,87.0
2006,1680003160.6922247,2007,2Item7,2023-03-28 17:02:40.692225,50146.0,14332956.0,391765.625,1680003160730.407,2524.0,3675.979487179487,20162.0,63.27814569536424,15.803244374672946,87.0
2007,1680003160.7000372,2008,2Item7,2023-03-28 17:02:40.700037,50147.0,14333212.0,391773.4375,1680003160738.2195,2512.0,3658.502564102564,20164.0,63.237288135593225,15.81345483784508,87.0
2008,1680003160.7078495,2009,2Item7,2023-03-28 17:02:40.707850,50148.0,14333468.0,391781.25,1680003160746.032,2517.0,3665.7846153846153,20162.0,63.27814569536424,15.803244374672946,87.0
2009,1680003160.7156622,2010,2Item7,2023-03-28 17:02:40.715662,50149.0,14333724.0,391789.0625,1680003160753.8445,2522.0,3673.0666666666657,20161.0,63.298594280174505,15.798139143086878,87.0
2010,1680003160.7234747,2011,2Item7,2023-03-28 17:02:40.723475,50150.0,14333980.0,391796.875,1680003160761.657,2526.0,3678.892307692307,20161.0,63.298594280174505,15.798139143086878,87.0
2011,1680003160.7312872,2012,2Item7,2023-03-28 17:02:40.731287,50151.0,14334236.0,391804.6875,1680003160769.4695,2514.0,3661.415384615385,20162.0,63.27814569536424,15.803244374672946,87.0
2012,1680003160.7390995,2013,2Item7,2023-03-28 17:02:40.739100,50152.0,14334492.0,391812.5,1680003160777.282,2515.0,3662.8717948717945,20162.0,63.27814569536424,15.803244374672946,87.0
2013,1680003160.7469122,2014,2Item7,2023-03-28 17:02:40.746912,50153.0,14334748.0,391820.3125,1680003160785.0945,2520.0,3670.1538461538457,20160.0,63.31905608534023,15.79303391150081,87.0
2014,1680003160.7547247,2015,2Item7,2023-03-28 17:02:40.754725,50154.0,14335004.0,391828.125,1680003160792.907,2495.0,3633.743589743589,20163.0,63.25771031810108,15.808349606259014,87.0
2015,1680003160.7625372,2016,2Item7,2023-03-28 17:02:40.762537,50155.0,14335260.0,391835.9375,1680003160800.7195,2523.0,3674.5230769230766,20161.0,63.298594280174505,15.798139143086878,87.0
2016,1680003160.7703495,2017,2Item7,2023-03-28 17:02:40.770350,50156.0,14335516.0,391843.75,1680003160808.532,2530.0,3684.717948717948,20161.0,63.298594280174505,15.798139143086878,87.0
2017,1680003160.7781622,2018,2Item7,2023-03-28 17:02:40.778162,50157.0,14335772.0,391851.5625,1680003160816.3445,2506.0,3649.7641025641024,20162.0,63.27814569536424,15.803244374672946,87.0
2018,1680003160.7859747,2019,2Item7,2023-03-28 17:02:40.785975,50158.0,14336028.0,391859.375,1680003160824.157,2523.0,3674.5230769230766,20160.0,63.31905608534023,15.79303391150081,87.0
2019,1680003160.7937872,2020,2Item7,2023-03-28 17:02:40.793787,50159.0,14336284.0,391867.1875,1680003160831.9695,2510.0,3655.589743589743,20159.0,63.339531123686335,15.787928679914742,87.0
2020,1680003160.8015995,2021,2Item7,2023-03-28 17:02:40.801600,50160.0,14336540.0,391875.0,1680003160839.782,2524.0,3675.979487179487,20159.0,63.339531123686335,15.787928679914742,87.0
2021,1680003160.8094122,2022,2Item7,2023-03-28 17:02:40.809412,50161.0,14336796.0,391882.8125,1680003160847.5945,2522.0,3673.0666666666657,20158.0,63.36001940805436,15.782823448328672,87.0
2022,1680003160.8172247,2023,2Item7,2023-03-28 17:02:40.817225,50162.0,14337052.0,391890.625,1680003160855.407,2524.0,3675.979487179487,20158.0,63.36001940805436,15.782823448328672,87.0
2023,1680003160.8250372,2024,2Item7,2023-03-28 17:02:40.825037,50163.0,14337308.0,391898.4375,1680003160863.2195,2516.0,3664.328205128205,20159.0,63.339531123686335,15.787928679914742,87.0
2024,1680003160.8328495,2025,2Item7,2023-03-28 17:02:40.832850,50164.0,14337564.0,391906.25,1680003160871.032,2517.0,3665.7846153846153,20158.0,63.36001940805436,15.782823448328672,87.0
2025,1680003160.8406622,2026,2Item7,2023-03-28 17:02:40.840662,50165.0,14337820.0,391914.0625,1680003160878.8445,2524.0,3675.979487179487,20157.0,63.38052095130238,15.777718216742606,87.0
2026,1680003160.8484747,2027,2Item7,2023-03-28 17:02:40.848475,50166.0,14338076.0,391921.875,1680003160886.657,2530.0,3684.717948717948,20156.0,63.40103576630524,15.772612985156536,87.0
2027,1680003160.8562872,2028,2Item7,2023-03-28 17:02:40.856287,50167.0,14338332.0,391929.6875,1680003160894.4695,2509.0,3654.1333333333328,20157.0,63.38052095130238,15.777718216742606,87.0
2028,1680003160.8640995,2029,2Item7,2023-03-28 17:02:40.864100,50168.0,14338588.0,391937.5,1680003160902.282,2518.0,3667.2410256410258,20155.0,63.42156386595435,15.76750775357047,87.0
2029,1680003160.8719122,2030,2Item7,2023-03-28 17:02:40.871912,50169.0,14338844.0,391945.3125,1680003160910.0945,2509.0,3654.1333333333328,20158.0,63.36001940805436,15.782823448328672,87.0
2030,1680003160.8797247,2031,2Item7,2023-03-28 17:02:40.879725,50170.0,14339100.0,391953.125,1680003160917.907,2523.0,3674.5230769230766,20155.0,63.42156386595435,15.76750775357047,87.0
2031,1680003160.8875372,2032,2Item7,2023-03-28 17:02:40.887537,50171.0,14339356.0,391960.9375,1680003160925.7195,2505.0,3648.307692307692,20156.0,63.40103576630524,15.772612985156536,87.0
2032,1680003160.8953495,2033,2Item7,2023-03-28 17:02:40.895350,50172.0,14339612.0,391968.75,1680003160933.532,2517.0,3665.7846153846153,20155.0,63.42156386595435,15.76750775357047,87.0
2033,1680003160.9031622,2034,2Item7,2023-03-28 17:02:40.903162,50173.0,14339868.0,391976.5625,1680003160941.3445,2521.0,3671.610256410256,20154.0,63.4421052631579,15.762402521984402,87.0
2034,1680003160.9109747,2035,2Item7,2023-03-28 17:02:40.910975,50174.0,14340124.0,391984.375,1680003160949.157,2525.0,3677.4358974358975,20154.0,63.4421052631579,15.762402521984402,87.0
2035,1680003160.9187872,2036,2Item7,2023-03-28 17:02:40.918787,50175.0,14340380.0,391992.1875,1680003160956.9695,2511.0,3657.0461538461536,20155.0,63.42156386595435,15.76750775357047,87.0
2036,1680003160.9265995,2037,2Item7,2023-03-28 17:02:40.926600,50176.0,14340636.0,392000.0,1680003160964.782,2513.0,3659.958974358974,20154.0,63.4421052631579,15.762402521984402,87.0
2037,1680003160.9344122,2038,2Item7,2023-03-28 17:02:40.934412,50177.0,14340892.0,392007.8125,1680003160972.5945,2526.0,3678.892307692307,20154.0,63.4421052631579,15.762402521984402,87.0
2038,1680003160.9422247,2039,2Item7,2023-03-28 17:02:40.942225,50178.0,14341148.0,392015.625,1680003160980.407,2523.0,3674.5230769230766,20153.0,63.46265997084076,15.757297290398334,87.0
2039,1680003160.9500372,2040,2Item7,2023-03-28 17:02:40.950037,50179.0,14341404.0,392023.4375,1680003160988.2195,2503.0,3645.394871794872,20153.0,63.46265997084076,15.757297290398334,87.0
2040,1680003160.9578495,2041,2Item7,2023-03-28 17:02:40.957850,50180.0,14341660.0,392031.25,1680003160996.032,2522.0,3673.0666666666657,20153.0,63.46265997084076,15.757297290398334,87.0
2041,1680003160.9656622,2042,2Item7,2023-03-28 17:02:40.965662,50181.0,14341916.0,392039.0625,1680003161003.8445,2516.0,3664.328205128205,20152.0,63.483228001944575,15.752192058812266,87.0
2042,1680003160.9734747,2043,2Item7,2023-03-28 17:02:40.973475,50182.0,14342172.0,392046.875,1680003161011.657,2523.0,3674.5230769230766,20152.0,63.483228001944575,15.752192058812266,87.0
2043,1680003160.9812872,2044,2Item7,2023-03-28 17:02:40.981287,50183.0,14342428.0,392054.6875,1680003161019.4695,2508.0,3652.6769230769214,20153.0,63.46265997084076,15.757297290398334,87.0
2044,1680003160.9890995,2045,2Item7,2023-03-28 17:02:40.989100,50184.0,14342684.0,392062.5,1680003161027.282,2525.0,3677.4358974358975,20152.0,63.483228001944575,15.752192058812266,87.0
2045,1680003160.9969122,2046,2Item7,2023-03-28 17:02:40.996912,50185.0,14342940.0,392070.3125,1680003161035.0945,2519.0,3668.6974358974353,20150.0,63.524404086265605,15.741981595640134,87.0
2046,1680003161.0047247,2047,2Item7,2023-03-28 17:02:41.004725,50186.0,14343196.0,392078.125,1680003161042.907,2525.0,3677.4358974358975,20151.0,63.5038093694278,15.747086827226198,87.0
2047,1680003161.0125372,2048,2Item7,2023-03-28 17:02:41.012537,50187.0,14343452.0,392085.9375,1680003161050.7195,2516.0,3664.328205128205,20152.0,63.483228001944575,15.752192058812266,87.0
2048,1680003161.0203495,2049,2Item7,2023-03-28 17:02:41.020350,50188.0,14343708.0,392093.75,1680003161058.532,2518.0,3667.2410256410258,20151.0,63.5038093694278,15.747086827226198,87.0
2049,1680003161.0281622,2050,2Item7,2023-03-28 17:02:41.028162,50189.0,14343964.0,392101.5625,1680003161066.3445,2522.0,3673.0666666666657,20149.0,63.545012165450125,15.736876364054062,87.0
2050,1680003161.0359747,2051,2Item7,2023-03-28 17:02:41.035975,50190.0,14344220.0,392109.375,1680003161074.157,2526.0,3678.892307692307,20150.0,63.524404086265605,15.741981595640134,87.0
2051,1680003161.0437872,2052,2Item7,2023-03-28 17:02:41.043787,50191.0,14344476.0,392117.1875,1680003161081.9695,2514.0,3661.415384615385,20150.0,63.524404086265605,15.741981595640134,87.0
2052,1680003161.0515995,2053,2Item7,2023-03-28 17:02:41.051600,50192.0,14344732.0,392125.0,1680003161089.782,2514.0,3661.415384615385,20149.0,63.545012165450125,15.736876364054062,87.0
2053,1680003161.0594122,2054,2Item7,2023-03-28 17:02:41.059412,50193.0,14344988.0,392132.8125,1680003161097.5945,2522.0,3673.0666666666657,20148.0,63.565633619990265,15.731771132467998,87.0
2054,1680003161.0672247,2055,2Item7,2023-03-28 17:02:41.067225,50194.0,14345244.0,392140.625,1680003161105.407,2525.0,3677.4358974358975,20148.0,63.565633619990265,15.731771132467998,87.0
2055,1680003161.0750372,2056,2Item7,2023-03-28 17:02:41.075037,50195.0,14345500.0,392148.4375,1680003161113.2195,2517.0,3665.7846153846153,20149.0,63.545012165450125,15.736876364054062,87.0
2056,1680003161.0828495,2057,2Item7,2023-03-28 17:02:41.082850,50196.0,14345756.0,392156.25,1680003161121.032,2520.0,3670.1538461538457,20148.0,63.565633619990265,15.731771132467998,87.0
2057,1680003161.0906622,2058,2Item7,2023-03-28 17:02:41.090662,50197.0,14346012.0,392164.0625,1680003161128.8445,2513.0,3659.958974358974,20147.0,63.58626846291188,15.726665900881926,87.0
2058,1680003161.0984747,2059,2Item7,2023-03-28 17:02:41.098475,50198.0,14346268.0,392171.875,1680003161136.657,2521.0,3671.610256410256,20147.0,63.58626846291188,15.726665900881926,87.0
2059,1680003161.1062872,2060,2Item7,2023-03-28 17:02:41.106287,50199.0,14346524.0,392179.6875,1680003161144.4695,2513.0,3659.958974358974,20148.0,63.565633619990265,15.731771132467998,87.0
2060,1680003161.1140995,2061,2Item7,2023-03-28 17:02:41.114100,50200.0,14346780.0,392187.5,1680003161152.282,2519.0,3668.6974358974353,20147.0,63.58626846291188,15.726665900881926,87.0
2061,1680003161.1219122,2062,2Item7,2023-03-28 17:02:41.121912,50201.0,14347036.0,392195.3125,1680003161160.0945,2522.0,3673.0666666666657,20146.0,63.60691670725768,15.721560669295862,87.0
2062,1680003161.1297247,2063,2Item7,2023-03-28 17:02:41.129725,50202.0,14347292.0,392203.125,1680003161167.907,2522.0,3673.0666666666657,20146.0,63.60691670725768,15.721560669295862,87.0
2063,1680003161.1375372,2064,2Item7,2023-03-28 17:02:41.137537,50203.0,14347548.0,392210.9375,1680003161175.7195,2515.0,3662.8717948717945,20147.0,63.58626846291188,15.726665900881926,87.0
2064,1680003161.1453495,2065,2Item7,2023-03-28 17:02:41.145350,50204.0,14347804.0,392218.75,1680003161183.532,2516.0,3664.328205128205,20145.0,63.62757836608738,15.716455437709794,87.0
2065,1680003161.1531622,2066,2Item7,2023-03-28 17:02:41.153162,50205.0,14348060.0,392226.5625,1680003161191.3445,2518.0,3667.2410256410258,20145.0,63.62757836608738,15.716455437709794,87.0
2066,1680003161.1609747,2067,2Item7,2023-03-28 17:02:41.160975,50206.0,14348316.0,392234.375,1680003161199.157,2527.0,3680.348717948717,20145.0,63.62757836608738,15.716455437709794,87.0
2067,1680003161.1687872,2068,2Item7,2023-03-28 17:02:41.168787,50207.0,14348572.0,392242.1875,1680003161206.9695,2515.0,3662.8717948717945,20147.0,63.58626846291188,15.726665900881926,87.0
2068,1680003161.1765995,2069,2Item7,2023-03-28 17:02:41.176600,50208.0,14348828.0,392250.0,1680003161214.782,2523.0,3674.5230769230766,20146.0,63.60691670725768,15.721560669295862,87.0
2069,1680003161.1844122,2070,2Item7,2023-03-28 17:02:41.184412,50209.0,14349084.0,392257.8125,1680003161222.5945,2512.0,3658.502564102564,20144.0,63.64825345247766,15.711350206123724,87.0
2070,1680003161.1922247,2071,2Item7,2023-03-28 17:02:41.192225,50210.0,14349340.0,392265.625,1680003161230.407,2524.0,3675.979487179487,20144.0,63.64825345247766,15.711350206123724,87.0
2071,1680003161.2000372,2072,2Item7,2023-03-28 17:02:41.200037,50211.0,14349596.0,392273.4375,1680003161238.2195,2515.0,3662.8717948717945,20145.0,63.62757836608738,15.716455437709794,87.0
2072,1680003161.2078495,2073,2Item7,2023-03-28 17:02:41.207850,50212.0,14349852.0,392281.25,1680003161246.032,2521.0,3671.610256410256,20145.0,63.62757836608738,15.716455437709794,87.0
2073,1680003161.2156622,2074,2Item7,2023-03-28 17:02:41.215662,50213.0,14350108.0,392289.0625,1680003161253.8445,2506.0,3649.7641025641024,20146.0,63.60691670725768,15.721560669295862,87.0
2074,1680003161.2234747,2075,2Item7,2023-03-28 17:02:41.223475,50214.0,14350364.0,392296.875,1680003161261.657,2522.0,3673.0666666666657,20143.0,63.66894197952218,15.706244974537656,87.0
2075,1680003161.2312872,2076,2Item7,2023-03-28 17:02:41.231287,50215.0,14350620.0,392304.6875,1680003161269.4695,2517.0,3665.7846153846153,20144.0,63.64825345247766,15.711350206123724,87.0
2076,1680003161.2390995,2077,2Item7,2023-03-28 17:02:41.239100,50216.0,14350876.0,392312.5,1680003161277.282,2500.0,3641.0256410256407,20144.0,63.64825345247766,15.711350206123724,87.0
2077,1680003161.2469122,2078,2Item7,2023-03-28 17:02:41.246912,50217.0,14351132.0,392320.3125,1680003161285.0945,2505.0,3648.307692307692,20144.0,63.64825345247766,15.711350206123724,87.0
2078,1680003161.2547247,2079,2Item7,2023-03-28 17:02:41.254725,50218.0,14351388.0,392328.125,1680003161292.907,2525.0,3677.4358974358975,20142.0,63.68964396033167,15.701139742951584,87.0
2079,1680003161.2625372,2080,2Item7,2023-03-28 17:02:41.262537,50219.0,14351644.0,392335.9375,1680003161300.7195,2511.0,3657.0461538461536,20143.0,63.66894197952218,15.706244974537656,87.0
2080,1680003161.2703495,2081,2Item7,2023-03-28 17:02:41.270350,50220.0,14351900.0,392343.75,1680003161308.532,2515.0,3662.8717948717945,20142.0,63.68964396033167,15.701139742951584,87.0
2081,1680003161.2781622,2082,2Item7,2023-03-28 17:02:41.278162,50221.0,14352156.0,392351.5625,1680003161316.3445,2519.0,3668.6974358974353,20141.0,63.710359408033824,15.696034511365523,87.0
2082,1680003161.2859747,2083,2Item7,2023-03-28 17:02:41.285975,50222.0,14352412.0,392359.375,1680003161324.157,2518.0,3667.2410256410258,20141.0,63.710359408033824,15.696034511365523,87.0
2083,1680003161.2937872,2084,2Item7,2023-03-28 17:02:41.293787,50223.0,14352668.0,392367.1875,1680003161331.9695,2508.0,3652.6769230769214,20142.0,63.68964396033167,15.701139742951584,87.0
2084,1680003161.3015995,2085,2Item7,2023-03-28 17:02:41.301600,50224.0,14352924.0,392375.0,1680003161339.782,2521.0,3671.610256410256,20141.0,63.710359408033824,15.696034511365523,87.0
2085,1680003161.3094122,2086,2Item7,2023-03-28 17:02:41.309412,50225.0,14353180.0,392382.8125,1680003161347.5945,2529.0,3683.2615384615374,20141.0,63.710359408033824,15.696034511365523,87.0
2086,1680003161.3172247,2087,2Item7,2023-03-28 17:02:41.317225,50226.0,14353436.0,392390.625,1680003161355.407,2528.0,3681.805128205128,20140.0,63.73108833577356,15.690929279779448,87.0
2087,1680003161.3250372,2088,2Item7,2023-03-28 17:02:41.325037,50227.0,14353692.0,392398.4375,1680003161363.2195,2515.0,3662.8717948717945,20141.0,63.710359408033824,15.696034511365523,87.0
2088,1680003161.3328495,2089,2Item7,2023-03-28 17:02:41.332850,50228.0,14353948.0,392406.25,1680003161371.032,2524.0,3675.979487179487,20141.0,63.710359408033824,15.696034511365523,87.0
2089,1680003161.3406622,2090,2Item7,2023-03-28 17:02:41.340662,50229.0,14354204.0,392414.0625,1680003161378.8445,2524.0,3675.979487179487,20140.0,63.73108833577356,15.690929279779448,87.0
2090,1680003161.3484747,2091,2Item7,2023-03-28 17:02:41.348475,50230.0,14354460.0,392421.875,1680003161386.657,2522.0,3673.0666666666657,20140.0,63.73108833577356,15.690929279779448,87.0
2091,1680003161.3562872,2092,2Item7,2023-03-28 17:02:41.356287,50231.0,14354716.0,392429.6875,1680003161394.4695,2506.0,3649.7641025641024,20141.0,63.710359408033824,15.696034511365523,87.0
2092,1680003161.3640995,2093,2Item7,2023-03-28 17:02:41.364100,50232.0,14354972.0,392437.5,1680003161402.282,2514.0,3661.415384615385,20139.0,63.75183075671278,15.685824048193384,87.0
2093,1680003161.3719122,2094,2Item7,2023-03-28 17:02:41.371912,50233.0,14355228.0,392445.3125,1680003161410.0945,2517.0,3665.7846153846153,20140.0,63.73108833577356,15.690929279779448,87.0
2094,1680003161.3797247,2095,2Item7,2023-03-28 17:02:41.379725,50234.0,14355484.0,392453.125,1680003161417.907,2524.0,3675.979487179487,20140.0,63.73108833577356,15.690929279779448,87.0
2095,1680003161.3875372,2096,2Item7,2023-03-28 17:02:41.387537,50235.0,14355740.0,392460.9375,1680003161425.7195,2509.0,3654.1333333333328,20141.0,63.710359408033824,15.696034511365523,87.0
2096,1680003161.3953495,2097,2Item7,2023-03-28 17:02:41.395350,50236.0,14355996.0,392468.75,1680003161433.532,2516.0,3664.328205128205,20140.0,63.73108833577356,15.690929279779448,87.0
2097,1680003161.4031622,2098,2Item7,2023-03-28 17:02:41.403162,50237.0,14356252.0,392476.5625,1680003161441.3445,2519.0,3668.6974358974353,20140.0,63.73108833577356,15.690929279779448,87.0
2098,1680003161.4109747,2099,2Item7,2023-03-28 17:02:41.410975,50238.0,14356508.0,392484.375,1680003161449.157,2519.0,3668.6974358974353,20139.0,63.75183075671278,15.685824048193384,87.0
2099,1680003161.4187872,2100,2Item7,2023-03-28 17:02:41.418787,50239.0,14356764.0,392492.1875,1680003161456.9695,2509.0,3654.1333333333328,20141.0,63.710359408033824,15.696034511365523,87.0
2100,1680003161.4265995,2101,2Item7,2023-03-28 17:02:41.426600,50240.0,14357020.0,392500.0,1680003161464.782,2519.0,3668.6974358974353,20140.0,63.73108833577356,15.690929279779448,87.0
2101,1680003161.4344122,2102,2Item7,2023-03-28 17:02:41.434412,50241.0,14357276.0,392507.8125,1680003161472.5945,2521.0,3671.610256410256,20139.0,63.75183075671278,15.685824048193384,87.0
2102,1680003161.4422247,2103,2Item7,2023-03-28 17:02:41.442225,50242.0,14357532.0,392515.625,1680003161480.407,2526.0,3678.892307692307,20140.0,63.73108833577356,15.690929279779448,87.0
2103,1680003161.4500372,2104,2Item7,2023-03-28 17:02:41.450037,50243.0,14357788.0,392523.4375,1680003161488.2195,2505.0,3648.307692307692,20141.0,63.710359408033824,15.696034511365523,87.0
2104,1680003161.4578495,2105,2Item7,2023-03-28 17:02:41.457850,50244.0,14358044.0,392531.25,1680003161496.032,2511.0,3657.0461538461536,20140.0,63.73108833577356,15.690929279779448,87.0
2105,1680003161.4656622,2106,2Item7,2023-03-28 17:02:41.465662,50245.0,14358300.0,392539.0625,1680003161503.8445,2523.0,3674.5230769230766,20141.0,63.710359408033824,15.696034511365523,87.0
2106,1680003161.4734747,2107,2Item7,2023-03-28 17:02:41.473475,50246.0,14358556.0,392546.875,1680003161511.657,2524.0,3675.979487179487,20141.0,63.710359408033824,15.696034511365523,87.0
2107,1680003161.4812872,2108,2Item7,2023-03-28 17:02:41.481287,50247.0,14358812.0,392554.6875,1680003161519.4695,2512.0,3658.502564102564,20142.0,63.68964396033167,15.701139742951584,87.0
2108,1680003161.4890995,2109,2Item7,2023-03-28 17:02:41.489100,50248.0,14359068.0,392562.5,1680003161527.282,2524.0,3675.979487179487,20142.0,63.68964396033167,15.701139742951584,87.0
2109,1680003161.4969122,2110,2Item7,2023-03-28 17:02:41.496912,50249.0,14359324.0,392570.3125,1680003161535.0945,2523.0,3674.5230769230766,20141.0,63.710359408033824,15.696034511365523,87.0
2110,1680003161.5047247,2111,2Item7,2023-03-28 17:02:41.504725,50250.0,14359580.0,392578.125,1680003161542.907,2520.0,3670.1538461538457,20142.0,63.68964396033167,15.701139742951584,87.0
2111,1680003161.5125372,2112,2Item7,2023-03-28 17:02:41.512537,50251.0,14359836.0,392585.9375,1680003161550.7195,2512.0,3658.502564102564,20144.0,63.64825345247766,15.711350206123724,87.0
2112,1680003161.5203495,2113,2Item7,2023-03-28 17:02:41.520350,50252.0,14360092.0,392593.75,1680003161558.532,2522.0,3673.0666666666657,20144.0,63.64825345247766,15.711350206123724,87.0
2113,1680003161.5281622,2114,2Item7,2023-03-28 17:02:41.528162,50253.0,14360348.0,392601.5625,1680003161566.3445,2519.0,3668.6974358974353,20144.0,63.64825345247766,15.711350206123724,87.0
2114,1680003161.5359747,2115,2Item7,2023-03-28 17:02:41.535975,50254.0,14360604.0,392609.375,1680003161574.157,2527.0,3680.348717948717,20144.0,63.64825345247766,15.711350206123724,87.0
2115,1680003161.5437872,2116,2Item7,2023-03-28 17:02:41.543787,50255.0,14360860.0,392617.1875,1680003161581.9695,2508.0,3652.6769230769214,20147.0,63.58626846291188,15.726665900881926,87.0
2116,1680003161.5515995,2117,2Item7,2023-03-28 17:02:41.551600,50256.0,14361116.0,392625.0,1680003161589.782,2526.0,3678.892307692307,20147.0,63.58626846291188,15.726665900881926,87.0
2117,1680003161.5594122,2118,2Item7,2023-03-28 17:02:41.559412,50257.0,14361372.0,392632.8125,1680003161597.5945,2524.0,3675.979487179487,20148.0,63.565633619990265,15.731771132467998,87.0
2118,1680003161.5672247,2119,2Item7,2023-03-28 17:02:41.567225,50258.0,14361628.0,392640.625,1680003161605.407,2498.0,3638.11282051282,20151.0,63.5038093694278,15.747086827226198,87.0
2119,1680003161.5750372,2120,2Item7,2023-03-28 17:02:41.575037,50259.0,14361884.0,392648.4375,1680003161613.2195,2513.0,3659.958974358974,20151.0,63.5038093694278,15.747086827226198,87.0
2120,1680003161.5828495,2121,2Item7,2023-03-28 17:02:41.582850,50260.0,14362140.0,392656.25,1680003161621.032,2527.0,3680.348717948717,20151.0,63.5038093694278,15.747086827226198,87.0
2121,1680003161.5906622,2122,2Item7,2023-03-28 17:02:41.590662,50261.0,14362396.0,392664.0625,1680003161628.8445,2523.0,3674.5230769230766,20151.0,63.5038093694278,15.747086827226198,87.0
2122,1680003161.5984747,2123,2Item7,2023-03-28 17:02:41.598475,50262.0,14362652.0,392671.875,1680003161636.657,2524.0,3675.979487179487,20152.0,63.483228001944575,15.752192058812266,87.0
2123,1680003161.6062872,2124,2Item7,2023-03-28 17:02:41.606287,50263.0,14362908.0,392679.6875,1680003161644.4695,2510.0,3655.589743589743,20155.0,63.42156386595435,15.76750775357047,87.0
2124,1680003161.6140995,2125,2Item7,2023-03-28 17:02:41.614100,50264.0,14363164.0,392687.5,1680003161652.282,2524.0,3675.979487179487,20155.0,63.42156386595435,15.76750775357047,87.0
2125,1680003161.6219122,2126,2Item7,2023-03-28 17:02:41.621912,50265.0,14363420.0,392695.3125,1680003161660.0945,2515.0,3662.8717948717945,20156.0,63.40103576630524,15.772612985156536,87.0
2126,1680003161.6297247,2127,2Item7,2023-03-28 17:02:41.629725,50266.0,14363676.0,392703.125,1680003161667.907,2521.0,3671.610256410256,20157.0,63.38052095130238,15.777718216742606,87.0
2127,1680003161.6375372,2128,2Item7,2023-03-28 17:02:41.637537,50267.0,14363932.0,392710.9375,1680003161675.7195,2507.0,3651.220512820513,20160.0,63.31905608534023,15.79303391150081,87.0
2128,1680003161.6453495,2129,2Item7,2023-03-28 17:02:41.645350,50268.0,14364188.0,392718.75,1680003161683.532,2524.0,3675.979487179487,20160.0,63.31905608534023,15.79303391150081,87.0
2129,1680003161.6531622,2130,2Item7,2023-03-28 17:02:41.653162,50269.0,14364444.0,392726.5625,1680003161691.3445,2515.0,3662.8717948717945,20161.0,63.298594280174505,15.798139143086878,87.0
2130,1680003161.6609747,2131,2Item7,2023-03-28 17:02:41.660975,50270.0,14364700.0,392734.375,1680003161699.157,2526.0,3678.892307692307,20163.0,63.25771031810108,15.808349606259014,87.0
2131,1680003161.6687872,2132,2Item7,2023-03-28 17:02:41.668787,50271.0,14364956.0,392742.1875,1680003161706.9695,2512.0,3658.502564102564,20166.0,63.19648330375868,15.823665301017217,87.0
2132,1680003161.6765995,2133,2Item7,2023-03-28 17:02:41.676600,50272.0,14365212.0,392750.0,1680003161714.782,2527.0,3680.348717948717,20167.0,63.17610062893083,15.82877053260328,87.0
2133,1680003161.6844122,2134,2Item7,2023-03-28 17:02:41.684412,50273.0,14365468.0,392757.8125,1680003161722.5945,2522.0,3673.0666666666657,20169.0,63.13537469782434,15.83898099577542,87.0
2134,1680003161.6922247,2135,2Item7,2023-03-28 17:02:41.692225,50274.0,14365724.0,392765.625,1680003161730.407,2521.0,3671.610256410256,20170.0,63.11503141614306,15.844086227361489,87.0
2135,1680003161.7000372,2136,2Item7,2023-03-28 17:02:41.700037,50275.0,14365980.0,392773.4375,1680003161738.2195,2507.0,3651.220512820513,20173.0,63.05408015451473,15.859401922119693,87.0
2136,1680003161.7078495,2137,2Item7,2023-03-28 17:02:41.707850,50276.0,14366236.0,392781.25,1680003161746.032,2517.0,3665.7846153846153,20173.0,63.05408015451473,15.859401922119693,87.0
2137,1680003161.7156622,2138,2Item7,2023-03-28 17:02:41.715662,50277.0,14366492.0,392789.0625,1680003161753.8445,2517.0,3665.7846153846153,20175.0,63.01351133987454,15.869612385291829,87.0
2138,1680003161.7234747,2139,2Item7,2023-03-28 17:02:41.723475,50278.0,14366748.0,392796.875,1680003161761.657,2529.0,3683.2615384615374,20177.0,62.9729946953866,15.879822848463965,87.0
2139,1680003161.7312872,2140,2Item7,2023-03-28 17:02:41.731287,50279.0,14367004.0,392804.6875,1680003161769.4695,2512.0,3658.502564102564,20180.0,62.912317327766175,15.895138543222163,87.0
2140,1680003161.7390995,2141,2Item7,2023-03-28 17:02:41.739100,50280.0,14367260.0,392812.5,1680003161777.282,2523.0,3674.5230769230766,20182.0,62.87193066923447,15.9053490063943,87.0
2141,1680003161.7469122,2142,2Item7,2023-03-28 17:02:41.746912,50281.0,14367516.0,392820.3125,1680003161785.0945,2516.0,3664.328205128205,20184.0,62.83159582999198,15.915559469566436,87.0
2142,1680003161.7547247,2143,2Item7,2023-03-28 17:02:41.754725,50282.0,14367772.0,392828.125,1680003161792.907,2528.0,3681.805128205128,20186.0,62.791312710370256,15.925769932738572,87.0
2143,1680003161.7625372,2144,2Item7,2023-03-28 17:02:41.762537,50283.0,14368028.0,392835.9375,1680003161800.7195,2516.0,3664.328205128205,20189.0,62.730984787830266,15.941085627496776,87.0
2144,1680003161.7703495,2145,2Item7,2023-03-28 17:02:41.770350,50284.0,14368284.0,392843.75,1680003161808.532,2521.0,3671.610256410256,20191.0,62.69083053288527,15.951296090668912,87.0
2145,1680003161.7781622,2146,2Item7,2023-03-28 17:02:41.778162,50285.0,14368540.0,392851.5625,1680003161816.3445,2513.0,3659.958974358974,20195.0,62.61067604283203,15.971717017013182,87.0
2146,1680003161.7859747,2147,2Item7,2023-03-28 17:02:41.785975,50286.0,14368796.0,392859.375,1680003161824.157,2525.0,3677.4358974358975,20195.0,62.61067604283203,15.971717017013182,87.0
2147,1680003161.7937872,2148,2Item7,2023-03-28 17:02:41.793787,50287.0,14369052.0,392867.1875,1680003161831.9695,2515.0,3662.8717948717945,20199.0,62.53072625698326,15.99213794335745,87.0
2148,1680003161.8015995,2149,2Item7,2023-03-28 17:02:41.801600,50288.0,14369308.0,392875.0,1680003161839.782,2515.0,3662.8717948717945,20201.0,62.49082788323497,16.002348406529592,87.0
2149,1680003161.8094122,2150,2Item7,2023-03-28 17:02:41.809412,50289.0,14369564.0,392882.8125,1680003161847.5945,2520.0,3670.1538461538457,20204.0,62.43107569721116,16.017664101287792,87.0
2150,1680003161.8172247,2151,2Item7,2023-03-28 17:02:41.817225,50290.0,14369820.0,392890.625,1680003161855.407,2522.0,3673.0666666666657,20206.0,62.391304347826086,16.02787456445993,87.0
2151,1680003161.8250372,2152,2Item7,2023-03-28 17:02:41.825037,50291.0,14370076.0,392898.4375,1680003161863.2195,2510.0,3655.589743589743,20210.0,62.31191347224432,16.0482954908042,87.0
2152,1680003161.8328495,2153,2Item7,2023-03-28 17:02:41.832850,50292.0,14370332.0,392906.25,1680003161871.032,2520.0,3670.1538461538457,20212.0,62.272293752980445,16.058505953976336,87.0
2153,1680003161.8406622,2154,2Item7,2023-03-28 17:02:41.840662,50293.0,14370588.0,392914.0625,1680003161878.8445,2525.0,3677.4358974358975,20214.0,62.232724384432096,16.068716417148472,87.0
2154,1680003161.8484747,2155,2Item7,2023-03-28 17:02:41.848475,50294.0,14370844.0,392921.875,1680003161886.657,2520.0,3670.1538461538457,20217.0,62.17346452943978,16.084032111906676,87.0
2155,1680003161.8562872,2156,2Item7,2023-03-28 17:02:41.856287,50295.0,14371100.0,392929.6875,1680003161894.4695,2515.0,3662.8717948717945,20220.0,62.11431742508324,16.09934780666488,87.0
2156,1680003161.8640995,2157,2Item7,2023-03-28 17:02:41.864100,50296.0,14371356.0,392937.5,1680003161902.282,2511.0,3657.0461538461536,20224.0,62.03562945368171,16.119768733009153,87.0
2157,1680003161.8719122,2158,2Item7,2023-03-28 17:02:41.871912,50297.0,14371612.0,392945.3125,1680003161910.0945,2528.0,3681.805128205128,20226.0,61.99636018357336,16.129979196181285,87.0
2158,1680003161.8797247,2159,2Item7,2023-03-28 17:02:41.879725,50298.0,14371868.0,392953.125,1680003161917.907,2522.0,3673.0666666666657,20228.0,61.9571405978175,16.14018965935342,87.0
2159,1680003161.8875372,2160,2Item7,2023-03-28 17:02:41.887537,50299.0,14372124.0,392960.9375,1680003161925.7195,2509.0,3654.1333333333328,20232.0,61.87885010266941,16.16061058569769,87.0
2160,1680003161.8953495,2161,2Item7,2023-03-28 17:02:41.895350,50300.0,14372380.0,392968.75,1680003161933.532,2512.0,3658.502564102564,20236.0,61.800757217226696,16.18103151204196,87.0
2161,1680003161.9031622,2162,2Item7,2023-03-28 17:02:41.903162,50301.0,14372636.0,392976.5625,1680003161941.3445,2523.0,3674.5230769230766,20238.0,61.76178464448999,16.191241975214098,87.0
2162,1680003161.9109747,2163,2Item7,2023-03-28 17:02:41.910975,50302.0,14372892.0,392984.375,1680003161949.157,2526.0,3678.892307692307,20240.0,61.722861194265,16.201452438386237,87.0
2163,1680003161.9187872,2164,2Item7,2023-03-28 17:02:41.918787,50303.0,14373148.0,392992.1875,1680003161956.9695,2508.0,3652.6769230769214,20245.0,61.625766871165645,16.226978596316574,87.0
2164,1680003161.9265995,2165,2Item7,2023-03-28 17:02:41.926600,50304.0,14373404.0,393000.0,1680003161964.782,2518.0,3667.2410256410258,20246.0,61.6063846516748,16.232083827902642,87.0
2165,1680003161.9344122,2166,2Item7,2023-03-28 17:02:41.934412,50305.0,14373660.0,393007.8125,1680003161972.5945,2524.0,3675.979487179487,20250.0,61.52897754044292,16.252504754246914,87.0
2166,1680003161.9422247,2167,2Item7,2023-03-28 17:02:41.942225,50306.0,14373916.0,393015.625,1680003161980.407,2524.0,3675.979487179487,20252.0,61.49034688431958,16.26271521741905,87.0
2167,1680003161.9500372,2168,2Item7,2023-03-28 17:02:41.950037,50307.0,14374172.0,393023.4375,1680003161988.2195,2506.0,3649.7641025641024,20257.0,61.393982134461694,16.288241375349386,87.0
2168,1680003161.9578495,2169,2Item7,2023-03-28 17:02:41.957850,50308.0,14374428.0,393031.25,1680003161996.032,2517.0,3665.7846153846153,20258.0,61.37474541751527,16.293346606935458,87.0
2169,1680003161.9656622,2170,2Item7,2023-03-28 17:02:41.965662,50309.0,14374684.0,393039.0625,1680003162003.8445,2510.0,3655.589743589743,20262.0,61.29791894852136,16.313767533279727,87.0
2170,1680003161.9734747,2171,2Item7,2023-03-28 17:02:41.973475,50310.0,14374940.0,393046.875,1680003162011.657,2523.0,3674.5230769230766,20265.0,61.24042519931218,16.329083228037934,87.0
2171,1680003161.9812872,2172,2Item7,2023-03-28 17:02:41.981287,50311.0,14375196.0,393054.6875,1680003162019.4695,2515.0,3662.8717948717945,20269.0,61.1639344262295,16.349504154382206,87.0
2172,1680003161.9890995,2173,2Item7,2023-03-28 17:02:41.989100,50312.0,14375452.0,393062.5,1680003162027.282,2516.0,3664.328205128205,20272.0,61.10669162377164,16.364819849140407,87.0
2173,1680003161.9969122,2174,2Item7,2023-03-28 17:02:41.996912,50313.0,14375708.0,393070.3125,1680003162035.0945,2522.0,3673.0666666666657,20275.0,61.04955586722769,16.380135543898607,87.0
2174,1680003162.0047247,2175,2Item7,2023-03-28 17:02:42.004725,50314.0,14375964.0,393078.125,1680003162042.907,2525.0,3677.4358974358975,20278.0,60.99252685660906,16.39545123865681,87.0
2175,1680003162.0125372,2176,2Item7,2023-03-28 17:02:42.012537,50315.0,14376220.0,393085.9375,1680003162050.7195,2512.0,3658.502564102564,20282.0,60.916653708598986,16.41587216500108,87.0
2176,1680003162.0203495,2177,2Item7,2023-03-28 17:02:42.020350,50316.0,14376476.0,393093.75,1680003162058.532,2519.0,3668.6974358974353,20285.0,60.859872611464965,16.431187859759287,87.0
2177,1680003162.0281622,2178,2Item7,2023-03-28 17:02:42.028162,50317.0,14376732.0,393101.5625,1680003162066.3445,2521.0,3671.610256410256,20287.0,60.82207731718678,16.44139832293142,87.0
2178,1680003162.0359747,2179,2Item7,2023-03-28 17:02:42.035975,50318.0,14376988.0,393109.375,1680003162074.157,2523.0,3674.5230769230766,20291.0,60.746627384090566,16.461819249275692,87.0
2179,1680003162.0437872,2180,2Item7,2023-03-28 17:02:42.043787,50319.0,14377244.0,393117.1875,1680003162081.9695,2505.0,3648.307692307692,20295.0,60.671364410717054,16.482240175619964,87.0
2180,1680003162.0515995,2181,2Item7,2023-03-28 17:02:42.051600,50320.0,14377500.0,393125.0,1680003162089.782,2526.0,3678.892307692307,20298.0,60.6150394553613,16.497555870378164,87.0
2181,1680003162.0594122,2182,2Item7,2023-03-28 17:02:42.059412,50321.0,14377756.0,393132.8125,1680003162097.5945,2516.0,3664.328205128205,20300.0,60.57754754909542,16.5077663335503,87.0
2182,1680003162.0672247,2183,2Item7,2023-03-28 17:02:42.067225,50322.0,14378012.0,393140.625,1680003162105.407,2522.0,3673.0666666666657,20303.0,60.52139657036923,16.523082028308508,87.0
2183,1680003162.0750372,2184,2Item7,2023-03-28 17:02:42.075037,50323.0,14378268.0,393148.4375,1680003162113.2195,2507.0,3651.220512820513,20308.0,60.42804257288292,16.54860818623885,87.0
2184,1680003162.0828495,2185,2Item7,2023-03-28 17:02:42.082850,50324.0,14378524.0,393156.25,1680003162121.032,2516.0,3664.328205128205,20309.0,60.4094063222822,16.553713417824913,87.0
2185,1680003162.0906622,2186,2Item7,2023-03-28 17:02:42.090662,50325.0,14378780.0,393164.0625,1680003162128.8445,2508.0,3652.6769230769214,20312.0,60.35356647665999,16.56902911258312,87.0
2186,1680003162.0984747,2187,2Item7,2023-03-28 17:02:42.098475,50326.0,14379036.0,393171.875,1680003162136.657,2521.0,3671.610256410256,20315.0,60.29782976758504,16.584344807341324,87.0
2187,1680003162.1062872,2188,2Item7,2023-03-28 17:02:42.106287,50327.0,14379292.0,393179.6875,1680003162144.4695,2510.0,3655.589743589743,20319.0,60.223674096848576,16.604765733685596,87.0
2188,1680003162.1140995,2189,2Item7,2023-03-28 17:02:42.114100,50328.0,14379548.0,393187.5,1680003162152.282,2524.0,3675.979487179487,20322.0,60.16817693134695,16.6200814284438,87.0
2189,1680003162.1219122,2190,2Item7,2023-03-28 17:02:42.121912,50329.0,14379804.0,393195.3125,1680003162160.0945,2510.0,3655.589743589743,20324.0,60.13123561013048,16.630291891615933,87.0
2190,1680003162.1297247,2191,2Item7,2023-03-28 17:02:42.129725,50330.0,14380060.0,393203.125,1680003162167.907,2496.0,3635.2,20330.0,60.02068331545888,16.66092328113234,87.0
2191,1680003162.1375372,2192,2Item7,2023-03-28 17:02:42.137537,50331.0,14380316.0,393210.9375,1680003162175.7195,2514.0,3661.415384615385,20331.0,60.00229744218104,16.66602851271841,87.0
2192,1680003162.1453495,2193,2Item7,2023-03-28 17:02:42.145350,50332.0,14380572.0,393218.75,1680003162183.532,2525.0,3677.4358974358975,20335.0,59.92886645250115,16.68644943906268,87.0
2193,1680003162.1531622,2194,2Item7,2023-03-28 17:02:42.153162,50333.0,14380828.0,393226.5625,1680003162191.3445,2523.0,3674.5230769230766,20336.0,59.910536779324055,16.69155467064875,87.0
2194,1680003162.1609747,2195,2Item7,2023-03-28 17:02:42.160975,50334.0,14381084.0,393234.375,1680003162199.157,2524.0,3675.979487179487,20339.0,59.85561497326204,16.70687036540695,87.0
2195,1680003162.1687872,2196,2Item7,2023-03-28 17:02:42.168787,50335.0,14381340.0,393242.1875,1680003162206.9695,2510.0,3655.589743589743,20343.0,59.78254234701664,16.727291291751218,87.0
2196,1680003162.1765995,2197,2Item7,2023-03-28 17:02:42.176600,50336.0,14381596.0,393250.0,1680003162214.782,2524.0,3675.979487179487,20345.0,59.7460728991917,16.737501754923354,87.0
2197,1680003162.1844122,2198,2Item7,2023-03-28 17:02:42.184412,50337.0,14381852.0,393257.8125,1680003162222.5945,2510.0,3655.589743589743,20345.0,59.7460728991917,16.737501754923354,87.0
2198,1680003162.1922247,2199,2Item7,2023-03-28 17:02:42.192225,50338.0,14382108.0,393265.625,1680003162230.407,2530.0,3684.717948717948,20345.0,59.7460728991917,16.737501754923354,87.0
2199,1680003162.2000372,2200,2Item7,2023-03-28 17:02:42.200037,50339.0,14382364.0,393273.4375,1680003162238.2195,2510.0,3655.589743589743,20345.0,59.7460728991917,16.737501754923354,87.0
2200,1680003162.2078495,2201,2Item7,2023-03-28 17:02:42.207850,50340.0,14382620.0,393281.25,1680003162246.032,2529.0,3683.2615384615374,20345.0,59.7460728991917,16.737501754923354,87.0
2201,1680003162.2156622,2202,2Item7,2023-03-28 17:02:42.215662,50341.0,14382876.0,393289.0625,1680003162253.8445,2515.0,3662.8717948717945,20345.0,59.7460728991917,16.737501754923354,87.0
2202,1680003162.2234747,2203,2Item7,2023-03-28 17:02:42.223475,50342.0,14383132.0,393296.875,1680003162261.657,2530.0,3684.717948717948,20345.0,59.7460728991917,16.737501754923354,87.0
2203,1680003162.2312872,2204,2Item7,2023-03-28 17:02:42.231287,50343.0,14383388.0,393304.6875,1680003162269.4695,2516.0,3664.328205128205,20345.0,59.7460728991917,16.737501754923354,87.0
2204,1680003162.2390995,2205,2Item7,2023-03-28 17:02:42.239100,50344.0,14383644.0,393312.5,1680003162277.282,2531.0,3686.174358974359,20345.0,59.7460728991917,16.737501754923354,87.0
2205,1680003162.2469122,2206,2Item7,2023-03-28 17:02:42.246912,50345.0,14383900.0,393320.3125,1680003162285.0945,2510.0,3655.589743589743,20345.0,59.7460728991917,16.737501754923354,87.0
2206,1680003162.2547247,2207,2Item7,2023-03-28 17:02:42.254725,50346.0,14384156.0,393328.125,1680003162292.907,2529.0,3683.2615384615374,20345.0,59.7460728991917,16.737501754923354,87.0
2207,1680003162.2625372,2208,2Item7,2023-03-28 17:02:42.262537,50347.0,14384412.0,393335.9375,1680003162300.7195,2519.0,3668.6974358974353,1147.0,59.06673842841767,16.930002004628868,87.0
2208,1680003162.2703495,2209,2Item7,2023-03-28 17:02:42.270350,50348.0,14384668.0,393343.75,1680003162308.532,2528.0,3681.805128205128,1147.0,59.06673842841767,16.930002004628868,87.0
2209,1680003162.2781622,2210,2Item7,2023-03-28 17:02:42.278162,50349.0,14384924.0,393351.5625,1680003162316.3445,2515.0,3662.8717948717945,1148.0,58.93984962406015,16.966449802270695,87.0
2210,1680003162.2859747,2211,2Item7,2023-03-28 17:02:42.285975,50350.0,14385180.0,393359.375,1680003162324.157,2526.0,3678.892307692307,1146.0,59.194174757281566,16.893554206987037,87.0
2211,1680003162.2937872,2212,2Item7,2023-03-28 17:02:42.293787,50351.0,14385436.0,393367.1875,1680003162331.9695,2519.0,3668.6974358974353,1147.0,59.06673842841767,16.930002004628868,87.0
2212,1680003162.3015995,2213,2Item7,2023-03-28 17:02:42.301600,50352.0,14385692.0,393375.0,1680003162339.782,2517.0,3665.7846153846153,1148.0,58.93984962406015,16.966449802270695,87.0
2213,1680003162.3094122,2214,2Item7,2023-03-28 17:02:42.309412,50353.0,14385948.0,393382.8125,1680003162347.5945,2528.0,3681.805128205128,1147.0,59.06673842841767,16.930002004628868,87.0
2214,1680003162.3172247,2215,2Item7,2023-03-28 17:02:42.317225,50354.0,14386204.0,393390.625,1680003162355.407,2522.0,3673.0666666666657,1148.0,58.93984962406015,16.966449802270695,87.0
2215,1680003162.3250372,2216,2Item7,2023-03-28 17:02:42.325037,50355.0,14386460.0,393398.4375,1680003162363.2195,2509.0,3654.1333333333328,1148.0,58.93984962406015,16.966449802270695,87.0
2216,1680003162.3328495,2217,2Item7,2023-03-28 17:02:42.332850,50356.0,14386716.0,393406.25,1680003162371.032,2517.0,3665.7846153846153,1148.0,58.93984962406015,16.966449802270695,87.0
2217,1680003162.3406622,2218,2Item7,2023-03-28 17:02:42.340662,50357.0,14386972.0,393414.0625,1680003162378.8445,2526.0,3678.892307692307,1149.0,58.81350482315113,17.002897599912526,87.0
2218,1680003162.3484747,2219,2Item7,2023-03-28 17:02:42.348475,50358.0,14387228.0,393421.875,1680003162386.657,2528.0,3681.805128205128,1148.0,58.93984962406015,16.966449802270695,87.0
2219,1680003162.3562872,2220,2Item7,2023-03-28 17:02:42.356287,50359.0,14387484.0,393429.6875,1680003162394.4695,2514.0,3661.415384615385,1149.0,58.81350482315113,17.002897599912526,87.0
2220,1680003162.3640995,2221,2Item7,2023-03-28 17:02:42.364100,50360.0,14387740.0,393437.5,1680003162402.282,2518.0,3667.2410256410258,1150.0,58.68770053475938,17.03934539755435,87.0
2221,1680003162.3719122,2222,2Item7,2023-03-28 17:02:42.371912,50361.0,14387996.0,393445.3125,1680003162410.0945,2523.0,3674.5230769230766,1149.0,58.81350482315113,17.002897599912526,87.0
2222,1680003162.3797247,2223,2Item7,2023-03-28 17:02:42.379725,50362.0,14388252.0,393453.125,1680003162417.907,2533.0,3689.087179487179,1150.0,58.68770053475938,17.03934539755435,87.0
2223,1680003162.3875372,2224,2Item7,2023-03-28 17:02:42.387537,50363.0,14388508.0,393460.9375,1680003162425.7195,2519.0,3668.6974358974353,1150.0,58.68770053475938,17.03934539755435,87.0
2224,1680003162.3953495,2225,2Item7,2023-03-28 17:02:42.395350,50364.0,14388764.0,393468.75,1680003162433.532,2516.0,3664.328205128205,1150.0,58.68770053475938,17.03934539755435,87.0
2225,1680003162.4031622,2226,2Item7,2023-03-28 17:02:42.403162,50365.0,14389020.0,393476.5625,1680003162441.3445,2526.0,3678.892307692307,1150.0,58.68770053475938,17.03934539755435,87.0
2226,1680003162.4109747,2227,2Item7,2023-03-28 17:02:42.410975,50366.0,14389276.0,393484.375,1680003162449.157,2527.0,3680.348717948717,1149.0,58.81350482315113,17.002897599912526,87.0
2227,1680003162.4187872,2228,2Item7,2023-03-28 17:02:42.418787,50367.0,14389532.0,393492.1875,1680003162456.9695,2514.0,3661.415384615385,1151.0,58.56243329775883,17.075793195196173,87.0
2228,1680003162.4265995,2229,2Item7,2023-03-28 17:02:42.426600,50368.0,14389788.0,393500.0,1680003162464.782,2528.0,3681.805128205128,1151.0,58.56243329775883,17.075793195196173,87.0
2229,1680003162.4344122,2230,2Item7,2023-03-28 17:02:42.434412,50369.0,14390044.0,393507.8125,1680003162472.5945,2520.0,3670.1538461538457,1151.0,58.56243329775883,17.075793195196173,87.0
2230,1680003162.4422247,2231,2Item7,2023-03-28 17:02:42.442225,50370.0,14390300.0,393515.625,1680003162480.407,2524.0,3675.979487179487,1151.0,58.56243329775883,17.075793195196173,87.0
2231,1680003162.4500372,2232,2Item7,2023-03-28 17:02:42.450037,50371.0,14390556.0,393523.4375,1680003162488.2195,2520.0,3670.1538461538457,1151.0,58.56243329775883,17.075793195196173,87.0
2232,1680003162.4578495,2233,2Item7,2023-03-28 17:02:42.457850,50372.0,14390812.0,393531.25,1680003162496.032,2520.0,3670.1538461538457,1152.0,58.4376996805112,17.112240992838007,87.0
2233,1680003162.4656622,2234,2Item7,2023-03-28 17:02:42.465662,50373.0,14391068.0,393539.0625,1680003162503.8445,2527.0,3680.348717948717,1152.0,58.4376996805112,17.112240992838007,87.0
2234,1680003162.4734747,2235,2Item7,2023-03-28 17:02:42.473475,50374.0,14391324.0,393546.875,1680003162511.657,2530.0,3684.717948717948,1152.0,58.4376996805112,17.112240992838007,87.0
2235,1680003162.4812872,2236,2Item7,2023-03-28 17:02:42.481287,50375.0,14391580.0,393554.6875,1680003162519.4695,2522.0,3673.0666666666657,1153.0,58.313496280552606,17.148688790479834,87.0
2236,1680003162.4890995,2237,2Item7,2023-03-28 17:02:42.489100,50376.0,14391836.0,393562.5,1680003162527.282,2525.0,3677.4358974358975,1153.0,58.313496280552606,17.148688790479834,87.0
2237,1680003162.4969122,2238,2Item7,2023-03-28 17:02:42.496912,50377.0,14392092.0,393570.3125,1680003162535.0945,2530.0,3684.717948717948,1153.0,58.313496280552606,17.148688790479834,87.0
2238,1680003162.5047247,2239,2Item7,2023-03-28 17:02:42.504725,50378.0,14392348.0,393578.125,1680003162542.907,2526.0,3678.892307692307,1152.0,58.4376996805112,17.112240992838007,87.0
2239,1680003162.5125372,2240,2Item7,2023-03-28 17:02:42.512537,50379.0,14392604.0,393585.9375,1680003162550.7195,2523.0,3674.5230769230766,1154.0,58.18981972428422,17.185136588121654,87.0
2240,1680003162.5203495,2241,2Item7,2023-03-28 17:02:42.520350,50380.0,14392860.0,393593.75,1680003162558.532,2525.0,3677.4358974358975,1153.0,58.313496280552606,17.148688790479834,87.0
2241,1680003162.5281622,2242,2Item7,2023-03-28 17:02:42.528162,50381.0,14393116.0,393601.5625,1680003162566.3445,2515.0,3662.8717948717945,1154.0,58.18981972428422,17.185136588121654,87.0
2242,1680003162.5359747,2243,2Item7,2023-03-28 17:02:42.535975,50382.0,14393372.0,393609.375,1680003162574.157,2531.0,3686.174358974359,1154.0,58.18981972428422,17.185136588121654,87.0
2243,1680003162.5437872,2244,2Item7,2023-03-28 17:02:42.543787,50383.0,14393628.0,393617.1875,1680003162581.9695,2513.0,3659.958974358974,1154.0,58.18981972428422,17.185136588121654,87.0
2244,1680003162.5515995,2245,2Item7,2023-03-28 17:02:42.551600,50384.0,14393884.0,393625.0,1680003162589.782,2520.0,3670.1538461538457,1154.0,58.18981972428422,17.185136588121654,87.0
2245,1680003162.5594122,2246,2Item7,2023-03-28 17:02:42.559412,50385.0,14394140.0,393632.8125,1680003162597.5945,2531.0,3686.174358974359,1154.0,58.18981972428422,17.185136588121654,87.0
2246,1680003162.5672247,2247,2Item7,2023-03-28 17:02:42.567225,50386.0,14394396.0,393640.625,1680003162605.407,2524.0,3675.979487179487,1154.0,58.18981972428422,17.185136588121654,87.0
2247,1680003162.5750372,2248,2Item7,2023-03-28 17:02:42.575037,50387.0,14394652.0,393648.4375,1680003162613.2195,2517.0,3665.7846153846153,1155.0,58.06666666666669,17.22158438576348,87.0
2248,1680003162.5828495,2249,2Item7,2023-03-28 17:02:42.582850,50388.0,14394908.0,393656.25,1680003162621.032,2525.0,3677.4358974358975,1155.0,58.06666666666669,17.22158438576348,87.0
2249,1680003162.5906622,2250,2Item7,2023-03-28 17:02:42.590662,50389.0,14395164.0,393664.0625,1680003162628.8445,2517.0,3665.7846153846153,1155.0,58.06666666666669,17.22158438576348,87.0
2250,1680003162.5984747,2251,2Item7,2023-03-28 17:02:42.598475,50390.0,14395420.0,393671.875,1680003162636.657,2531.0,3686.174358974359,1155.0,58.06666666666669,17.22158438576348,87.0
2251,1680003162.6062872,2252,2Item7,2023-03-28 17:02:42.606287,50391.0,14395676.0,393679.6875,1680003162644.4695,2518.0,3667.2410256410258,1156.0,57.944033790918695,17.258032183405316,87.0
2252,1680003162.6140995,2253,2Item7,2023-03-28 17:02:42.614100,50392.0,14395932.0,393687.5,1680003162652.282,2528.0,3681.805128205128,1155.0,58.06666666666669,17.22158438576348,87.0
2253,1680003162.6219122,2254,2Item7,2023-03-28 17:02:42.621912,50393.0,14396188.0,393695.3125,1680003162660.0945,2531.0,3686.174358974359,1156.0,57.944033790918695,17.258032183405316,87.0
2254,1680003162.6297247,2255,2Item7,2023-03-28 17:02:42.629725,50394.0,14396444.0,393703.125,1680003162667.907,2506.0,3649.7641025641024,1157.0,57.82191780821918,17.294479981047143,87.0
2255,1680003162.6375372,2256,2Item7,2023-03-28 17:02:42.637537,50395.0,14396700.0,393710.9375,1680003162675.7195,2518.0,3667.2410256410258,1156.0,57.944033790918695,17.258032183405316,87.0
2256,1680003162.6453495,2257,2Item7,2023-03-28 17:02:42.645350,50396.0,14396956.0,393718.75,1680003162683.532,2521.0,3671.610256410256,1156.0,57.944033790918695,17.258032183405316,87.0
2257,1680003162.6531622,2258,2Item7,2023-03-28 17:02:42.653162,50397.0,14397212.0,393726.5625,1680003162691.3445,2527.0,3680.348717948717,1156.0,57.944033790918695,17.258032183405316,87.0
2258,1680003162.6609747,2259,2Item7,2023-03-28 17:02:42.660975,50398.0,14397468.0,393734.375,1680003162699.157,2531.0,3686.174358974359,1156.0,57.944033790918695,17.258032183405316,87.0
2259,1680003162.6687872,2260,2Item7,2023-03-28 17:02:42.668787,50399.0,14397724.0,393742.1875,1680003162706.9695,2516.0,3664.328205128205,1157.0,57.82191780821918,17.294479981047143,87.0
2260,1680003162.6765995,2261,2Item7,2023-03-28 17:02:42.676600,50400.0,14397980.0,393750.0,1680003162714.782,2517.0,3665.7846153846153,1156.0,57.944033790918695,17.258032183405316,87.0
2261,1680003162.6844122,2262,2Item7,2023-03-28 17:02:42.684412,50401.0,14398236.0,393757.8125,1680003162722.5945,2523.0,3674.5230769230766,1157.0,57.82191780821918,17.294479981047143,87.0
2262,1680003162.6922247,2263,2Item7,2023-03-28 17:02:42.692225,50402.0,14398492.0,393765.625,1680003162730.407,2530.0,3684.717948717948,1157.0,57.82191780821918,17.294479981047143,87.0
2263,1680003162.7000372,2264,2Item7,2023-03-28 17:02:42.700037,50403.0,14398748.0,393773.4375,1680003162738.2195,2521.0,3671.610256410256,1157.0,57.82191780821918,17.294479981047143,87.0
2264,1680003162.7078495,2265,2Item7,2023-03-28 17:02:42.707850,50404.0,14399004.0,393781.25,1680003162746.032,2519.0,3668.6974358974353,1156.0,57.944033790918695,17.258032183405316,87.0
2265,1680003162.7156622,2266,2Item7,2023-03-28 17:02:42.715662,50405.0,14399260.0,393789.0625,1680003162753.8445,2523.0,3674.5230769230766,1156.0,57.944033790918695,17.258032183405316,87.0
2266,1680003162.7234747,2267,2Item7,2023-03-28 17:02:42.723475,50406.0,14399516.0,393796.875,1680003162761.657,2525.0,3677.4358974358975,1157.0,57.82191780821918,17.294479981047143,87.0
2267,1680003162.7312872,2268,2Item7,2023-03-28 17:02:42.731287,50407.0,14399772.0,393804.6875,1680003162769.4695,2514.0,3661.415384615385,1157.0,57.82191780821918,17.294479981047143,87.0
2268,1680003162.7390995,2269,2Item7,2023-03-28 17:02:42.739100,50408.0,14400028.0,393812.5,1680003162777.282,2527.0,3680.348717948717,1157.0,57.82191780821918,17.294479981047143,87.0
2269,1680003162.7469122,2270,2Item7,2023-03-28 17:02:42.746912,50409.0,14400284.0,393820.3125,1680003162785.0945,2516.0,3664.328205128205,1158.0,57.70031545741325,17.33092777868897,87.0
2270,1680003162.7547247,2271,2Item7,2023-03-28 17:02:42.754725,50410.0,14400540.0,393828.125,1680003162792.907,2529.0,3683.2615384615374,1157.0,57.82191780821918,17.294479981047143,87.0
2271,1680003162.7625372,2272,2Item7,2023-03-28 17:02:42.762537,50411.0,14400796.0,393835.9375,1680003162800.7195,2515.0,3662.8717948717945,1157.0,57.82191780821918,17.294479981047143,87.0
2272,1680003162.7703495,2273,2Item7,2023-03-28 17:02:42.770350,50412.0,14401052.0,393843.75,1680003162808.532,2524.0,3675.979487179487,1157.0,57.82191780821918,17.294479981047143,87.0
2273,1680003162.7781622,2274,2Item7,2023-03-28 17:02:42.778162,50413.0,14401308.0,393851.5625,1680003162816.3445,2516.0,3664.328205128205,1157.0,57.82191780821918,17.294479981047143,87.0
2274,1680003162.7859747,2275,2Item7,2023-03-28 17:02:42.785975,50414.0,14401564.0,393859.375,1680003162824.157,2524.0,3675.979487179487,1158.0,57.70031545741325,17.33092777868897,87.0
2275,1680003162.7937872,2276,2Item7,2023-03-28 17:02:42.793787,50415.0,14401820.0,393867.1875,1680003162831.9695,2517.0,3665.7846153846153,1158.0,57.70031545741325,17.33092777868897,87.0
2276,1680003162.8015995,2277,2Item7,2023-03-28 17:02:42.801600,50416.0,14402076.0,393875.0,1680003162839.782,2520.0,3670.1538461538457,1158.0,57.70031545741325,17.33092777868897,87.0
2277,1680003162.8094122,2278,2Item7,2023-03-28 17:02:42.809412,50417.0,14402332.0,393882.8125,1680003162847.5945,2515.0,3662.8717948717945,1158.0,57.70031545741325,17.33092777868897,87.0
2278,1680003162.8172247,2279,2Item7,2023-03-28 17:02:42.817225,50418.0,14402588.0,393890.625,1680003162855.407,2508.0,3652.6769230769214,1158.0,57.70031545741325,17.33092777868897,87.0
2279,1680003162.8250372,2280,2Item7,2023-03-28 17:02:42.825037,50419.0,14402844.0,393898.4375,1680003162863.2195,2513.0,3659.958974358974,1158.0,57.70031545741325,17.33092777868897,87.0
2280,1680003162.8328495,2281,2Item7,2023-03-28 17:02:42.832850,50420.0,14403100.0,393906.25,1680003162871.032,2531.0,3686.174358974359,1158.0,57.70031545741325,17.33092777868897,87.0
2281,1680003162.8406622,2282,2Item7,2023-03-28 17:02:42.840662,50421.0,14403356.0,393914.0625,1680003162878.8445,2517.0,3665.7846153846153,1157.0,57.82191780821918,17.294479981047143,87.0
2282,1680003162.8484747,2283,2Item7,2023-03-28 17:02:42.848475,50422.0,14403612.0,393921.875,1680003162886.657,2526.0,3678.892307692307,1158.0,57.70031545741325,17.33092777868897,87.0
2283,1680003162.8562872,2284,2Item7,2023-03-28 17:02:42.856287,50423.0,14403868.0,393929.6875,1680003162894.4695,2523.0,3674.5230769230766,1158.0,57.70031545741325,17.33092777868897,87.0
2284,1680003162.8640995,2285,2Item7,2023-03-28 17:02:42.864100,50424.0,14404124.0,393937.5,1680003162902.282,2528.0,3681.805128205128,1158.0,57.70031545741325,17.33092777868897,87.0
2285,1680003162.8719122,2286,2Item7,2023-03-28 17:02:42.871912,50425.0,14404380.0,393945.3125,1680003162910.0945,2516.0,3664.328205128205,1157.0,57.82191780821918,17.294479981047143,87.0
2286,1680003162.8797247,2287,2Item7,2023-03-28 17:02:42.879725,50426.0,14404636.0,393953.125,1680003162917.907,2529.0,3683.2615384615374,1158.0,57.70031545741325,17.33092777868897,87.0
2287,1680003162.8875372,2288,2Item7,2023-03-28 17:02:42.887537,50427.0,14404892.0,393960.9375,1680003162925.7195,2523.0,3674.5230769230766,1158.0,57.70031545741325,17.33092777868897,87.0
2288,1680003162.8953495,2289,2Item7,2023-03-28 17:02:42.895350,50428.0,14405148.0,393968.75,1680003162933.532,2525.0,3677.4358974358975,1158.0,57.70031545741325,17.33092777868897,87.0
2289,1680003162.9031622,2290,2Item7,2023-03-28 17:02:42.903162,50429.0,14405404.0,393976.5625,1680003162941.3445,2532.0,3687.6307692307687,1158.0,57.70031545741325,17.33092777868897,87.0
2290,1680003162.9109747,2291,2Item7,2023-03-28 17:02:42.910975,50430.0,14405660.0,393984.375,1680003162949.157,2532.0,3687.6307692307687,1157.0,57.82191780821918,17.294479981047143,87.0
2291,1680003162.9187872,2292,2Item7,2023-03-28 17:02:42.918787,50431.0,14405916.0,393992.1875,1680003162956.9695,2514.0,3661.415384615385,1158.0,57.70031545741325,17.33092777868897,87.0
2292,1680003162.9265995,2293,2Item7,2023-03-28 17:02:42.926600,50432.0,14406172.0,394000.0,1680003162964.782,2523.0,3674.5230769230766,1158.0,57.70031545741325,17.33092777868897,87.0
2293,1680003162.9344122,2294,2Item7,2023-03-28 17:02:42.934412,50433.0,14406428.0,394007.8125,1680003162972.5945,2521.0,3671.610256410256,1158.0,57.70031545741325,17.33092777868897,87.0
2294,1680003162.9422247,2295,2Item7,2023-03-28 17:02:42.942225,50434.0,14406684.0,394015.625,1680003162980.407,2531.0,3686.174358974359,1158.0,57.70031545741325,17.33092777868897,87.0
2295,1680003162.9500372,2296,2Item7,2023-03-28 17:02:42.950037,50435.0,14406940.0,394023.4375,1680003162988.2195,2515.0,3662.8717948717945,1158.0,57.70031545741325,17.33092777868897,87.0
2296,1680003162.9578495,2297,2Item7,2023-03-28 17:02:42.957850,50436.0,14407196.0,394031.25,1680003162996.032,2521.0,3671.610256410256,1158.0,57.70031545741325,17.33092777868897,87.0
2297,1680003162.9656622,2298,2Item7,2023-03-28 17:02:42.965662,50437.0,14407452.0,394039.0625,1680003163003.8445,2531.0,3686.174358974359,1157.0,57.82191780821918,17.294479981047143,87.0
2298,1680003162.9734747,2299,2Item7,2023-03-28 17:02:42.973475,50438.0,14407708.0,394046.875,1680003163011.657,2524.0,3675.979487179487,1158.0,57.70031545741325,17.33092777868897,87.0
2299,1680003162.9812872,2300,2Item7,2023-03-28 17:02:42.981287,50439.0,14407964.0,394054.6875,1680003163019.4695,2520.0,3670.1538461538457,1158.0,57.70031545741325,17.33092777868897,87.0
2300,1680003162.9890995,2301,2Item7,2023-03-28 17:02:42.989100,50440.0,14408220.0,394062.5,1680003163027.282,2523.0,3674.5230769230766,1158.0,57.70031545741325,17.33092777868897,87.0
2301,1680003162.9969122,2302,2Item7,2023-03-28 17:02:42.996912,50441.0,14408476.0,394070.3125,1680003163035.0945,2526.0,3678.892307692307,1158.0,57.70031545741325,17.33092777868897,87.0
2302,1680003163.0047247,2303,2Item7,2023-03-28 17:02:43.004725,50442.0,14408732.0,394078.125,1680003163042.907,2530.0,3684.717948717948,1158.0,57.70031545741325,17.33092777868897,87.0
2303,1680003163.0125372,2304,2Item7,2023-03-28 17:02:43.012537,50443.0,14408988.0,394085.9375,1680003163050.7195,2522.0,3673.0666666666657,1158.0,57.70031545741325,17.33092777868897,87.0
2304,1680003163.0203495,2305,2Item7,2023-03-28 17:02:43.020350,50444.0,14409244.0,394093.75,1680003163058.532,2524.0,3675.979487179487,1158.0,57.70031545741325,17.33092777868897,87.0
2305,1680003163.0281622,2306,2Item7,2023-03-28 17:02:43.028162,50445.0,14409500.0,394101.5625,1680003163066.3445,2521.0,3671.610256410256,1157.0,57.82191780821918,17.294479981047143,87.0
2306,1680003163.0359747,2307,2Item7,2023-03-28 17:02:43.035975,50446.0,14409756.0,394109.375,1680003163074.157,2532.0,3687.6307692307687,1157.0,57.82191780821918,17.294479981047143,87.0
2307,1680003163.0437872,2308,2Item7,2023-03-28 17:02:43.043787,50447.0,14410012.0,394117.1875,1680003163081.9695,2521.0,3671.610256410256,1158.0,57.70031545741325,17.33092777868897,87.0
2308,1680003163.0515995,2309,2Item7,2023-03-28 17:02:43.051600,50448.0,14410268.0,394125.0,1680003163089.782,2523.0,3674.5230769230766,1157.0,57.82191780821918,17.294479981047143,87.0
2309,1680003163.0594122,2310,2Item7,2023-03-28 17:02:43.059412,50449.0,14410524.0,394132.8125,1680003163097.5945,2523.0,3674.5230769230766,1157.0,57.82191780821918,17.294479981047143,87.0
2310,1680003163.0672247,2311,2Item7,2023-03-28 17:02:43.067225,50450.0,14410780.0,394140.625,1680003163105.407,2532.0,3687.6307692307687,1157.0,57.82191780821918,17.294479981047143,87.0
2311,1680003163.0750372,2312,2Item7,2023-03-28 17:02:43.075037,50451.0,14411036.0,394148.4375,1680003163113.2195,2516.0,3664.328205128205,1157.0,57.82191780821918,17.294479981047143,87.0
2312,1680003163.0828495,2313,2Item7,2023-03-28 17:02:43.082850,50452.0,14411292.0,394156.25,1680003163121.032,2518.0,3667.2410256410258,1158.0,57.70031545741325,17.33092777868897,87.0
2313,1680003163.0906622,2314,2Item7,2023-03-28 17:02:43.090662,50453.0,14411548.0,394164.0625,1680003163128.8445,2523.0,3674.5230769230766,1157.0,57.82191780821918,17.294479981047143,87.0
2314,1680003163.0984747,2315,2Item7,2023-03-28 17:02:43.098475,50454.0,14411804.0,394171.875,1680003163136.657,2528.0,3681.805128205128,1158.0,57.70031545741325,17.33092777868897,87.0
2315,1680003163.1062872,2316,2Item7,2023-03-28 17:02:43.106287,50455.0,14412060.0,394179.6875,1680003163144.4695,2516.0,3664.328205128205,1158.0,57.70031545741325,17.33092777868897,87.0
2316,1680003163.1140995,2317,2Item7,2023-03-28 17:02:43.114100,50456.0,14412316.0,394187.5,1680003163152.282,2520.0,3670.1538461538457,1158.0,57.70031545741325,17.33092777868897,87.0
2317,1680003163.1219122,2318,2Item7,2023-03-28 17:02:43.121912,50457.0,14412572.0,394195.3125,1680003163160.0945,2526.0,3678.892307692307,1157.0,57.82191780821918,17.294479981047143,87.0
2318,1680003163.1297247,2319,2Item7,2023-03-28 17:02:43.129725,50458.0,14412828.0,394203.125,1680003163167.907,2494.0,3632.2871794871785,1158.0,57.70031545741325,17.33092777868897,87.0
2319,1680003163.1375372,2320,2Item7,2023-03-28 17:02:43.137537,50459.0,14413084.0,394210.9375,1680003163175.7195,2523.0,3674.5230769230766,1157.0,57.82191780821918,17.294479981047143,87.0
2320,1680003163.1453495,2321,2Item7,2023-03-28 17:02:43.145350,50460.0,14413340.0,394218.75,1680003163183.532,2525.0,3677.4358974358975,1157.0,57.82191780821918,17.294479981047143,87.0
2321,1680003163.1531622,2322,2Item7,2023-03-28 17:02:43.153162,50461.0,14413596.0,394226.5625,1680003163191.3445,2520.0,3670.1538461538457,1157.0,57.82191780821918,17.294479981047143,87.0
2322,1680003163.1609747,2323,2Item7,2023-03-28 17:02:43.160975,50462.0,14413852.0,394234.375,1680003163199.157,2529.0,3683.2615384615374,1157.0,57.82191780821918,17.294479981047143,87.0
2323,1680003163.1687872,2324,2Item7,2023-03-28 17:02:43.168787,50463.0,14414108.0,394242.1875,1680003163206.9695,2518.0,3667.2410256410258,1157.0,57.82191780821918,17.294479981047143,87.0
2324,1680003163.1765995,2325,2Item7,2023-03-28 17:02:43.176600,50464.0,14414364.0,394250.0,1680003163214.782,2533.0,3689.087179487179,1157.0,57.82191780821918,17.294479981047143,87.0
2325,1680003163.1844122,2326,2Item7,2023-03-28 17:02:43.184412,50465.0,14414620.0,394257.8125,1680003163222.5945,2528.0,3681.805128205128,1156.0,57.944033790918695,17.258032183405316,87.0
2326,1680003163.1922247,2327,2Item7,2023-03-28 17:02:43.192225,50466.0,14414876.0,394265.625,1680003163230.407,2499.0,3639.569230769231,1158.0,57.70031545741325,17.33092777868897,87.0
2327,1680003163.2000372,2328,2Item7,2023-03-28 17:02:43.200037,50467.0,14415132.0,394273.4375,1680003163238.2195,2524.0,3675.979487179487,1156.0,57.944033790918695,17.258032183405316,87.0
2328,1680003163.2078495,2329,2Item7,2023-03-28 17:02:43.207850,50468.0,14415388.0,394281.25,1680003163246.032,2529.0,3683.2615384615374,1157.0,57.82191780821918,17.294479981047143,87.0
2329,1680003163.2156622,2330,2Item7,2023-03-28 17:02:43.215662,50469.0,14415644.0,394289.0625,1680003163253.8445,2528.0,3681.805128205128,1157.0,57.82191780821918,17.294479981047143,87.0
2330,1680003163.2234747,2331,2Item7,2023-03-28 17:02:43.223475,50470.0,14415900.0,394296.875,1680003163261.657,2506.0,3649.7641025641024,1157.0,57.82191780821918,17.294479981047143,87.0
2331,1680003163.2312872,2332,2Item7,2023-03-28 17:02:43.231287,50471.0,14416156.0,394304.6875,1680003163269.4695,2520.0,3670.1538461538457,1158.0,57.70031545741325,17.33092777868897,87.0
2332,1680003163.2390995,2333,2Item7,2023-03-28 17:02:43.239100,50472.0,14416412.0,394312.5,1680003163277.282,2534.0,3690.5435897435896,1158.0,57.70031545741325,17.33092777868897,87.0
2333,1680003163.2469122,2334,2Item7,2023-03-28 17:02:43.246912,50473.0,14416668.0,394320.3125,1680003163285.0945,2518.0,3667.2410256410258,1157.0,57.82191780821918,17.294479981047143,87.0
2334,1680003163.2547247,2335,2Item7,2023-03-28 17:02:43.254725,50474.0,14416924.0,394328.125,1680003163292.907,2529.0,3683.2615384615374,1156.0,57.944033790918695,17.258032183405316,87.0
2335,1680003163.2625372,2336,2Item7,2023-03-28 17:02:43.262537,50475.0,14417180.0,394335.9375,1680003163300.7195,2511.0,3657.0461538461536,1157.0,57.82191780821918,17.294479981047143,87.0
2336,1680003163.2703495,2337,2Item7,2023-03-28 17:02:43.270350,50476.0,14417436.0,394343.75,1680003163308.532,2520.0,3670.1538461538457,1156.0,57.944033790918695,17.258032183405316,87.0
2337,1680003163.2781622,2338,2Item7,2023-03-28 17:02:43.278162,50477.0,14417692.0,394351.5625,1680003163316.3445,2519.0,3668.6974358974353,1156.0,57.944033790918695,17.258032183405316,87.0
2338,1680003163.2859747,2339,2Item7,2023-03-28 17:02:43.285975,50478.0,14417948.0,394359.375,1680003163324.157,2534.0,3690.5435897435896,1155.0,58.06666666666669,17.22158438576348,87.0
2339,1680003163.2937872,2340,2Item7,2023-03-28 17:02:43.293787,50479.0,14418204.0,394367.1875,1680003163331.9695,2515.0,3662.8717948717945,1156.0,57.944033790918695,17.258032183405316,87.0
2340,1680003163.3015995,2341,2Item7,2023-03-28 17:02:43.301600,50480.0,14418460.0,394375.0,1680003163339.782,2525.0,3677.4358974358975,1156.0,57.944033790918695,17.258032183405316,87.0
2341,1680003163.3094122,2342,2Item7,2023-03-28 17:02:43.309412,50481.0,14418716.0,394382.8125,1680003163347.5945,2522.0,3673.0666666666657,1156.0,57.944033790918695,17.258032183405316,87.0
2342,1680003163.3172247,2343,2Item7,2023-03-28 17:02:43.317225,50482.0,14418972.0,394390.625,1680003163355.407,2530.0,3684.717948717948,1156.0,57.944033790918695,17.258032183405316,87.0
2343,1680003163.3250372,2344,2Item7,2023-03-28 17:02:43.325037,50483.0,14419228.0,394398.4375,1680003163363.2195,2523.0,3674.5230769230766,1155.0,58.06666666666669,17.22158438576348,87.0
2344,1680003163.3328495,2345,2Item7,2023-03-28 17:02:43.332850,50484.0,14419484.0,394406.25,1680003163371.032,2536.0,3693.45641025641,1156.0,57.944033790918695,17.258032183405316,87.0
2345,1680003163.3406622,2346,2Item7,2023-03-28 17:02:43.340662,50485.0,14419740.0,394414.0625,1680003163378.8445,2517.0,3665.7846153846153,1156.0,57.944033790918695,17.258032183405316,87.0
2346,1680003163.3484747,2347,2Item7,2023-03-28 17:02:43.348475,50486.0,14419996.0,394421.875,1680003163386.657,2532.0,3687.6307692307687,1156.0,57.944033790918695,17.258032183405316,87.0
2347,1680003163.3562872,2348,2Item7,2023-03-28 17:02:43.356287,50487.0,14420252.0,394429.6875,1680003163394.4695,2523.0,3674.5230769230766,1155.0,58.06666666666669,17.22158438576348,87.0
2348,1680003163.3640995,2349,2Item7,2023-03-28 17:02:43.364100,50488.0,14420508.0,394437.5,1680003163402.282,2522.0,3673.0666666666657,1154.0,58.18981972428422,17.185136588121654,87.0
2349,1680003163.3719122,2350,2Item7,2023-03-28 17:02:43.371912,50489.0,14420764.0,394445.3125,1680003163410.0945,2518.0,3667.2410256410258,1155.0,58.06666666666669,17.22158438576348,87.0
2350,1680003163.3797247,2351,2Item7,2023-03-28 17:02:43.379725,50490.0,14421020.0,394453.125,1680003163417.907,2529.0,3683.2615384615374,1155.0,58.06666666666669,17.22158438576348,87.0
2351,1680003163.3875372,2352,2Item7,2023-03-28 17:02:43.387537,50491.0,14421276.0,394460.9375,1680003163425.7195,2516.0,3664.328205128205,1155.0,58.06666666666669,17.22158438576348,87.0
2352,1680003163.3953495,2353,2Item7,2023-03-28 17:02:43.395350,50492.0,14421532.0,394468.75,1680003163433.532,2524.0,3675.979487179487,1154.0,58.18981972428422,17.185136588121654,87.0
2353,1680003163.4031622,2354,2Item7,2023-03-28 17:02:43.403162,50493.0,14421788.0,394476.5625,1680003163441.3445,2527.0,3680.348717948717,1154.0,58.18981972428422,17.185136588121654,87.0
2354,1680003163.4109747,2355,2Item7,2023-03-28 17:02:43.410975,50494.0,14422044.0,394484.375,1680003163449.157,2531.0,3686.174358974359,1154.0,58.18981972428422,17.185136588121654,87.0
2355,1680003163.4187872,2356,2Item7,2023-03-28 17:02:43.418787,50495.0,14422300.0,394492.1875,1680003163456.9695,2524.0,3675.979487179487,1154.0,58.18981972428422,17.185136588121654,87.0
2356,1680003163.4265995,2357,2Item7,2023-03-28 17:02:43.426600,50496.0,14422556.0,394500.0,1680003163464.782,2524.0,3675.979487179487,1154.0,58.18981972428422,17.185136588121654,87.0
2357,1680003163.4344122,2358,2Item7,2023-03-28 17:02:43.434412,50497.0,14422812.0,394507.8125,1680003163472.5945,2529.0,3683.2615384615374,1154.0,58.18981972428422,17.185136588121654,87.0
2358,1680003163.4422247,2359,2Item7,2023-03-28 17:02:43.442225,50498.0,14423068.0,394515.625,1680003163480.407,2532.0,3687.6307692307687,1154.0,58.18981972428422,17.185136588121654,87.0
2359,1680003163.4500372,2360,2Item7,2023-03-28 17:02:43.450037,50499.0,14423324.0,394523.4375,1680003163488.2195,2519.0,3668.6974358974353,1154.0,58.18981972428422,17.185136588121654,87.0
2360,1680003163.4578495,2361,2Item7,2023-03-28 17:02:43.457850,50500.0,14423580.0,394531.25,1680003163496.032,2525.0,3677.4358974358975,1154.0,58.18981972428422,17.185136588121654,87.0
2361,1680003163.4656622,2362,2Item7,2023-03-28 17:02:43.465662,50501.0,14423836.0,394539.0625,1680003163503.8445,2519.0,3668.6974358974353,1154.0,58.18981972428422,17.185136588121654,87.0
2362,1680003163.4734747,2363,2Item7,2023-03-28 17:02:43.473475,50502.0,14424092.0,394546.875,1680003163511.657,2506.0,3649.7641025641024,1153.0,58.313496280552606,17.148688790479834,87.0
2363,1680003163.4812872,2364,2Item7,2023-03-28 17:02:43.481287,50503.0,14424348.0,394554.6875,1680003163519.4695,2520.0,3670.1538461538457,1153.0,58.313496280552606,17.148688790479834,87.0
2364,1680003163.4890995,2365,2Item7,2023-03-28 17:02:43.489100,50504.0,14424604.0,394562.5,1680003163527.282,2526.0,3678.892307692307,1154.0,58.18981972428422,17.185136588121654,87.0
2365,1680003163.4969122,2366,2Item7,2023-03-28 17:02:43.496912,50505.0,14424860.0,394570.3125,1680003163535.0945,2511.0,3657.0461538461536,1154.0,58.18981972428422,17.185136588121654,87.0
2366,1680003163.5047247,2367,2Item7,2023-03-28 17:02:43.504725,50506.0,14425116.0,394578.125,1680003163542.907,2525.0,3677.4358974358975,1152.0,58.4376996805112,17.112240992838007,87.0
2367,1680003163.5125372,2368,2Item7,2023-03-28 17:02:43.512537,50507.0,14425372.0,394585.9375,1680003163550.7195,2524.0,3675.979487179487,1153.0,58.313496280552606,17.148688790479834,87.0
2368,1680003163.5203495,2369,2Item7,2023-03-28 17:02:43.520350,50508.0,14425628.0,394593.75,1680003163558.532,2525.0,3677.4358974358975,1152.0,58.4376996805112,17.112240992838007,87.0
2369,1680003163.5281622,2370,2Item7,2023-03-28 17:02:43.528162,50509.0,14425884.0,394601.5625,1680003163566.3445,2522.0,3673.0666666666657,1152.0,58.4376996805112,17.112240992838007,87.0
2370,1680003163.5359747,2371,2Item7,2023-03-28 17:02:43.535975,50510.0,14426140.0,394609.375,1680003163574.157,2502.0,3643.9384615384606,1151.0,58.56243329775883,17.075793195196173,87.0
2371,1680003163.5437872,2372,2Item7,2023-03-28 17:02:43.543787,50511.0,14426396.0,394617.1875,1680003163581.9695,2517.0,3665.7846153846153,1152.0,58.4376996805112,17.112240992838007,87.0
2372,1680003163.5515995,2373,2Item7,2023-03-28 17:02:43.551600,50512.0,14426652.0,394625.0,1680003163589.782,2529.0,3683.2615384615374,1152.0,58.4376996805112,17.112240992838007,87.0
2373,1680003163.5594122,2374,2Item7,2023-03-28 17:02:43.559412,50513.0,14426908.0,394632.8125,1680003163597.5945,2532.0,3687.6307692307687,1152.0,58.4376996805112,17.112240992838007,87.0
2374,1680003163.5672247,2375,2Item7,2023-03-28 17:02:43.567225,50514.0,14427164.0,394640.625,1680003163605.407,2529.0,3683.2615384615374,1152.0,58.4376996805112,17.112240992838007,87.0
2375,1680003163.5750372,2376,2Item7,2023-03-28 17:02:43.575037,50515.0,14427420.0,394648.4375,1680003163613.2195,2525.0,3677.4358974358975,1151.0,58.56243329775883,17.075793195196173,87.0
2376,1680003163.5828495,2377,2Item7,2023-03-28 17:02:43.582850,50516.0,14427676.0,394656.25,1680003163621.032,2521.0,3671.610256410256,1151.0,58.56243329775883,17.075793195196173,87.0
2377,1680003163.5906622,2378,2Item7,2023-03-28 17:02:43.590662,50517.0,14427932.0,394664.0625,1680003163628.8445,2520.0,3670.1538461538457,1151.0,58.56243329775883,17.075793195196173,87.0
2378,1680003163.5984747,2379,2Item7,2023-03-28 17:02:43.598475,50518.0,14428188.0,394671.875,1680003163636.657,2525.0,3677.4358974358975,1151.0,58.56243329775883,17.075793195196173,87.0
2379,1680003163.6062872,2380,2Item7,2023-03-28 17:02:43.606287,50519.0,14428444.0,394679.6875,1680003163644.4695,2520.0,3670.1538461538457,1151.0,58.56243329775883,17.075793195196173,87.0
2380,1680003163.6140995,2381,2Item7,2023-03-28 17:02:43.614100,50520.0,14428700.0,394687.5,1680003163652.282,2521.0,3671.610256410256,1150.0,58.68770053475938,17.03934539755435,87.0
2381,1680003163.6219122,2382,2Item7,2023-03-28 17:02:43.621912,50521.0,14428956.0,394695.3125,1680003163660.0945,2524.0,3675.979487179487,1151.0,58.56243329775883,17.075793195196173,87.0
2382,1680003163.6297247,2383,2Item7,2023-03-28 17:02:43.629725,50522.0,14429212.0,394703.125,1680003163667.907,2529.0,3683.2615384615374,1150.0,58.68770053475938,17.03934539755435,87.0
2383,1680003163.6375372,2384,2Item7,2023-03-28 17:02:43.637537,50523.0,14429468.0,394710.9375,1680003163675.7195,2523.0,3674.5230769230766,1150.0,58.68770053475938,17.03934539755435,87.0
2384,1680003163.6453495,2385,2Item7,2023-03-28 17:02:43.645350,50524.0,14429724.0,394718.75,1680003163683.532,2521.0,3671.610256410256,1150.0,58.68770053475938,17.03934539755435,87.0
2385,1680003163.6531622,2386,2Item7,2023-03-28 17:02:43.653162,50525.0,14429980.0,394726.5625,1680003163691.3445,2525.0,3677.4358974358975,1149.0,58.81350482315113,17.002897599912526,87.0
2386,1680003163.6609747,2387,2Item7,2023-03-28 17:02:43.660975,50526.0,14430236.0,394734.375,1680003163699.157,2527.0,3680.348717948717,1150.0,58.68770053475938,17.03934539755435,87.0
2387,1680003163.6687872,2388,2Item7,2023-03-28 17:02:43.668787,50527.0,14430492.0,394742.1875,1680003163706.9695,2521.0,3671.610256410256,1150.0,58.68770053475938,17.03934539755435,87.0
2388,1680003163.6765995,2389,2Item7,2023-03-28 17:02:43.676600,50528.0,14430748.0,394750.0,1680003163714.782,2520.0,3670.1538461538457,1149.0,58.81350482315113,17.002897599912526,87.0
2389,1680003163.6844122,2390,2Item7,2023-03-28 17:02:43.684412,50529.0,14431004.0,394757.8125,1680003163722.5945,2528.0,3681.805128205128,1149.0,58.81350482315113,17.002897599912526,87.0
2390,1680003163.6922247,2391,2Item7,2023-03-28 17:02:43.692225,50530.0,14431260.0,394765.625,1680003163730.407,2498.0,3638.11282051282,1150.0,58.68770053475938,17.03934539755435,87.0
2391,1680003163.7000372,2392,2Item7,2023-03-28 17:02:43.700037,50531.0,14431516.0,394773.4375,1680003163738.2195,2522.0,3673.0666666666657,1150.0,58.68770053475938,17.03934539755435,87.0
2392,1680003163.7078495,2393,2Item7,2023-03-28 17:02:43.707850,50532.0,14431772.0,394781.25,1680003163746.032,2522.0,3673.0666666666657,1149.0,58.81350482315113,17.002897599912526,87.0
2393,1680003163.7156622,2394,2Item7,2023-03-28 17:02:43.715662,50533.0,14432028.0,394789.0625,1680003163753.8445,2527.0,3680.348717948717,1149.0,58.81350482315113,17.002897599912526,87.0
2394,1680003163.7234747,2395,2Item7,2023-03-28 17:02:43.723475,50534.0,14432284.0,394796.875,1680003163761.657,2526.0,3678.892307692307,1148.0,58.93984962406015,16.966449802270695,87.0
2395,1680003163.7312872,2396,2Item7,2023-03-28 17:02:43.731287,50535.0,14432540.0,394804.6875,1680003163769.4695,2519.0,3668.6974358974353,1148.0,58.93984962406015,16.966449802270695,87.0
2396,1680003163.7390995,2397,2Item7,2023-03-28 17:02:43.739100,50536.0,14432796.0,394812.5,1680003163777.282,2523.0,3674.5230769230766,1148.0,58.93984962406015,16.966449802270695,87.0
2397,1680003163.7469122,2398,2Item7,2023-03-28 17:02:43.746912,50537.0,14433052.0,394820.3125,1680003163785.0945,2528.0,3681.805128205128,1148.0,58.93984962406015,16.966449802270695,87.0
2398,1680003163.7547247,2399,2Item7,2023-03-28 17:02:43.754725,50538.0,14433308.0,394828.125,1680003163792.907,2525.0,3677.4358974358975,1148.0,58.93984962406015,16.966449802270695,87.0
2399,1680003163.7625372,2400,2Item7,2023-03-28 17:02:43.762537,50539.0,14433564.0,394835.9375,1680003163800.7195,2522.0,3673.0666666666657,1148.0,58.93984962406015,16.966449802270695,87.0
2400,1680003163.7703495,2401,2Item7,2023-03-28 17:02:43.770350,50540.0,14433820.0,394843.75,1680003163808.532,2523.0,3674.5230769230766,1148.0,58.93984962406015,16.966449802270695,87.0
2401,1680003163.7781622,2402,2Item7,2023-03-28 17:02:43.778162,50541.0,14434076.0,394851.5625,1680003163816.3445,2519.0,3668.6974358974353,1148.0,58.93984962406015,16.966449802270695,87.0
2402,1680003163.7859747,2403,2Item7,2023-03-28 17:02:43.785975,50542.0,14434332.0,394859.375,1680003163824.157,2532.0,3687.6307692307687,1148.0,58.93984962406015,16.966449802270695,87.0
2403,1680003163.7937872,2404,2Item7,2023-03-28 17:02:43.793787,50543.0,14434588.0,394867.1875,1680003163831.9695,2522.0,3673.0666666666657,1148.0,58.93984962406015,16.966449802270695,87.0
2404,1680003163.8015995,2405,2Item7,2023-03-28 17:02:43.801600,50544.0,14434844.0,394875.0,1680003163839.782,2523.0,3674.5230769230766,1148.0,58.93984962406015,16.966449802270695,87.0
2405,1680003163.8094122,2406,2Item7,2023-03-28 17:02:43.809412,50545.0,14435100.0,394882.8125,1680003163847.5945,2524.0,3675.979487179487,1147.0,59.06673842841767,16.930002004628868,87.0
2406,1680003163.8172247,2407,2Item7,2023-03-28 17:02:43.817225,50546.0,14435356.0,394890.625,1680003163855.407,2532.0,3687.6307692307687,1147.0,59.06673842841767,16.930002004628868,87.0
2407,1680003163.8250372,2408,2Item7,2023-03-28 17:02:43.825037,50547.0,14435612.0,394898.4375,1680003163863.2195,2522.0,3673.0666666666657,1147.0,59.06673842841767,16.930002004628868,87.0
2408,1680003163.8328495,2409,2Item7,2023-03-28 17:02:43.832850,50548.0,14435868.0,394906.25,1680003163871.032,2526.0,3678.892307692307,1147.0,59.06673842841767,16.930002004628868,87.0
2409,1680003163.8406622,2410,2Item7,2023-03-28 17:02:43.840662,50549.0,14436124.0,394914.0625,1680003163878.8445,2530.0,3684.717948717948,1147.0,59.06673842841767,16.930002004628868,87.0
2410,1680003163.8484747,2411,2Item7,2023-03-28 17:02:43.848475,50550.0,14436380.0,394921.875,1680003163886.657,2535.0,3692.0,1147.0,59.06673842841767,16.930002004628868,87.0
2411,1680003163.8562872,2412,2Item7,2023-03-28 17:02:43.856287,50551.0,14436636.0,394929.6875,1680003163894.4695,2521.0,3671.610256410256,1146.0,59.194174757281566,16.893554206987037,87.0
2412,1680003163.8640995,2413,2Item7,2023-03-28 17:02:43.864100,50552.0,14436892.0,394937.5,1680003163902.282,2521.0,3671.610256410256,1146.0,59.194174757281566,16.893554206987037,87.0
2413,1680003163.8719122,2414,2Item7,2023-03-28 17:02:43.871912,50553.0,14437148.0,394945.3125,1680003163910.0945,2530.0,3684.717948717948,1147.0,59.06673842841767,16.930002004628868,87.0
2414,1680003163.8797247,2415,2Item7,2023-03-28 17:02:43.879725,50554.0,14437404.0,394953.125,1680003163917.907,2531.0,3686.174358974359,1146.0,59.194174757281566,16.893554206987037,87.0
2415,1680003163.8875372,2416,2Item7,2023-03-28 17:02:43.887537,50555.0,14437660.0,394960.9375,1680003163925.7195,2523.0,3674.5230769230766,1146.0,59.194174757281566,16.893554206987037,87.0
2416,1680003163.8953495,2417,2Item7,2023-03-28 17:02:43.895350,50556.0,14437916.0,394968.75,1680003163933.532,2530.0,3684.717948717948,1146.0,59.194174757281566,16.893554206987037,87.0
2417,1680003163.9031622,2418,2Item7,2023-03-28 17:02:43.903162,50557.0,14438172.0,394976.5625,1680003163941.3445,2515.0,3662.8717948717945,1145.0,59.32216216216218,16.85710640934521,87.0
2418,1680003163.9109747,2419,2Item7,2023-03-28 17:02:43.910975,50558.0,14438428.0,394984.375,1680003163949.157,2526.0,3678.892307692307,1146.0,59.194174757281566,16.893554206987037,87.0
2419,1680003163.9187872,2420,2Item7,2023-03-28 17:02:43.918787,50559.0,14438684.0,394992.1875,1680003163956.9695,2518.0,3667.2410256410258,1146.0,59.194174757281566,16.893554206987037,87.0
2420,1680003163.9265995,2421,2Item7,2023-03-28 17:02:43.926600,50560.0,14438940.0,395000.0,1680003163964.782,2522.0,3673.0666666666657,1145.0,59.32216216216218,16.85710640934521,87.0
2421,1680003163.9344122,2422,2Item7,2023-03-28 17:02:43.934412,50561.0,14439196.0,395007.8125,1680003163972.5945,2521.0,3671.610256410256,1144.0,59.45070422535211,16.820658611703386,87.0
2422,1680003163.9422247,2423,2Item7,2023-03-28 17:02:43.942225,50562.0,14439452.0,395015.625,1680003163980.407,2526.0,3678.892307692307,1144.0,59.45070422535211,16.820658611703386,87.0
2423,1680003163.9500372,2424,2Item7,2023-03-28 17:02:43.950037,50563.0,14439708.0,395023.4375,1680003163988.2195,2516.0,3664.328205128205,1145.0,59.32216216216218,16.85710640934521,87.0
2424,1680003163.9578495,2425,2Item7,2023-03-28 17:02:43.957850,50564.0,14439964.0,395031.25,1680003163996.032,2523.0,3674.5230769230766,1145.0,59.32216216216218,16.85710640934521,87.0
2425,1680003163.9656622,2426,2Item7,2023-03-28 17:02:43.965662,50565.0,14440220.0,395039.0625,1680003164003.8445,2513.0,3659.958974358974,1145.0,59.32216216216218,16.85710640934521,87.0
2426,1680003163.9734747,2427,2Item7,2023-03-28 17:02:43.973475,50566.0,14440476.0,395046.875,1680003164011.657,2524.0,3675.979487179487,1144.0,59.45070422535211,16.820658611703386,87.0
2427,1680003163.9812872,2428,2Item7,2023-03-28 17:02:43.981287,50567.0,14440732.0,395054.6875,1680003164019.4695,2521.0,3671.610256410256,1145.0,59.32216216216218,16.85710640934521,87.0
2428,1680003163.9890995,2429,2Item7,2023-03-28 17:02:43.989100,50568.0,14440988.0,395062.5,1680003164027.282,2523.0,3674.5230769230766,1144.0,59.45070422535211,16.820658611703386,87.0
2429,1680003163.9969122,2430,2Item7,2023-03-28 17:02:43.996912,50569.0,14441244.0,395070.3125,1680003164035.0945,2519.0,3668.6974358974353,1144.0,59.45070422535211,16.820658611703386,87.0
2430,1680003164.0047247,2431,2Item7,2023-03-28 17:02:44.004725,50570.0,14441500.0,395078.125,1680003164042.907,2527.0,3680.348717948717,1144.0,59.45070422535211,16.820658611703386,87.0
2431,1680003164.0125372,2432,2Item7,2023-03-28 17:02:44.012537,50571.0,14441756.0,395085.9375,1680003164050.7195,2517.0,3665.7846153846153,1144.0,59.45070422535211,16.820658611703386,87.0
2432,1680003164.0203495,2433,2Item7,2023-03-28 17:02:44.020350,50572.0,14442012.0,395093.75,1680003164058.532,2518.0,3667.2410256410258,1144.0,59.45070422535211,16.820658611703386,87.0
2433,1680003164.0281622,2434,2Item7,2023-03-28 17:02:44.028162,50573.0,14442268.0,395101.5625,1680003164066.3445,2525.0,3677.4358974358975,1144.0,59.45070422535211,16.820658611703386,87.0
2434,1680003164.0359747,2435,2Item7,2023-03-28 17:02:44.035975,50574.0,14442524.0,395109.375,1680003164074.157,2502.0,3643.9384615384606,1144.0,59.45070422535211,16.820658611703386,87.0
2435,1680003164.0437872,2436,2Item7,2023-03-28 17:02:44.043787,50575.0,14442780.0,395117.1875,1680003164081.9695,2518.0,3667.2410256410258,1143.0,59.579804560260605,16.784210814061556,87.0
2436,1680003164.0515995,2437,2Item7,2023-03-28 17:02:44.051600,50576.0,14443036.0,395125.0,1680003164089.782,2525.0,3677.4358974358975,1143.0,59.579804560260605,16.784210814061556,87.0
2437,1680003164.0594122,2438,2Item7,2023-03-28 17:02:44.059412,50577.0,14443292.0,395132.8125,1680003164097.5945,2522.0,3673.0666666666657,1143.0,59.579804560260605,16.784210814061556,87.0
2438,1680003164.0672247,2439,2Item7,2023-03-28 17:02:44.067225,50578.0,14443548.0,395140.625,1680003164105.407,2502.0,3643.9384615384606,1143.0,59.579804560260605,16.784210814061556,87.0
2439,1680003164.0750372,2440,2Item7,2023-03-28 17:02:44.075037,50579.0,14443804.0,395148.4375,1680003164113.2195,2516.0,3664.328205128205,1143.0,59.579804560260605,16.784210814061556,87.0
2440,1680003164.0828495,2441,2Item7,2023-03-28 17:02:44.082850,50580.0,14444060.0,395156.25,1680003164121.032,2525.0,3677.4358974358975,1143.0,59.579804560260605,16.784210814061556,87.0
2441,1680003164.0906622,2442,2Item7,2023-03-28 17:02:44.090662,50581.0,14444316.0,395164.0625,1680003164128.8445,2522.0,3673.0666666666657,1143.0,59.579804560260605,16.784210814061556,87.0
2442,1680003164.0984747,2443,2Item7,2023-03-28 17:02:44.098475,50582.0,14444572.0,395171.875,1680003164136.657,2525.0,3677.4358974358975,1142.0,59.70946681175192,16.74776301641973,87.0
2443,1680003164.1062872,2444,2Item7,2023-03-28 17:02:44.106287,50583.0,14444828.0,395179.6875,1680003164144.4695,2517.0,3665.7846153846153,1143.0,59.579804560260605,16.784210814061556,87.0
2444,1680003164.1140995,2445,2Item7,2023-03-28 17:02:44.114100,50584.0,14445084.0,395187.5,1680003164152.282,2524.0,3675.979487179487,1142.0,59.70946681175192,16.74776301641973,87.0
2445,1680003164.1219122,2446,2Item7,2023-03-28 17:02:44.121912,50585.0,14445340.0,395195.3125,1680003164160.0945,2525.0,3677.4358974358975,1142.0,59.70946681175192,16.74776301641973,87.0
2446,1680003164.1297247,2447,2Item7,2023-03-28 17:02:44.129725,50586.0,14445596.0,395203.125,1680003164167.907,2521.0,3671.610256410256,1142.0,59.70946681175192,16.74776301641973,87.0
2447,1680003164.1375372,2448,2Item7,2023-03-28 17:02:44.137537,50587.0,14445852.0,395210.9375,1680003164175.7195,2514.0,3661.415384615385,1142.0,59.70946681175192,16.74776301641973,87.0
2448,1680003164.1453495,2449,2Item7,2023-03-28 17:02:44.145350,50588.0,14446108.0,395218.75,1680003164183.532,2521.0,3671.610256410256,1141.0,59.83969465648857,16.711315218777898,87.0
2449,1680003164.1531622,2450,2Item7,2023-03-28 17:02:44.153162,50589.0,14446364.0,395226.5625,1680003164191.3445,2520.0,3670.1538461538457,1142.0,59.70946681175192,16.74776301641973,87.0
2450,1680003164.1609747,2451,2Item7,2023-03-28 17:02:44.160975,50590.0,14446620.0,395234.375,1680003164199.157,2528.0,3681.805128205128,1141.0,59.83969465648857,16.711315218777898,87.0
2451,1680003164.1687872,2452,2Item7,2023-03-28 17:02:44.168787,50591.0,14446876.0,395242.1875,1680003164206.9695,2523.0,3674.5230769230766,1142.0,59.70946681175192,16.74776301641973,87.0
2452,1680003164.1765995,2453,2Item7,2023-03-28 17:02:44.176600,50592.0,14447132.0,395250.0,1680003164214.782,2523.0,3674.5230769230766,1141.0,59.83969465648857,16.711315218777898,87.0
2453,1680003164.1844122,2454,2Item7,2023-03-28 17:02:44.184412,50593.0,14447388.0,395257.8125,1680003164222.5945,2516.0,3664.328205128205,1141.0,59.83969465648857,16.711315218777898,87.0
2454,1680003164.1922247,2455,2Item7,2023-03-28 17:02:44.192225,50594.0,14447644.0,395265.625,1680003164230.407,2529.0,3683.2615384615374,1141.0,59.83969465648857,16.711315218777898,87.0
2455,1680003164.2000372,2456,2Item7,2023-03-28 17:02:44.200037,50595.0,14447900.0,395273.4375,1680003164238.2195,2514.0,3661.415384615385,1141.0,59.83969465648857,16.711315218777898,87.0
2456,1680003164.2078495,2457,2Item7,2023-03-28 17:02:44.207850,50596.0,14448156.0,395281.25,1680003164246.032,2524.0,3675.979487179487,1141.0,59.83969465648857,16.711315218777898,87.0
2457,1680003164.2156622,2458,2Item7,2023-03-28 17:02:44.215662,50597.0,14448412.0,395289.0625,1680003164253.8445,2520.0,3670.1538461538457,1141.0,59.83969465648857,16.711315218777898,87.0
2458,1680003164.2234747,2459,2Item7,2023-03-28 17:02:44.223475,50598.0,14448668.0,395296.875,1680003164261.657,2522.0,3673.0666666666657,1141.0,59.83969465648857,16.711315218777898,87.0
2459,1680003164.2312872,2460,2Item7,2023-03-28 17:02:44.231287,50599.0,14448924.0,395304.6875,1680003164269.4695,2515.0,3662.8717948717945,1140.0,59.97049180327869,16.674867421136078,87.0
2460,1680003164.2390995,2461,2Item7,2023-03-28 17:02:44.239100,50600.0,14449180.0,395312.5,1680003164277.282,2525.0,3677.4358974358975,1140.0,59.97049180327869,16.674867421136078,87.0
2461,1680003164.2469122,2462,2Item7,2023-03-28 17:02:44.246912,50601.0,14449436.0,395320.3125,1680003164285.0945,2520.0,3670.1538461538457,1140.0,59.97049180327869,16.674867421136078,87.0
2462,1680003164.2547247,2463,2Item7,2023-03-28 17:02:44.254725,50602.0,14449692.0,395328.125,1680003164292.907,2500.0,3641.0256410256407,1141.0,59.83969465648857,16.711315218777898,87.0
2463,1680003164.2625372,2464,2Item7,2023-03-28 17:02:44.262537,50603.0,14449948.0,395335.9375,1680003164300.7195,2515.0,3662.8717948717945,1140.0,59.97049180327869,16.674867421136078,87.0
2464,1680003164.2703495,2465,2Item7,2023-03-28 17:02:44.270350,50604.0,14450204.0,395343.75,1680003164308.532,2526.0,3678.892307692307,1140.0,59.97049180327869,16.674867421136078,87.0
2465,1680003164.2781622,2466,2Item7,2023-03-28 17:02:44.278162,50605.0,14450460.0,395351.5625,1680003164316.3445,2528.0,3681.805128205128,1140.0,59.97049180327869,16.674867421136078,87.0
2466,1680003164.2859747,2467,2Item7,2023-03-28 17:02:44.285975,50606.0,14450716.0,395359.375,1680003164324.157,2502.0,3643.9384615384606,1139.0,60.10186199342828,16.638419623494244,87.0
2467,1680003164.2937872,2468,2Item7,2023-03-28 17:02:44.293787,50607.0,14450972.0,395367.1875,1680003164331.9695,2520.0,3670.1538461538457,1140.0,59.97049180327869,16.674867421136078,87.0
2468,1680003164.3015995,2469,2Item7,2023-03-28 17:02:44.301600,50608.0,14451228.0,395375.0,1680003164339.782,2527.0,3680.348717948717,1140.0,59.97049180327869,16.674867421136078,87.0
2469,1680003164.3094122,2470,2Item7,2023-03-28 17:02:44.309412,50609.0,14451484.0,395382.8125,1680003164347.5945,2520.0,3670.1538461538457,1139.0,60.10186199342828,16.638419623494244,87.0
2470,1680003164.3172247,2471,2Item7,2023-03-28 17:02:44.317225,50610.0,14451740.0,395390.625,1680003164355.407,2527.0,3680.348717948717,1139.0,60.10186199342828,16.638419623494244,87.0
2471,1680003164.3250372,2472,2Item7,2023-03-28 17:02:44.325037,50611.0,14451996.0,395398.4375,1680003164363.2195,2522.0,3673.0666666666657,1139.0,60.10186199342828,16.638419623494244,87.0
2472,1680003164.3328495,2473,2Item7,2023-03-28 17:02:44.332850,50612.0,14452252.0,395406.25,1680003164371.032,2527.0,3680.348717948717,1139.0,60.10186199342828,16.638419623494244,87.0
2473,1680003164.3406622,2474,2Item7,2023-03-28 17:02:44.340662,50613.0,14452508.0,395414.0625,1680003164378.8445,2519.0,3668.6974358974353,1138.0,60.23380900109771,16.601971825852416,87.0
2474,1680003164.3484747,2475,2Item7,2023-03-28 17:02:44.348475,50614.0,14452764.0,395421.875,1680003164386.657,2526.0,3678.892307692307,1139.0,60.10186199342828,16.638419623494244,87.0
2475,1680003164.3562872,2476,2Item7,2023-03-28 17:02:44.356287,50615.0,14453020.0,395429.6875,1680003164394.4695,2521.0,3671.610256410256,1139.0,60.10186199342828,16.638419623494244,87.0
2476,1680003164.3640995,2477,2Item7,2023-03-28 17:02:44.364100,50616.0,14453276.0,395437.5,1680003164402.282,2532.0,3687.6307692307687,1139.0,60.10186199342828,16.638419623494244,87.0
2477,1680003164.3719122,2478,2Item7,2023-03-28 17:02:44.371912,50617.0,14453532.0,395445.3125,1680003164410.0945,2523.0,3674.5230769230766,1138.0,60.23380900109771,16.601971825852416,87.0
2478,1680003164.3797247,2479,2Item7,2023-03-28 17:02:44.379725,50618.0,14453788.0,395453.125,1680003164417.907,2527.0,3680.348717948717,1138.0,60.23380900109771,16.601971825852416,87.0
2479,1680003164.3875372,2480,2Item7,2023-03-28 17:02:44.387537,50619.0,14454044.0,395460.9375,1680003164425.7195,2515.0,3662.8717948717945,1138.0,60.23380900109771,16.601971825852416,87.0
2480,1680003164.3953495,2481,2Item7,2023-03-28 17:02:44.395350,50620.0,14454300.0,395468.75,1680003164433.532,2530.0,3684.717948717948,1138.0,60.23380900109771,16.601971825852416,87.0
2481,1680003164.4031622,2482,2Item7,2023-03-28 17:02:44.403162,50621.0,14454556.0,395476.5625,1680003164441.3445,2527.0,3680.348717948717,1138.0,60.23380900109771,16.601971825852416,87.0
2482,1680003164.4109747,2483,2Item7,2023-03-28 17:02:44.410975,50622.0,14454812.0,395484.375,1680003164449.157,2533.0,3689.087179487179,1138.0,60.23380900109771,16.601971825852416,87.0
2483,1680003164.4187872,2484,2Item7,2023-03-28 17:02:44.418787,50623.0,14455068.0,395492.1875,1680003164456.9695,2523.0,3674.5230769230766,1138.0,60.23380900109771,16.601971825852416,87.0
2484,1680003164.4265995,2485,2Item7,2023-03-28 17:02:44.426600,50624.0,14455324.0,395500.0,1680003164464.782,2529.0,3683.2615384615374,1138.0,60.23380900109771,16.601971825852416,87.0
2485,1680003164.4344122,2486,2Item7,2023-03-28 17:02:44.434412,50625.0,14455580.0,395507.8125,1680003164472.5945,2514.0,3661.415384615385,1138.0,60.23380900109771,16.601971825852416,87.0
2486,1680003164.4422247,2487,2Item7,2023-03-28 17:02:44.442225,50626.0,14455836.0,395515.625,1680003164480.407,2525.0,3677.4358974358975,1138.0,60.23380900109771,16.601971825852416,87.0
2487,1680003164.4500372,2488,2Item7,2023-03-28 17:02:44.450037,50627.0,14456092.0,395523.4375,1680003164488.2195,2520.0,3670.1538461538457,1137.0,60.36633663366339,16.56552402821059,87.0
2488,1680003164.4578495,2489,2Item7,2023-03-28 17:02:44.457850,50628.0,14456348.0,395531.25,1680003164496.032,2526.0,3678.892307692307,1137.0,60.36633663366339,16.56552402821059,87.0
2489,1680003164.4656622,2490,2Item7,2023-03-28 17:02:44.465662,50629.0,14456604.0,395539.0625,1680003164503.8445,2524.0,3675.979487179487,1138.0,60.23380900109771,16.601971825852416,87.0
2490,1680003164.4734747,2491,2Item7,2023-03-28 17:02:44.473475,50630.0,14456860.0,395546.875,1680003164511.657,2525.0,3677.4358974358975,1137.0,60.36633663366339,16.56552402821059,87.0
2491,1680003164.4812872,2492,2Item7,2023-03-28 17:02:44.481287,50631.0,14457116.0,395554.6875,1680003164519.4695,2515.0,3662.8717948717945,1138.0,60.23380900109771,16.601971825852416,87.0
2492,1680003164.4890995,2493,2Item7,2023-03-28 17:02:44.489100,50632.0,14457372.0,395562.5,1680003164527.282,2507.0,3651.220512820513,1138.0,60.23380900109771,16.601971825852416,87.0
2493,1680003164.4969122,2494,2Item7,2023-03-28 17:02:44.496912,50633.0,14457628.0,395570.3125,1680003164535.0945,2530.0,3684.717948717948,1136.0,60.49944873208379,16.52907623056877,87.0
2494,1680003164.5047247,2495,2Item7,2023-03-28 17:02:44.504725,50634.0,14457884.0,395578.125,1680003164542.907,2527.0,3680.348717948717,1137.0,60.36633663366339,16.56552402821059,87.0
2495,1680003164.5125372,2496,2Item7,2023-03-28 17:02:44.512537,50635.0,14458140.0,395585.9375,1680003164550.7195,2520.0,3670.1538461538457,1137.0,60.36633663366339,16.56552402821059,87.0
2496,1680003164.5203495,2497,2Item7,2023-03-28 17:02:44.520350,50636.0,14458396.0,395593.75,1680003164558.532,2526.0,3678.892307692307,1136.0,60.49944873208379,16.52907623056877,87.0
2497,1680003164.5281622,2498,2Item7,2023-03-28 17:02:44.528162,50637.0,14458652.0,395601.5625,1680003164566.3445,2520.0,3670.1538461538457,1136.0,60.49944873208379,16.52907623056877,87.0
2498,1680003164.5359747,2499,2Item7,2023-03-28 17:02:44.535975,50638.0,14458908.0,395609.375,1680003164574.157,2525.0,3677.4358974358975,1136.0,60.49944873208379,16.52907623056877,87.0
2499,1680003164.5437872,2500,2Item7,2023-03-28 17:02:44.543787,50639.0,14459164.0,395617.1875,1680003164581.9695,2519.0,3668.6974358974353,1136.0,60.49944873208379,16.52907623056877,87.0
2500,1680003164.5515995,2501,2Item7,2023-03-28 17:02:44.551600,50640.0,14459420.0,395625.0,1680003164589.782,2517.0,3665.7846153846153,1136.0,60.49944873208379,16.52907623056877,87.0
2501,1680003164.5594122,2502,2Item7,2023-03-28 17:02:44.559412,50641.0,14459676.0,395632.8125,1680003164597.5945,2518.0,3667.2410256410258,1136.0,60.49944873208379,16.52907623056877,87.0
2502,1680003164.5672247,2503,2Item7,2023-03-28 17:02:44.567225,50642.0,14459932.0,395640.625,1680003164605.407,2531.0,3686.174358974359,1137.0,60.36633663366339,16.56552402821059,87.0
2503,1680003164.5750372,2504,2Item7,2023-03-28 17:02:44.575037,50643.0,14460188.0,395648.4375,1680003164613.2195,2515.0,3662.8717948717945,1136.0,60.49944873208379,16.52907623056877,87.0
2504,1680003164.5828495,2505,2Item7,2023-03-28 17:02:44.582850,50644.0,14460444.0,395656.25,1680003164621.032,2527.0,3680.348717948717,1135.0,60.63314917127074,16.492628432926935,87.0
2505,1680003164.5906622,2506,2Item7,2023-03-28 17:02:44.590662,50645.0,14460700.0,395664.0625,1680003164628.8445,2517.0,3665.7846153846153,1136.0,60.49944873208379,16.52907623056877,87.0
2506,1680003164.5984747,2507,2Item7,2023-03-28 17:02:44.598475,50646.0,14460956.0,395671.875,1680003164636.657,2527.0,3680.348717948717,1136.0,60.49944873208379,16.52907623056877,87.0
2507,1680003164.6062872,2508,2Item7,2023-03-28 17:02:44.606287,50647.0,14461212.0,395679.6875,1680003164644.4695,2516.0,3664.328205128205,1136.0,60.49944873208379,16.52907623056877,87.0
2508,1680003164.6140995,2509,2Item7,2023-03-28 17:02:44.614100,50648.0,14461468.0,395687.5,1680003164652.282,2528.0,3681.805128205128,1136.0,60.49944873208379,16.52907623056877,87.0
2509,1680003164.6219122,2510,2Item7,2023-03-28 17:02:44.621912,50649.0,14461724.0,395695.3125,1680003164660.0945,2531.0,3686.174358974359,1135.0,60.63314917127074,16.492628432926935,87.0
2510,1680003164.6297247,2511,2Item7,2023-03-28 17:02:44.629725,50650.0,14461980.0,395703.125,1680003164667.907,2530.0,3684.717948717948,1134.0,60.767441860465134,16.456180635285108,87.0
2511,1680003164.6375372,2512,2Item7,2023-03-28 17:02:44.637537,50651.0,14462236.0,395710.9375,1680003164675.7195,2527.0,3680.348717948717,1136.0,60.49944873208379,16.52907623056877,87.0
2512,1680003164.6453495,2513,2Item7,2023-03-28 17:02:44.645350,50652.0,14462492.0,395718.75,1680003164683.532,2523.0,3674.5230769230766,1135.0,60.63314917127074,16.492628432926935,87.0
2513,1680003164.6531622,2514,2Item7,2023-03-28 17:02:44.653162,50653.0,14462748.0,395726.5625,1680003164691.3445,2516.0,3664.328205128205,1135.0,60.63314917127074,16.492628432926935,87.0
2514,1680003164.6609747,2515,2Item7,2023-03-28 17:02:44.660975,50654.0,14463004.0,395734.375,1680003164699.157,2527.0,3680.348717948717,1134.0,60.767441860465134,16.456180635285108,87.0
2515,1680003164.6687872,2516,2Item7,2023-03-28 17:02:44.668787,50655.0,14463260.0,395742.1875,1680003164706.9695,2520.0,3670.1538461538457,1135.0,60.63314917127074,16.492628432926935,87.0
2516,1680003164.6765995,2517,2Item7,2023-03-28 17:02:44.676600,50656.0,14463516.0,395750.0,1680003164714.782,2525.0,3677.4358974358975,1135.0,60.63314917127074,16.492628432926935,87.0
2517,1680003164.6844122,2518,2Item7,2023-03-28 17:02:44.684412,50657.0,14463772.0,395757.8125,1680003164722.5945,2521.0,3671.610256410256,1135.0,60.63314917127074,16.492628432926935,87.0
2518,1680003164.6922247,2519,2Item7,2023-03-28 17:02:44.692225,50658.0,14464028.0,395765.625,1680003164730.407,2524.0,3675.979487179487,1134.0,60.767441860465134,16.456180635285108,87.0
2519,1680003164.7000372,2520,2Item7,2023-03-28 17:02:44.700037,50659.0,14464284.0,395773.4375,1680003164738.2195,2519.0,3668.6974358974353,1135.0,60.63314917127074,16.492628432926935,87.0
2520,1680003164.7078495,2521,2Item7,2023-03-28 17:02:44.707850,50660.0,14464540.0,395781.25,1680003164746.032,2522.0,3673.0666666666657,1134.0,60.767441860465134,16.456180635285108,87.0
2521,1680003164.7156622,2522,2Item7,2023-03-28 17:02:44.715662,50661.0,14464796.0,395789.0625,1680003164753.8445,2519.0,3668.6974358974353,1134.0,60.767441860465134,16.456180635285108,87.0
2522,1680003164.7234747,2523,2Item7,2023-03-28 17:02:44.723475,50662.0,14465052.0,395796.875,1680003164761.657,2527.0,3680.348717948717,1134.0,60.767441860465134,16.456180635285108,87.0
2523,1680003164.7312872,2524,2Item7,2023-03-28 17:02:44.731287,50663.0,14465308.0,395804.6875,1680003164769.4695,2519.0,3668.6974358974353,1134.0,60.767441860465134,16.456180635285108,87.0
2524,1680003164.7390995,2525,2Item7,2023-03-28 17:02:44.739100,50664.0,14465564.0,395812.5,1680003164777.282,2525.0,3677.4358974358975,1134.0,60.767441860465134,16.456180635285108,87.0
2525,1680003164.7469122,2526,2Item7,2023-03-28 17:02:44.746912,50665.0,14465820.0,395820.3125,1680003164785.0945,2527.0,3680.348717948717,1133.0,60.902330743618215,16.41973283764328,87.0
2526,1680003164.7547247,2527,2Item7,2023-03-28 17:02:44.754725,50666.0,14466076.0,395828.125,1680003164792.907,2503.0,3645.394871794872,1135.0,60.63314917127074,16.492628432926935,87.0
2527,1680003164.7625372,2528,2Item7,2023-03-28 17:02:44.762537,50667.0,14466332.0,395835.9375,1680003164800.7195,2519.0,3668.6974358974353,1134.0,60.767441860465134,16.456180635285108,87.0
2528,1680003164.7703495,2529,2Item7,2023-03-28 17:02:44.770350,50668.0,14466588.0,395843.75,1680003164808.532,2527.0,3680.348717948717,1134.0,60.767441860465134,16.456180635285108,87.0
2529,1680003164.7781622,2530,2Item7,2023-03-28 17:02:44.778162,50669.0,14466844.0,395851.5625,1680003164816.3445,2524.0,3675.979487179487,1133.0,60.902330743618215,16.41973283764328,87.0
2530,1680003164.7859747,2531,2Item7,2023-03-28 17:02:44.785975,50670.0,14467100.0,395859.375,1680003164824.157,2530.0,3684.717948717948,1133.0,60.902330743618215,16.41973283764328,87.0
2531,1680003164.7937872,2532,2Item7,2023-03-28 17:02:44.793787,50671.0,14467356.0,395867.1875,1680003164831.9695,2515.0,3662.8717948717945,1133.0,60.902330743618215,16.41973283764328,87.0
2532,1680003164.8015995,2533,2Item7,2023-03-28 17:02:44.801600,50672.0,14467612.0,395875.0,1680003164839.782,2519.0,3668.6974358974353,1134.0,60.767441860465134,16.456180635285108,87.0
2533,1680003164.8094122,2534,2Item7,2023-03-28 17:02:44.809412,50673.0,14467868.0,395882.8125,1680003164847.5945,2521.0,3671.610256410256,1133.0,60.902330743618215,16.41973283764328,87.0
2534,1680003164.8172247,2535,2Item7,2023-03-28 17:02:44.817225,50674.0,14468124.0,395890.625,1680003164855.407,2525.0,3677.4358974358975,1133.0,60.902330743618215,16.41973283764328,87.0
2535,1680003164.8250372,2536,2Item7,2023-03-28 17:02:44.825037,50675.0,14468380.0,395898.4375,1680003164863.2195,2514.0,3661.415384615385,1134.0,60.767441860465134,16.456180635285108,87.0
2536,1680003164.8328495,2537,2Item7,2023-03-28 17:02:44.832850,50676.0,14468636.0,395906.25,1680003164871.032,2508.0,3652.6769230769214,1133.0,60.902330743618215,16.41973283764328,87.0
2537,1680003164.8406622,2538,2Item7,2023-03-28 17:02:44.840662,50677.0,14468892.0,395914.0625,1680003164878.8445,2526.0,3678.892307692307,1133.0,60.902330743618215,16.41973283764328,87.0
2538,1680003164.8484747,2539,2Item7,2023-03-28 17:02:44.848475,50678.0,14469148.0,395921.875,1680003164886.657,2499.0,3639.569230769231,1133.0,60.902330743618215,16.41973283764328,87.0
2539,1680003164.8562872,2540,2Item7,2023-03-28 17:02:44.856287,50679.0,14469404.0,395929.6875,1680003164894.4695,2518.0,3667.2410256410258,1133.0,60.902330743618215,16.41973283764328,87.0
2540,1680003164.8640995,2541,2Item7,2023-03-28 17:02:44.864100,50680.0,14469660.0,395937.5,1680003164902.282,2527.0,3680.348717948717,1133.0,60.902330743618215,16.41973283764328,87.0
2541,1680003164.8719122,2542,2Item7,2023-03-28 17:02:44.871912,50681.0,14469916.0,395945.3125,1680003164910.0945,2530.0,3684.717948717948,1132.0,61.03781979977754,16.383285040001454,87.0
2542,1680003164.8797247,2543,2Item7,2023-03-28 17:02:44.879725,50682.0,14470172.0,395953.125,1680003164917.907,2527.0,3680.348717948717,1133.0,60.902330743618215,16.41973283764328,87.0
2543,1680003164.8875372,2544,2Item7,2023-03-28 17:02:44.887537,50683.0,14470428.0,395960.9375,1680003164925.7195,2515.0,3662.8717948717945,1133.0,60.902330743618215,16.41973283764328,87.0
2544,1680003164.8953495,2545,2Item7,2023-03-28 17:02:44.895350,50684.0,14470684.0,395968.75,1680003164933.532,2526.0,3678.892307692307,1132.0,61.03781979977754,16.383285040001454,87.0
2545,1680003164.9031622,2546,2Item7,2023-03-28 17:02:44.903162,50685.0,14470940.0,395976.5625,1680003164941.3445,2521.0,3671.610256410256,1132.0,61.03781979977754,16.383285040001454,87.0
2546,1680003164.9109747,2547,2Item7,2023-03-28 17:02:44.910975,50686.0,14471196.0,395984.375,1680003164949.157,2526.0,3678.892307692307,1132.0,61.03781979977754,16.383285040001454,87.0
2547,1680003164.9187872,2548,2Item7,2023-03-28 17:02:44.918787,50687.0,14471452.0,395992.1875,1680003164956.9695,2523.0,3674.5230769230766,1132.0,61.03781979977754,16.383285040001454,87.0
2548,1680003164.9265995,2549,2Item7,2023-03-28 17:02:44.926600,50688.0,14471708.0,396000.0,1680003164964.782,2521.0,3671.610256410256,1132.0,61.03781979977754,16.383285040001454,87.0
2549,1680003164.9344122,2550,2Item7,2023-03-28 17:02:44.934412,50689.0,14471964.0,396007.8125,1680003164972.5945,2524.0,3675.979487179487,1132.0,61.03781979977754,16.383285040001454,87.0
2550,1680003164.9422247,2551,2Item7,2023-03-28 17:02:44.942225,50690.0,14472220.0,396015.625,1680003164980.407,2530.0,3684.717948717948,1132.0,61.03781979977754,16.383285040001454,87.0
2551,1680003164.9500372,2552,2Item7,2023-03-28 17:02:44.950037,50691.0,14472476.0,396023.4375,1680003164988.2195,2522.0,3673.0666666666657,1132.0,61.03781979977754,16.383285040001454,87.0
2552,1680003164.9578495,2553,2Item7,2023-03-28 17:02:44.957850,50692.0,14472732.0,396031.25,1680003164996.032,2521.0,3671.610256410256,1132.0,61.03781979977754,16.383285040001454,87.0
2553,1680003164.9656622,2554,2Item7,2023-03-28 17:02:44.965662,50693.0,14472988.0,396039.0625,1680003165003.8445,2528.0,3681.805128205128,1132.0,61.03781979977754,16.383285040001454,87.0
2554,1680003164.9734747,2555,2Item7,2023-03-28 17:02:44.973475,50694.0,14473244.0,396046.875,1680003165011.657,2528.0,3681.805128205128,1131.0,61.17391304347827,16.34683724235963,87.0
2555,1680003164.9812872,2556,2Item7,2023-03-28 17:02:44.981287,50695.0,14473500.0,396054.6875,1680003165019.4695,2523.0,3674.5230769230766,1132.0,61.03781979977754,16.383285040001454,87.0
2556,1680003164.9890995,2557,2Item7,2023-03-28 17:02:44.989100,50696.0,14473756.0,396062.5,1680003165027.282,2531.0,3686.174358974359,1131.0,61.17391304347827,16.34683724235963,87.0
2557,1680003164.9969122,2558,2Item7,2023-03-28 17:02:44.996912,50697.0,14474012.0,396070.3125,1680003165035.0945,2515.0,3662.8717948717945,1131.0,61.17391304347827,16.34683724235963,87.0
2558,1680003165.0047247,2559,2Item7,2023-03-28 17:02:45.004725,50698.0,14474268.0,396078.125,1680003165042.907,2526.0,3678.892307692307,1132.0,61.03781979977754,16.383285040001454,87.0
2559,1680003165.0125372,2560,2Item7,2023-03-28 17:02:45.012537,50699.0,14474524.0,396085.9375,1680003165050.7195,2525.0,3677.4358974358975,1132.0,61.03781979977754,16.383285040001454,87.0
2560,1680003165.0203495,2561,2Item7,2023-03-28 17:02:45.020350,50700.0,14474780.0,396093.75,1680003165058.532,2530.0,3684.717948717948,1132.0,61.03781979977754,16.383285040001454,87.0
2561,1680003165.0281622,2562,2Item7,2023-03-28 17:02:45.028162,50701.0,14475036.0,396101.5625,1680003165066.3445,2530.0,3684.717948717948,1131.0,61.17391304347827,16.34683724235963,87.0
2562,1680003165.0359747,2563,2Item7,2023-03-28 17:02:45.035975,50702.0,14475292.0,396109.375,1680003165074.157,2531.0,3686.174358974359,1131.0,61.17391304347827,16.34683724235963,87.0
2563,1680003165.0437872,2564,2Item7,2023-03-28 17:02:45.043787,50703.0,14475548.0,396117.1875,1680003165081.9695,2523.0,3674.5230769230766,1132.0,61.03781979977754,16.383285040001454,87.0
2564,1680003165.0515995,2565,2Item7,2023-03-28 17:02:45.051600,50704.0,14475804.0,396125.0,1680003165089.782,2528.0,3681.805128205128,1131.0,61.17391304347827,16.34683724235963,87.0
2565,1680003165.0594122,2566,2Item7,2023-03-28 17:02:45.059412,50705.0,14476060.0,396132.8125,1680003165097.5945,2515.0,3662.8717948717945,1132.0,61.03781979977754,16.383285040001454,87.0
2566,1680003165.0672247,2567,2Item7,2023-03-28 17:02:45.067225,50706.0,14476316.0,396140.625,1680003165105.407,2526.0,3678.892307692307,1131.0,61.17391304347827,16.34683724235963,87.0
2567,1680003165.0750372,2568,2Item7,2023-03-28 17:02:45.075037,50707.0,14476572.0,396148.4375,1680003165113.2195,2523.0,3674.5230769230766,1131.0,61.17391304347827,16.34683724235963,87.0
2568,1680003165.0828495,2569,2Item7,2023-03-28 17:02:45.082850,50708.0,14476828.0,396156.25,1680003165121.032,2531.0,3686.174358974359,1131.0,61.17391304347827,16.34683724235963,87.0
2569,1680003165.0906622,2570,2Item7,2023-03-28 17:02:45.090662,50709.0,14477084.0,396164.0625,1680003165128.8445,2523.0,3674.5230769230766,1131.0,61.17391304347827,16.34683724235963,87.0
2570,1680003165.0984747,2571,2Item7,2023-03-28 17:02:45.098475,50710.0,14477340.0,396171.875,1680003165136.657,2529.0,3683.2615384615374,1130.0,61.31061452513968,16.3103894447178,87.0
2571,1680003165.1062872,2572,2Item7,2023-03-28 17:02:45.106287,50711.0,14477596.0,396179.6875,1680003165144.4695,2523.0,3674.5230769230766,1132.0,61.03781979977754,16.383285040001454,87.0
2572,1680003165.1140995,2573,2Item7,2023-03-28 17:02:45.114100,50712.0,14477852.0,396187.5,1680003165152.282,2525.0,3677.4358974358975,1131.0,61.17391304347827,16.34683724235963,87.0
2573,1680003165.1219122,2574,2Item7,2023-03-28 17:02:45.121912,50713.0,14478108.0,396195.3125,1680003165160.0945,2526.0,3678.892307692307,1131.0,61.17391304347827,16.34683724235963,87.0
2574,1680003165.1297247,2575,2Item7,2023-03-28 17:02:45.129725,50714.0,14478364.0,396203.125,1680003165167.907,2527.0,3680.348717948717,1131.0,61.17391304347827,16.34683724235963,87.0
2575,1680003165.1375372,2576,2Item7,2023-03-28 17:02:45.137537,50715.0,14478620.0,396210.9375,1680003165175.7195,2516.0,3664.328205128205,1130.0,61.31061452513968,16.3103894447178,87.0
2576,1680003165.1453495,2577,2Item7,2023-03-28 17:02:45.145350,50716.0,14478876.0,396218.75,1680003165183.532,2524.0,3675.979487179487,1130.0,61.31061452513968,16.3103894447178,87.0
2577,1680003165.1531622,2578,2Item7,2023-03-28 17:02:45.153162,50717.0,14479132.0,396226.5625,1680003165191.3445,2529.0,3683.2615384615374,1130.0,61.31061452513968,16.3103894447178,87.0
2578,1680003165.1609747,2579,2Item7,2023-03-28 17:02:45.160975,50718.0,14479388.0,396234.375,1680003165199.157,2527.0,3680.348717948717,1129.0,61.447928331466976,16.27394164707597,87.0
2579,1680003165.1687872,2580,2Item7,2023-03-28 17:02:45.168787,50719.0,14479644.0,396242.1875,1680003165206.9695,2517.0,3665.7846153846153,1131.0,61.17391304347827,16.34683724235963,87.0
2580,1680003165.1765995,2581,2Item7,2023-03-28 17:02:45.176600,50720.0,14479900.0,396250.0,1680003165214.782,2525.0,3677.4358974358975,1130.0,61.31061452513968,16.3103894447178,87.0
2581,1680003165.1844122,2582,2Item7,2023-03-28 17:02:45.184412,50721.0,14480156.0,396257.8125,1680003165222.5945,2526.0,3678.892307692307,1131.0,61.17391304347827,16.34683724235963,87.0
2582,1680003165.1922247,2583,2Item7,2023-03-28 17:02:45.192225,50722.0,14480412.0,396265.625,1680003165230.407,2529.0,3683.2615384615374,1130.0,61.31061452513968,16.3103894447178,87.0
2583,1680003165.2000372,2584,2Item7,2023-03-28 17:02:45.200037,50723.0,14480668.0,396273.4375,1680003165238.2195,2521.0,3671.610256410256,1131.0,61.17391304347827,16.34683724235963,87.0
2584,1680003165.2078495,2585,2Item7,2023-03-28 17:02:45.207850,50724.0,14480924.0,396281.25,1680003165246.032,2521.0,3671.610256410256,1130.0,61.31061452513968,16.3103894447178,87.0
2585,1680003165.2156622,2586,2Item7,2023-03-28 17:02:45.215662,50725.0,14481180.0,396289.0625,1680003165253.8445,2528.0,3681.805128205128,1131.0,61.17391304347827,16.34683724235963,87.0
2586,1680003165.2234747,2587,2Item7,2023-03-28 17:02:45.223475,50726.0,14481436.0,396296.875,1680003165261.657,2526.0,3678.892307692307,1130.0,61.31061452513968,16.3103894447178,87.0
2587,1680003165.2312872,2588,2Item7,2023-03-28 17:02:45.231287,50727.0,14481692.0,396304.6875,1680003165269.4695,2514.0,3661.415384615385,1130.0,61.31061452513968,16.3103894447178,87.0
2588,1680003165.2390995,2589,2Item7,2023-03-28 17:02:45.239100,50728.0,14481948.0,396312.5,1680003165277.282,2520.0,3670.1538461538457,1130.0,61.31061452513968,16.3103894447178,87.0
2589,1680003165.2469122,2590,2Item7,2023-03-28 17:02:45.246912,50729.0,14482204.0,396320.3125,1680003165285.0945,2526.0,3678.892307692307,1130.0,61.31061452513968,16.3103894447178,87.0
2590,1680003165.2547247,2591,2Item7,2023-03-28 17:02:45.254725,50730.0,14482460.0,396328.125,1680003165292.907,2523.0,3674.5230769230766,1130.0,61.31061452513968,16.3103894447178,87.0
2591,1680003165.2625372,2592,2Item7,2023-03-28 17:02:45.262537,50731.0,14482716.0,396335.9375,1680003165300.7195,2519.0,3668.6974358974353,1130.0,61.31061452513968,16.3103894447178,87.0
2592,1680003165.2703495,2593,2Item7,2023-03-28 17:02:45.270350,50732.0,14482972.0,396343.75,1680003165308.532,2515.0,3662.8717948717945,1129.0,61.447928331466976,16.27394164707597,87.0
2593,1680003165.2781622,2594,2Item7,2023-03-28 17:02:45.278162,50733.0,14483228.0,396351.5625,1680003165316.3445,2524.0,3675.979487179487,1129.0,61.447928331466976,16.27394164707597,87.0
2594,1680003165.2859747,2595,2Item7,2023-03-28 17:02:45.285975,50734.0,14483484.0,396359.375,1680003165324.157,2530.0,3684.717948717948,1129.0,61.447928331466976,16.27394164707597,87.0
2595,1680003165.2937872,2596,2Item7,2023-03-28 17:02:45.293787,50735.0,14483740.0,396367.1875,1680003165331.9695,2520.0,3670.1538461538457,1129.0,61.447928331466976,16.27394164707597,87.0
2596,1680003165.3015995,2597,2Item7,2023-03-28 17:02:45.301600,50736.0,14483996.0,396375.0,1680003165339.782,2532.0,3687.6307692307687,1129.0,61.447928331466976,16.27394164707597,87.0
2597,1680003165.3094122,2598,2Item7,2023-03-28 17:02:45.309412,50737.0,14484252.0,396382.8125,1680003165347.5945,2514.0,3661.415384615385,1130.0,61.31061452513968,16.3103894447178,87.0
2598,1680003165.3172247,2599,2Item7,2023-03-28 17:02:45.317225,50738.0,14484508.0,396390.625,1680003165355.407,2527.0,3680.348717948717,1129.0,61.447928331466976,16.27394164707597,87.0
2599,1680003165.3250372,2600,2Item7,2023-03-28 17:02:45.325037,50739.0,14484764.0,396398.4375,1680003165363.2195,2514.0,3661.415384615385,1129.0,61.447928331466976,16.27394164707597,87.0
2600,1680003165.3328495,2601,2Item7,2023-03-28 17:02:45.332850,50740.0,14485020.0,396406.25,1680003165371.032,2529.0,3683.2615384615374,1129.0,61.447928331466976,16.27394164707597,87.0
2601,1680003165.3406622,2602,2Item7,2023-03-28 17:02:45.340662,50741.0,14485276.0,396414.0625,1680003165378.8445,2533.0,3689.087179487179,1129.0,61.447928331466976,16.27394164707597,87.0
2602,1680003165.3484747,2603,2Item7,2023-03-28 17:02:45.348475,50742.0,14485532.0,396421.875,1680003165386.657,2499.0,3639.569230769231,1129.0,61.447928331466976,16.27394164707597,87.0
2603,1680003165.3562872,2604,2Item7,2023-03-28 17:02:45.356287,50743.0,14485788.0,396429.6875,1680003165394.4695,2519.0,3668.6974358974353,1129.0,61.447928331466976,16.27394164707597,87.0
2604,1680003165.3640995,2605,2Item7,2023-03-28 17:02:45.364100,50744.0,14486044.0,396437.5,1680003165402.282,2532.0,3687.6307692307687,1129.0,61.447928331466976,16.27394164707597,87.0
2605,1680003165.3719122,2606,2Item7,2023-03-28 17:02:45.371912,50745.0,14486300.0,396445.3125,1680003165410.0945,2523.0,3674.5230769230766,1129.0,61.447928331466976,16.27394164707597,87.0
2606,1680003165.3797247,2607,2Item7,2023-03-28 17:02:45.379725,50746.0,14486556.0,396453.125,1680003165417.907,2522.0,3673.0666666666657,1128.0,61.5858585858586,16.237493849434145,87.0
2607,1680003165.3875372,2608,2Item7,2023-03-28 17:02:45.387537,50747.0,14486812.0,396460.9375,1680003165425.7195,2517.0,3665.7846153846153,1129.0,61.447928331466976,16.27394164707597,87.0
2608,1680003165.3953495,2609,2Item7,2023-03-28 17:02:45.395350,50748.0,14487068.0,396468.75,1680003165433.532,2517.0,3665.7846153846153,1129.0,61.447928331466976,16.27394164707597,87.0
2609,1680003165.4031622,2610,2Item7,2023-03-28 17:02:45.403162,50749.0,14487324.0,396476.5625,1680003165441.3445,2526.0,3678.892307692307,1129.0,61.447928331466976,16.27394164707597,87.0
2610,1680003165.4109747,2611,2Item7,2023-03-28 17:02:45.410975,50750.0,14487580.0,396484.375,1680003165449.157,2530.0,3684.717948717948,1129.0,61.447928331466976,16.27394164707597,87.0
2611,1680003165.4187872,2612,2Item7,2023-03-28 17:02:45.418787,50751.0,14487836.0,396492.1875,1680003165456.9695,2516.0,3664.328205128205,1129.0,61.447928331466976,16.27394164707597,87.0
2612,1680003165.4265995,2613,2Item7,2023-03-28 17:02:45.426600,50752.0,14488092.0,396500.0,1680003165464.782,2517.0,3665.7846153846153,1129.0,61.447928331466976,16.27394164707597,87.0
2613,1680003165.4344122,2614,2Item7,2023-03-28 17:02:45.434412,50753.0,14488348.0,396507.8125,1680003165472.5945,2517.0,3665.7846153846153,1128.0,61.5858585858586,16.237493849434145,87.0
2614,1680003165.4422247,2615,2Item7,2023-03-28 17:02:45.442225,50754.0,14488604.0,396515.625,1680003165480.407,2523.0,3674.5230769230766,1128.0,61.5858585858586,16.237493849434145,87.0
2615,1680003165.4500372,2616,2Item7,2023-03-28 17:02:45.450037,50755.0,14488860.0,396523.4375,1680003165488.2195,2517.0,3665.7846153846153,1129.0,61.447928331466976,16.27394164707597,87.0
2616,1680003165.4578495,2617,2Item7,2023-03-28 17:02:45.457850,50756.0,14489116.0,396531.25,1680003165496.032,2524.0,3675.979487179487,1129.0,61.447928331466976,16.27394164707597,87.0
2617,1680003165.4656622,2618,2Item7,2023-03-28 17:02:45.465662,50757.0,14489372.0,396539.0625,1680003165503.8445,2527.0,3680.348717948717,1129.0,61.447928331466976,16.27394164707597,87.0
2618,1680003165.4734747,2619,2Item7,2023-03-28 17:02:45.473475,50758.0,14489628.0,396546.875,1680003165511.657,2534.0,3690.5435897435896,1128.0,61.5858585858586,16.237493849434145,87.0
2619,1680003165.4812872,2620,2Item7,2023-03-28 17:02:45.481287,50759.0,14489884.0,396554.6875,1680003165519.4695,2514.0,3661.415384615385,1129.0,61.447928331466976,16.27394164707597,87.0
2620,1680003165.4890995,2621,2Item7,2023-03-28 17:02:45.489100,50760.0,14490140.0,396562.5,1680003165527.282,2513.0,3659.958974358974,1128.0,61.5858585858586,16.237493849434145,87.0
2621,1680003165.4969122,2622,2Item7,2023-03-28 17:02:45.496912,50761.0,14490396.0,396570.3125,1680003165535.0945,2516.0,3664.328205128205,1128.0,61.5858585858586,16.237493849434145,87.0
2622,1680003165.5047247,2623,2Item7,2023-03-28 17:02:45.504725,50762.0,14490652.0,396578.125,1680003165542.907,2528.0,3681.805128205128,1128.0,61.5858585858586,16.237493849434145,87.0
2623,1680003165.5125372,2624,2Item7,2023-03-28 17:02:45.512537,50763.0,14490908.0,396585.9375,1680003165550.7195,2522.0,3673.0666666666657,1128.0,61.5858585858586,16.237493849434145,87.0
2624,1680003165.5203495,2625,2Item7,2023-03-28 17:02:45.520350,50764.0,14491164.0,396593.75,1680003165558.532,2526.0,3678.892307692307,1128.0,61.5858585858586,16.237493849434145,87.0
2625,1680003165.5281622,2626,2Item7,2023-03-28 17:02:45.528162,50765.0,14491420.0,396601.5625,1680003165566.3445,2532.0,3687.6307692307687,1129.0,61.447928331466976,16.27394164707597,87.0
2626,1680003165.5359747,2627,2Item7,2023-03-28 17:02:45.535975,50766.0,14491676.0,396609.375,1680003165574.157,2531.0,3686.174358974359,1128.0,61.5858585858586,16.237493849434145,87.0
2627,1680003165.5437872,2628,2Item7,2023-03-28 17:02:45.543787,50767.0,14491932.0,396617.1875,1680003165581.9695,2520.0,3670.1538461538457,1128.0,61.5858585858586,16.237493849434145,87.0
2628,1680003165.5515995,2629,2Item7,2023-03-28 17:02:45.551600,50768.0,14492188.0,396625.0,1680003165589.782,2525.0,3677.4358974358975,1128.0,61.5858585858586,16.237493849434145,87.0
2629,1680003165.5594122,2630,2Item7,2023-03-28 17:02:45.559412,50769.0,14492444.0,396632.8125,1680003165597.5945,2532.0,3687.6307692307687,1128.0,61.5858585858586,16.237493849434145,87.0
2630,1680003165.5672247,2631,2Item7,2023-03-28 17:02:45.567225,50770.0,14492700.0,396640.625,1680003165605.407,2522.0,3673.0666666666657,1128.0,61.5858585858586,16.237493849434145,87.0
2631,1680003165.5750372,2632,2Item7,2023-03-28 17:02:45.575037,50771.0,14492956.0,396648.4375,1680003165613.2195,2516.0,3664.328205128205,1128.0,61.5858585858586,16.237493849434145,87.0
2632,1680003165.5828495,2633,2Item7,2023-03-28 17:02:45.582850,50772.0,14493212.0,396656.25,1680003165621.032,2521.0,3671.610256410256,1128.0,61.5858585858586,16.237493849434145,87.0
2633,1680003165.5906622,2634,2Item7,2023-03-28 17:02:45.590662,50773.0,14493468.0,396664.0625,1680003165628.8445,2535.0,3692.0,1128.0,61.5858585858586,16.237493849434145,87.0
2634,1680003165.5984747,2635,2Item7,2023-03-28 17:02:45.598475,50774.0,14493724.0,396671.875,1680003165636.657,2524.0,3675.979487179487,1127.0,61.72440944881891,16.201046051792318,87.0
2635,1680003165.6062872,2636,2Item7,2023-03-28 17:02:45.606287,50775.0,14493980.0,396679.6875,1680003165644.4695,2519.0,3668.6974358974353,1128.0,61.5858585858586,16.237493849434145,87.0
2636,1680003165.6140995,2637,2Item7,2023-03-28 17:02:45.614100,50776.0,14494236.0,396687.5,1680003165652.282,2527.0,3680.348717948717,1127.0,61.72440944881891,16.201046051792318,87.0
2637,1680003165.6219122,2638,2Item7,2023-03-28 17:02:45.621912,50777.0,14494492.0,396695.3125,1680003165660.0945,2526.0,3678.892307692307,1127.0,61.72440944881891,16.201046051792318,87.0
2638,1680003165.6297247,2639,2Item7,2023-03-28 17:02:45.629725,50778.0,14494748.0,396703.125,1680003165667.907,2525.0,3677.4358974358975,1128.0,61.5858585858586,16.237493849434145,87.0
2639,1680003165.6375372,2640,2Item7,2023-03-28 17:02:45.637537,50779.0,14495004.0,396710.9375,1680003165675.7195,2522.0,3673.0666666666657,1128.0,61.5858585858586,16.237493849434145,87.0
2640,1680003165.6453495,2641,2Item7,2023-03-28 17:02:45.645350,50780.0,14495260.0,396718.75,1680003165683.532,2529.0,3683.2615384615374,1128.0,61.5858585858586,16.237493849434145,87.0
2641,1680003165.6531622,2642,2Item7,2023-03-28 17:02:45.653162,50781.0,14495516.0,396726.5625,1680003165691.3445,2527.0,3680.348717948717,1127.0,61.72440944881891,16.201046051792318,87.0
2642,1680003165.6609747,2643,2Item7,2023-03-28 17:02:45.660975,50782.0,14495772.0,396734.375,1680003165699.157,2507.0,3651.220512820513,1128.0,61.5858585858586,16.237493849434145,87.0
2643,1680003165.6687872,2644,2Item7,2023-03-28 17:02:45.668787,50783.0,14496028.0,396742.1875,1680003165706.9695,2521.0,3671.610256410256,1127.0,61.72440944881891,16.201046051792318,87.0
2644,1680003165.6765995,2645,2Item7,2023-03-28 17:02:45.676600,50784.0,14496284.0,396750.0,1680003165714.782,2531.0,3686.174358974359,1127.0,61.72440944881891,16.201046051792318,87.0
2645,1680003165.6844122,2646,2Item7,2023-03-28 17:02:45.684412,50785.0,14496540.0,396757.8125,1680003165722.5945,2532.0,3687.6307692307687,1128.0,61.5858585858586,16.237493849434145,87.0
2646,1680003165.6922247,2647,2Item7,2023-03-28 17:02:45.692225,50786.0,14496796.0,396765.625,1680003165730.407,2529.0,3683.2615384615374,1127.0,61.72440944881891,16.201046051792318,87.0
2647,1680003165.7000372,2648,2Item7,2023-03-28 17:02:45.700037,50787.0,14497052.0,396773.4375,1680003165738.2195,2518.0,3667.2410256410258,1128.0,61.5858585858586,16.237493849434145,87.0
2648,1680003165.7078495,2649,2Item7,2023-03-28 17:02:45.707850,50788.0,14497308.0,396781.25,1680003165746.032,2533.0,3689.087179487179,1127.0,61.72440944881891,16.201046051792318,87.0
2649,1680003165.7156622,2650,2Item7,2023-03-28 17:02:45.715662,50789.0,14497564.0,396789.0625,1680003165753.8445,2529.0,3683.2615384615374,1127.0,61.72440944881891,16.201046051792318,87.0
2650,1680003165.7234747,2651,2Item7,2023-03-28 17:02:45.723475,50790.0,14497820.0,396796.875,1680003165761.657,2501.0,3642.48205128205,1128.0,61.5858585858586,16.237493849434145,87.0
2651,1680003165.7312872,2652,2Item7,2023-03-28 17:02:45.731287,50791.0,14498076.0,396804.6875,1680003165769.4695,2519.0,3668.6974358974353,1128.0,61.5858585858586,16.237493849434145,87.0
2652,1680003165.7390995,2653,2Item7,2023-03-28 17:02:45.739100,50792.0,14498332.0,396812.5,1680003165777.282,2520.0,3670.1538461538457,1127.0,61.72440944881891,16.201046051792318,87.0
2653,1680003165.7469122,2654,2Item7,2023-03-28 17:02:45.746912,50793.0,14498588.0,396820.3125,1680003165785.0945,2526.0,3678.892307692307,1128.0,61.5858585858586,16.237493849434145,87.0
2654,1680003165.7547247,2655,2Item7,2023-03-28 17:02:45.754725,50794.0,14498844.0,396828.125,1680003165792.907,2524.0,3675.979487179487,1127.0,61.72440944881891,16.201046051792318,87.0
2655,1680003165.7625372,2656,2Item7,2023-03-28 17:02:45.762537,50795.0,14499100.0,396835.9375,1680003165800.7195,2516.0,3664.328205128205,1127.0,61.72440944881891,16.201046051792318,87.0
2656,1680003165.7703495,2657,2Item7,2023-03-28 17:02:45.770350,50796.0,14499356.0,396843.75,1680003165808.532,2528.0,3681.805128205128,1127.0,61.72440944881891,16.201046051792318,87.0
2657,1680003165.7781622,2658,2Item7,2023-03-28 17:02:45.778162,50797.0,14499612.0,396851.5625,1680003165816.3445,2526.0,3678.892307692307,1127.0,61.72440944881891,16.201046051792318,87.0
2658,1680003165.7859747,2659,2Item7,2023-03-28 17:02:45.785975,50798.0,14499868.0,396859.375,1680003165824.157,2525.0,3677.4358974358975,1127.0,61.72440944881891,16.201046051792318,87.0
2659,1680003165.7937872,2660,2Item7,2023-03-28 17:02:45.793787,50799.0,14500124.0,396867.1875,1680003165831.9695,2521.0,3671.610256410256,1127.0,61.72440944881891,16.201046051792318,87.0
2660,1680003165.8015995,2661,2Item7,2023-03-28 17:02:45.801600,50800.0,14500380.0,396875.0,1680003165839.782,2531.0,3686.174358974359,1127.0,61.72440944881891,16.201046051792318,87.0
2661,1680003165.8094122,2662,2Item7,2023-03-28 17:02:45.809412,50801.0,14500636.0,396882.8125,1680003165847.5945,2531.0,3686.174358974359,1127.0,61.72440944881891,16.201046051792318,87.0
2662,1680003165.8172247,2663,2Item7,2023-03-28 17:02:45.817225,50802.0,14500892.0,396890.625,1680003165855.407,2528.0,3681.805128205128,1127.0,61.72440944881891,16.201046051792318,87.0
2663,1680003165.8250372,2664,2Item7,2023-03-28 17:02:45.825037,50803.0,14501148.0,396898.4375,1680003165863.2195,2518.0,3667.2410256410258,1127.0,61.72440944881891,16.201046051792318,87.0
2664,1680003165.8328495,2665,2Item7,2023-03-28 17:02:45.832850,50804.0,14501404.0,396906.25,1680003165871.032,2528.0,3681.805128205128,1127.0,61.72440944881891,16.201046051792318,87.0
2665,1680003165.8406622,2666,2Item7,2023-03-28 17:02:45.840662,50805.0,14501660.0,396914.0625,1680003165878.8445,2527.0,3680.348717948717,1127.0,61.72440944881891,16.201046051792318,87.0
2666,1680003165.8484747,2667,2Item7,2023-03-28 17:02:45.848475,50806.0,14501916.0,396921.875,1680003165886.657,2525.0,3677.4358974358975,1126.0,61.86358511837656,16.16459825415049,87.0
2667,1680003165.8562872,2668,2Item7,2023-03-28 17:02:45.856287,50807.0,14502172.0,396929.6875,1680003165894.4695,2519.0,3668.6974358974353,1127.0,61.72440944881891,16.201046051792318,87.0
2668,1680003165.8640995,2669,2Item7,2023-03-28 17:02:45.864100,50808.0,14502428.0,396937.5,1680003165902.282,2526.0,3678.892307692307,1126.0,61.86358511837656,16.16459825415049,87.0
2669,1680003165.8719122,2670,2Item7,2023-03-28 17:02:45.871912,50809.0,14502684.0,396945.3125,1680003165910.0945,2528.0,3681.805128205128,1127.0,61.72440944881891,16.201046051792318,87.0
2670,1680003165.8797247,2671,2Item7,2023-03-28 17:02:45.879725,50810.0,14502940.0,396953.125,1680003165917.907,2531.0,3686.174358974359,1127.0,61.72440944881891,16.201046051792318,87.0
2671,1680003165.8875372,2672,2Item7,2023-03-28 17:02:45.887537,50811.0,14503196.0,396960.9375,1680003165925.7195,2522.0,3673.0666666666657,1126.0,61.86358511837656,16.16459825415049,87.0
2672,1680003165.8953495,2673,2Item7,2023-03-28 17:02:45.895350,50812.0,14503452.0,396968.75,1680003165933.532,2526.0,3678.892307692307,1126.0,61.86358511837656,16.16459825415049,87.0
2673,1680003165.9031622,2674,2Item7,2023-03-28 17:02:45.903162,50813.0,14503708.0,396976.5625,1680003165941.3445,2514.0,3661.415384615385,1126.0,61.86358511837656,16.16459825415049,87.0
2674,1680003165.9109747,2675,2Item7,2023-03-28 17:02:45.910975,50814.0,14503964.0,396984.375,1680003165949.157,2507.0,3651.220512820513,1127.0,61.72440944881891,16.201046051792318,87.0
2675,1680003165.9187872,2676,2Item7,2023-03-28 17:02:45.918787,50815.0,14504220.0,396992.1875,1680003165956.9695,2518.0,3667.2410256410258,1127.0,61.72440944881891,16.201046051792318,87.0
2676,1680003165.9265995,2677,2Item7,2023-03-28 17:02:45.926600,50816.0,14504476.0,397000.0,1680003165964.782,2517.0,3665.7846153846153,1126.0,61.86358511837656,16.16459825415049,87.0
2677,1680003165.9344122,2678,2Item7,2023-03-28 17:02:45.934412,50817.0,14504732.0,397007.8125,1680003165972.5945,2509.0,3654.1333333333328,1126.0,61.86358511837656,16.16459825415049,87.0
2678,1680003165.9422247,2679,2Item7,2023-03-28 17:02:45.942225,50818.0,14504988.0,397015.625,1680003165980.407,2523.0,3674.5230769230766,1126.0,61.86358511837656,16.16459825415049,87.0
2679,1680003165.9500372,2680,2Item7,2023-03-28 17:02:45.950037,50819.0,14505244.0,397023.4375,1680003165988.2195,2513.0,3659.958974358974,1126.0,61.86358511837656,16.16459825415049,87.0
2680,1680003165.9578495,2681,2Item7,2023-03-28 17:02:45.957850,50820.0,14505500.0,397031.25,1680003165996.032,2527.0,3680.348717948717,1126.0,61.86358511837656,16.16459825415049,87.0
2681,1680003165.9656622,2682,2Item7,2023-03-28 17:02:45.965662,50821.0,14505756.0,397039.0625,1680003166003.8445,2520.0,3670.1538461538457,1126.0,61.86358511837656,16.16459825415049,87.0
2682,1680003165.9734747,2683,2Item7,2023-03-28 17:02:45.973475,50822.0,14506012.0,397046.875,1680003166011.657,2523.0,3674.5230769230766,1126.0,61.86358511837656,16.16459825415049,87.0
2683,1680003165.9812872,2684,2Item7,2023-03-28 17:02:45.981287,50823.0,14506268.0,397054.6875,1680003166019.4695,2518.0,3667.2410256410258,1126.0,61.86358511837656,16.16459825415049,87.0
2684,1680003165.9890995,2685,2Item7,2023-03-28 17:02:45.989100,50824.0,14506524.0,397062.5,1680003166027.282,2527.0,3680.348717948717,1126.0,61.86358511837656,16.16459825415049,87.0
2685,1680003165.9969122,2686,2Item7,2023-03-28 17:02:45.996912,50825.0,14506780.0,397070.3125,1680003166035.0945,2529.0,3683.2615384615374,1127.0,61.72440944881891,16.201046051792318,87.0
2686,1680003166.0047247,2687,2Item7,2023-03-28 17:02:46.004725,50826.0,14507036.0,397078.125,1680003166042.907,2525.0,3677.4358974358975,1126.0,61.86358511837656,16.16459825415049,87.0
2687,1680003166.0125372,2688,2Item7,2023-03-28 17:02:46.012537,50827.0,14507292.0,397085.9375,1680003166050.7195,2524.0,3675.979487179487,1126.0,61.86358511837656,16.16459825415049,87.0
2688,1680003166.0203495,2689,2Item7,2023-03-28 17:02:46.020350,50828.0,14507548.0,397093.75,1680003166058.532,2516.0,3664.328205128205,1126.0,61.86358511837656,16.16459825415049,87.0
2689,1680003166.0281622,2690,2Item7,2023-03-28 17:02:46.028162,50829.0,14507804.0,397101.5625,1680003166066.3445,2526.0,3678.892307692307,1127.0,61.72440944881891,16.201046051792318,87.0
2690,1680003166.0359747,2691,2Item7,2023-03-28 17:02:46.035975,50830.0,14508060.0,397109.375,1680003166074.157,2527.0,3680.348717948717,1126.0,61.86358511837656,16.16459825415049,87.0
2691,1680003166.0437872,2692,2Item7,2023-03-28 17:02:46.043787,50831.0,14508316.0,397117.1875,1680003166081.9695,2522.0,3673.0666666666657,1126.0,61.86358511837656,16.16459825415049,87.0
2692,1680003166.0515995,2693,2Item7,2023-03-28 17:02:46.051600,50832.0,14508572.0,397125.0,1680003166089.782,2522.0,3673.0666666666657,1126.0,61.86358511837656,16.16459825415049,87.0
2693,1680003166.0594122,2694,2Item7,2023-03-28 17:02:46.059412,50833.0,14508828.0,397132.8125,1680003166097.5945,2528.0,3681.805128205128,1126.0,61.86358511837656,16.16459825415049,87.0
2694,1680003166.0672247,2695,2Item7,2023-03-28 17:02:46.067225,50834.0,14509084.0,397140.625,1680003166105.407,2526.0,3678.892307692307,1126.0,61.86358511837656,16.16459825415049,87.0
2695,1680003166.0750372,2696,2Item7,2023-03-28 17:02:46.075037,50835.0,14509340.0,397148.4375,1680003166113.2195,2522.0,3673.0666666666657,1126.0,61.86358511837656,16.16459825415049,87.0
2696,1680003166.0828495,2697,2Item7,2023-03-28 17:02:46.082850,50836.0,14509596.0,397156.25,1680003166121.032,2515.0,3662.8717948717945,1126.0,61.86358511837656,16.16459825415049,87.0
2697,1680003166.0906622,2698,2Item7,2023-03-28 17:02:46.090662,50837.0,14509852.0,397164.0625,1680003166128.8445,2529.0,3683.2615384615374,1126.0,61.86358511837656,16.16459825415049,87.0
2698,1680003166.0984747,2699,2Item7,2023-03-28 17:02:46.098475,50838.0,14510108.0,397171.875,1680003166136.657,2528.0,3681.805128205128,1126.0,61.86358511837656,16.16459825415049,87.0
2699,1680003166.1062872,2700,2Item7,2023-03-28 17:02:46.106287,50839.0,14510364.0,397179.6875,1680003166144.4695,2517.0,3665.7846153846153,1127.0,61.72440944881891,16.201046051792318,87.0
2700,1680003166.1140995,2701,2Item7,2023-03-28 17:02:46.114100,50840.0,14510620.0,397187.5,1680003166152.282,2526.0,3678.892307692307,1126.0,61.86358511837656,16.16459825415049,87.0
2701,1680003166.1219122,2702,2Item7,2023-03-28 17:02:46.121912,50841.0,14510876.0,397195.3125,1680003166160.0945,2522.0,3673.0666666666657,1126.0,61.86358511837656,16.16459825415049,87.0
2702,1680003166.1297247,2703,2Item7,2023-03-28 17:02:46.129725,50842.0,14511132.0,397203.125,1680003166167.907,2526.0,3678.892307692307,1126.0,61.86358511837656,16.16459825415049,87.0
2703,1680003166.1375372,2704,2Item7,2023-03-28 17:02:46.137537,50843.0,14511388.0,397210.9375,1680003166175.7195,2514.0,3661.415384615385,1126.0,61.86358511837656,16.16459825415049,87.0
2704,1680003166.1453495,2705,2Item7,2023-03-28 17:02:46.145350,50844.0,14511644.0,397218.75,1680003166183.532,2521.0,3671.610256410256,1126.0,61.86358511837656,16.16459825415049,87.0
2705,1680003166.1531622,2706,2Item7,2023-03-28 17:02:46.153162,50845.0,14511900.0,397226.5625,1680003166191.3445,2527.0,3680.348717948717,1126.0,61.86358511837656,16.16459825415049,87.0
2706,1680003166.1609747,2707,2Item7,2023-03-28 17:02:46.160975,50846.0,14512156.0,397234.375,1680003166199.157,2526.0,3678.892307692307,1126.0,61.86358511837656,16.16459825415049,87.0
2707,1680003166.1687872,2708,2Item7,2023-03-28 17:02:46.168787,50847.0,14512412.0,397242.1875,1680003166206.9695,2520.0,3670.1538461538457,1126.0,61.86358511837656,16.16459825415049,87.0
2708,1680003166.1765995,2709,2Item7,2023-03-28 17:02:46.176600,50848.0,14512668.0,397250.0,1680003166214.782,2516.0,3664.328205128205,1125.0,62.00338983050849,16.12815045650866,87.0
2709,1680003166.1844122,2710,2Item7,2023-03-28 17:02:46.184412,50849.0,14512924.0,397257.8125,1680003166222.5945,2515.0,3662.8717948717945,1126.0,61.86358511837656,16.16459825415049,87.0
2710,1680003166.1922247,2711,2Item7,2023-03-28 17:02:46.192225,50850.0,14513180.0,397265.625,1680003166230.407,2499.0,3639.569230769231,1126.0,61.86358511837656,16.16459825415049,87.0
2711,1680003166.2000372,2712,2Item7,2023-03-28 17:02:46.200037,50851.0,14513436.0,397273.4375,1680003166238.2195,2515.0,3662.8717948717945,1126.0,61.86358511837656,16.16459825415049,87.0
2712,1680003166.2078495,2713,2Item7,2023-03-28 17:02:46.207850,50852.0,14513692.0,397281.25,1680003166246.032,2513.0,3659.958974358974,1126.0,61.86358511837656,16.16459825415049,87.0
2713,1680003166.2156622,2714,2Item7,2023-03-28 17:02:46.215662,50853.0,14513948.0,397289.0625,1680003166253.8445,2529.0,3683.2615384615374,1126.0,61.86358511837656,16.16459825415049,87.0
2714,1680003166.2234747,2715,2Item7,2023-03-28 17:02:46.223475,50854.0,14514204.0,397296.875,1680003166261.657,2531.0,3686.174358974359,1125.0,62.00338983050849,16.12815045650866,87.0
2715,1680003166.2312872,2716,2Item7,2023-03-28 17:02:46.231287,50855.0,14514460.0,397304.6875,1680003166269.4695,2518.0,3667.2410256410258,1126.0,61.86358511837656,16.16459825415049,87.0
2716,1680003166.2390995,2717,2Item7,2023-03-28 17:02:46.239100,50856.0,14514716.0,397312.5,1680003166277.282,2520.0,3670.1538461538457,1126.0,61.86358511837656,16.16459825415049,87.0
2717,1680003166.2469122,2718,2Item7,2023-03-28 17:02:46.246912,50857.0,14514972.0,397320.3125,1680003166285.0945,2514.0,3661.415384615385,1126.0,61.86358511837656,16.16459825415049,87.0
2718,1680003166.2547247,2719,2Item7,2023-03-28 17:02:46.254725,50858.0,14515228.0,397328.125,1680003166292.907,2533.0,3689.087179487179,1125.0,62.00338983050849,16.12815045650866,87.0
2719,1680003166.2625372,2720,2Item7,2023-03-28 17:02:46.262537,50859.0,14515484.0,397335.9375,1680003166300.7195,2524.0,3675.979487179487,1125.0,62.00338983050849,16.12815045650866,87.0
2720,1680003166.2703495,2721,2Item7,2023-03-28 17:02:46.270350,50860.0,14515740.0,397343.75,1680003166308.532,2523.0,3674.5230769230766,1125.0,62.00338983050849,16.12815045650866,87.0
2721,1680003166.2781622,2722,2Item7,2023-03-28 17:02:46.278162,50861.0,14515996.0,397351.5625,1680003166316.3445,2523.0,3674.5230769230766,1125.0,62.00338983050849,16.12815045650866,87.0
2722,1680003166.2859747,2723,2Item7,2023-03-28 17:02:46.285975,50862.0,14516252.0,397359.375,1680003166324.157,2526.0,3678.892307692307,1125.0,62.00338983050849,16.12815045650866,87.0
2723,1680003166.2937872,2724,2Item7,2023-03-28 17:02:46.293787,50863.0,14516508.0,397367.1875,1680003166331.9695,2521.0,3671.610256410256,1126.0,61.86358511837656,16.16459825415049,87.0
2724,1680003166.3015995,2725,2Item7,2023-03-28 17:02:46.301600,50864.0,14516764.0,397375.0,1680003166339.782,2506.0,3649.7641025641024,1125.0,62.00338983050849,16.12815045650866,87.0
2725,1680003166.3094122,2726,2Item7,2023-03-28 17:02:46.309412,50865.0,14517020.0,397382.8125,1680003166347.5945,2530.0,3684.717948717948,1125.0,62.00338983050849,16.12815045650866,87.0
2726,1680003166.3172247,2727,2Item7,2023-03-28 17:02:46.317225,50866.0,14517276.0,397390.625,1680003166355.407,2528.0,3681.805128205128,1125.0,62.00338983050849,16.12815045650866,87.0
2727,1680003166.3250372,2728,2Item7,2023-03-28 17:02:46.325037,50867.0,14517532.0,397398.4375,1680003166363.2195,2522.0,3673.0666666666657,1125.0,62.00338983050849,16.12815045650866,87.0
2728,1680003166.3328495,2729,2Item7,2023-03-28 17:02:46.332850,50868.0,14517788.0,397406.25,1680003166371.032,2527.0,3680.348717948717,1126.0,61.86358511837656,16.16459825415049,87.0
2729,1680003166.3406622,2730,2Item7,2023-03-28 17:02:46.340662,50869.0,14518044.0,397414.0625,1680003166378.8445,2518.0,3667.2410256410258,1126.0,61.86358511837656,16.16459825415049,87.0
2730,1680003166.3484747,2731,2Item7,2023-03-28 17:02:46.348475,50870.0,14518300.0,397421.875,1680003166386.657,2524.0,3675.979487179487,1125.0,62.00338983050849,16.12815045650866,87.0
2731,1680003166.3562872,2732,2Item7,2023-03-28 17:02:46.356287,50871.0,14518556.0,397429.6875,1680003166394.4695,2519.0,3668.6974358974353,1126.0,61.86358511837656,16.16459825415049,87.0
2732,1680003166.3640995,2733,2Item7,2023-03-28 17:02:46.364100,50872.0,14518812.0,397437.5,1680003166402.282,2522.0,3673.0666666666657,1125.0,62.00338983050849,16.12815045650866,87.0
2733,1680003166.3719122,2734,2Item7,2023-03-28 17:02:46.371912,50873.0,14519068.0,397445.3125,1680003166410.0945,2528.0,3681.805128205128,1125.0,62.00338983050849,16.12815045650866,87.0
2734,1680003166.3797247,2735,2Item7,2023-03-28 17:02:46.379725,50874.0,14519324.0,397453.125,1680003166417.907,2525.0,3677.4358974358975,1125.0,62.00338983050849,16.12815045650866,87.0
2735,1680003166.3875372,2736,2Item7,2023-03-28 17:02:46.387537,50875.0,14519580.0,397460.9375,1680003166425.7195,2517.0,3665.7846153846153,1125.0,62.00338983050849,16.12815045650866,87.0
2736,1680003166.3953495,2737,2Item7,2023-03-28 17:02:46.395350,50876.0,14519836.0,397468.75,1680003166433.532,2520.0,3670.1538461538457,1125.0,62.00338983050849,16.12815045650866,87.0
2737,1680003166.4031622,2738,2Item7,2023-03-28 17:02:46.403162,50877.0,14520092.0,397476.5625,1680003166441.3445,2528.0,3681.805128205128,1125.0,62.00338983050849,16.12815045650866,87.0
2738,1680003166.4109747,2739,2Item7,2023-03-28 17:02:46.410975,50878.0,14520348.0,397484.375,1680003166449.157,2517.0,3665.7846153846153,1125.0,62.00338983050849,16.12815045650866,87.0
2739,1680003166.4187872,2740,2Item7,2023-03-28 17:02:46.418787,50879.0,14520604.0,397492.1875,1680003166456.9695,2517.0,3665.7846153846153,1125.0,62.00338983050849,16.12815045650866,87.0
2740,1680003166.4265995,2741,2Item7,2023-03-28 17:02:46.426600,50880.0,14520860.0,397500.0,1680003166464.782,2517.0,3665.7846153846153,1124.0,62.14382785956966,16.091702658866836,87.0
2741,1680003166.4344122,2742,2Item7,2023-03-28 17:02:46.434412,50881.0,14521116.0,397507.8125,1680003166472.5945,2528.0,3681.805128205128,1125.0,62.00338983050849,16.12815045650866,87.0
2742,1680003166.4422247,2743,2Item7,2023-03-28 17:02:46.442225,50882.0,14521372.0,397515.625,1680003166480.407,2523.0,3674.5230769230766,1124.0,62.14382785956966,16.091702658866836,87.0
2743,1680003166.4500372,2744,2Item7,2023-03-28 17:02:46.450037,50883.0,14521628.0,397523.4375,1680003166488.2195,2521.0,3671.610256410256,1124.0,62.14382785956966,16.091702658866836,87.0
2744,1680003166.4578495,2745,2Item7,2023-03-28 17:02:46.457850,50884.0,14521884.0,397531.25,1680003166496.032,2519.0,3668.6974358974353,1124.0,62.14382785956966,16.091702658866836,87.0
2745,1680003166.4656622,2746,2Item7,2023-03-28 17:02:46.465662,50885.0,14522140.0,397539.0625,1680003166503.8445,2525.0,3677.4358974358975,1125.0,62.00338983050849,16.12815045650866,87.0
2746,1680003166.4734747,2747,2Item7,2023-03-28 17:02:46.473475,50886.0,14522396.0,397546.875,1680003166511.657,2527.0,3680.348717948717,1125.0,62.00338983050849,16.12815045650866,87.0
2747,1680003166.4812872,2748,2Item7,2023-03-28 17:02:46.481287,50887.0,14522652.0,397554.6875,1680003166519.4695,2516.0,3664.328205128205,1125.0,62.00338983050849,16.12815045650866,87.0
2748,1680003166.4890995,2749,2Item7,2023-03-28 17:02:46.489100,50888.0,14522908.0,397562.5,1680003166527.282,2512.0,3658.502564102564,1124.0,62.14382785956966,16.091702658866836,87.0
2749,1680003166.4969122,2750,2Item7,2023-03-28 17:02:46.496912,50889.0,14523164.0,397570.3125,1680003166535.0945,2527.0,3680.348717948717,1125.0,62.00338983050849,16.12815045650866,87.0
2750,1680003166.5047247,2751,2Item7,2023-03-28 17:02:46.504725,50890.0,14523420.0,397578.125,1680003166542.907,2525.0,3677.4358974358975,1125.0,62.00338983050849,16.12815045650866,87.0
2751,1680003166.5125372,2752,2Item7,2023-03-28 17:02:46.512537,50891.0,14523676.0,397585.9375,1680003166550.7195,2522.0,3673.0666666666657,1125.0,62.00338983050849,16.12815045650866,87.0
2752,1680003166.5203495,2753,2Item7,2023-03-28 17:02:46.520350,50892.0,14523932.0,397593.75,1680003166558.532,2532.0,3687.6307692307687,1124.0,62.14382785956966,16.091702658866836,87.0
2753,1680003166.5281622,2754,2Item7,2023-03-28 17:02:46.528162,50893.0,14524188.0,397601.5625,1680003166566.3445,2530.0,3684.717948717948,1124.0,62.14382785956966,16.091702658866836,87.0
2754,1680003166.5359747,2755,2Item7,2023-03-28 17:02:46.535975,50894.0,14524444.0,397609.375,1680003166574.157,2528.0,3681.805128205128,1124.0,62.14382785956966,16.091702658866836,87.0
2755,1680003166.5437872,2756,2Item7,2023-03-28 17:02:46.543787,50895.0,14524700.0,397617.1875,1680003166581.9695,2524.0,3675.979487179487,1124.0,62.14382785956966,16.091702658866836,87.0
2756,1680003166.5515995,2757,2Item7,2023-03-28 17:02:46.551600,50896.0,14524956.0,397625.0,1680003166589.782,2516.0,3664.328205128205,1124.0,62.14382785956966,16.091702658866836,87.0
2757,1680003166.5594122,2758,2Item7,2023-03-28 17:02:46.559412,50897.0,14525212.0,397632.8125,1680003166597.5945,2528.0,3681.805128205128,1124.0,62.14382785956966,16.091702658866836,87.0
2758,1680003166.5672247,2759,2Item7,2023-03-28 17:02:46.567225,50898.0,14525468.0,397640.625,1680003166605.407,2502.0,3643.9384615384606,1125.0,62.00338983050849,16.12815045650866,87.0
2759,1680003166.5750372,2760,2Item7,2023-03-28 17:02:46.575037,50899.0,14525724.0,397648.4375,1680003166613.2195,2515.0,3662.8717948717945,1124.0,62.14382785956966,16.091702658866836,87.0
2760,1680003166.5828495,2761,2Item7,2023-03-28 17:02:46.582850,50900.0,14525980.0,397656.25,1680003166621.032,2525.0,3677.4358974358975,1124.0,62.14382785956966,16.091702658866836,87.0
2761,1680003166.5906622,2762,2Item7,2023-03-28 17:02:46.590662,50901.0,14526236.0,397664.0625,1680003166628.8445,2533.0,3689.087179487179,1124.0,62.14382785956966,16.091702658866836,87.0
2762,1680003166.5984747,2763,2Item7,2023-03-28 17:02:46.598475,50902.0,14526492.0,397671.875,1680003166636.657,2516.0,3664.328205128205,1124.0,62.14382785956966,16.091702658866836,87.0
2763,1680003166.6062872,2764,2Item7,2023-03-28 17:02:46.606287,50903.0,14526748.0,397679.6875,1680003166644.4695,2513.0,3659.958974358974,1124.0,62.14382785956966,16.091702658866836,87.0
2764,1680003166.6140995,2765,2Item7,2023-03-28 17:02:46.614100,50904.0,14527004.0,397687.5,1680003166652.282,2512.0,3658.502564102564,1124.0,62.14382785956966,16.091702658866836,87.0
2765,1680003166.6219122,2766,2Item7,2023-03-28 17:02:46.621912,50905.0,14527260.0,397695.3125,1680003166660.0945,2525.0,3677.4358974358975,1124.0,62.14382785956966,16.091702658866836,87.0
2766,1680003166.6297247,2767,2Item7,2023-03-28 17:02:46.629725,50906.0,14527516.0,397703.125,1680003166667.907,2527.0,3680.348717948717,1124.0,62.14382785956966,16.091702658866836,87.0
2767,1680003166.6375372,2768,2Item7,2023-03-28 17:02:46.637537,50907.0,14527772.0,397710.9375,1680003166675.7195,2522.0,3673.0666666666657,1124.0,62.14382785956966,16.091702658866836,87.0
2768,1680003166.6453495,2769,2Item7,2023-03-28 17:02:46.645350,50908.0,14528028.0,397718.75,1680003166683.532,2518.0,3667.2410256410258,1125.0,62.00338983050849,16.12815045650866,87.0
2769,1680003166.6531622,2770,2Item7,2023-03-28 17:02:46.653162,50909.0,14528284.0,397726.5625,1680003166691.3445,2527.0,3680.348717948717,1124.0,62.14382785956966,16.091702658866836,87.0
2770,1680003166.6609747,2771,2Item7,2023-03-28 17:02:46.660975,50910.0,14528540.0,397734.375,1680003166699.157,2499.0,3639.569230769231,1124.0,62.14382785956966,16.091702658866836,87.0
2771,1680003166.6687872,2772,2Item7,2023-03-28 17:02:46.668787,50911.0,14528796.0,397742.1875,1680003166706.9695,2523.0,3674.5230769230766,1124.0,62.14382785956966,16.091702658866836,87.0
2772,1680003166.6765995,2773,2Item7,2023-03-28 17:02:46.676600,50912.0,14529052.0,397750.0,1680003166714.782,2515.0,3662.8717948717945,1124.0,62.14382785956966,16.091702658866836,87.0
2773,1680003166.6844122,2774,2Item7,2023-03-28 17:02:46.684412,50913.0,14529308.0,397757.8125,1680003166722.5945,2526.0,3678.892307692307,1124.0,62.14382785956966,16.091702658866836,87.0
2774,1680003166.6922247,2775,2Item7,2023-03-28 17:02:46.692225,50914.0,14529564.0,397765.625,1680003166730.407,2530.0,3684.717948717948,1124.0,62.14382785956966,16.091702658866836,87.0
2775,1680003166.7000372,2776,2Item7,2023-03-28 17:02:46.700037,50915.0,14529820.0,397773.4375,1680003166738.2195,2519.0,3668.6974358974353,1124.0,62.14382785956966,16.091702658866836,87.0
2776,1680003166.7078495,2777,2Item7,2023-03-28 17:02:46.707850,50916.0,14530076.0,397781.25,1680003166746.032,2515.0,3662.8717948717945,1125.0,62.00338983050849,16.12815045650866,87.0
2777,1680003166.7156622,2778,2Item7,2023-03-28 17:02:46.715662,50917.0,14530332.0,397789.0625,1680003166753.8445,2535.0,3692.0,1124.0,62.14382785956966,16.091702658866836,87.0
2778,1680003166.7234747,2779,2Item7,2023-03-28 17:02:46.723475,50918.0,14530588.0,397796.875,1680003166761.657,2521.0,3671.610256410256,1123.0,62.28490351872875,16.055254861225002,87.0
2779,1680003166.7312872,2780,2Item7,2023-03-28 17:02:46.731287,50919.0,14530844.0,397804.6875,1680003166769.4695,2513.0,3659.958974358974,1124.0,62.14382785956966,16.091702658866836,87.0
2780,1680003166.7390995,2781,2Item7,2023-03-28 17:02:46.739100,50920.0,14531100.0,397812.5,1680003166777.282,2523.0,3674.5230769230766,1124.0,62.14382785956966,16.091702658866836,87.0
2781,1680003166.7469122,2782,2Item7,2023-03-28 17:02:46.746912,50921.0,14531356.0,397820.3125,1680003166785.0945,2527.0,3680.348717948717,1124.0,62.14382785956966,16.091702658866836,87.0
2782,1680003166.7547247,2783,2Item7,2023-03-28 17:02:46.754725,50922.0,14531612.0,397828.125,1680003166792.907,2525.0,3677.4358974358975,1124.0,62.14382785956966,16.091702658866836,87.0
2783,1680003166.7625372,2784,2Item7,2023-03-28 17:02:46.762537,50923.0,14531868.0,397835.9375,1680003166800.7195,2521.0,3671.610256410256,1123.0,62.28490351872875,16.055254861225002,87.0
2784,1680003166.7703495,2785,2Item7,2023-03-28 17:02:46.770350,50924.0,14532124.0,397843.75,1680003166808.532,2516.0,3664.328205128205,1124.0,62.14382785956966,16.091702658866836,87.0
2785,1680003166.7781622,2786,2Item7,2023-03-28 17:02:46.778162,50925.0,14532380.0,397851.5625,1680003166816.3445,2526.0,3678.892307692307,1123.0,62.28490351872875,16.055254861225002,87.0
2786,1680003166.7859747,2787,2Item7,2023-03-28 17:02:46.785975,50926.0,14532636.0,397859.375,1680003166824.157,2518.0,3667.2410256410258,1124.0,62.14382785956966,16.091702658866836,87.0
2787,1680003166.7937872,2788,2Item7,2023-03-28 17:02:46.793787,50927.0,14532892.0,397867.1875,1680003166831.9695,2522.0,3673.0666666666657,1124.0,62.14382785956966,16.091702658866836,87.0
2788,1680003166.8015995,2789,2Item7,2023-03-28 17:02:46.801600,50928.0,14533148.0,397875.0,1680003166839.782,2521.0,3671.610256410256,1124.0,62.14382785956966,16.091702658866836,87.0
2789,1680003166.8094122,2790,2Item7,2023-03-28 17:02:46.809412,50929.0,14533404.0,397882.8125,1680003166847.5945,2531.0,3686.174358974359,1124.0,62.14382785956966,16.091702658866836,87.0
2790,1680003166.8172247,2791,2Item7,2023-03-28 17:02:46.817225,50930.0,14533660.0,397890.625,1680003166855.407,2523.0,3674.5230769230766,1123.0,62.28490351872875,16.055254861225002,87.0
2791,1680003166.8250372,2792,2Item7,2023-03-28 17:02:46.825037,50931.0,14533916.0,397898.4375,1680003166863.2195,2520.0,3670.1538461538457,1123.0,62.28490351872875,16.055254861225002,87.0
2792,1680003166.8328495,2793,2Item7,2023-03-28 17:02:46.832850,50932.0,14534172.0,397906.25,1680003166871.032,2530.0,3684.717948717948,1123.0,62.28490351872875,16.055254861225002,87.0
2793,1680003166.8406622,2794,2Item7,2023-03-28 17:02:46.840662,50933.0,14534428.0,397914.0625,1680003166878.8445,2526.0,3678.892307692307,1123.0,62.28490351872875,16.055254861225002,87.0
2794,1680003166.8484747,2795,2Item7,2023-03-28 17:02:46.848475,50934.0,14534684.0,397921.875,1680003166886.657,2508.0,3652.6769230769214,1123.0,62.28490351872875,16.055254861225002,87.0
2795,1680003166.8562872,2796,2Item7,2023-03-28 17:02:46.856287,50935.0,14534940.0,397929.6875,1680003166894.4695,2520.0,3670.1538461538457,1123.0,62.28490351872875,16.055254861225002,87.0
2796,1680003166.8640995,2797,2Item7,2023-03-28 17:02:46.864100,50936.0,14535196.0,397937.5,1680003166902.282,2529.0,3683.2615384615374,1123.0,62.28490351872875,16.055254861225002,87.0
2797,1680003166.8719122,2798,2Item7,2023-03-28 17:02:46.871912,50937.0,14535452.0,397945.3125,1680003166910.0945,2520.0,3670.1538461538457,1123.0,62.28490351872875,16.055254861225002,87.0
2798,1680003166.8797247,2799,2Item7,2023-03-28 17:02:46.879725,50938.0,14535708.0,397953.125,1680003166917.907,2531.0,3686.174358974359,1123.0,62.28490351872875,16.055254861225002,87.0
2799,1680003166.8875372,2800,2Item7,2023-03-28 17:02:46.887537,50939.0,14535964.0,397960.9375,1680003166925.7195,2516.0,3664.328205128205,1124.0,62.14382785956966,16.091702658866836,87.0
2800,1680003166.8953495,2801,2Item7,2023-03-28 17:02:46.895350,50940.0,14536220.0,397968.75,1680003166933.532,2515.0,3662.8717948717945,1124.0,62.14382785956966,16.091702658866836,87.0
2801,1680003166.9031622,2802,2Item7,2023-03-28 17:02:46.903162,50941.0,14536476.0,397976.5625,1680003166941.3445,2530.0,3684.717948717948,1124.0,62.14382785956966,16.091702658866836,87.0
2802,1680003166.9109747,2803,2Item7,2023-03-28 17:02:46.910975,50942.0,14536732.0,397984.375,1680003166949.157,2527.0,3680.348717948717,1123.0,62.28490351872875,16.055254861225002,87.0
2803,1680003166.9187872,2804,2Item7,2023-03-28 17:02:46.918787,50943.0,14536988.0,397992.1875,1680003166956.9695,2526.0,3678.892307692307,1123.0,62.28490351872875,16.055254861225002,87.0
2804,1680003166.9265995,2805,2Item7,2023-03-28 17:02:46.926600,50944.0,14537244.0,398000.0,1680003166964.782,2527.0,3680.348717948717,1123.0,62.28490351872875,16.055254861225002,87.0
2805,1680003166.9344122,2806,2Item7,2023-03-28 17:02:46.934412,50945.0,14537500.0,398007.8125,1680003166972.5945,2524.0,3675.979487179487,1123.0,62.28490351872875,16.055254861225002,87.0
2806,1680003166.9422247,2807,2Item7,2023-03-28 17:02:46.942225,50946.0,14537756.0,398015.625,1680003166980.407,2523.0,3674.5230769230766,1123.0,62.28490351872875,16.055254861225002,87.0
2807,1680003166.9500372,2808,2Item7,2023-03-28 17:02:46.950037,50947.0,14538012.0,398023.4375,1680003166988.2195,2535.0,3692.0,1123.0,62.28490351872875,16.055254861225002,87.0
2808,1680003166.9578495,2809,2Item7,2023-03-28 17:02:46.957850,50948.0,14538268.0,398031.25,1680003166996.032,2519.0,3668.6974358974353,1123.0,62.28490351872875,16.055254861225002,87.0
2809,1680003166.9656622,2810,2Item7,2023-03-28 17:02:46.965662,50949.0,14538524.0,398039.0625,1680003167003.8445,2529.0,3683.2615384615374,1122.0,62.42662116040957,16.01880706358318,87.0
2810,1680003166.9734747,2811,2Item7,2023-03-28 17:02:46.973475,50950.0,14538780.0,398046.875,1680003167011.657,2526.0,3678.892307692307,1123.0,62.28490351872875,16.055254861225002,87.0
2811,1680003166.9812872,2812,2Item7,2023-03-28 17:02:46.981287,50951.0,14539036.0,398054.6875,1680003167019.4695,2522.0,3673.0666666666657,1123.0,62.28490351872875,16.055254861225002,87.0
2812,1680003166.9890995,2813,2Item7,2023-03-28 17:02:46.989100,50952.0,14539292.0,398062.5,1680003167027.282,2524.0,3675.979487179487,1123.0,62.28490351872875,16.055254861225002,87.0
2813,1680003166.9969122,2814,2Item7,2023-03-28 17:02:46.996912,50953.0,14539548.0,398070.3125,1680003167035.0945,2529.0,3683.2615384615374,1123.0,62.28490351872875,16.055254861225002,87.0
2814,1680003167.0047247,2815,2Item7,2023-03-28 17:02:47.004725,50954.0,14539804.0,398078.125,1680003167042.907,2498.0,3638.11282051282,1123.0,62.28490351872875,16.055254861225002,87.0
2815,1680003167.0125372,2816,2Item7,2023-03-28 17:02:47.012537,50955.0,14540060.0,398085.9375,1680003167050.7195,2526.0,3678.892307692307,1123.0,62.28490351872875,16.055254861225002,87.0
2816,1680003167.0203495,2817,2Item7,2023-03-28 17:02:47.020350,50956.0,14540316.0,398093.75,1680003167058.532,2519.0,3668.6974358974353,1123.0,62.28490351872875,16.055254861225002,87.0
2817,1680003167.0281622,2818,2Item7,2023-03-28 17:02:47.028162,50957.0,14540572.0,398101.5625,1680003167066.3445,2528.0,3681.805128205128,1123.0,62.28490351872875,16.055254861225002,87.0
2818,1680003167.0359747,2819,2Item7,2023-03-28 17:02:47.035975,50958.0,14540828.0,398109.375,1680003167074.157,2506.0,3649.7641025641024,1123.0,62.28490351872875,16.055254861225002,87.0
2819,1680003167.0437872,2820,2Item7,2023-03-28 17:02:47.043787,50959.0,14541084.0,398117.1875,1680003167081.9695,2526.0,3678.892307692307,1124.0,62.14382785956966,16.091702658866836,87.0
2820,1680003167.0515995,2821,2Item7,2023-03-28 17:02:47.051600,50960.0,14541340.0,398125.0,1680003167089.782,2522.0,3673.0666666666657,1122.0,62.42662116040957,16.01880706358318,87.0
2821,1680003167.0594122,2822,2Item7,2023-03-28 17:02:47.059412,50961.0,14541596.0,398132.8125,1680003167097.5945,2520.0,3670.1538461538457,1123.0,62.28490351872875,16.055254861225002,87.0
2822,1680003167.0672247,2823,2Item7,2023-03-28 17:02:47.067225,50962.0,14541852.0,398140.625,1680003167105.407,2525.0,3677.4358974358975,1123.0,62.28490351872875,16.055254861225002,87.0
2823,1680003167.0750372,2824,2Item7,2023-03-28 17:02:47.075037,50963.0,14542108.0,398148.4375,1680003167113.2195,2523.0,3674.5230769230766,1123.0,62.28490351872875,16.055254861225002,87.0
2824,1680003167.0828495,2825,2Item7,2023-03-28 17:02:47.082850,50964.0,14542364.0,398156.25,1680003167121.032,2516.0,3664.328205128205,1123.0,62.28490351872875,16.055254861225002,87.0
2825,1680003167.0906622,2826,2Item7,2023-03-28 17:02:47.090662,50965.0,14542620.0,398164.0625,1680003167128.8445,2526.0,3678.892307692307,1123.0,62.28490351872875,16.055254861225002,87.0
2826,1680003167.0984747,2827,2Item7,2023-03-28 17:02:47.098475,50966.0,14542876.0,398171.875,1680003167136.657,2526.0,3678.892307692307,1123.0,62.28490351872875,16.055254861225002,87.0
2827,1680003167.1062872,2828,2Item7,2023-03-28 17:02:47.106287,50967.0,14543132.0,398179.6875,1680003167144.4695,2523.0,3674.5230769230766,1123.0,62.28490351872875,16.055254861225002,87.0
2828,1680003167.1140995,2829,2Item7,2023-03-28 17:02:47.114100,50968.0,14543388.0,398187.5,1680003167152.282,2514.0,3661.415384615385,1123.0,62.28490351872875,16.055254861225002,87.0
2829,1680003167.1219122,2830,2Item7,2023-03-28 17:02:47.121912,50969.0,14543644.0,398195.3125,1680003167160.0945,2519.0,3668.6974358974353,1123.0,62.28490351872875,16.055254861225002,87.0
2830,1680003167.1297247,2831,2Item7,2023-03-28 17:02:47.129725,50970.0,14543900.0,398203.125,1680003167167.907,2528.0,3681.805128205128,1122.0,62.42662116040957,16.01880706358318,87.0
2831,1680003167.1375372,2832,2Item7,2023-03-28 17:02:47.137537,50971.0,14544156.0,398210.9375,1680003167175.7195,2522.0,3673.0666666666657,1123.0,62.28490351872875,16.055254861225002,87.0
2832,1680003167.1453495,2833,2Item7,2023-03-28 17:02:47.145350,50972.0,14544412.0,398218.75,1680003167183.532,2516.0,3664.328205128205,1123.0,62.28490351872875,16.055254861225002,87.0
2833,1680003167.1531622,2834,2Item7,2023-03-28 17:02:47.153162,50973.0,14544668.0,398226.5625,1680003167191.3445,2515.0,3662.8717948717945,1123.0,62.28490351872875,16.055254861225002,87.0
2834,1680003167.1609747,2835,2Item7,2023-03-28 17:02:47.160975,50974.0,14544924.0,398234.375,1680003167199.157,2526.0,3678.892307692307,1122.0,62.42662116040957,16.01880706358318,87.0
2835,1680003167.1687872,2836,2Item7,2023-03-28 17:02:47.168787,50975.0,14545180.0,398242.1875,1680003167206.9695,2523.0,3674.5230769230766,1123.0,62.28490351872875,16.055254861225002,87.0
2836,1680003167.1765995,2837,2Item7,2023-03-28 17:02:47.176600,50976.0,14545436.0,398250.0,1680003167214.782,2517.0,3665.7846153846153,1123.0,62.28490351872875,16.055254861225002,87.0
2837,1680003167.1844122,2838,2Item7,2023-03-28 17:02:47.184412,50977.0,14545692.0,398257.8125,1680003167222.5945,2530.0,3684.717948717948,1122.0,62.42662116040957,16.01880706358318,87.0
2838,1680003167.1922247,2839,2Item7,2023-03-28 17:02:47.192225,50978.0,14545948.0,398265.625,1680003167230.407,2528.0,3681.805128205128,1122.0,62.42662116040957,16.01880706358318,87.0
2839,1680003167.2000372,2840,2Item7,2023-03-28 17:02:47.200037,50979.0,14546204.0,398273.4375,1680003167238.2195,2522.0,3673.0666666666657,1122.0,62.42662116040957,16.01880706358318,87.0
2840,1680003167.2078495,2841,2Item7,2023-03-28 17:02:47.207850,50980.0,14546460.0,398281.25,1680003167246.032,2517.0,3665.7846153846153,1123.0,62.28490351872875,16.055254861225002,87.0
2841,1680003167.2156622,2842,2Item7,2023-03-28 17:02:47.215662,50981.0,14546716.0,398289.0625,1680003167253.8445,2511.0,3657.0461538461536,1122.0,62.42662116040957,16.01880706358318,87.0
2842,1680003167.2234747,2843,2Item7,2023-03-28 17:02:47.223475,50982.0,14546972.0,398296.875,1680003167261.657,2529.0,3683.2615384615374,1122.0,62.42662116040957,16.01880706358318,87.0
2843,1680003167.2312872,2844,2Item7,2023-03-28 17:02:47.231287,50983.0,14547228.0,398304.6875,1680003167269.4695,2524.0,3675.979487179487,1122.0,62.42662116040957,16.01880706358318,87.0
2844,1680003167.2390995,2845,2Item7,2023-03-28 17:02:47.239100,50984.0,14547484.0,398312.5,1680003167277.282,2516.0,3664.328205128205,1123.0,62.28490351872875,16.055254861225002,87.0
2845,1680003167.2469122,2846,2Item7,2023-03-28 17:02:47.246912,50985.0,14547740.0,398320.3125,1680003167285.0945,2529.0,3683.2615384615374,1122.0,62.42662116040957,16.01880706358318,87.0
2846,1680003167.2547247,2847,2Item7,2023-03-28 17:02:47.254725,50986.0,14547996.0,398328.125,1680003167292.907,2516.0,3664.328205128205,1122.0,62.42662116040957,16.01880706358318,87.0
2847,1680003167.2625372,2848,2Item7,2023-03-28 17:02:47.262537,50987.0,14548252.0,398335.9375,1680003167300.7195,2520.0,3670.1538461538457,1122.0,62.42662116040957,16.01880706358318,87.0
2848,1680003167.2703495,2849,2Item7,2023-03-28 17:02:47.270350,50988.0,14548508.0,398343.75,1680003167308.532,2517.0,3665.7846153846153,1123.0,62.28490351872875,16.055254861225002,87.0
2849,1680003167.2781622,2850,2Item7,2023-03-28 17:02:47.278162,50989.0,14548764.0,398351.5625,1680003167316.3445,2520.0,3670.1538461538457,1123.0,62.28490351872875,16.055254861225002,87.0
2850,1680003167.2859747,2851,2Item7,2023-03-28 17:02:47.285975,50990.0,14549020.0,398359.375,1680003167324.157,2527.0,3680.348717948717,1122.0,62.42662116040957,16.01880706358318,87.0
2851,1680003167.2937872,2852,2Item7,2023-03-28 17:02:47.293787,50991.0,14549276.0,398367.1875,1680003167331.9695,2520.0,3670.1538461538457,1122.0,62.42662116040957,16.01880706358318,87.0
2852,1680003167.3015995,2853,2Item7,2023-03-28 17:02:47.301600,50992.0,14549532.0,398375.0,1680003167339.782,2513.0,3659.958974358974,1122.0,62.42662116040957,16.01880706358318,87.0
2853,1680003167.3094122,2854,2Item7,2023-03-28 17:02:47.309412,50993.0,14549788.0,398382.8125,1680003167347.5945,2527.0,3680.348717948717,1122.0,62.42662116040957,16.01880706358318,87.0
2854,1680003167.3172247,2855,2Item7,2023-03-28 17:02:47.317225,50994.0,14550044.0,398390.625,1680003167355.407,2517.0,3665.7846153846153,1122.0,62.42662116040957,16.01880706358318,87.0
2855,1680003167.3250372,2856,2Item7,2023-03-28 17:02:47.325037,50995.0,14550300.0,398398.4375,1680003167363.2195,2518.0,3667.2410256410258,1123.0,62.28490351872875,16.055254861225002,87.0
2856,1680003167.3328495,2857,2Item7,2023-03-28 17:02:47.332850,50996.0,14550556.0,398406.25,1680003167371.032,2526.0,3678.892307692307,1122.0,62.42662116040957,16.01880706358318,87.0
2857,1680003167.3406622,2858,2Item7,2023-03-28 17:02:47.340662,50997.0,14550812.0,398414.0625,1680003167378.8445,2532.0,3687.6307692307687,1122.0,62.42662116040957,16.01880706358318,87.0
2858,1680003167.3484747,2859,2Item7,2023-03-28 17:02:47.348475,50998.0,14551068.0,398421.875,1680003167386.657,2530.0,3684.717948717948,1122.0,62.42662116040957,16.01880706358318,87.0
2859,1680003167.3562872,2860,2Item7,2023-03-28 17:02:47.356287,50999.0,14551324.0,398429.6875,1680003167394.4695,2515.0,3662.8717948717945,1122.0,62.42662116040957,16.01880706358318,87.0
2860,1680003167.3640995,2861,2Item7,2023-03-28 17:02:47.364100,51000.0,14551580.0,398437.5,1680003167402.282,2520.0,3670.1538461538457,1122.0,62.42662116040957,16.01880706358318,87.0
2861,1680003167.3719122,2862,2Item7,2023-03-28 17:02:47.371912,51001.0,14551836.0,398445.3125,1680003167410.0945,2524.0,3675.979487179487,1122.0,62.42662116040957,16.01880706358318,87.0
2862,1680003167.3797247,2863,2Item7,2023-03-28 17:02:47.379725,51002.0,14552092.0,398453.125,1680003167417.907,2528.0,3681.805128205128,1122.0,62.42662116040957,16.01880706358318,87.0
2863,1680003167.3875372,2864,2Item7,2023-03-28 17:02:47.387537,51003.0,14552348.0,398460.9375,1680003167425.7195,2527.0,3680.348717948717,1122.0,62.42662116040957,16.01880706358318,87.0
2864,1680003167.3953495,2865,2Item7,2023-03-28 17:02:47.395350,51004.0,14552604.0,398468.75,1680003167433.532,2522.0,3673.0666666666657,1122.0,62.42662116040957,16.01880706358318,87.0
2865,1680003167.4031622,2866,2Item7,2023-03-28 17:02:47.403162,51005.0,14552860.0,398476.5625,1680003167441.3445,2528.0,3681.805128205128,1123.0,62.28490351872875,16.055254861225002,87.0
2866,1680003167.4109747,2867,2Item7,2023-03-28 17:02:47.410975,51006.0,14553116.0,398484.375,1680003167449.157,2526.0,3678.892307692307,1122.0,62.42662116040957,16.01880706358318,87.0
2867,1680003167.4187872,2868,2Item7,2023-03-28 17:02:47.418787,51007.0,14553372.0,398492.1875,1680003167456.9695,2521.0,3671.610256410256,1122.0,62.42662116040957,16.01880706358318,87.0
2868,1680003167.4265995,2869,2Item7,2023-03-28 17:02:47.426600,51008.0,14553628.0,398500.0,1680003167464.782,2513.0,3659.958974358974,1122.0,62.42662116040957,16.01880706358318,87.0
2869,1680003167.4344122,2870,2Item7,2023-03-28 17:02:47.434412,51009.0,14553884.0,398507.8125,1680003167472.5945,2528.0,3681.805128205128,1122.0,62.42662116040957,16.01880706358318,87.0
2870,1680003167.4422247,2871,2Item7,2023-03-28 17:02:47.442225,51010.0,14554140.0,398515.625,1680003167480.407,2532.0,3687.6307692307687,1122.0,62.42662116040957,16.01880706358318,87.0
2871,1680003167.4500372,2872,2Item7,2023-03-28 17:02:47.450037,51011.0,14554396.0,398523.4375,1680003167488.2195,2532.0,3687.6307692307687,1122.0,62.42662116040957,16.01880706358318,87.0
2872,1680003167.4578495,2873,2Item7,2023-03-28 17:02:47.457850,51012.0,14554652.0,398531.25,1680003167496.032,2523.0,3674.5230769230766,1122.0,62.42662116040957,16.01880706358318,87.0
2873,1680003167.4656622,2874,2Item7,2023-03-28 17:02:47.465662,51013.0,14554908.0,398539.0625,1680003167503.8445,2516.0,3664.328205128205,1122.0,62.42662116040957,16.01880706358318,87.0
2874,1680003167.4734747,2875,2Item7,2023-03-28 17:02:47.473475,51014.0,14555164.0,398546.875,1680003167511.657,2500.0,3641.0256410256407,1122.0,62.42662116040957,16.01880706358318,87.0
2875,1680003167.4812872,2876,2Item7,2023-03-28 17:02:47.481287,51015.0,14555420.0,398554.6875,1680003167519.4695,2521.0,3671.610256410256,1122.0,62.42662116040957,16.01880706358318,87.0
2876,1680003167.4890995,2877,2Item7,2023-03-28 17:02:47.489100,51016.0,14555676.0,398562.5,1680003167527.282,2523.0,3674.5230769230766,1122.0,62.42662116040957,16.01880706358318,87.0
2877,1680003167.4969122,2878,2Item7,2023-03-28 17:02:47.496912,51017.0,14555932.0,398570.3125,1680003167535.0945,2521.0,3671.610256410256,1122.0,62.42662116040957,16.01880706358318,87.0
2878,1680003167.5047247,2879,2Item7,2023-03-28 17:02:47.504725,51018.0,14556188.0,398578.125,1680003167542.907,2533.0,3689.087179487179,1123.0,62.28490351872875,16.055254861225002,87.0
2879,1680003167.5125372,2880,2Item7,2023-03-28 17:02:47.512537,51019.0,14556444.0,398585.9375,1680003167550.7195,2530.0,3684.717948717948,1122.0,62.42662116040957,16.01880706358318,87.0
2880,1680003167.5203495,2881,2Item7,2023-03-28 17:02:47.520350,51020.0,14556700.0,398593.75,1680003167558.532,2515.0,3662.8717948717945,1122.0,62.42662116040957,16.01880706358318,87.0
2881,1680003167.5281622,2882,2Item7,2023-03-28 17:02:47.528162,51021.0,14556956.0,398601.5625,1680003167566.3445,2530.0,3684.717948717948,1122.0,62.42662116040957,16.01880706358318,87.0
2882,1680003167.5359747,2883,2Item7,2023-03-28 17:02:47.535975,51022.0,14557212.0,398609.375,1680003167574.157,2528.0,3681.805128205128,1122.0,62.42662116040957,16.01880706358318,87.0
2883,1680003167.5437872,2884,2Item7,2023-03-28 17:02:47.543787,51023.0,14557468.0,398617.1875,1680003167581.9695,2532.0,3687.6307692307687,1122.0,62.42662116040957,16.01880706358318,87.0
2884,1680003167.5515995,2885,2Item7,2023-03-28 17:02:47.551600,51024.0,14557724.0,398625.0,1680003167589.782,2520.0,3670.1538461538457,1122.0,62.42662116040957,16.01880706358318,87.0
2885,1680003167.5594122,2886,2Item7,2023-03-28 17:02:47.559412,51025.0,14557980.0,398632.8125,1680003167597.5945,2529.0,3683.2615384615374,1121.0,62.56898517673888,15.982359265941351,87.0
2886,1680003167.5672247,2887,2Item7,2023-03-28 17:02:47.567225,51026.0,14558236.0,398640.625,1680003167605.407,2531.0,3686.174358974359,1122.0,62.42662116040957,16.01880706358318,87.0
2887,1680003167.5750372,2888,2Item7,2023-03-28 17:02:47.575037,51027.0,14558492.0,398648.4375,1680003167613.2195,2527.0,3680.348717948717,1121.0,62.56898517673888,15.982359265941351,87.0
2888,1680003167.5828495,2889,2Item7,2023-03-28 17:02:47.582850,51028.0,14558748.0,398656.25,1680003167621.032,2519.0,3668.6974358974353,1121.0,62.56898517673888,15.982359265941351,87.0
2889,1680003167.5906622,2890,2Item7,2023-03-28 17:02:47.590662,51029.0,14559004.0,398664.0625,1680003167628.8445,2518.0,3667.2410256410258,1122.0,62.42662116040957,16.01880706358318,87.0
2890,1680003167.5984747,2891,2Item7,2023-03-28 17:02:47.598475,51030.0,14559260.0,398671.875,1680003167636.657,2526.0,3678.892307692307,1122.0,62.42662116040957,16.01880706358318,87.0
2891,1680003167.6062872,2892,2Item7,2023-03-28 17:02:47.606287,51031.0,14559516.0,398679.6875,1680003167644.4695,2525.0,3677.4358974358975,1122.0,62.42662116040957,16.01880706358318,87.0
2892,1680003167.6140995,2893,2Item7,2023-03-28 17:02:47.614100,51032.0,14559772.0,398687.5,1680003167652.282,2523.0,3674.5230769230766,1122.0,62.42662116040957,16.01880706358318,87.0
2893,1680003167.6219122,2894,2Item7,2023-03-28 17:02:47.621912,51033.0,14560028.0,398695.3125,1680003167660.0945,2518.0,3667.2410256410258,1122.0,62.42662116040957,16.01880706358318,87.0
2894,1680003167.6297247,2895,2Item7,2023-03-28 17:02:47.629725,51034.0,14560284.0,398703.125,1680003167667.907,2526.0,3678.892307692307,1122.0,62.42662116040957,16.01880706358318,87.0
2895,1680003167.6375372,2896,2Item7,2023-03-28 17:02:47.637537,51035.0,14560540.0,398710.9375,1680003167675.7195,2526.0,3678.892307692307,1122.0,62.42662116040957,16.01880706358318,87.0
2896,1680003167.6453495,2897,2Item7,2023-03-28 17:02:47.645350,51036.0,14560796.0,398718.75,1680003167683.532,2525.0,3677.4358974358975,1122.0,62.42662116040957,16.01880706358318,87.0
2897,1680003167.6531622,2898,2Item7,2023-03-28 17:02:47.653162,51037.0,14561052.0,398726.5625,1680003167691.3445,2527.0,3680.348717948717,1121.0,62.56898517673888,15.982359265941351,87.0
2898,1680003167.6609747,2899,2Item7,2023-03-28 17:02:47.660975,51038.0,14561308.0,398734.375,1680003167699.157,2522.0,3673.0666666666657,1121.0,62.56898517673888,15.982359265941351,87.0
2899,1680003167.6687872,2900,2Item7,2023-03-28 17:02:47.668787,51039.0,14561564.0,398742.1875,1680003167706.9695,2523.0,3674.5230769230766,1122.0,62.42662116040957,16.01880706358318,87.0
2900,1680003167.6765995,2901,2Item7,2023-03-28 17:02:47.676600,51040.0,14561820.0,398750.0,1680003167714.782,2513.0,3659.958974358974,1121.0,62.56898517673888,15.982359265941351,87.0
2901,1680003167.6844122,2902,2Item7,2023-03-28 17:02:47.684412,51041.0,14562076.0,398757.8125,1680003167722.5945,2526.0,3678.892307692307,1121.0,62.56898517673888,15.982359265941351,87.0
2902,1680003167.6922247,2903,2Item7,2023-03-28 17:02:47.692225,51042.0,14562332.0,398765.625,1680003167730.407,2527.0,3680.348717948717,1122.0,62.42662116040957,16.01880706358318,87.0
2903,1680003167.7000372,2904,2Item7,2023-03-28 17:02:47.700037,51043.0,14562588.0,398773.4375,1680003167738.2195,2523.0,3674.5230769230766,1121.0,62.56898517673888,15.982359265941351,87.0
2904,1680003167.7078495,2905,2Item7,2023-03-28 17:02:47.707850,51044.0,14562844.0,398781.25,1680003167746.032,2519.0,3668.6974358974353,1121.0,62.56898517673888,15.982359265941351,87.0
2905,1680003167.7156622,2906,2Item7,2023-03-28 17:02:47.715662,51045.0,14563100.0,398789.0625,1680003167753.8445,2530.0,3684.717948717948,1121.0,62.56898517673888,15.982359265941351,87.0
2906,1680003167.7234747,2907,2Item7,2023-03-28 17:02:47.723475,51046.0,14563356.0,398796.875,1680003167761.657,2529.0,3683.2615384615374,1121.0,62.56898517673888,15.982359265941351,87.0
2907,1680003167.7312872,2908,2Item7,2023-03-28 17:02:47.731287,51047.0,14563612.0,398804.6875,1680003167769.4695,2520.0,3670.1538461538457,1121.0,62.56898517673888,15.982359265941351,87.0
2908,1680003167.7390995,2909,2Item7,2023-03-28 17:02:47.739100,51048.0,14563868.0,398812.5,1680003167777.282,2510.0,3655.589743589743,1121.0,62.56898517673888,15.982359265941351,87.0
2909,1680003167.7469122,2910,2Item7,2023-03-28 17:02:47.746912,51049.0,14564124.0,398820.3125,1680003167785.0945,2530.0,3684.717948717948,1122.0,62.42662116040957,16.01880706358318,87.0
2910,1680003167.7547247,2911,2Item7,2023-03-28 17:02:47.754725,51050.0,14564380.0,398828.125,1680003167792.907,2527.0,3680.348717948717,1121.0,62.56898517673888,15.982359265941351,87.0
2911,1680003167.7625372,2912,2Item7,2023-03-28 17:02:47.762537,51051.0,14564636.0,398835.9375,1680003167800.7195,2521.0,3671.610256410256,1122.0,62.42662116040957,16.01880706358318,87.0
2912,1680003167.7703495,2913,2Item7,2023-03-28 17:02:47.770350,51052.0,14564892.0,398843.75,1680003167808.532,2512.0,3658.502564102564,1121.0,62.56898517673888,15.982359265941351,87.0
2913,1680003167.7781622,2914,2Item7,2023-03-28 17:02:47.778162,51053.0,14565148.0,398851.5625,1680003167816.3445,2529.0,3683.2615384615374,1121.0,62.56898517673888,15.982359265941351,87.0
2914,1680003167.7859747,2915,2Item7,2023-03-28 17:02:47.785975,51054.0,14565404.0,398859.375,1680003167824.157,2530.0,3684.717948717948,1121.0,62.56898517673888,15.982359265941351,87.0
2915,1680003167.7937872,2916,2Item7,2023-03-28 17:02:47.793787,51055.0,14565660.0,398867.1875,1680003167831.9695,2521.0,3671.610256410256,1122.0,62.42662116040957,16.01880706358318,87.0
2916,1680003167.8015995,2917,2Item7,2023-03-28 17:02:47.801600,51056.0,14565916.0,398875.0,1680003167839.782,2513.0,3659.958974358974,1121.0,62.56898517673888,15.982359265941351,87.0
2917,1680003167.8094122,2918,2Item7,2023-03-28 17:02:47.809412,51057.0,14566172.0,398882.8125,1680003167847.5945,2529.0,3683.2615384615374,1120.0,62.71200000000001,15.945911468299524,87.0
2918,1680003167.8172247,2919,2Item7,2023-03-28 17:02:47.817225,51058.0,14566428.0,398890.625,1680003167855.407,2527.0,3680.348717948717,1122.0,62.42662116040957,16.01880706358318,87.0
2919,1680003167.8250372,2920,2Item7,2023-03-28 17:02:47.825037,51059.0,14566684.0,398898.4375,1680003167863.2195,2523.0,3674.5230769230766,1121.0,62.56898517673888,15.982359265941351,87.0
2920,1680003167.8328495,2921,2Item7,2023-03-28 17:02:47.832850,51060.0,14566940.0,398906.25,1680003167871.032,2511.0,3657.0461538461536,1121.0,62.56898517673888,15.982359265941351,87.0
2921,1680003167.8406622,2922,2Item7,2023-03-28 17:02:47.840662,51061.0,14567196.0,398914.0625,1680003167878.8445,2530.0,3684.717948717948,1121.0,62.56898517673888,15.982359265941351,87.0
2922,1680003167.8484747,2923,2Item7,2023-03-28 17:02:47.848475,51062.0,14567452.0,398921.875,1680003167886.657,2530.0,3684.717948717948,1122.0,62.42662116040957,16.01880706358318,87.0
2923,1680003167.8562872,2924,2Item7,2023-03-28 17:02:47.856287,51063.0,14567708.0,398929.6875,1680003167894.4695,2531.0,3686.174358974359,1121.0,62.56898517673888,15.982359265941351,87.0
2924,1680003167.8640995,2925,2Item7,2023-03-28 17:02:47.864100,51064.0,14567964.0,398937.5,1680003167902.282,2514.0,3661.415384615385,1122.0,62.42662116040957,16.01880706358318,87.0
2925,1680003167.8719122,2926,2Item7,2023-03-28 17:02:47.871912,51065.0,14568220.0,398945.3125,1680003167910.0945,2524.0,3675.979487179487,1121.0,62.56898517673888,15.982359265941351,87.0
2926,1680003167.8797247,2927,2Item7,2023-03-28 17:02:47.879725,51066.0,14568476.0,398953.125,1680003167917.907,2526.0,3678.892307692307,1121.0,62.56898517673888,15.982359265941351,87.0
2927,1680003167.8875372,2928,2Item7,2023-03-28 17:02:47.887537,51067.0,14568732.0,398960.9375,1680003167925.7195,2527.0,3680.348717948717,1121.0,62.56898517673888,15.982359265941351,87.0
2928,1680003167.8953495,2929,2Item7,2023-03-28 17:02:47.895350,51068.0,14568988.0,398968.75,1680003167933.532,2514.0,3661.415384615385,1121.0,62.56898517673888,15.982359265941351,87.0
2929,1680003167.9031622,2930,2Item7,2023-03-28 17:02:47.903162,51069.0,14569244.0,398976.5625,1680003167941.3445,2527.0,3680.348717948717,1121.0,62.56898517673888,15.982359265941351,87.0
2930,1680003167.9109747,2931,2Item7,2023-03-28 17:02:47.910975,51070.0,14569500.0,398984.375,1680003167949.157,2534.0,3690.5435897435896,1121.0,62.56898517673888,15.982359265941351,87.0
2931,1680003167.9187872,2932,2Item7,2023-03-28 17:02:47.918787,51071.0,14569756.0,398992.1875,1680003167956.9695,2528.0,3681.805128205128,1121.0,62.56898517673888,15.982359265941351,87.0
2932,1680003167.9265995,2933,2Item7,2023-03-28 17:02:47.926600,51072.0,14570012.0,399000.0,1680003167964.782,2524.0,3675.979487179487,1120.0,62.71200000000001,15.945911468299524,87.0
2933,1680003167.9344122,2934,2Item7,2023-03-28 17:02:47.934412,51073.0,14570268.0,399007.8125,1680003167972.5945,2530.0,3684.717948717948,1121.0,62.56898517673888,15.982359265941351,87.0
2934,1680003167.9422247,2935,2Item7,2023-03-28 17:02:47.942225,51074.0,14570524.0,399015.625,1680003167980.407,2530.0,3684.717948717948,1121.0,62.56898517673888,15.982359265941351,87.0
2935,1680003167.9500372,2936,2Item7,2023-03-28 17:02:47.950037,51075.0,14570780.0,399023.4375,1680003167988.2195,2524.0,3675.979487179487,1121.0,62.56898517673888,15.982359265941351,87.0
2936,1680003167.9578495,2937,2Item7,2023-03-28 17:02:47.957850,51076.0,14571036.0,399031.25,1680003167996.032,2516.0,3664.328205128205,1121.0,62.56898517673888,15.982359265941351,87.0
2937,1680003167.9656622,2938,2Item7,2023-03-28 17:02:47.965662,51077.0,14571292.0,399039.0625,1680003168003.8445,2526.0,3678.892307692307,1120.0,62.71200000000001,15.945911468299524,87.0
2938,1680003167.9734747,2939,2Item7,2023-03-28 17:02:47.973475,51078.0,14571548.0,399046.875,1680003168011.657,2526.0,3678.892307692307,1120.0,62.71200000000001,15.945911468299524,87.0
2939,1680003167.9812872,2940,2Item7,2023-03-28 17:02:47.981287,51079.0,14571804.0,399054.6875,1680003168019.4695,2526.0,3678.892307692307,1121.0,62.56898517673888,15.982359265941351,87.0
2940,1680003167.9890995,2941,2Item7,2023-03-28 17:02:47.989100,51080.0,14572060.0,399062.5,1680003168027.282,2506.0,3649.7641025641024,1121.0,62.56898517673888,15.982359265941351,87.0
2941,1680003167.9969122,2942,2Item7,2023-03-28 17:02:47.996912,51081.0,14572316.0,399070.3125,1680003168035.0945,2533.0,3689.087179487179,1121.0,62.56898517673888,15.982359265941351,87.0
2942,1680003168.0047247,2943,2Item7,2023-03-28 17:02:48.004725,51082.0,14572572.0,399078.125,1680003168042.907,2525.0,3677.4358974358975,1120.0,62.71200000000001,15.945911468299524,87.0
2943,1680003168.0125372,2944,2Item7,2023-03-28 17:02:48.012537,51083.0,14572828.0,399085.9375,1680003168050.7195,2520.0,3670.1538461538457,1122.0,62.42662116040957,16.01880706358318,87.0
2944,1680003168.0203495,2945,2Item7,2023-03-28 17:02:48.020350,51084.0,14573084.0,399093.75,1680003168058.532,2508.0,3652.6769230769214,1120.0,62.71200000000001,15.945911468299524,87.0
2945,1680003168.0281622,2946,2Item7,2023-03-28 17:02:48.028162,51085.0,14573340.0,399101.5625,1680003168066.3445,2531.0,3686.174358974359,1121.0,62.56898517673888,15.982359265941351,87.0
2946,1680003168.0359747,2947,2Item7,2023-03-28 17:02:48.035975,51086.0,14573596.0,399109.375,1680003168074.157,2528.0,3681.805128205128,1121.0,62.56898517673888,15.982359265941351,87.0
2947,1680003168.0437872,2948,2Item7,2023-03-28 17:02:48.043787,51087.0,14573852.0,399117.1875,1680003168081.9695,2526.0,3678.892307692307,1120.0,62.71200000000001,15.945911468299524,87.0
2948,1680003168.0515995,2949,2Item7,2023-03-28 17:02:48.051600,51088.0,14574108.0,399125.0,1680003168089.782,2519.0,3668.6974358974353,1120.0,62.71200000000001,15.945911468299524,87.0
2949,1680003168.0594122,2950,2Item7,2023-03-28 17:02:48.059412,51089.0,14574364.0,399132.8125,1680003168097.5945,2527.0,3680.348717948717,1120.0,62.71200000000001,15.945911468299524,87.0
2950,1680003168.0672247,2951,2Item7,2023-03-28 17:02:48.067225,51090.0,14574620.0,399140.625,1680003168105.407,2523.0,3674.5230769230766,1120.0,62.71200000000001,15.945911468299524,87.0
2951,1680003168.0750372,2952,2Item7,2023-03-28 17:02:48.075037,51091.0,14574876.0,399148.4375,1680003168113.2195,2523.0,3674.5230769230766,1120.0,62.71200000000001,15.945911468299524,87.0
2952,1680003168.0828495,2953,2Item7,2023-03-28 17:02:48.082850,51092.0,14575132.0,399156.25,1680003168121.032,2507.0,3651.220512820513,1120.0,62.71200000000001,15.945911468299524,87.0
2953,1680003168.0906622,2954,2Item7,2023-03-28 17:02:48.090662,51093.0,14575388.0,399164.0625,1680003168128.8445,2524.0,3675.979487179487,1120.0,62.71200000000001,15.945911468299524,87.0
2954,1680003168.0984747,2955,2Item7,2023-03-28 17:02:48.098475,51094.0,14575644.0,399171.875,1680003168136.657,2502.0,3643.9384615384606,1121.0,62.56898517673888,15.982359265941351,87.0
2955,1680003168.1062872,2956,2Item7,2023-03-28 17:02:48.106287,51095.0,14575900.0,399179.6875,1680003168144.4695,2528.0,3681.805128205128,1120.0,62.71200000000001,15.945911468299524,87.0
2956,1680003168.1140995,2957,2Item7,2023-03-28 17:02:48.114100,51096.0,14576156.0,399187.5,1680003168152.282,2520.0,3670.1538461538457,1120.0,62.71200000000001,15.945911468299524,87.0
2957,1680003168.1219122,2958,2Item7,2023-03-28 17:02:48.121912,51097.0,14576412.0,399195.3125,1680003168160.0945,2526.0,3678.892307692307,1120.0,62.71200000000001,15.945911468299524,87.0
2958,1680003168.1297247,2959,2Item7,2023-03-28 17:02:48.129725,51098.0,14576668.0,399203.125,1680003168167.907,2527.0,3680.348717948717,1120.0,62.71200000000001,15.945911468299524,87.0
2959,1680003168.1375372,2960,2Item7,2023-03-28 17:02:48.137537,51099.0,14576924.0,399210.9375,1680003168175.7195,2529.0,3683.2615384615374,1120.0,62.71200000000001,15.945911468299524,87.0
2960,1680003168.1453495,2961,2Item7,2023-03-28 17:02:48.145350,51100.0,14577180.0,399218.75,1680003168183.532,2503.0,3645.394871794872,1120.0,62.71200000000001,15.945911468299524,87.0
2961,1680003168.1531622,2962,2Item7,2023-03-28 17:02:48.153162,51101.0,14577436.0,399226.5625,1680003168191.3445,2526.0,3678.892307692307,1120.0,62.71200000000001,15.945911468299524,87.0
2962,1680003168.1609747,2963,2Item7,2023-03-28 17:02:48.160975,51102.0,14577692.0,399234.375,1680003168199.157,2521.0,3671.610256410256,1120.0,62.71200000000001,15.945911468299524,87.0
2963,1680003168.1687872,2964,2Item7,2023-03-28 17:02:48.168787,51103.0,14577948.0,399242.1875,1680003168206.9695,2528.0,3681.805128205128,1120.0,62.71200000000001,15.945911468299524,87.0
2964,1680003168.1765995,2965,2Item7,2023-03-28 17:02:48.176600,51104.0,14578204.0,399250.0,1680003168214.782,2523.0,3674.5230769230766,1120.0,62.71200000000001,15.945911468299524,87.0
2965,1680003168.1844122,2966,2Item7,2023-03-28 17:02:48.184412,51105.0,14578460.0,399257.8125,1680003168222.5945,2529.0,3683.2615384615374,1120.0,62.71200000000001,15.945911468299524,87.0
2966,1680003168.1922247,2967,2Item7,2023-03-28 17:02:48.192225,51106.0,14578716.0,399265.625,1680003168230.407,2528.0,3681.805128205128,1120.0,62.71200000000001,15.945911468299524,87.0
2967,1680003168.2000372,2968,2Item7,2023-03-28 17:02:48.200037,51107.0,14578972.0,399273.4375,1680003168238.2195,2531.0,3686.174358974359,1120.0,62.71200000000001,15.945911468299524,87.0
2968,1680003168.2078495,2969,2Item7,2023-03-28 17:02:48.207850,51108.0,14579228.0,399281.25,1680003168246.032,2511.0,3657.0461538461536,1120.0,62.71200000000001,15.945911468299524,87.0
2969,1680003168.2156622,2970,2Item7,2023-03-28 17:02:48.215662,51109.0,14579484.0,399289.0625,1680003168253.8445,2527.0,3680.348717948717,1119.0,62.855670103092805,15.909463670657695,87.0
2970,1680003168.2234747,2971,2Item7,2023-03-28 17:02:48.223475,51110.0,14579740.0,399296.875,1680003168261.657,2501.0,3642.48205128205,1119.0,62.855670103092805,15.909463670657695,87.0
2971,1680003168.2312872,2972,2Item7,2023-03-28 17:02:48.231287,51111.0,14579996.0,399304.6875,1680003168269.4695,2527.0,3680.348717948717,1119.0,62.855670103092805,15.909463670657695,87.0
2972,1680003168.2390995,2973,2Item7,2023-03-28 17:02:48.239100,51112.0,14580252.0,399312.5,1680003168277.282,2514.0,3661.415384615385,1119.0,62.855670103092805,15.909463670657695,87.0
2973,1680003168.2469122,2974,2Item7,2023-03-28 17:02:48.246912,51113.0,14580508.0,399320.3125,1680003168285.0945,2523.0,3674.5230769230766,1119.0,62.855670103092805,15.909463670657695,87.0
2974,1680003168.2547247,2975,2Item7,2023-03-28 17:02:48.254725,51114.0,14580764.0,399328.125,1680003168292.907,2526.0,3678.892307692307,1119.0,62.855670103092805,15.909463670657695,87.0
2975,1680003168.2625372,2976,2Item7,2023-03-28 17:02:48.262537,51115.0,14581020.0,399335.9375,1680003168300.7195,2514.0,3661.415384615385,1119.0,62.855670103092805,15.909463670657695,87.0
2976,1680003168.2703495,2977,2Item7,2023-03-28 17:02:48.270350,51116.0,14581276.0,399343.75,1680003168308.532,2505.0,3648.307692307692,1119.0,62.855670103092805,15.909463670657695,87.0
2977,1680003168.2781622,2978,2Item7,2023-03-28 17:02:48.278162,51117.0,14581532.0,399351.5625,1680003168316.3445,2516.0,3664.328205128205,1119.0,62.855670103092805,15.909463670657695,87.0
2978,1680003168.2859747,2979,2Item7,2023-03-28 17:02:48.285975,51118.0,14581788.0,399359.375,1680003168324.157,2523.0,3674.5230769230766,1119.0,62.855670103092805,15.909463670657695,87.0
2979,1680003168.2937872,2980,2Item7,2023-03-28 17:02:48.293787,51119.0,14582044.0,399367.1875,1680003168331.9695,2528.0,3681.805128205128,1119.0,62.855670103092805,15.909463670657695,87.0
2980,1680003168.3015995,2981,2Item7,2023-03-28 17:02:48.301600,51120.0,14582300.0,399375.0,1680003168339.782,2507.0,3651.220512820513,20194.0,62.63069544364509,15.966611785427114,87.0
2981,1680003168.3094122,2982,2Item7,2023-03-28 17:02:48.309412,51121.0,14582556.0,399382.8125,1680003168347.5945,2522.0,3673.0666666666657,20196.0,62.59066943601215,15.97682224859925,87.0
2982,1680003168.3172247,2983,2Item7,2023-03-28 17:02:48.317225,51122.0,14582812.0,399390.625,1680003168355.407,2498.0,3638.11282051282,20197.0,62.570675610924766,15.981927480185318,87.0
2983,1680003168.3250372,2984,2Item7,2023-03-28 17:02:48.325037,51123.0,14583068.0,399398.4375,1680003168363.2195,2528.0,3681.805128205128,20196.0,62.59066943601215,15.97682224859925,87.0
2984,1680003168.3328495,2985,2Item7,2023-03-28 17:02:48.332850,51124.0,14583324.0,399406.25,1680003168371.032,2515.0,3662.8717948717945,20195.0,62.61067604283203,15.971717017013182,87.0
2985,1680003168.3406622,2986,2Item7,2023-03-28 17:02:48.340662,51125.0,14583580.0,399414.0625,1680003168378.8445,2520.0,3670.1538461538457,20195.0,62.61067604283203,15.971717017013182,87.0
2986,1680003168.3484747,2987,2Item7,2023-03-28 17:02:48.348475,51126.0,14583836.0,399421.875,1680003168386.657,2521.0,3671.610256410256,20195.0,62.61067604283203,15.971717017013182,87.0
2987,1680003168.3562872,2988,2Item7,2023-03-28 17:02:48.356287,51127.0,14584092.0,399429.6875,1680003168394.4695,2528.0,3681.805128205128,20196.0,62.59066943601215,15.97682224859925,87.0
2988,1680003168.3640995,2989,2Item7,2023-03-28 17:02:48.364100,51128.0,14584348.0,399437.5,1680003168402.282,2510.0,3655.589743589743,20195.0,62.61067604283203,15.971717017013182,87.0
2989,1680003168.3719122,2990,2Item7,2023-03-28 17:02:48.371912,51129.0,14584604.0,399445.3125,1680003168410.0945,2523.0,3674.5230769230766,20195.0,62.61067604283203,15.971717017013182,87.0
2990,1680003168.3797247,2991,2Item7,2023-03-28 17:02:48.379725,51130.0,14584860.0,399453.125,1680003168417.907,2516.0,3664.328205128205,20194.0,62.63069544364509,15.966611785427114,87.0
2991,1680003168.3875372,2992,2Item7,2023-03-28 17:02:48.387537,51131.0,14585116.0,399460.9375,1680003168425.7195,2526.0,3678.892307692307,20196.0,62.59066943601215,15.97682224859925,87.0
2992,1680003168.3953495,2993,2Item7,2023-03-28 17:02:48.395350,51132.0,14585372.0,399468.75,1680003168433.532,2514.0,3661.415384615385,20195.0,62.61067604283203,15.971717017013182,87.0
2993,1680003168.4031622,2994,2Item7,2023-03-28 17:02:48.403162,51133.0,14585628.0,399476.5625,1680003168441.3445,2519.0,3668.6974358974353,20194.0,62.63069544364509,15.966611785427114,87.0
2994,1680003168.4109747,2995,2Item7,2023-03-28 17:02:48.410975,51134.0,14585884.0,399484.375,1680003168449.157,2521.0,3671.610256410256,20194.0,62.63069544364509,15.966611785427114,87.0
2995,1680003168.4187872,2996,2Item7,2023-03-28 17:02:48.418787,51135.0,14586140.0,399492.1875,1680003168456.9695,2516.0,3664.328205128205,20195.0,62.61067604283203,15.971717017013182,87.0
2996,1680003168.4265995,2997,2Item7,2023-03-28 17:02:48.426600,51136.0,14586396.0,399500.0,1680003168464.782,2505.0,3648.307692307692,20194.0,62.63069544364509,15.966611785427114,87.0
2997,1680003168.4344122,2998,2Item7,2023-03-28 17:02:48.434412,51137.0,14586652.0,399507.8125,1680003168472.5945,2529.0,3683.2615384615374,20194.0,62.63069544364509,15.966611785427114,87.0
2998,1680003168.4422247,2999,2Item7,2023-03-28 17:02:48.442225,51138.0,14586908.0,399515.625,1680003168480.407,2524.0,3675.979487179487,20193.0,62.650727650727646,15.961506553841048,87.0
2999,1680003168.4500372,3000,2Item7,2023-03-28 17:02:48.450037,51139.0,14587164.0,399523.4375,1680003168488.2195,2529.0,3683.2615384615374,20194.0,62.63069544364509,15.966611785427114,87.0
